CRITICAL - 2026-08-12 04:28:03 --> ErrorException: Declaration of CodeIgniter\I18n\Time::createFromTimestamp(int $timestamp, $timezone = null, ?string $locale = null) must be compatible with DateTimeImmutable::createFromTimestamp(int|float $timestamp): CodeIgniter\Autoloader\Autoloader
[Method: GET, Route: /]
in SYSTEMPATH\I18n\TimeTrait.php on line 268.
 1 [internal function]: CodeIgniter\Debug\Exceptions->shutdownHandler()
CRITICAL - 2026-08-12 04:28:34 --> ErrorException: Declaration of CodeIgniter\I18n\Time::createFromTimestamp(int $timestamp, $timezone = null, ?string $locale = null) must be compatible with DateTimeImmutable::createFromTimestamp(int|float $timestamp): CodeIgniter\Autoloader\Autoloader
[Method: GET, Route: /]
in SYSTEMPATH\I18n\TimeTrait.php on line 268.
 1 [internal function]: CodeIgniter\Debug\Exceptions->shutdownHandler()
CRITICAL - 2026-08-12 04:28:39 --> ErrorException: Declaration of CodeIgniter\I18n\Time::createFromTimestamp(int $timestamp, $timezone = null, ?string $locale = null) must be compatible with DateTimeImmutable::createFromTimestamp(int|float $timestamp): CodeIgniter\Autoloader\Autoloader
[Method: GET, Route: /]
in SYSTEMPATH\I18n\TimeTrait.php on line 268.
 1 [internal function]: CodeIgniter\Debug\Exceptions->shutdownHandler()
CRITICAL - 2026-08-12 04:28:42 --> ErrorException: Uncaught CodeIgniter\Exceptions\PageNotFoundException: Can't find a route for 'CLI: /'. in C:\Users\AKU BANGGA JADI IT 2\Documents\RafiChandra\Codeigniter4\bengkeltes\system\CodeIgniter.php:981
Stack trace:
#0 C:\Users\AKU BANGGA JADI IT 2\Documents\RafiChandra\Codeigniter4\bengkeltes\system\CodeIgniter.php(981): CodeIgniter\Exceptions\PageNotFoundException::forPageNotFound('Can't find a ro...')
#1 C:\Users\AKU BANGGA JADI IT 2\Documents\RafiChandra\Codeigniter4\bengkeltes\system\CodeIgniter.php(364): CodeIgniter\CodeIgniter->display404errors(Object(CodeIgniter\Exceptions\PageNotFoundException))
#2 C:\Users\AKU BANGGA JADI IT 2\Documents\RafiChandra\Codeigniter4\bengkeltes\system\Boot.php(325): CodeIgniter\CodeIgniter->run()
#3 C:\Users\AKU BANGGA JADI IT 2\Documents\RafiChandra\Codeigniter4\bengkeltes\system\Boot.php(67): CodeIgniter\Boot::runCodeIgniter(Object(CodeIgniter\CodeIgniter))
#4 C:\Users\AKU BANGGA JADI IT 2\Documents\RafiChandra\Codeigniter4\bengkeltes\public\index.php(56): CodeIgniter\Boot::bootWeb(Object(Config\Paths))
#5 Command line code(1): require('C:\\Users\\AKU BA...')
#6 {main}
  thrown
[Method: CLI, Route: /]
in SYSTEMPATH\CodeIgniter.php on line 981.
 1 [internal function]: CodeIgniter\Debug\Exceptions->shutdownHandler()
CRITICAL - 2026-08-12 04:28:43 --> ErrorException: Declaration of CodeIgniter\I18n\Time::createFromTimestamp(int $timestamp, $timezone = null, ?string $locale = null) must be compatible with DateTimeImmutable::createFromTimestamp(int|float $timestamp): CodeIgniter\Autoloader\Autoloader
[Method: GET, Route: /]
in SYSTEMPATH\I18n\TimeTrait.php on line 268.
 1 [internal function]: CodeIgniter\Debug\Exceptions->shutdownHandler()
CRITICAL - 2026-08-12 04:28:44 --> ErrorException: Declaration of CodeIgniter\I18n\Time::createFromTimestamp(int $timestamp, $timezone = null, ?string $locale = null) must be compatible with DateTimeImmutable::createFromTimestamp(int|float $timestamp): CodeIgniter\Autoloader\Autoloader
[Method: GET, Route: /]
in SYSTEMPATH\I18n\TimeTrait.php on line 268.
 1 [internal function]: CodeIgniter\Debug\Exceptions->shutdownHandler()
CRITICAL - 2026-08-12 04:28:44 --> ErrorException: Declaration of CodeIgniter\I18n\Time::createFromTimestamp(int $timestamp, $timezone = null, ?string $locale = null) must be compatible with DateTimeImmutable::createFromTimestamp(int|float $timestamp): CodeIgniter\Autoloader\Autoloader
[Method: GET, Route: /]
in SYSTEMPATH\I18n\TimeTrait.php on line 268.
 1 [internal function]: CodeIgniter\Debug\Exceptions->shutdownHandler()
CRITICAL - 2026-08-12 04:28:44 --> ErrorException: Declaration of CodeIgniter\I18n\Time::createFromTimestamp(int $timestamp, $timezone = null, ?string $locale = null) must be compatible with DateTimeImmutable::createFromTimestamp(int|float $timestamp): CodeIgniter\Autoloader\Autoloader
[Method: GET, Route: /]
in SYSTEMPATH\I18n\TimeTrait.php on line 268.
 1 [internal function]: CodeIgniter\Debug\Exceptions->shutdownHandler()
CRITICAL - 2026-08-12 04:28:44 --> ErrorException: Declaration of CodeIgniter\I18n\Time::createFromTimestamp(int $timestamp, $timezone = null, ?string $locale = null) must be compatible with DateTimeImmutable::createFromTimestamp(int|float $timestamp): CodeIgniter\Autoloader\Autoloader
[Method: GET, Route: /]
in SYSTEMPATH\I18n\TimeTrait.php on line 268.
 1 [internal function]: CodeIgniter\Debug\Exceptions->shutdownHandler()
CRITICAL - 2026-08-12 04:28:44 --> ErrorException: Declaration of CodeIgniter\I18n\Time::createFromTimestamp(int $timestamp, $timezone = null, ?string $locale = null) must be compatible with DateTimeImmutable::createFromTimestamp(int|float $timestamp): CodeIgniter\Autoloader\Autoloader
[Method: GET, Route: /]
in SYSTEMPATH\I18n\TimeTrait.php on line 268.
 1 [internal function]: CodeIgniter\Debug\Exceptions->shutdownHandler()
CRITICAL - 2026-08-12 04:28:45 --> ErrorException: Declaration of CodeIgniter\I18n\Time::createFromTimestamp(int $timestamp, $timezone = null, ?string $locale = null) must be compatible with DateTimeImmutable::createFromTimestamp(int|float $timestamp): CodeIgniter\Autoloader\Autoloader
[Method: GET, Route: /]
in SYSTEMPATH\I18n\TimeTrait.php on line 268.
 1 [internal function]: CodeIgniter\Debug\Exceptions->shutdownHandler()
CRITICAL - 2026-08-12 04:28:45 --> ErrorException: Declaration of CodeIgniter\I18n\Time::createFromTimestamp(int $timestamp, $timezone = null, ?string $locale = null) must be compatible with DateTimeImmutable::createFromTimestamp(int|float $timestamp): CodeIgniter\Autoloader\Autoloader
[Method: GET, Route: /]
in SYSTEMPATH\I18n\TimeTrait.php on line 268.
 1 [internal function]: CodeIgniter\Debug\Exceptions->shutdownHandler()
CRITICAL - 2026-08-12 04:28:45 --> ErrorException: Declaration of CodeIgniter\I18n\Time::createFromTimestamp(int $timestamp, $timezone = null, ?string $locale = null) must be compatible with DateTimeImmutable::createFromTimestamp(int|float $timestamp): CodeIgniter\Autoloader\Autoloader
[Method: GET, Route: /]
in SYSTEMPATH\I18n\TimeTrait.php on line 268.
 1 [internal function]: CodeIgniter\Debug\Exceptions->shutdownHandler()
CRITICAL - 2026-08-12 04:28:45 --> ErrorException: Declaration of CodeIgniter\I18n\Time::createFromTimestamp(int $timestamp, $timezone = null, ?string $locale = null) must be compatible with DateTimeImmutable::createFromTimestamp(int|float $timestamp): CodeIgniter\Autoloader\Autoloader
[Method: GET, Route: /]
in SYSTEMPATH\I18n\TimeTrait.php on line 268.
 1 [internal function]: CodeIgniter\Debug\Exceptions->shutdownHandler()
CRITICAL - 2026-08-12 04:28:46 --> ErrorException: Declaration of CodeIgniter\I18n\Time::createFromTimestamp(int $timestamp, $timezone = null, ?string $locale = null) must be compatible with DateTimeImmutable::createFromTimestamp(int|float $timestamp): CodeIgniter\Autoloader\Autoloader
[Method: GET, Route: /]
in SYSTEMPATH\I18n\TimeTrait.php on line 268.
 1 [internal function]: CodeIgniter\Debug\Exceptions->shutdownHandler()
CRITICAL - 2026-08-12 04:28:46 --> ErrorException: Declaration of CodeIgniter\I18n\Time::createFromTimestamp(int $timestamp, $timezone = null, ?string $locale = null) must be compatible with DateTimeImmutable::createFromTimestamp(int|float $timestamp): CodeIgniter\Autoloader\Autoloader
[Method: GET, Route: /]
in SYSTEMPATH\I18n\TimeTrait.php on line 268.
 1 [internal function]: CodeIgniter\Debug\Exceptions->shutdownHandler()
CRITICAL - 2026-08-12 04:28:48 --> ErrorException: Declaration of CodeIgniter\I18n\Time::createFromTimestamp(int $timestamp, $timezone = null, ?string $locale = null) must be compatible with DateTimeImmutable::createFromTimestamp(int|float $timestamp): CodeIgniter\Autoloader\Autoloader
[Method: GET, Route: /]
in SYSTEMPATH\I18n\TimeTrait.php on line 268.
 1 [internal function]: CodeIgniter\Debug\Exceptions->shutdownHandler()
CRITICAL - 2026-08-12 04:28:48 --> ErrorException: Declaration of CodeIgniter\I18n\Time::createFromTimestamp(int $timestamp, $timezone = null, ?string $locale = null) must be compatible with DateTimeImmutable::createFromTimestamp(int|float $timestamp): CodeIgniter\Autoloader\Autoloader
[Method: GET, Route: /]
in SYSTEMPATH\I18n\TimeTrait.php on line 268.
 1 [internal function]: CodeIgniter\Debug\Exceptions->shutdownHandler()
CRITICAL - 2026-08-12 04:28:48 --> ErrorException: Declaration of CodeIgniter\I18n\Time::createFromTimestamp(int $timestamp, $timezone = null, ?string $locale = null) must be compatible with DateTimeImmutable::createFromTimestamp(int|float $timestamp): CodeIgniter\Autoloader\Autoloader
[Method: GET, Route: /]
in SYSTEMPATH\I18n\TimeTrait.php on line 268.
 1 [internal function]: CodeIgniter\Debug\Exceptions->shutdownHandler()
CRITICAL - 2026-08-12 04:28:48 --> ErrorException: Declaration of CodeIgniter\I18n\Time::createFromTimestamp(int $timestamp, $timezone = null, ?string $locale = null) must be compatible with DateTimeImmutable::createFromTimestamp(int|float $timestamp): CodeIgniter\Autoloader\Autoloader
[Method: GET, Route: /]
in SYSTEMPATH\I18n\TimeTrait.php on line 268.
 1 [internal function]: CodeIgniter\Debug\Exceptions->shutdownHandler()
CRITICAL - 2026-08-12 04:28:48 --> ErrorException: Declaration of CodeIgniter\I18n\Time::createFromTimestamp(int $timestamp, $timezone = null, ?string $locale = null) must be compatible with DateTimeImmutable::createFromTimestamp(int|float $timestamp): CodeIgniter\Autoloader\Autoloader
[Method: GET, Route: /]
in SYSTEMPATH\I18n\TimeTrait.php on line 268.
 1 [internal function]: CodeIgniter\Debug\Exceptions->shutdownHandler()
CRITICAL - 2026-08-12 04:28:49 --> ErrorException: Declaration of CodeIgniter\I18n\Time::createFromTimestamp(int $timestamp, $timezone = null, ?string $locale = null) must be compatible with DateTimeImmutable::createFromTimestamp(int|float $timestamp): CodeIgniter\Autoloader\Autoloader
[Method: GET, Route: /]
in SYSTEMPATH\I18n\TimeTrait.php on line 268.
 1 [internal function]: CodeIgniter\Debug\Exceptions->shutdownHandler()
CRITICAL - 2026-08-12 04:28:49 --> ErrorException: Declaration of CodeIgniter\I18n\Time::createFromTimestamp(int $timestamp, $timezone = null, ?string $locale = null) must be compatible with DateTimeImmutable::createFromTimestamp(int|float $timestamp): CodeIgniter\Autoloader\Autoloader
[Method: GET, Route: /]
in SYSTEMPATH\I18n\TimeTrait.php on line 268.
 1 [internal function]: CodeIgniter\Debug\Exceptions->shutdownHandler()
CRITICAL - 2026-08-12 04:28:49 --> ErrorException: Declaration of CodeIgniter\I18n\Time::createFromTimestamp(int $timestamp, $timezone = null, ?string $locale = null) must be compatible with DateTimeImmutable::createFromTimestamp(int|float $timestamp): CodeIgniter\Autoloader\Autoloader
[Method: GET, Route: /]
in SYSTEMPATH\I18n\TimeTrait.php on line 268.
 1 [internal function]: CodeIgniter\Debug\Exceptions->shutdownHandler()
CRITICAL - 2026-08-12 04:28:49 --> ErrorException: Declaration of CodeIgniter\I18n\Time::createFromTimestamp(int $timestamp, $timezone = null, ?string $locale = null) must be compatible with DateTimeImmutable::createFromTimestamp(int|float $timestamp): CodeIgniter\Autoloader\Autoloader
[Method: GET, Route: /]
in SYSTEMPATH\I18n\TimeTrait.php on line 268.
 1 [internal function]: CodeIgniter\Debug\Exceptions->shutdownHandler()
CRITICAL - 2026-08-12 04:28:49 --> ErrorException: Declaration of CodeIgniter\I18n\Time::createFromTimestamp(int $timestamp, $timezone = null, ?string $locale = null) must be compatible with DateTimeImmutable::createFromTimestamp(int|float $timestamp): CodeIgniter\Autoloader\Autoloader
[Method: GET, Route: /]
in SYSTEMPATH\I18n\TimeTrait.php on line 268.
 1 [internal function]: CodeIgniter\Debug\Exceptions->shutdownHandler()
CRITICAL - 2026-08-12 04:28:49 --> ErrorException: Declaration of CodeIgniter\I18n\Time::createFromTimestamp(int $timestamp, $timezone = null, ?string $locale = null) must be compatible with DateTimeImmutable::createFromTimestamp(int|float $timestamp): CodeIgniter\Autoloader\Autoloader
[Method: GET, Route: /]
in SYSTEMPATH\I18n\TimeTrait.php on line 268.
 1 [internal function]: CodeIgniter\Debug\Exceptions->shutdownHandler()
CRITICAL - 2026-08-12 04:28:49 --> ErrorException: Declaration of CodeIgniter\I18n\Time::createFromTimestamp(int $timestamp, $timezone = null, ?string $locale = null) must be compatible with DateTimeImmutable::createFromTimestamp(int|float $timestamp): CodeIgniter\Autoloader\Autoloader
[Method: GET, Route: /]
in SYSTEMPATH\I18n\TimeTrait.php on line 268.
 1 [internal function]: CodeIgniter\Debug\Exceptions->shutdownHandler()
CRITICAL - 2026-08-12 04:28:50 --> ErrorException: Declaration of CodeIgniter\I18n\Time::createFromTimestamp(int $timestamp, $timezone = null, ?string $locale = null) must be compatible with DateTimeImmutable::createFromTimestamp(int|float $timestamp): CodeIgniter\Autoloader\Autoloader
[Method: GET, Route: /]
in SYSTEMPATH\I18n\TimeTrait.php on line 268.
 1 [internal function]: CodeIgniter\Debug\Exceptions->shutdownHandler()
CRITICAL - 2026-08-12 04:28:50 --> ErrorException: Declaration of CodeIgniter\I18n\Time::createFromTimestamp(int $timestamp, $timezone = null, ?string $locale = null) must be compatible with DateTimeImmutable::createFromTimestamp(int|float $timestamp): CodeIgniter\Autoloader\Autoloader
[Method: GET, Route: /]
in SYSTEMPATH\I18n\TimeTrait.php on line 268.
 1 [internal function]: CodeIgniter\Debug\Exceptions->shutdownHandler()
CRITICAL - 2026-08-12 04:28:50 --> ErrorException: Declaration of CodeIgniter\I18n\Time::createFromTimestamp(int $timestamp, $timezone = null, ?string $locale = null) must be compatible with DateTimeImmutable::createFromTimestamp(int|float $timestamp): CodeIgniter\Autoloader\Autoloader
[Method: GET, Route: /]
in SYSTEMPATH\I18n\TimeTrait.php on line 268.
 1 [internal function]: CodeIgniter\Debug\Exceptions->shutdownHandler()
CRITICAL - 2026-08-12 04:28:50 --> ErrorException: Declaration of CodeIgniter\I18n\Time::createFromTimestamp(int $timestamp, $timezone = null, ?string $locale = null) must be compatible with DateTimeImmutable::createFromTimestamp(int|float $timestamp): CodeIgniter\Autoloader\Autoloader
[Method: GET, Route: /]
in SYSTEMPATH\I18n\TimeTrait.php on line 268.
 1 [internal function]: CodeIgniter\Debug\Exceptions->shutdownHandler()
CRITICAL - 2026-08-12 04:28:51 --> ErrorException: Declaration of CodeIgniter\I18n\Time::createFromTimestamp(int $timestamp, $timezone = null, ?string $locale = null) must be compatible with DateTimeImmutable::createFromTimestamp(int|float $timestamp): CodeIgniter\Autoloader\Autoloader
[Method: GET, Route: /]
in SYSTEMPATH\I18n\TimeTrait.php on line 268.
 1 [internal function]: CodeIgniter\Debug\Exceptions->shutdownHandler()
CRITICAL - 2026-08-12 04:28:51 --> ErrorException: Declaration of CodeIgniter\I18n\Time::createFromTimestamp(int $timestamp, $timezone = null, ?string $locale = null) must be compatible with DateTimeImmutable::createFromTimestamp(int|float $timestamp): CodeIgniter\Autoloader\Autoloader
[Method: GET, Route: /]
in SYSTEMPATH\I18n\TimeTrait.php on line 268.
 1 [internal function]: CodeIgniter\Debug\Exceptions->shutdownHandler()
CRITICAL - 2026-08-12 04:28:51 --> ErrorException: Declaration of CodeIgniter\I18n\Time::createFromTimestamp(int $timestamp, $timezone = null, ?string $locale = null) must be compatible with DateTimeImmutable::createFromTimestamp(int|float $timestamp): CodeIgniter\Autoloader\Autoloader
[Method: GET, Route: /]
in SYSTEMPATH\I18n\TimeTrait.php on line 268.
 1 [internal function]: CodeIgniter\Debug\Exceptions->shutdownHandler()
CRITICAL - 2026-08-12 04:28:51 --> ErrorException: Declaration of CodeIgniter\I18n\Time::createFromTimestamp(int $timestamp, $timezone = null, ?string $locale = null) must be compatible with DateTimeImmutable::createFromTimestamp(int|float $timestamp): CodeIgniter\Autoloader\Autoloader
[Method: GET, Route: /]
in SYSTEMPATH\I18n\TimeTrait.php on line 268.
 1 [internal function]: CodeIgniter\Debug\Exceptions->shutdownHandler()
CRITICAL - 2026-08-12 04:28:51 --> ErrorException: Declaration of CodeIgniter\I18n\Time::createFromTimestamp(int $timestamp, $timezone = null, ?string $locale = null) must be compatible with DateTimeImmutable::createFromTimestamp(int|float $timestamp): CodeIgniter\Autoloader\Autoloader
[Method: GET, Route: /]
in SYSTEMPATH\I18n\TimeTrait.php on line 268.
 1 [internal function]: CodeIgniter\Debug\Exceptions->shutdownHandler()
CRITICAL - 2026-08-12 04:28:52 --> ErrorException: Declaration of CodeIgniter\I18n\Time::createFromTimestamp(int $timestamp, $timezone = null, ?string $locale = null) must be compatible with DateTimeImmutable::createFromTimestamp(int|float $timestamp): CodeIgniter\Autoloader\Autoloader
[Method: GET, Route: /]
in SYSTEMPATH\I18n\TimeTrait.php on line 268.
 1 [internal function]: CodeIgniter\Debug\Exceptions->shutdownHandler()
CRITICAL - 2026-08-12 04:28:52 --> ErrorException: Declaration of CodeIgniter\I18n\Time::createFromTimestamp(int $timestamp, $timezone = null, ?string $locale = null) must be compatible with DateTimeImmutable::createFromTimestamp(int|float $timestamp): CodeIgniter\Autoloader\Autoloader
[Method: GET, Route: /]
in SYSTEMPATH\I18n\TimeTrait.php on line 268.
 1 [internal function]: CodeIgniter\Debug\Exceptions->shutdownHandler()
CRITICAL - 2026-08-12 04:28:52 --> ErrorException: Declaration of CodeIgniter\I18n\Time::createFromTimestamp(int $timestamp, $timezone = null, ?string $locale = null) must be compatible with DateTimeImmutable::createFromTimestamp(int|float $timestamp): CodeIgniter\Autoloader\Autoloader
[Method: GET, Route: /]
in SYSTEMPATH\I18n\TimeTrait.php on line 268.
 1 [internal function]: CodeIgniter\Debug\Exceptions->shutdownHandler()
CRITICAL - 2026-08-12 04:28:52 --> ErrorException: Declaration of CodeIgniter\I18n\Time::createFromTimestamp(int $timestamp, $timezone = null, ?string $locale = null) must be compatible with DateTimeImmutable::createFromTimestamp(int|float $timestamp): CodeIgniter\Autoloader\Autoloader
[Method: GET, Route: /]
in SYSTEMPATH\I18n\TimeTrait.php on line 268.
 1 [internal function]: CodeIgniter\Debug\Exceptions->shutdownHandler()
CRITICAL - 2026-08-12 04:28:52 --> ErrorException: Declaration of CodeIgniter\I18n\Time::createFromTimestamp(int $timestamp, $timezone = null, ?string $locale = null) must be compatible with DateTimeImmutable::createFromTimestamp(int|float $timestamp): CodeIgniter\Autoloader\Autoloader
[Method: GET, Route: /]
in SYSTEMPATH\I18n\TimeTrait.php on line 268.
 1 [internal function]: CodeIgniter\Debug\Exceptions->shutdownHandler()
CRITICAL - 2026-08-12 04:28:52 --> ErrorException: Declaration of CodeIgniter\I18n\Time::createFromTimestamp(int $timestamp, $timezone = null, ?string $locale = null) must be compatible with DateTimeImmutable::createFromTimestamp(int|float $timestamp): CodeIgniter\Autoloader\Autoloader
[Method: GET, Route: /]
in SYSTEMPATH\I18n\TimeTrait.php on line 268.
 1 [internal function]: CodeIgniter\Debug\Exceptions->shutdownHandler()
CRITICAL - 2026-08-12 04:28:53 --> ErrorException: Declaration of CodeIgniter\I18n\Time::createFromTimestamp(int $timestamp, $timezone = null, ?string $locale = null) must be compatible with DateTimeImmutable::createFromTimestamp(int|float $timestamp): CodeIgniter\Autoloader\Autoloader
[Method: GET, Route: /]
in SYSTEMPATH\I18n\TimeTrait.php on line 268.
 1 [internal function]: CodeIgniter\Debug\Exceptions->shutdownHandler()
CRITICAL - 2026-08-12 04:28:53 --> ErrorException: Declaration of CodeIgniter\I18n\Time::createFromTimestamp(int $timestamp, $timezone = null, ?string $locale = null) must be compatible with DateTimeImmutable::createFromTimestamp(int|float $timestamp): CodeIgniter\Autoloader\Autoloader
[Method: GET, Route: /]
in SYSTEMPATH\I18n\TimeTrait.php on line 268.
 1 [internal function]: CodeIgniter\Debug\Exceptions->shutdownHandler()
CRITICAL - 2026-08-12 04:28:53 --> ErrorException: Declaration of CodeIgniter\I18n\Time::createFromTimestamp(int $timestamp, $timezone = null, ?string $locale = null) must be compatible with DateTimeImmutable::createFromTimestamp(int|float $timestamp): CodeIgniter\Autoloader\Autoloader
[Method: GET, Route: /]
in SYSTEMPATH\I18n\TimeTrait.php on line 268.
 1 [internal function]: CodeIgniter\Debug\Exceptions->shutdownHandler()
CRITICAL - 2026-08-12 04:28:53 --> ErrorException: Declaration of CodeIgniter\I18n\Time::createFromTimestamp(int $timestamp, $timezone = null, ?string $locale = null) must be compatible with DateTimeImmutable::createFromTimestamp(int|float $timestamp): CodeIgniter\Autoloader\Autoloader
[Method: GET, Route: /]
in SYSTEMPATH\I18n\TimeTrait.php on line 268.
 1 [internal function]: CodeIgniter\Debug\Exceptions->shutdownHandler()
CRITICAL - 2026-08-12 04:28:53 --> ErrorException: Declaration of CodeIgniter\I18n\Time::createFromTimestamp(int $timestamp, $timezone = null, ?string $locale = null) must be compatible with DateTimeImmutable::createFromTimestamp(int|float $timestamp): CodeIgniter\Autoloader\Autoloader
[Method: GET, Route: /]
in SYSTEMPATH\I18n\TimeTrait.php on line 268.
 1 [internal function]: CodeIgniter\Debug\Exceptions->shutdownHandler()
CRITICAL - 2026-08-12 04:28:54 --> ErrorException: Declaration of CodeIgniter\I18n\Time::createFromTimestamp(int $timestamp, $timezone = null, ?string $locale = null) must be compatible with DateTimeImmutable::createFromTimestamp(int|float $timestamp): CodeIgniter\Autoloader\Autoloader
[Method: GET, Route: /]
in SYSTEMPATH\I18n\TimeTrait.php on line 268.
 1 [internal function]: CodeIgniter\Debug\Exceptions->shutdownHandler()
CRITICAL - 2026-08-12 04:28:54 --> ErrorException: Declaration of CodeIgniter\I18n\Time::createFromTimestamp(int $timestamp, $timezone = null, ?string $locale = null) must be compatible with DateTimeImmutable::createFromTimestamp(int|float $timestamp): CodeIgniter\Autoloader\Autoloader
[Method: GET, Route: /]
in SYSTEMPATH\I18n\TimeTrait.php on line 268.
 1 [internal function]: CodeIgniter\Debug\Exceptions->shutdownHandler()
CRITICAL - 2026-08-12 04:28:54 --> ErrorException: Declaration of CodeIgniter\I18n\Time::createFromTimestamp(int $timestamp, $timezone = null, ?string $locale = null) must be compatible with DateTimeImmutable::createFromTimestamp(int|float $timestamp): CodeIgniter\Autoloader\Autoloader
[Method: GET, Route: /]
in SYSTEMPATH\I18n\TimeTrait.php on line 268.
 1 [internal function]: CodeIgniter\Debug\Exceptions->shutdownHandler()
CRITICAL - 2026-08-12 04:28:54 --> ErrorException: Declaration of CodeIgniter\I18n\Time::createFromTimestamp(int $timestamp, $timezone = null, ?string $locale = null) must be compatible with DateTimeImmutable::createFromTimestamp(int|float $timestamp): CodeIgniter\Autoloader\Autoloader
[Method: GET, Route: /]
in SYSTEMPATH\I18n\TimeTrait.php on line 268.
 1 [internal function]: CodeIgniter\Debug\Exceptions->shutdownHandler()
CRITICAL - 2026-08-12 04:28:57 --> ErrorException: Declaration of CodeIgniter\I18n\Time::createFromTimestamp(int $timestamp, $timezone = null, ?string $locale = null) must be compatible with DateTimeImmutable::createFromTimestamp(int|float $timestamp): CodeIgniter\Autoloader\Autoloader
[Method: GET, Route: /]
in SYSTEMPATH\I18n\TimeTrait.php on line 268.
 1 [internal function]: CodeIgniter\Debug\Exceptions->shutdownHandler()
CRITICAL - 2026-08-12 04:28:57 --> ErrorException: Declaration of CodeIgniter\I18n\Time::createFromTimestamp(int $timestamp, $timezone = null, ?string $locale = null) must be compatible with DateTimeImmutable::createFromTimestamp(int|float $timestamp): CodeIgniter\Autoloader\Autoloader
[Method: GET, Route: /]
in SYSTEMPATH\I18n\TimeTrait.php on line 268.
 1 [internal function]: CodeIgniter\Debug\Exceptions->shutdownHandler()
CRITICAL - 2026-08-12 04:28:57 --> ErrorException: Declaration of CodeIgniter\I18n\Time::createFromTimestamp(int $timestamp, $timezone = null, ?string $locale = null) must be compatible with DateTimeImmutable::createFromTimestamp(int|float $timestamp): CodeIgniter\Autoloader\Autoloader
[Method: GET, Route: /]
in SYSTEMPATH\I18n\TimeTrait.php on line 268.
 1 [internal function]: CodeIgniter\Debug\Exceptions->shutdownHandler()
CRITICAL - 2026-08-12 04:28:57 --> ErrorException: Declaration of CodeIgniter\I18n\Time::createFromTimestamp(int $timestamp, $timezone = null, ?string $locale = null) must be compatible with DateTimeImmutable::createFromTimestamp(int|float $timestamp): CodeIgniter\Autoloader\Autoloader
[Method: GET, Route: /]
in SYSTEMPATH\I18n\TimeTrait.php on line 268.
 1 [internal function]: CodeIgniter\Debug\Exceptions->shutdownHandler()
CRITICAL - 2026-08-12 04:28:57 --> ErrorException: Declaration of CodeIgniter\I18n\Time::createFromTimestamp(int $timestamp, $timezone = null, ?string $locale = null) must be compatible with DateTimeImmutable::createFromTimestamp(int|float $timestamp): CodeIgniter\Autoloader\Autoloader
[Method: GET, Route: /]
in SYSTEMPATH\I18n\TimeTrait.php on line 268.
 1 [internal function]: CodeIgniter\Debug\Exceptions->shutdownHandler()
CRITICAL - 2026-08-12 04:28:58 --> ErrorException: Declaration of CodeIgniter\I18n\Time::createFromTimestamp(int $timestamp, $timezone = null, ?string $locale = null) must be compatible with DateTimeImmutable::createFromTimestamp(int|float $timestamp): CodeIgniter\Autoloader\Autoloader
[Method: GET, Route: /]
in SYSTEMPATH\I18n\TimeTrait.php on line 268.
 1 [internal function]: CodeIgniter\Debug\Exceptions->shutdownHandler()
CRITICAL - 2026-08-12 04:28:58 --> ErrorException: Declaration of CodeIgniter\I18n\Time::createFromTimestamp(int $timestamp, $timezone = null, ?string $locale = null) must be compatible with DateTimeImmutable::createFromTimestamp(int|float $timestamp): CodeIgniter\Autoloader\Autoloader
[Method: GET, Route: /]
in SYSTEMPATH\I18n\TimeTrait.php on line 268.
 1 [internal function]: CodeIgniter\Debug\Exceptions->shutdownHandler()
CRITICAL - 2026-08-12 04:28:58 --> ErrorException: Declaration of CodeIgniter\I18n\Time::createFromTimestamp(int $timestamp, $timezone = null, ?string $locale = null) must be compatible with DateTimeImmutable::createFromTimestamp(int|float $timestamp): CodeIgniter\Autoloader\Autoloader
[Method: GET, Route: /]
in SYSTEMPATH\I18n\TimeTrait.php on line 268.
 1 [internal function]: CodeIgniter\Debug\Exceptions->shutdownHandler()
CRITICAL - 2026-08-12 04:28:58 --> ErrorException: Declaration of CodeIgniter\I18n\Time::createFromTimestamp(int $timestamp, $timezone = null, ?string $locale = null) must be compatible with DateTimeImmutable::createFromTimestamp(int|float $timestamp): CodeIgniter\Autoloader\Autoloader
[Method: GET, Route: /]
in SYSTEMPATH\I18n\TimeTrait.php on line 268.
 1 [internal function]: CodeIgniter\Debug\Exceptions->shutdownHandler()
CRITICAL - 2026-08-12 04:28:58 --> ErrorException: Declaration of CodeIgniter\I18n\Time::createFromTimestamp(int $timestamp, $timezone = null, ?string $locale = null) must be compatible with DateTimeImmutable::createFromTimestamp(int|float $timestamp): CodeIgniter\Autoloader\Autoloader
[Method: GET, Route: /]
in SYSTEMPATH\I18n\TimeTrait.php on line 268.
 1 [internal function]: CodeIgniter\Debug\Exceptions->shutdownHandler()
CRITICAL - 2026-08-12 04:28:58 --> ErrorException: Declaration of CodeIgniter\I18n\Time::createFromTimestamp(int $timestamp, $timezone = null, ?string $locale = null) must be compatible with DateTimeImmutable::createFromTimestamp(int|float $timestamp): CodeIgniter\Autoloader\Autoloader
[Method: GET, Route: /]
in SYSTEMPATH\I18n\TimeTrait.php on line 268.
 1 [internal function]: CodeIgniter\Debug\Exceptions->shutdownHandler()
CRITICAL - 2026-08-12 04:28:59 --> ErrorException: Declaration of CodeIgniter\I18n\Time::createFromTimestamp(int $timestamp, $timezone = null, ?string $locale = null) must be compatible with DateTimeImmutable::createFromTimestamp(int|float $timestamp): CodeIgniter\Autoloader\Autoloader
[Method: GET, Route: /]
in SYSTEMPATH\I18n\TimeTrait.php on line 268.
 1 [internal function]: CodeIgniter\Debug\Exceptions->shutdownHandler()
CRITICAL - 2026-08-12 04:28:59 --> ErrorException: Declaration of CodeIgniter\I18n\Time::createFromTimestamp(int $timestamp, $timezone = null, ?string $locale = null) must be compatible with DateTimeImmutable::createFromTimestamp(int|float $timestamp): CodeIgniter\Autoloader\Autoloader
[Method: GET, Route: /]
in SYSTEMPATH\I18n\TimeTrait.php on line 268.
 1 [internal function]: CodeIgniter\Debug\Exceptions->shutdownHandler()
CRITICAL - 2026-08-12 04:28:59 --> ErrorException: Declaration of CodeIgniter\I18n\Time::createFromTimestamp(int $timestamp, $timezone = null, ?string $locale = null) must be compatible with DateTimeImmutable::createFromTimestamp(int|float $timestamp): CodeIgniter\Autoloader\Autoloader
[Method: GET, Route: /]
in SYSTEMPATH\I18n\TimeTrait.php on line 268.
 1 [internal function]: CodeIgniter\Debug\Exceptions->shutdownHandler()
CRITICAL - 2026-08-12 04:28:59 --> ErrorException: Declaration of CodeIgniter\I18n\Time::createFromTimestamp(int $timestamp, $timezone = null, ?string $locale = null) must be compatible with DateTimeImmutable::createFromTimestamp(int|float $timestamp): CodeIgniter\Autoloader\Autoloader
[Method: GET, Route: /]
in SYSTEMPATH\I18n\TimeTrait.php on line 268.
 1 [internal function]: CodeIgniter\Debug\Exceptions->shutdownHandler()
CRITICAL - 2026-08-12 04:28:59 --> ErrorException: Declaration of CodeIgniter\I18n\Time::createFromTimestamp(int $timestamp, $timezone = null, ?string $locale = null) must be compatible with DateTimeImmutable::createFromTimestamp(int|float $timestamp): CodeIgniter\Autoloader\Autoloader
[Method: GET, Route: /]
in SYSTEMPATH\I18n\TimeTrait.php on line 268.
 1 [internal function]: CodeIgniter\Debug\Exceptions->shutdownHandler()
CRITICAL - 2026-08-12 04:28:59 --> ErrorException: Declaration of CodeIgniter\I18n\Time::createFromTimestamp(int $timestamp, $timezone = null, ?string $locale = null) must be compatible with DateTimeImmutable::createFromTimestamp(int|float $timestamp): CodeIgniter\Autoloader\Autoloader
[Method: GET, Route: /]
in SYSTEMPATH\I18n\TimeTrait.php on line 268.
 1 [internal function]: CodeIgniter\Debug\Exceptions->shutdownHandler()
CRITICAL - 2026-08-12 04:29:00 --> ErrorException: Declaration of CodeIgniter\I18n\Time::createFromTimestamp(int $timestamp, $timezone = null, ?string $locale = null) must be compatible with DateTimeImmutable::createFromTimestamp(int|float $timestamp): CodeIgniter\Autoloader\Autoloader
[Method: GET, Route: /]
in SYSTEMPATH\I18n\TimeTrait.php on line 268.
 1 [internal function]: CodeIgniter\Debug\Exceptions->shutdownHandler()
CRITICAL - 2026-08-12 04:29:00 --> ErrorException: Declaration of CodeIgniter\I18n\Time::createFromTimestamp(int $timestamp, $timezone = null, ?string $locale = null) must be compatible with DateTimeImmutable::createFromTimestamp(int|float $timestamp): CodeIgniter\Autoloader\Autoloader
[Method: GET, Route: /]
in SYSTEMPATH\I18n\TimeTrait.php on line 268.
 1 [internal function]: CodeIgniter\Debug\Exceptions->shutdownHandler()
CRITICAL - 2026-08-12 04:29:00 --> ErrorException: Declaration of CodeIgniter\I18n\Time::createFromTimestamp(int $timestamp, $timezone = null, ?string $locale = null) must be compatible with DateTimeImmutable::createFromTimestamp(int|float $timestamp): CodeIgniter\Autoloader\Autoloader
[Method: GET, Route: /]
in SYSTEMPATH\I18n\TimeTrait.php on line 268.
 1 [internal function]: CodeIgniter\Debug\Exceptions->shutdownHandler()
CRITICAL - 2026-08-12 04:29:00 --> ErrorException: Declaration of CodeIgniter\I18n\Time::createFromTimestamp(int $timestamp, $timezone = null, ?string $locale = null) must be compatible with DateTimeImmutable::createFromTimestamp(int|float $timestamp): CodeIgniter\Autoloader\Autoloader
[Method: GET, Route: /]
in SYSTEMPATH\I18n\TimeTrait.php on line 268.
 1 [internal function]: CodeIgniter\Debug\Exceptions->shutdownHandler()
CRITICAL - 2026-08-12 04:29:01 --> ErrorException: Declaration of CodeIgniter\I18n\Time::createFromTimestamp(int $timestamp, $timezone = null, ?string $locale = null) must be compatible with DateTimeImmutable::createFromTimestamp(int|float $timestamp): CodeIgniter\Autoloader\Autoloader
[Method: GET, Route: /]
in SYSTEMPATH\I18n\TimeTrait.php on line 268.
 1 [internal function]: CodeIgniter\Debug\Exceptions->shutdownHandler()
CRITICAL - 2026-08-12 04:29:01 --> ErrorException: Declaration of CodeIgniter\I18n\Time::createFromTimestamp(int $timestamp, $timezone = null, ?string $locale = null) must be compatible with DateTimeImmutable::createFromTimestamp(int|float $timestamp): CodeIgniter\Autoloader\Autoloader
[Method: GET, Route: /]
in SYSTEMPATH\I18n\TimeTrait.php on line 268.
 1 [internal function]: CodeIgniter\Debug\Exceptions->shutdownHandler()
CRITICAL - 2026-08-12 04:29:01 --> ErrorException: Declaration of CodeIgniter\I18n\Time::createFromTimestamp(int $timestamp, $timezone = null, ?string $locale = null) must be compatible with DateTimeImmutable::createFromTimestamp(int|float $timestamp): CodeIgniter\Autoloader\Autoloader
[Method: GET, Route: /]
in SYSTEMPATH\I18n\TimeTrait.php on line 268.
 1 [internal function]: CodeIgniter\Debug\Exceptions->shutdownHandler()
CRITICAL - 2026-08-12 04:29:01 --> ErrorException: Declaration of CodeIgniter\I18n\Time::createFromTimestamp(int $timestamp, $timezone = null, ?string $locale = null) must be compatible with DateTimeImmutable::createFromTimestamp(int|float $timestamp): CodeIgniter\Autoloader\Autoloader
[Method: GET, Route: /]
in SYSTEMPATH\I18n\TimeTrait.php on line 268.
 1 [internal function]: CodeIgniter\Debug\Exceptions->shutdownHandler()
CRITICAL - 2026-08-12 04:29:01 --> ErrorException: Declaration of CodeIgniter\I18n\Time::createFromTimestamp(int $timestamp, $timezone = null, ?string $locale = null) must be compatible with DateTimeImmutable::createFromTimestamp(int|float $timestamp): CodeIgniter\Autoloader\Autoloader
[Method: GET, Route: /]
in SYSTEMPATH\I18n\TimeTrait.php on line 268.
 1 [internal function]: CodeIgniter\Debug\Exceptions->shutdownHandler()
CRITICAL - 2026-08-12 04:29:02 --> ErrorException: Declaration of CodeIgniter\I18n\Time::createFromTimestamp(int $timestamp, $timezone = null, ?string $locale = null) must be compatible with DateTimeImmutable::createFromTimestamp(int|float $timestamp): CodeIgniter\Autoloader\Autoloader
[Method: GET, Route: /]
in SYSTEMPATH\I18n\TimeTrait.php on line 268.
 1 [internal function]: CodeIgniter\Debug\Exceptions->shutdownHandler()
CRITICAL - 2026-08-12 04:29:02 --> ErrorException: Declaration of CodeIgniter\I18n\Time::createFromTimestamp(int $timestamp, $timezone = null, ?string $locale = null) must be compatible with DateTimeImmutable::createFromTimestamp(int|float $timestamp): CodeIgniter\Autoloader\Autoloader
[Method: GET, Route: /]
in SYSTEMPATH\I18n\TimeTrait.php on line 268.
 1 [internal function]: CodeIgniter\Debug\Exceptions->shutdownHandler()
CRITICAL - 2026-08-12 04:29:02 --> ErrorException: Declaration of CodeIgniter\I18n\Time::createFromTimestamp(int $timestamp, $timezone = null, ?string $locale = null) must be compatible with DateTimeImmutable::createFromTimestamp(int|float $timestamp): CodeIgniter\Autoloader\Autoloader
[Method: GET, Route: /]
in SYSTEMPATH\I18n\TimeTrait.php on line 268.
 1 [internal function]: CodeIgniter\Debug\Exceptions->shutdownHandler()
CRITICAL - 2026-08-12 04:29:02 --> ErrorException: Declaration of CodeIgniter\I18n\Time::createFromTimestamp(int $timestamp, $timezone = null, ?string $locale = null) must be compatible with DateTimeImmutable::createFromTimestamp(int|float $timestamp): CodeIgniter\Autoloader\Autoloader
[Method: GET, Route: /]
in SYSTEMPATH\I18n\TimeTrait.php on line 268.
 1 [internal function]: CodeIgniter\Debug\Exceptions->shutdownHandler()
CRITICAL - 2026-08-12 04:29:02 --> ErrorException: Declaration of CodeIgniter\I18n\Time::createFromTimestamp(int $timestamp, $timezone = null, ?string $locale = null) must be compatible with DateTimeImmutable::createFromTimestamp(int|float $timestamp): CodeIgniter\Autoloader\Autoloader
[Method: GET, Route: /]
in SYSTEMPATH\I18n\TimeTrait.php on line 268.
 1 [internal function]: CodeIgniter\Debug\Exceptions->shutdownHandler()
CRITICAL - 2026-08-12 04:29:03 --> ErrorException: Declaration of CodeIgniter\I18n\Time::createFromTimestamp(int $timestamp, $timezone = null, ?string $locale = null) must be compatible with DateTimeImmutable::createFromTimestamp(int|float $timestamp): CodeIgniter\Autoloader\Autoloader
[Method: GET, Route: /]
in SYSTEMPATH\I18n\TimeTrait.php on line 268.
 1 [internal function]: CodeIgniter\Debug\Exceptions->shutdownHandler()
CRITICAL - 2026-08-12 04:29:03 --> ErrorException: Declaration of CodeIgniter\I18n\Time::createFromTimestamp(int $timestamp, $timezone = null, ?string $locale = null) must be compatible with DateTimeImmutable::createFromTimestamp(int|float $timestamp): CodeIgniter\Autoloader\Autoloader
[Method: GET, Route: /]
in SYSTEMPATH\I18n\TimeTrait.php on line 268.
 1 [internal function]: CodeIgniter\Debug\Exceptions->shutdownHandler()
CRITICAL - 2026-08-12 04:29:03 --> ErrorException: Declaration of CodeIgniter\I18n\Time::createFromTimestamp(int $timestamp, $timezone = null, ?string $locale = null) must be compatible with DateTimeImmutable::createFromTimestamp(int|float $timestamp): CodeIgniter\Autoloader\Autoloader
[Method: GET, Route: /]
in SYSTEMPATH\I18n\TimeTrait.php on line 268.
 1 [internal function]: CodeIgniter\Debug\Exceptions->shutdownHandler()
CRITICAL - 2026-08-12 04:29:03 --> ErrorException: Declaration of CodeIgniter\I18n\Time::createFromTimestamp(int $timestamp, $timezone = null, ?string $locale = null) must be compatible with DateTimeImmutable::createFromTimestamp(int|float $timestamp): CodeIgniter\Autoloader\Autoloader
[Method: GET, Route: /]
in SYSTEMPATH\I18n\TimeTrait.php on line 268.
 1 [internal function]: CodeIgniter\Debug\Exceptions->shutdownHandler()
CRITICAL - 2026-08-12 04:29:03 --> ErrorException: Declaration of CodeIgniter\I18n\Time::createFromTimestamp(int $timestamp, $timezone = null, ?string $locale = null) must be compatible with DateTimeImmutable::createFromTimestamp(int|float $timestamp): CodeIgniter\Autoloader\Autoloader
[Method: GET, Route: /]
in SYSTEMPATH\I18n\TimeTrait.php on line 268.
 1 [internal function]: CodeIgniter\Debug\Exceptions->shutdownHandler()
CRITICAL - 2026-08-12 04:29:06 --> ErrorException: Declaration of CodeIgniter\I18n\Time::createFromTimestamp(int $timestamp, $timezone = null, ?string $locale = null) must be compatible with DateTimeImmutable::createFromTimestamp(int|float $timestamp): CodeIgniter\Autoloader\Autoloader
[Method: GET, Route: /]
in SYSTEMPATH\I18n\TimeTrait.php on line 268.
 1 [internal function]: CodeIgniter\Debug\Exceptions->shutdownHandler()
CRITICAL - 2026-08-12 04:29:06 --> ErrorException: Declaration of CodeIgniter\I18n\Time::createFromTimestamp(int $timestamp, $timezone = null, ?string $locale = null) must be compatible with DateTimeImmutable::createFromTimestamp(int|float $timestamp): CodeIgniter\Autoloader\Autoloader
[Method: GET, Route: /]
in SYSTEMPATH\I18n\TimeTrait.php on line 268.
 1 [internal function]: CodeIgniter\Debug\Exceptions->shutdownHandler()
CRITICAL - 2026-08-12 04:29:06 --> ErrorException: Declaration of CodeIgniter\I18n\Time::createFromTimestamp(int $timestamp, $timezone = null, ?string $locale = null) must be compatible with DateTimeImmutable::createFromTimestamp(int|float $timestamp): CodeIgniter\Autoloader\Autoloader
[Method: GET, Route: /]
in SYSTEMPATH\I18n\TimeTrait.php on line 268.
 1 [internal function]: CodeIgniter\Debug\Exceptions->shutdownHandler()
CRITICAL - 2026-08-12 04:29:06 --> ErrorException: Declaration of CodeIgniter\I18n\Time::createFromTimestamp(int $timestamp, $timezone = null, ?string $locale = null) must be compatible with DateTimeImmutable::createFromTimestamp(int|float $timestamp): CodeIgniter\Autoloader\Autoloader
[Method: GET, Route: /]
in SYSTEMPATH\I18n\TimeTrait.php on line 268.
 1 [internal function]: CodeIgniter\Debug\Exceptions->shutdownHandler()
CRITICAL - 2026-08-12 04:29:06 --> ErrorException: Declaration of CodeIgniter\I18n\Time::createFromTimestamp(int $timestamp, $timezone = null, ?string $locale = null) must be compatible with DateTimeImmutable::createFromTimestamp(int|float $timestamp): CodeIgniter\Autoloader\Autoloader
[Method: GET, Route: /]
in SYSTEMPATH\I18n\TimeTrait.php on line 268.
 1 [internal function]: CodeIgniter\Debug\Exceptions->shutdownHandler()
CRITICAL - 2026-08-12 04:29:06 --> ErrorException: Declaration of CodeIgniter\I18n\Time::createFromTimestamp(int $timestamp, $timezone = null, ?string $locale = null) must be compatible with DateTimeImmutable::createFromTimestamp(int|float $timestamp): CodeIgniter\Autoloader\Autoloader
[Method: GET, Route: /]
in SYSTEMPATH\I18n\TimeTrait.php on line 268.
 1 [internal function]: CodeIgniter\Debug\Exceptions->shutdownHandler()
CRITICAL - 2026-08-12 04:29:07 --> ErrorException: Declaration of CodeIgniter\I18n\Time::createFromTimestamp(int $timestamp, $timezone = null, ?string $locale = null) must be compatible with DateTimeImmutable::createFromTimestamp(int|float $timestamp): CodeIgniter\Autoloader\Autoloader
[Method: GET, Route: /]
in SYSTEMPATH\I18n\TimeTrait.php on line 268.
 1 [internal function]: CodeIgniter\Debug\Exceptions->shutdownHandler()
CRITICAL - 2026-08-12 04:29:07 --> ErrorException: Declaration of CodeIgniter\I18n\Time::createFromTimestamp(int $timestamp, $timezone = null, ?string $locale = null) must be compatible with DateTimeImmutable::createFromTimestamp(int|float $timestamp): CodeIgniter\Autoloader\Autoloader
[Method: GET, Route: /]
in SYSTEMPATH\I18n\TimeTrait.php on line 268.
 1 [internal function]: CodeIgniter\Debug\Exceptions->shutdownHandler()
CRITICAL - 2026-08-12 04:29:07 --> ErrorException: Declaration of CodeIgniter\I18n\Time::createFromTimestamp(int $timestamp, $timezone = null, ?string $locale = null) must be compatible with DateTimeImmutable::createFromTimestamp(int|float $timestamp): CodeIgniter\Autoloader\Autoloader
[Method: GET, Route: /]
in SYSTEMPATH\I18n\TimeTrait.php on line 268.
 1 [internal function]: CodeIgniter\Debug\Exceptions->shutdownHandler()
CRITICAL - 2026-08-12 04:29:07 --> ErrorException: Declaration of CodeIgniter\I18n\Time::createFromTimestamp(int $timestamp, $timezone = null, ?string $locale = null) must be compatible with DateTimeImmutable::createFromTimestamp(int|float $timestamp): CodeIgniter\Autoloader\Autoloader
[Method: GET, Route: /]
in SYSTEMPATH\I18n\TimeTrait.php on line 268.
 1 [internal function]: CodeIgniter\Debug\Exceptions->shutdownHandler()
CRITICAL - 2026-08-12 04:29:07 --> ErrorException: Declaration of CodeIgniter\I18n\Time::createFromTimestamp(int $timestamp, $timezone = null, ?string $locale = null) must be compatible with DateTimeImmutable::createFromTimestamp(int|float $timestamp): CodeIgniter\Autoloader\Autoloader
[Method: GET, Route: /]
in SYSTEMPATH\I18n\TimeTrait.php on line 268.
 1 [internal function]: CodeIgniter\Debug\Exceptions->shutdownHandler()
CRITICAL - 2026-08-12 04:29:07 --> ErrorException: Declaration of CodeIgniter\I18n\Time::createFromTimestamp(int $timestamp, $timezone = null, ?string $locale = null) must be compatible with DateTimeImmutable::createFromTimestamp(int|float $timestamp): CodeIgniter\Autoloader\Autoloader
[Method: GET, Route: /]
in SYSTEMPATH\I18n\TimeTrait.php on line 268.
 1 [internal function]: CodeIgniter\Debug\Exceptions->shutdownHandler()
CRITICAL - 2026-08-12 04:29:07 --> ErrorException: Declaration of CodeIgniter\I18n\Time::createFromTimestamp(int $timestamp, $timezone = null, ?string $locale = null) must be compatible with DateTimeImmutable::createFromTimestamp(int|float $timestamp): CodeIgniter\Autoloader\Autoloader
[Method: GET, Route: /]
in SYSTEMPATH\I18n\TimeTrait.php on line 268.
 1 [internal function]: CodeIgniter\Debug\Exceptions->shutdownHandler()
CRITICAL - 2026-08-12 04:29:08 --> ErrorException: Declaration of CodeIgniter\I18n\Time::createFromTimestamp(int $timestamp, $timezone = null, ?string $locale = null) must be compatible with DateTimeImmutable::createFromTimestamp(int|float $timestamp): CodeIgniter\Autoloader\Autoloader
[Method: GET, Route: /]
in SYSTEMPATH\I18n\TimeTrait.php on line 268.
 1 [internal function]: CodeIgniter\Debug\Exceptions->shutdownHandler()
CRITICAL - 2026-08-12 04:29:08 --> ErrorException: Declaration of CodeIgniter\I18n\Time::createFromTimestamp(int $timestamp, $timezone = null, ?string $locale = null) must be compatible with DateTimeImmutable::createFromTimestamp(int|float $timestamp): CodeIgniter\Autoloader\Autoloader
[Method: GET, Route: /]
in SYSTEMPATH\I18n\TimeTrait.php on line 268.
 1 [internal function]: CodeIgniter\Debug\Exceptions->shutdownHandler()
CRITICAL - 2026-08-12 04:29:08 --> ErrorException: Declaration of CodeIgniter\I18n\Time::createFromTimestamp(int $timestamp, $timezone = null, ?string $locale = null) must be compatible with DateTimeImmutable::createFromTimestamp(int|float $timestamp): CodeIgniter\Autoloader\Autoloader
[Method: GET, Route: /]
in SYSTEMPATH\I18n\TimeTrait.php on line 268.
 1 [internal function]: CodeIgniter\Debug\Exceptions->shutdownHandler()
CRITICAL - 2026-08-12 04:29:08 --> ErrorException: Declaration of CodeIgniter\I18n\Time::createFromTimestamp(int $timestamp, $timezone = null, ?string $locale = null) must be compatible with DateTimeImmutable::createFromTimestamp(int|float $timestamp): CodeIgniter\Autoloader\Autoloader
[Method: GET, Route: /]
in SYSTEMPATH\I18n\TimeTrait.php on line 268.
 1 [internal function]: CodeIgniter\Debug\Exceptions->shutdownHandler()
CRITICAL - 2026-08-12 04:29:09 --> ErrorException: Declaration of CodeIgniter\I18n\Time::createFromTimestamp(int $timestamp, $timezone = null, ?string $locale = null) must be compatible with DateTimeImmutable::createFromTimestamp(int|float $timestamp): CodeIgniter\Autoloader\Autoloader
[Method: GET, Route: /]
in SYSTEMPATH\I18n\TimeTrait.php on line 268.
 1 [internal function]: CodeIgniter\Debug\Exceptions->shutdownHandler()
CRITICAL - 2026-08-12 04:29:09 --> ErrorException: Declaration of CodeIgniter\I18n\Time::createFromTimestamp(int $timestamp, $timezone = null, ?string $locale = null) must be compatible with DateTimeImmutable::createFromTimestamp(int|float $timestamp): CodeIgniter\Autoloader\Autoloader
[Method: GET, Route: /]
in SYSTEMPATH\I18n\TimeTrait.php on line 268.
 1 [internal function]: CodeIgniter\Debug\Exceptions->shutdownHandler()
CRITICAL - 2026-08-12 04:29:09 --> ErrorException: Declaration of CodeIgniter\I18n\Time::createFromTimestamp(int $timestamp, $timezone = null, ?string $locale = null) must be compatible with DateTimeImmutable::createFromTimestamp(int|float $timestamp): CodeIgniter\Autoloader\Autoloader
[Method: GET, Route: /]
in SYSTEMPATH\I18n\TimeTrait.php on line 268.
 1 [internal function]: CodeIgniter\Debug\Exceptions->shutdownHandler()
CRITICAL - 2026-08-12 04:29:09 --> ErrorException: Declaration of CodeIgniter\I18n\Time::createFromTimestamp(int $timestamp, $timezone = null, ?string $locale = null) must be compatible with DateTimeImmutable::createFromTimestamp(int|float $timestamp): CodeIgniter\Autoloader\Autoloader
[Method: GET, Route: /]
in SYSTEMPATH\I18n\TimeTrait.php on line 268.
 1 [internal function]: CodeIgniter\Debug\Exceptions->shutdownHandler()
CRITICAL - 2026-08-12 04:29:09 --> ErrorException: Declaration of CodeIgniter\I18n\Time::createFromTimestamp(int $timestamp, $timezone = null, ?string $locale = null) must be compatible with DateTimeImmutable::createFromTimestamp(int|float $timestamp): CodeIgniter\Autoloader\Autoloader
[Method: GET, Route: /]
in SYSTEMPATH\I18n\TimeTrait.php on line 268.
 1 [internal function]: CodeIgniter\Debug\Exceptions->shutdownHandler()
CRITICAL - 2026-08-12 04:29:09 --> ErrorException: Declaration of CodeIgniter\I18n\Time::createFromTimestamp(int $timestamp, $timezone = null, ?string $locale = null) must be compatible with DateTimeImmutable::createFromTimestamp(int|float $timestamp): CodeIgniter\Autoloader\Autoloader
[Method: GET, Route: /]
in SYSTEMPATH\I18n\TimeTrait.php on line 268.
 1 [internal function]: CodeIgniter\Debug\Exceptions->shutdownHandler()
CRITICAL - 2026-08-12 04:29:10 --> ErrorException: Declaration of CodeIgniter\I18n\Time::createFromTimestamp(int $timestamp, $timezone = null, ?string $locale = null) must be compatible with DateTimeImmutable::createFromTimestamp(int|float $timestamp): CodeIgniter\Autoloader\Autoloader
[Method: GET, Route: /]
in SYSTEMPATH\I18n\TimeTrait.php on line 268.
 1 [internal function]: CodeIgniter\Debug\Exceptions->shutdownHandler()
CRITICAL - 2026-08-12 04:29:10 --> ErrorException: Declaration of CodeIgniter\I18n\Time::createFromTimestamp(int $timestamp, $timezone = null, ?string $locale = null) must be compatible with DateTimeImmutable::createFromTimestamp(int|float $timestamp): CodeIgniter\Autoloader\Autoloader
[Method: GET, Route: /]
in SYSTEMPATH\I18n\TimeTrait.php on line 268.
 1 [internal function]: CodeIgniter\Debug\Exceptions->shutdownHandler()
CRITICAL - 2026-08-12 04:29:10 --> ErrorException: Declaration of CodeIgniter\I18n\Time::createFromTimestamp(int $timestamp, $timezone = null, ?string $locale = null) must be compatible with DateTimeImmutable::createFromTimestamp(int|float $timestamp): CodeIgniter\Autoloader\Autoloader
[Method: GET, Route: /]
in SYSTEMPATH\I18n\TimeTrait.php on line 268.
 1 [internal function]: CodeIgniter\Debug\Exceptions->shutdownHandler()
CRITICAL - 2026-08-12 04:29:10 --> ErrorException: Declaration of CodeIgniter\I18n\Time::createFromTimestamp(int $timestamp, $timezone = null, ?string $locale = null) must be compatible with DateTimeImmutable::createFromTimestamp(int|float $timestamp): CodeIgniter\Autoloader\Autoloader
[Method: GET, Route: /]
in SYSTEMPATH\I18n\TimeTrait.php on line 268.
 1 [internal function]: CodeIgniter\Debug\Exceptions->shutdownHandler()
CRITICAL - 2026-08-12 04:29:11 --> ErrorException: Declaration of CodeIgniter\I18n\Time::createFromTimestamp(int $timestamp, $timezone = null, ?string $locale = null) must be compatible with DateTimeImmutable::createFromTimestamp(int|float $timestamp): CodeIgniter\Autoloader\Autoloader
[Method: GET, Route: /]
in SYSTEMPATH\I18n\TimeTrait.php on line 268.
 1 [internal function]: CodeIgniter\Debug\Exceptions->shutdownHandler()
CRITICAL - 2026-08-12 04:29:11 --> ErrorException: Declaration of CodeIgniter\I18n\Time::createFromTimestamp(int $timestamp, $timezone = null, ?string $locale = null) must be compatible with DateTimeImmutable::createFromTimestamp(int|float $timestamp): CodeIgniter\Autoloader\Autoloader
[Method: GET, Route: /]
in SYSTEMPATH\I18n\TimeTrait.php on line 268.
 1 [internal function]: CodeIgniter\Debug\Exceptions->shutdownHandler()
CRITICAL - 2026-08-12 04:29:11 --> ErrorException: Declaration of CodeIgniter\I18n\Time::createFromTimestamp(int $timestamp, $timezone = null, ?string $locale = null) must be compatible with DateTimeImmutable::createFromTimestamp(int|float $timestamp): CodeIgniter\Autoloader\Autoloader
[Method: GET, Route: /]
in SYSTEMPATH\I18n\TimeTrait.php on line 268.
 1 [internal function]: CodeIgniter\Debug\Exceptions->shutdownHandler()
CRITICAL - 2026-08-12 04:29:11 --> ErrorException: Declaration of CodeIgniter\I18n\Time::createFromTimestamp(int $timestamp, $timezone = null, ?string $locale = null) must be compatible with DateTimeImmutable::createFromTimestamp(int|float $timestamp): CodeIgniter\Autoloader\Autoloader
[Method: GET, Route: /]
in SYSTEMPATH\I18n\TimeTrait.php on line 268.
 1 [internal function]: CodeIgniter\Debug\Exceptions->shutdownHandler()
CRITICAL - 2026-08-12 04:29:11 --> ErrorException: Declaration of CodeIgniter\I18n\Time::createFromTimestamp(int $timestamp, $timezone = null, ?string $locale = null) must be compatible with DateTimeImmutable::createFromTimestamp(int|float $timestamp): CodeIgniter\Autoloader\Autoloader
[Method: GET, Route: /]
in SYSTEMPATH\I18n\TimeTrait.php on line 268.
 1 [internal function]: CodeIgniter\Debug\Exceptions->shutdownHandler()
CRITICAL - 2026-08-12 04:29:12 --> ErrorException: Declaration of CodeIgniter\I18n\Time::createFromTimestamp(int $timestamp, $timezone = null, ?string $locale = null) must be compatible with DateTimeImmutable::createFromTimestamp(int|float $timestamp): CodeIgniter\Autoloader\Autoloader
[Method: GET, Route: /]
in SYSTEMPATH\I18n\TimeTrait.php on line 268.
 1 [internal function]: CodeIgniter\Debug\Exceptions->shutdownHandler()
CRITICAL - 2026-08-12 04:29:12 --> ErrorException: Declaration of CodeIgniter\I18n\Time::createFromTimestamp(int $timestamp, $timezone = null, ?string $locale = null) must be compatible with DateTimeImmutable::createFromTimestamp(int|float $timestamp): CodeIgniter\Autoloader\Autoloader
[Method: GET, Route: /]
in SYSTEMPATH\I18n\TimeTrait.php on line 268.
 1 [internal function]: CodeIgniter\Debug\Exceptions->shutdownHandler()
CRITICAL - 2026-08-12 04:29:12 --> ErrorException: Declaration of CodeIgniter\I18n\Time::createFromTimestamp(int $timestamp, $timezone = null, ?string $locale = null) must be compatible with DateTimeImmutable::createFromTimestamp(int|float $timestamp): CodeIgniter\Autoloader\Autoloader
[Method: GET, Route: /]
in SYSTEMPATH\I18n\TimeTrait.php on line 268.
 1 [internal function]: CodeIgniter\Debug\Exceptions->shutdownHandler()
CRITICAL - 2026-08-12 04:29:12 --> ErrorException: Declaration of CodeIgniter\I18n\Time::createFromTimestamp(int $timestamp, $timezone = null, ?string $locale = null) must be compatible with DateTimeImmutable::createFromTimestamp(int|float $timestamp): CodeIgniter\Autoloader\Autoloader
[Method: GET, Route: /]
in SYSTEMPATH\I18n\TimeTrait.php on line 268.
 1 [internal function]: CodeIgniter\Debug\Exceptions->shutdownHandler()
CRITICAL - 2026-08-12 04:29:12 --> ErrorException: Declaration of CodeIgniter\I18n\Time::createFromTimestamp(int $timestamp, $timezone = null, ?string $locale = null) must be compatible with DateTimeImmutable::createFromTimestamp(int|float $timestamp): CodeIgniter\Autoloader\Autoloader
[Method: GET, Route: /]
in SYSTEMPATH\I18n\TimeTrait.php on line 268.
 1 [internal function]: CodeIgniter\Debug\Exceptions->shutdownHandler()
CRITICAL - 2026-08-12 04:29:13 --> ErrorException: Declaration of CodeIgniter\I18n\Time::createFromTimestamp(int $timestamp, $timezone = null, ?string $locale = null) must be compatible with DateTimeImmutable::createFromTimestamp(int|float $timestamp): CodeIgniter\Autoloader\Autoloader
[Method: GET, Route: /]
in SYSTEMPATH\I18n\TimeTrait.php on line 268.
 1 [internal function]: CodeIgniter\Debug\Exceptions->shutdownHandler()
CRITICAL - 2026-08-12 04:29:13 --> ErrorException: Declaration of CodeIgniter\I18n\Time::createFromTimestamp(int $timestamp, $timezone = null, ?string $locale = null) must be compatible with DateTimeImmutable::createFromTimestamp(int|float $timestamp): CodeIgniter\Autoloader\Autoloader
[Method: GET, Route: /]
in SYSTEMPATH\I18n\TimeTrait.php on line 268.
 1 [internal function]: CodeIgniter\Debug\Exceptions->shutdownHandler()
CRITICAL - 2026-08-12 04:29:13 --> ErrorException: Declaration of CodeIgniter\I18n\Time::createFromTimestamp(int $timestamp, $timezone = null, ?string $locale = null) must be compatible with DateTimeImmutable::createFromTimestamp(int|float $timestamp): CodeIgniter\Autoloader\Autoloader
[Method: GET, Route: /]
in SYSTEMPATH\I18n\TimeTrait.php on line 268.
 1 [internal function]: CodeIgniter\Debug\Exceptions->shutdownHandler()
CRITICAL - 2026-08-12 04:29:13 --> ErrorException: Declaration of CodeIgniter\I18n\Time::createFromTimestamp(int $timestamp, $timezone = null, ?string $locale = null) must be compatible with DateTimeImmutable::createFromTimestamp(int|float $timestamp): CodeIgniter\Autoloader\Autoloader
[Method: GET, Route: /]
in SYSTEMPATH\I18n\TimeTrait.php on line 268.
 1 [internal function]: CodeIgniter\Debug\Exceptions->shutdownHandler()
CRITICAL - 2026-08-12 04:29:13 --> ErrorException: Declaration of CodeIgniter\I18n\Time::createFromTimestamp(int $timestamp, $timezone = null, ?string $locale = null) must be compatible with DateTimeImmutable::createFromTimestamp(int|float $timestamp): CodeIgniter\Autoloader\Autoloader
[Method: GET, Route: /]
in SYSTEMPATH\I18n\TimeTrait.php on line 268.
 1 [internal function]: CodeIgniter\Debug\Exceptions->shutdownHandler()
CRITICAL - 2026-08-12 04:29:14 --> ErrorException: Declaration of CodeIgniter\I18n\Time::createFromTimestamp(int $timestamp, $timezone = null, ?string $locale = null) must be compatible with DateTimeImmutable::createFromTimestamp(int|float $timestamp): CodeIgniter\Autoloader\Autoloader
[Method: GET, Route: /]
in SYSTEMPATH\I18n\TimeTrait.php on line 268.
 1 [internal function]: CodeIgniter\Debug\Exceptions->shutdownHandler()
CRITICAL - 2026-08-12 04:29:14 --> ErrorException: Declaration of CodeIgniter\I18n\Time::createFromTimestamp(int $timestamp, $timezone = null, ?string $locale = null) must be compatible with DateTimeImmutable::createFromTimestamp(int|float $timestamp): CodeIgniter\Autoloader\Autoloader
[Method: GET, Route: /]
in SYSTEMPATH\I18n\TimeTrait.php on line 268.
 1 [internal function]: CodeIgniter\Debug\Exceptions->shutdownHandler()
CRITICAL - 2026-08-12 04:29:14 --> ErrorException: Declaration of CodeIgniter\I18n\Time::createFromTimestamp(int $timestamp, $timezone = null, ?string $locale = null) must be compatible with DateTimeImmutable::createFromTimestamp(int|float $timestamp): CodeIgniter\Autoloader\Autoloader
[Method: GET, Route: /]
in SYSTEMPATH\I18n\TimeTrait.php on line 268.
 1 [internal function]: CodeIgniter\Debug\Exceptions->shutdownHandler()
CRITICAL - 2026-08-12 04:29:14 --> ErrorException: Declaration of CodeIgniter\I18n\Time::createFromTimestamp(int $timestamp, $timezone = null, ?string $locale = null) must be compatible with DateTimeImmutable::createFromTimestamp(int|float $timestamp): CodeIgniter\Autoloader\Autoloader
[Method: GET, Route: /]
in SYSTEMPATH\I18n\TimeTrait.php on line 268.
 1 [internal function]: CodeIgniter\Debug\Exceptions->shutdownHandler()
CRITICAL - 2026-08-12 04:29:14 --> ErrorException: Declaration of CodeIgniter\I18n\Time::createFromTimestamp(int $timestamp, $timezone = null, ?string $locale = null) must be compatible with DateTimeImmutable::createFromTimestamp(int|float $timestamp): CodeIgniter\Autoloader\Autoloader
[Method: GET, Route: /]
in SYSTEMPATH\I18n\TimeTrait.php on line 268.
 1 [internal function]: CodeIgniter\Debug\Exceptions->shutdownHandler()
CRITICAL - 2026-08-12 04:29:14 --> ErrorException: Declaration of CodeIgniter\I18n\Time::createFromTimestamp(int $timestamp, $timezone = null, ?string $locale = null) must be compatible with DateTimeImmutable::createFromTimestamp(int|float $timestamp): CodeIgniter\Autoloader\Autoloader
[Method: GET, Route: /]
in SYSTEMPATH\I18n\TimeTrait.php on line 268.
 1 [internal function]: CodeIgniter\Debug\Exceptions->shutdownHandler()
WARNING - 2026-08-12 04:29:15 --> [DEPRECATED] Return type of CodeIgniter\I18n\Time::createFromTimestamp(int|float $timestamp, $timezone = null, ?string $locale = null) should either be compatible with DateTimeImmutable::createFromTimestamp(int|float $timestamp): CodeIgniter\Autoloader\Autoloader, or the #[\ReturnTypeWillChange] attribute should be used to temporarily suppress the notice in SYSTEMPATH\I18n\TimeTrait.php on line 268.
 1 SYSTEMPATH\Autoloader\Autoloader.php(317): include_once('C:\\Users\\AKU BANGGA JADI IT 2\\Documents\\RafiChandra\\Codeigniter4\\bengkeltes\\system\\I18n\\Time.php')
 2 SYSTEMPATH\Autoloader\Autoloader.php(296): CodeIgniter\Autoloader\Autoloader->includeFile('C:\\Users\\AKU BANGGA JADI IT 2\\Documents\\RafiChandra\\Codeigniter4\\bengkeltes\\system\\I18n\\Time.php')
 3 SYSTEMPATH\Autoloader\Autoloader.php(272): CodeIgniter\Autoloader\Autoloader->loadInNamespace('CodeIgniter\\I18n\\Time')
 4 SYSTEMPATH\Debug\Toolbar.php(401): CodeIgniter\Autoloader\Autoloader->loadClass('CodeIgniter\\I18n\\Time')
 5 SYSTEMPATH\Filters\DebugToolbar.php(43): CodeIgniter\Debug\Toolbar->prepare(Object(CodeIgniter\HTTP\IncomingRequest), Object(CodeIgniter\HTTP\RedirectResponse))
 6 SYSTEMPATH\Filters\Filters.php(241): CodeIgniter\Filters\DebugToolbar->after(Object(CodeIgniter\HTTP\IncomingRequest), Object(CodeIgniter\HTTP\RedirectResponse), null)
 7 SYSTEMPATH\Filters\Filters.php(291): CodeIgniter\Filters\Filters->runAfter([...])
 8 SYSTEMPATH\CodeIgniter.php(409): CodeIgniter\Filters\Filters->runRequired('after')
 9 SYSTEMPATH\CodeIgniter.php(372): CodeIgniter\CodeIgniter->runRequiredAfterFilters(Object(CodeIgniter\Filters\Filters))
10 SYSTEMPATH\Boot.php(325): CodeIgniter\CodeIgniter->run()
11 SYSTEMPATH\Boot.php(67): CodeIgniter\Boot::runCodeIgniter(Object(CodeIgniter\CodeIgniter))
12 FCPATH\index.php(56): CodeIgniter\Boot::bootWeb(Object(Config\Paths))
13 SYSTEMPATH\rewrite.php(44): require_once('C:\\Users\\AKU BANGGA JADI IT 2\\Documents\\RafiChandra\\Codeigniter4\\bengkeltes\\public\\index.php')
WARNING - 2026-08-12 04:29:15 --> [DEPRECATED] Kint\Parser\Parser::__construct(): Implicitly marking parameter $caller as nullable is deprecated, the explicit nullable type must be used instead in SYSTEMPATH\ThirdParty\Kint\Parser\Parser.php on line 75.
 1 SYSTEMPATH\Autoloader\Autoloader.php(520): require_once('C:\\Users\\AKU BANGGA JADI IT 2\\Documents\\RafiChandra\\Codeigniter4\\bengkeltes\\system\\Debug\\Exceptions.php')
 2 SYSTEMPATH\ThirdParty\Kint\Kint.php(345): CodeIgniter\Autoloader\Autoloader->{closure:CodeIgniter\Autoloader\Autoloader::autoloadKint():510}([...])
 3 SYSTEMPATH\ThirdParty\Kint\Kint.php(560): Kint\Kint::createFromStatics([...])
 4 SYSTEMPATH\Debug\Toolbar.php(423): Kint\Kint::dump('')
 5 SYSTEMPATH\Filters\DebugToolbar.php(43): CodeIgniter\Debug\Toolbar->prepare(Object(CodeIgniter\HTTP\IncomingRequest), Object(CodeIgniter\HTTP\RedirectResponse))
 6 SYSTEMPATH\Filters\Filters.php(241): CodeIgniter\Filters\DebugToolbar->after(Object(CodeIgniter\HTTP\IncomingRequest), Object(CodeIgniter\HTTP\RedirectResponse), null)
 7 SYSTEMPATH\Filters\Filters.php(291): CodeIgniter\Filters\Filters->runAfter([...])
 8 SYSTEMPATH\CodeIgniter.php(409): CodeIgniter\Filters\Filters->runRequired('after')
 9 SYSTEMPATH\CodeIgniter.php(372): CodeIgniter\CodeIgniter->runRequiredAfterFilters(Object(CodeIgniter\Filters\Filters))
10 SYSTEMPATH\Boot.php(325): CodeIgniter\CodeIgniter->run()
11 SYSTEMPATH\Boot.php(67): CodeIgniter\Boot::runCodeIgniter(Object(CodeIgniter\CodeIgniter))
12 FCPATH\index.php(56): CodeIgniter\Boot::bootWeb(Object(Config\Paths))
13 SYSTEMPATH\rewrite.php(44): require_once('C:\\Users\\AKU BANGGA JADI IT 2\\Documents\\RafiChandra\\Codeigniter4\\bengkeltes\\public\\index.php')
WARNING - 2026-08-12 04:29:15 --> [DEPRECATED] Kint\Parser\Parser::setCallerClass(): Implicitly marking parameter $caller as nullable is deprecated, the explicit nullable type must be used instead in SYSTEMPATH\ThirdParty\Kint\Parser\Parser.php on line 86.
 1 SYSTEMPATH\Autoloader\Autoloader.php(520): require_once('C:\\Users\\AKU BANGGA JADI IT 2\\Documents\\RafiChandra\\Codeigniter4\\bengkeltes\\system\\Debug\\Exceptions.php')
 2 SYSTEMPATH\ThirdParty\Kint\Kint.php(345): CodeIgniter\Autoloader\Autoloader->{closure:CodeIgniter\Autoloader\Autoloader::autoloadKint():510}([...])
 3 SYSTEMPATH\ThirdParty\Kint\Kint.php(560): Kint\Kint::createFromStatics([...])
 4 SYSTEMPATH\Debug\Toolbar.php(423): Kint\Kint::dump('')
 5 SYSTEMPATH\Filters\DebugToolbar.php(43): CodeIgniter\Debug\Toolbar->prepare(Object(CodeIgniter\HTTP\IncomingRequest), Object(CodeIgniter\HTTP\RedirectResponse))
 6 SYSTEMPATH\Filters\Filters.php(241): CodeIgniter\Filters\DebugToolbar->after(Object(CodeIgniter\HTTP\IncomingRequest), Object(CodeIgniter\HTTP\RedirectResponse), null)
 7 SYSTEMPATH\Filters\Filters.php(291): CodeIgniter\Filters\Filters->runAfter([...])
 8 SYSTEMPATH\CodeIgniter.php(409): CodeIgniter\Filters\Filters->runRequired('after')
 9 SYSTEMPATH\CodeIgniter.php(372): CodeIgniter\CodeIgniter->runRequiredAfterFilters(Object(CodeIgniter\Filters\Filters))
10 SYSTEMPATH\Boot.php(325): CodeIgniter\CodeIgniter->run()
11 SYSTEMPATH\Boot.php(67): CodeIgniter\Boot::runCodeIgniter(Object(CodeIgniter\CodeIgniter))
12 FCPATH\index.php(56): CodeIgniter\Boot::bootWeb(Object(Config\Paths))
13 SYSTEMPATH\rewrite.php(44): require_once('C:\\Users\\AKU BANGGA JADI IT 2\\Documents\\RafiChandra\\Codeigniter4\\bengkeltes\\public\\index.php')
WARNING - 2026-08-12 04:29:15 --> [DEPRECATED] Kint\Zval\Value::addRepresentation(): Implicitly marking parameter $pos as nullable is deprecated, the explicit nullable type must be used instead in SYSTEMPATH\ThirdParty\Kint\Zval\Value.php on line 65.
 1 SYSTEMPATH\Autoloader\Autoloader.php(520): require_once('C:\\Users\\AKU BANGGA JADI IT 2\\Documents\\RafiChandra\\Codeigniter4\\bengkeltes\\system\\Debug\\Exceptions.php')
 2 SYSTEMPATH\ThirdParty\Kint\Kint.php(398): CodeIgniter\Autoloader\Autoloader->{closure:CodeIgniter\Autoloader\Autoloader::autoloadKint():510}([...])
 3 SYSTEMPATH\ThirdParty\Kint\Kint.php(574): Kint\Kint::getBasesFromParamInfo([...], 1)
 4 SYSTEMPATH\Debug\Toolbar.php(423): Kint\Kint::dump('')
 5 SYSTEMPATH\Filters\DebugToolbar.php(43): CodeIgniter\Debug\Toolbar->prepare(Object(CodeIgniter\HTTP\IncomingRequest), Object(CodeIgniter\HTTP\RedirectResponse))
 6 SYSTEMPATH\Filters\Filters.php(241): CodeIgniter\Filters\DebugToolbar->after(Object(CodeIgniter\HTTP\IncomingRequest), Object(CodeIgniter\HTTP\RedirectResponse), null)
 7 SYSTEMPATH\Filters\Filters.php(291): CodeIgniter\Filters\Filters->runAfter([...])
 8 SYSTEMPATH\CodeIgniter.php(409): CodeIgniter\Filters\Filters->runRequired('after')
 9 SYSTEMPATH\CodeIgniter.php(372): CodeIgniter\CodeIgniter->runRequiredAfterFilters(Object(CodeIgniter\Filters\Filters))
10 SYSTEMPATH\Boot.php(325): CodeIgniter\CodeIgniter->run()
11 SYSTEMPATH\Boot.php(67): CodeIgniter\Boot::runCodeIgniter(Object(CodeIgniter\CodeIgniter))
12 FCPATH\index.php(56): CodeIgniter\Boot::bootWeb(Object(Config\Paths))
13 SYSTEMPATH\rewrite.php(44): require_once('C:\\Users\\AKU BANGGA JADI IT 2\\Documents\\RafiChandra\\Codeigniter4\\bengkeltes\\public\\index.php')
WARNING - 2026-08-12 04:29:15 --> [DEPRECATED] Kint\Zval\Value::replaceRepresentation(): Implicitly marking parameter $pos as nullable is deprecated, the explicit nullable type must be used instead in SYSTEMPATH\ThirdParty\Kint\Zval\Value.php on line 84.
 1 SYSTEMPATH\Autoloader\Autoloader.php(520): require_once('C:\\Users\\AKU BANGGA JADI IT 2\\Documents\\RafiChandra\\Codeigniter4\\bengkeltes\\system\\Debug\\Exceptions.php')
 2 SYSTEMPATH\ThirdParty\Kint\Kint.php(398): CodeIgniter\Autoloader\Autoloader->{closure:CodeIgniter\Autoloader\Autoloader::autoloadKint():510}([...])
 3 SYSTEMPATH\ThirdParty\Kint\Kint.php(574): Kint\Kint::getBasesFromParamInfo([...], 1)
 4 SYSTEMPATH\Debug\Toolbar.php(423): Kint\Kint::dump('')
 5 SYSTEMPATH\Filters\DebugToolbar.php(43): CodeIgniter\Debug\Toolbar->prepare(Object(CodeIgniter\HTTP\IncomingRequest), Object(CodeIgniter\HTTP\RedirectResponse))
 6 SYSTEMPATH\Filters\Filters.php(241): CodeIgniter\Filters\DebugToolbar->after(Object(CodeIgniter\HTTP\IncomingRequest), Object(CodeIgniter\HTTP\RedirectResponse), null)
 7 SYSTEMPATH\Filters\Filters.php(291): CodeIgniter\Filters\Filters->runAfter([...])
 8 SYSTEMPATH\CodeIgniter.php(409): CodeIgniter\Filters\Filters->runRequired('after')
 9 SYSTEMPATH\CodeIgniter.php(372): CodeIgniter\CodeIgniter->runRequiredAfterFilters(Object(CodeIgniter\Filters\Filters))
10 SYSTEMPATH\Boot.php(325): CodeIgniter\CodeIgniter->run()
11 SYSTEMPATH\Boot.php(67): CodeIgniter\Boot::runCodeIgniter(Object(CodeIgniter\CodeIgniter))
12 FCPATH\index.php(56): CodeIgniter\Boot::bootWeb(Object(Config\Paths))
13 SYSTEMPATH\rewrite.php(44): require_once('C:\\Users\\AKU BANGGA JADI IT 2\\Documents\\RafiChandra\\Codeigniter4\\bengkeltes\\public\\index.php')
WARNING - 2026-08-12 04:29:15 --> [DEPRECATED] Kint\Zval\Value::blank(): Implicitly marking parameter $name as nullable is deprecated, the explicit nullable type must be used instead in SYSTEMPATH\ThirdParty\Kint\Zval\Value.php on line 237.
 1 SYSTEMPATH\Autoloader\Autoloader.php(520): require_once('C:\\Users\\AKU BANGGA JADI IT 2\\Documents\\RafiChandra\\Codeigniter4\\bengkeltes\\system\\Debug\\Exceptions.php')
 2 SYSTEMPATH\ThirdParty\Kint\Kint.php(398): CodeIgniter\Autoloader\Autoloader->{closure:CodeIgniter\Autoloader\Autoloader::autoloadKint():510}([...])
 3 SYSTEMPATH\ThirdParty\Kint\Kint.php(574): Kint\Kint::getBasesFromParamInfo([...], 1)
 4 SYSTEMPATH\Debug\Toolbar.php(423): Kint\Kint::dump('')
 5 SYSTEMPATH\Filters\DebugToolbar.php(43): CodeIgniter\Debug\Toolbar->prepare(Object(CodeIgniter\HTTP\IncomingRequest), Object(CodeIgniter\HTTP\RedirectResponse))
 6 SYSTEMPATH\Filters\Filters.php(241): CodeIgniter\Filters\DebugToolbar->after(Object(CodeIgniter\HTTP\IncomingRequest), Object(CodeIgniter\HTTP\RedirectResponse), null)
 7 SYSTEMPATH\Filters\Filters.php(291): CodeIgniter\Filters\Filters->runAfter([...])
 8 SYSTEMPATH\CodeIgniter.php(409): CodeIgniter\Filters\Filters->runRequired('after')
 9 SYSTEMPATH\CodeIgniter.php(372): CodeIgniter\CodeIgniter->runRequiredAfterFilters(Object(CodeIgniter\Filters\Filters))
10 SYSTEMPATH\Boot.php(325): CodeIgniter\CodeIgniter->run()
11 SYSTEMPATH\Boot.php(67): CodeIgniter\Boot::runCodeIgniter(Object(CodeIgniter\CodeIgniter))
12 FCPATH\index.php(56): CodeIgniter\Boot::bootWeb(Object(Config\Paths))
13 SYSTEMPATH\rewrite.php(44): require_once('C:\\Users\\AKU BANGGA JADI IT 2\\Documents\\RafiChandra\\Codeigniter4\\bengkeltes\\public\\index.php')
WARNING - 2026-08-12 04:29:15 --> [DEPRECATED] Kint\Zval\Value::blank(): Implicitly marking parameter $access_path as nullable is deprecated, the explicit nullable type must be used instead in SYSTEMPATH\ThirdParty\Kint\Zval\Value.php on line 237.
 1 SYSTEMPATH\Autoloader\Autoloader.php(520): require_once('C:\\Users\\AKU BANGGA JADI IT 2\\Documents\\RafiChandra\\Codeigniter4\\bengkeltes\\system\\Debug\\Exceptions.php')
 2 SYSTEMPATH\ThirdParty\Kint\Kint.php(398): CodeIgniter\Autoloader\Autoloader->{closure:CodeIgniter\Autoloader\Autoloader::autoloadKint():510}([...])
 3 SYSTEMPATH\ThirdParty\Kint\Kint.php(574): Kint\Kint::getBasesFromParamInfo([...], 1)
 4 SYSTEMPATH\Debug\Toolbar.php(423): Kint\Kint::dump('')
 5 SYSTEMPATH\Filters\DebugToolbar.php(43): CodeIgniter\Debug\Toolbar->prepare(Object(CodeIgniter\HTTP\IncomingRequest), Object(CodeIgniter\HTTP\RedirectResponse))
 6 SYSTEMPATH\Filters\Filters.php(241): CodeIgniter\Filters\DebugToolbar->after(Object(CodeIgniter\HTTP\IncomingRequest), Object(CodeIgniter\HTTP\RedirectResponse), null)
 7 SYSTEMPATH\Filters\Filters.php(291): CodeIgniter\Filters\Filters->runAfter([...])
 8 SYSTEMPATH\CodeIgniter.php(409): CodeIgniter\Filters\Filters->runRequired('after')
 9 SYSTEMPATH\CodeIgniter.php(372): CodeIgniter\CodeIgniter->runRequiredAfterFilters(Object(CodeIgniter\Filters\Filters))
10 SYSTEMPATH\Boot.php(325): CodeIgniter\CodeIgniter->run()
11 SYSTEMPATH\Boot.php(67): CodeIgniter\Boot::runCodeIgniter(Object(CodeIgniter\CodeIgniter))
12 FCPATH\index.php(56): CodeIgniter\Boot::bootWeb(Object(Config\Paths))
13 SYSTEMPATH\rewrite.php(44): require_once('C:\\Users\\AKU BANGGA JADI IT 2\\Documents\\RafiChandra\\Codeigniter4\\bengkeltes\\public\\index.php')
WARNING - 2026-08-12 04:29:15 --> [DEPRECATED] Kint\Zval\BlobValue::substr(): Implicitly marking parameter $length as nullable is deprecated, the explicit nullable type must be used instead in SYSTEMPATH\ThirdParty\Kint\Zval\BlobValue.php on line 144.
 1 SYSTEMPATH\Autoloader\Autoloader.php(520): require_once('C:\\Users\\AKU BANGGA JADI IT 2\\Documents\\RafiChandra\\Codeigniter4\\bengkeltes\\system\\Debug\\Exceptions.php')
 2 SYSTEMPATH\ThirdParty\Kint\Parser\Parser.php(285): CodeIgniter\Autoloader\Autoloader->{closure:CodeIgniter\Autoloader\Autoloader::autoloadKint():510}([...])
 3 SYSTEMPATH\ThirdParty\Kint\Parser\Parser.php(142): Kint\Parser\Parser->parseString('', Object(Kint\Zval\Value))
 4 SYSTEMPATH\ThirdParty\Kint\Kint.php(285): Kint\Parser\Parser->parse('', Object(Kint\Zval\Value))
 5 SYSTEMPATH\ThirdParty\Kint\Kint.php(268): Kint\Kint->dumpVar('', Object(Kint\Zval\Value))
 6 SYSTEMPATH\ThirdParty\Kint\Kint.php(575): Kint\Kint->dumpAll([...], [...])
 7 SYSTEMPATH\Debug\Toolbar.php(423): Kint\Kint::dump('')
 8 SYSTEMPATH\Filters\DebugToolbar.php(43): CodeIgniter\Debug\Toolbar->prepare(Object(CodeIgniter\HTTP\IncomingRequest), Object(CodeIgniter\HTTP\RedirectResponse))
 9 SYSTEMPATH\Filters\Filters.php(241): CodeIgniter\Filters\DebugToolbar->after(Object(CodeIgniter\HTTP\IncomingRequest), Object(CodeIgniter\HTTP\RedirectResponse), null)
10 SYSTEMPATH\Filters\Filters.php(291): CodeIgniter\Filters\Filters->runAfter([...])
11 SYSTEMPATH\CodeIgniter.php(409): CodeIgniter\Filters\Filters->runRequired('after')
12 SYSTEMPATH\CodeIgniter.php(372): CodeIgniter\CodeIgniter->runRequiredAfterFilters(Object(CodeIgniter\Filters\Filters))
13 SYSTEMPATH\Boot.php(325): CodeIgniter\CodeIgniter->run()
14 SYSTEMPATH\Boot.php(67): CodeIgniter\Boot::runCodeIgniter(Object(CodeIgniter\CodeIgniter))
15 FCPATH\index.php(56): CodeIgniter\Boot::bootWeb(Object(Config\Paths))
16 SYSTEMPATH\rewrite.php(44): require_once('C:\\Users\\AKU BANGGA JADI IT 2\\Documents\\RafiChandra\\Codeigniter4\\bengkeltes\\public\\index.php')
WARNING - 2026-08-12 04:29:15 --> [DEPRECATED] Kint\Zval\Representation\Representation::__construct(): Implicitly marking parameter $name as nullable is deprecated, the explicit nullable type must be used instead in SYSTEMPATH\ThirdParty\Kint\Zval\Representation\Representation.php on line 39.
 1 SYSTEMPATH\Autoloader\Autoloader.php(520): require_once('C:\\Users\\AKU BANGGA JADI IT 2\\Documents\\RafiChandra\\Codeigniter4\\bengkeltes\\system\\Debug\\Exceptions.php')
 2 SYSTEMPATH\ThirdParty\Kint\Parser\Parser.php(290): CodeIgniter\Autoloader\Autoloader->{closure:CodeIgniter\Autoloader\Autoloader::autoloadKint():510}([...])
 3 SYSTEMPATH\ThirdParty\Kint\Parser\Parser.php(142): Kint\Parser\Parser->parseString('', Object(Kint\Zval\Value))
 4 SYSTEMPATH\ThirdParty\Kint\Kint.php(285): Kint\Parser\Parser->parse('', Object(Kint\Zval\Value))
 5 SYSTEMPATH\ThirdParty\Kint\Kint.php(268): Kint\Kint->dumpVar('', Object(Kint\Zval\Value))
 6 SYSTEMPATH\ThirdParty\Kint\Kint.php(575): Kint\Kint->dumpAll([...], [...])
 7 SYSTEMPATH\Debug\Toolbar.php(423): Kint\Kint::dump('')
 8 SYSTEMPATH\Filters\DebugToolbar.php(43): CodeIgniter\Debug\Toolbar->prepare(Object(CodeIgniter\HTTP\IncomingRequest), Object(CodeIgniter\HTTP\RedirectResponse))
 9 SYSTEMPATH\Filters\Filters.php(241): CodeIgniter\Filters\DebugToolbar->after(Object(CodeIgniter\HTTP\IncomingRequest), Object(CodeIgniter\HTTP\RedirectResponse), null)
10 SYSTEMPATH\Filters\Filters.php(291): CodeIgniter\Filters\Filters->runAfter([...])
11 SYSTEMPATH\CodeIgniter.php(409): CodeIgniter\Filters\Filters->runRequired('after')
12 SYSTEMPATH\CodeIgniter.php(372): CodeIgniter\CodeIgniter->runRequiredAfterFilters(Object(CodeIgniter\Filters\Filters))
13 SYSTEMPATH\Boot.php(325): CodeIgniter\CodeIgniter->run()
14 SYSTEMPATH\Boot.php(67): CodeIgniter\Boot::runCodeIgniter(Object(CodeIgniter\CodeIgniter))
15 FCPATH\index.php(56): CodeIgniter\Boot::bootWeb(Object(Config\Paths))
16 SYSTEMPATH\rewrite.php(44): require_once('C:\\Users\\AKU BANGGA JADI IT 2\\Documents\\RafiChandra\\Codeigniter4\\bengkeltes\\public\\index.php')
WARNING - 2026-08-12 04:29:15 --> [DEPRECATED] Kint\Zval\Representation\ColorRepresentation::getColor(): Implicitly marking parameter $variant as nullable is deprecated, the explicit nullable type must be used instead in SYSTEMPATH\ThirdParty\Kint\Zval\Representation\ColorRepresentation.php on line 214.
 1 SYSTEMPATH\Autoloader\Autoloader.php(520): require_once('C:\\Users\\AKU BANGGA JADI IT 2\\Documents\\RafiChandra\\Codeigniter4\\bengkeltes\\system\\Debug\\Exceptions.php')
 2 SYSTEMPATH\ThirdParty\Kint\Parser\ColorPlugin.php(53): CodeIgniter\Autoloader\Autoloader->{closure:CodeIgniter\Autoloader\Autoloader::autoloadKint():510}([...])
 3 SYSTEMPATH\ThirdParty\Kint\Parser\Parser.php(636): Kint\Parser\ColorPlugin->parse('', Object(Kint\Zval\BlobValue), 2)
 4 SYSTEMPATH\ThirdParty\Kint\Parser\Parser.php(297): Kint\Parser\Parser->applyPlugins('', Object(Kint\Zval\BlobValue), 2)
 5 SYSTEMPATH\ThirdParty\Kint\Parser\Parser.php(142): Kint\Parser\Parser->parseString('', Object(Kint\Zval\Value))
 6 SYSTEMPATH\ThirdParty\Kint\Kint.php(285): Kint\Parser\Parser->parse('', Object(Kint\Zval\Value))
 7 SYSTEMPATH\ThirdParty\Kint\Kint.php(268): Kint\Kint->dumpVar('', Object(Kint\Zval\Value))
 8 SYSTEMPATH\ThirdParty\Kint\Kint.php(575): Kint\Kint->dumpAll([...], [...])
 9 SYSTEMPATH\Debug\Toolbar.php(423): Kint\Kint::dump('')
10 SYSTEMPATH\Filters\DebugToolbar.php(43): CodeIgniter\Debug\Toolbar->prepare(Object(CodeIgniter\HTTP\IncomingRequest), Object(CodeIgniter\HTTP\RedirectResponse))
11 SYSTEMPATH\Filters\Filters.php(241): CodeIgniter\Filters\DebugToolbar->after(Object(CodeIgniter\HTTP\IncomingRequest), Object(CodeIgniter\HTTP\RedirectResponse), null)
12 SYSTEMPATH\Filters\Filters.php(291): CodeIgniter\Filters\Filters->runAfter([...])
13 SYSTEMPATH\CodeIgniter.php(409): CodeIgniter\Filters\Filters->runRequired('after')
14 SYSTEMPATH\CodeIgniter.php(372): CodeIgniter\CodeIgniter->runRequiredAfterFilters(Object(CodeIgniter\Filters\Filters))
15 SYSTEMPATH\Boot.php(325): CodeIgniter\CodeIgniter->run()
16 SYSTEMPATH\Boot.php(67): CodeIgniter\Boot::runCodeIgniter(Object(CodeIgniter\CodeIgniter))
17 FCPATH\index.php(56): CodeIgniter\Boot::bootWeb(Object(Config\Paths))
18 SYSTEMPATH\rewrite.php(44): require_once('C:\\Users\\AKU BANGGA JADI IT 2\\Documents\\RafiChandra\\Codeigniter4\\bengkeltes\\public\\index.php')
WARNING - 2026-08-12 04:29:15 --> [DEPRECATED] Kint\Zval\Representation\ColorRepresentation::hasAlpha(): Implicitly marking parameter $variant as nullable is deprecated, the explicit nullable type must be used instead in SYSTEMPATH\ThirdParty\Kint\Zval\Representation\ColorRepresentation.php on line 278.
 1 SYSTEMPATH\Autoloader\Autoloader.php(520): require_once('C:\\Users\\AKU BANGGA JADI IT 2\\Documents\\RafiChandra\\Codeigniter4\\bengkeltes\\system\\Debug\\Exceptions.php')
 2 SYSTEMPATH\ThirdParty\Kint\Parser\ColorPlugin.php(53): CodeIgniter\Autoloader\Autoloader->{closure:CodeIgniter\Autoloader\Autoloader::autoloadKint():510}([...])
 3 SYSTEMPATH\ThirdParty\Kint\Parser\Parser.php(636): Kint\Parser\ColorPlugin->parse('', Object(Kint\Zval\BlobValue), 2)
 4 SYSTEMPATH\ThirdParty\Kint\Parser\Parser.php(297): Kint\Parser\Parser->applyPlugins('', Object(Kint\Zval\BlobValue), 2)
 5 SYSTEMPATH\ThirdParty\Kint\Parser\Parser.php(142): Kint\Parser\Parser->parseString('', Object(Kint\Zval\Value))
 6 SYSTEMPATH\ThirdParty\Kint\Kint.php(285): Kint\Parser\Parser->parse('', Object(Kint\Zval\Value))
 7 SYSTEMPATH\ThirdParty\Kint\Kint.php(268): Kint\Kint->dumpVar('', Object(Kint\Zval\Value))
 8 SYSTEMPATH\ThirdParty\Kint\Kint.php(575): Kint\Kint->dumpAll([...], [...])
 9 SYSTEMPATH\Debug\Toolbar.php(423): Kint\Kint::dump('')
10 SYSTEMPATH\Filters\DebugToolbar.php(43): CodeIgniter\Debug\Toolbar->prepare(Object(CodeIgniter\HTTP\IncomingRequest), Object(CodeIgniter\HTTP\RedirectResponse))
11 SYSTEMPATH\Filters\Filters.php(241): CodeIgniter\Filters\DebugToolbar->after(Object(CodeIgniter\HTTP\IncomingRequest), Object(CodeIgniter\HTTP\RedirectResponse), null)
12 SYSTEMPATH\Filters\Filters.php(291): CodeIgniter\Filters\Filters->runAfter([...])
13 SYSTEMPATH\CodeIgniter.php(409): CodeIgniter\Filters\Filters->runRequired('after')
14 SYSTEMPATH\CodeIgniter.php(372): CodeIgniter\CodeIgniter->runRequiredAfterFilters(Object(CodeIgniter\Filters\Filters))
15 SYSTEMPATH\Boot.php(325): CodeIgniter\CodeIgniter->run()
16 SYSTEMPATH\Boot.php(67): CodeIgniter\Boot::runCodeIgniter(Object(CodeIgniter\CodeIgniter))
17 FCPATH\index.php(56): CodeIgniter\Boot::bootWeb(Object(Config\Paths))
18 SYSTEMPATH\rewrite.php(44): require_once('C:\\Users\\AKU BANGGA JADI IT 2\\Documents\\RafiChandra\\Codeigniter4\\bengkeltes\\public\\index.php')
WARNING - 2026-08-12 04:29:59 --> [DEPRECATED] Return type of CodeIgniter\I18n\Time::createFromTimestamp(int|float $timestamp, $timezone = null, ?string $locale = null) should either be compatible with DateTimeImmutable::createFromTimestamp(int|float $timestamp): CodeIgniter\Autoloader\Autoloader, or the #[\ReturnTypeWillChange] attribute should be used to temporarily suppress the notice in SYSTEMPATH\I18n\TimeTrait.php on line 268.
 1 SYSTEMPATH\Autoloader\Autoloader.php(317): include_once('C:\\Users\\AKU BANGGA JADI IT 2\\Documents\\RafiChandra\\Codeigniter4\\bengkeltes\\system\\I18n\\Time.php')
 2 SYSTEMPATH\Autoloader\Autoloader.php(296): CodeIgniter\Autoloader\Autoloader->includeFile('C:\\Users\\AKU BANGGA JADI IT 2\\Documents\\RafiChandra\\Codeigniter4\\bengkeltes\\system\\I18n\\Time.php')
 3 SYSTEMPATH\Autoloader\Autoloader.php(272): CodeIgniter\Autoloader\Autoloader->loadInNamespace('CodeIgniter\\I18n\\Time')
 4 SYSTEMPATH\Debug\Toolbar.php(401): CodeIgniter\Autoloader\Autoloader->loadClass('CodeIgniter\\I18n\\Time')
 5 SYSTEMPATH\Filters\DebugToolbar.php(43): CodeIgniter\Debug\Toolbar->prepare(Object(CodeIgniter\HTTP\IncomingRequest), Object(CodeIgniter\HTTP\RedirectResponse))
 6 SYSTEMPATH\Filters\Filters.php(241): CodeIgniter\Filters\DebugToolbar->after(Object(CodeIgniter\HTTP\IncomingRequest), Object(CodeIgniter\HTTP\RedirectResponse), null)
 7 SYSTEMPATH\Filters\Filters.php(291): CodeIgniter\Filters\Filters->runAfter([...])
 8 SYSTEMPATH\CodeIgniter.php(409): CodeIgniter\Filters\Filters->runRequired('after')
 9 SYSTEMPATH\CodeIgniter.php(372): CodeIgniter\CodeIgniter->runRequiredAfterFilters(Object(CodeIgniter\Filters\Filters))
10 SYSTEMPATH\Boot.php(325): CodeIgniter\CodeIgniter->run()
11 SYSTEMPATH\Boot.php(67): CodeIgniter\Boot::runCodeIgniter(Object(CodeIgniter\CodeIgniter))
12 FCPATH\index.php(56): CodeIgniter\Boot::bootWeb(Object(Config\Paths))
13 SYSTEMPATH\rewrite.php(44): require_once('C:\\Users\\AKU BANGGA JADI IT 2\\Documents\\RafiChandra\\Codeigniter4\\bengkeltes\\public\\index.php')
WARNING - 2026-08-12 04:30:44 --> [DEPRECATED] Return type of CodeIgniter\I18n\Time::createFromTimestamp(int|float $timestamp, $timezone = null, ?string $locale = null) should either be compatible with DateTimeImmutable::createFromTimestamp(int|float $timestamp): CodeIgniter\Autoloader\Autoloader, or the #[\ReturnTypeWillChange] attribute should be used to temporarily suppress the notice in SYSTEMPATH\I18n\TimeTrait.php on line 268.
 1 SYSTEMPATH\Autoloader\Autoloader.php(317): include_once('C:\\Users\\AKU BANGGA JADI IT 2\\Documents\\RafiChandra\\Codeigniter4\\bengkeltes\\system\\I18n\\Time.php')
 2 SYSTEMPATH\Autoloader\Autoloader.php(296): CodeIgniter\Autoloader\Autoloader->includeFile('C:\\Users\\AKU BANGGA JADI IT 2\\Documents\\RafiChandra\\Codeigniter4\\bengkeltes\\system\\I18n\\Time.php')
 3 SYSTEMPATH\Autoloader\Autoloader.php(272): CodeIgniter\Autoloader\Autoloader->loadInNamespace('CodeIgniter\\I18n\\Time')
 4 SYSTEMPATH\Debug\Toolbar.php(401): CodeIgniter\Autoloader\Autoloader->loadClass('CodeIgniter\\I18n\\Time')
 5 SYSTEMPATH\Filters\DebugToolbar.php(43): CodeIgniter\Debug\Toolbar->prepare(Object(CodeIgniter\HTTP\IncomingRequest), Object(CodeIgniter\HTTP\RedirectResponse))
 6 SYSTEMPATH\Filters\Filters.php(241): CodeIgniter\Filters\DebugToolbar->after(Object(CodeIgniter\HTTP\IncomingRequest), Object(CodeIgniter\HTTP\RedirectResponse), null)
 7 SYSTEMPATH\Filters\Filters.php(291): CodeIgniter\Filters\Filters->runAfter([...])
 8 SYSTEMPATH\CodeIgniter.php(409): CodeIgniter\Filters\Filters->runRequired('after')
 9 SYSTEMPATH\CodeIgniter.php(372): CodeIgniter\CodeIgniter->runRequiredAfterFilters(Object(CodeIgniter\Filters\Filters))
10 SYSTEMPATH\Boot.php(325): CodeIgniter\CodeIgniter->run()
11 SYSTEMPATH\Boot.php(67): CodeIgniter\Boot::runCodeIgniter(Object(CodeIgniter\CodeIgniter))
12 FCPATH\index.php(56): CodeIgniter\Boot::bootWeb(Object(Config\Paths))
13 SYSTEMPATH\rewrite.php(44): require_once('C:\\Users\\AKU BANGGA JADI IT 2\\Documents\\RafiChandra\\Codeigniter4\\bengkeltes\\public\\index.php')
WARNING - 2026-08-12 04:30:44 --> [DEPRECATED] Kint\Parser\Parser::__construct(): Implicitly marking parameter $caller as nullable is deprecated, the explicit nullable type must be used instead in SYSTEMPATH\ThirdParty\Kint\Parser\Parser.php on line 75.
 1 SYSTEMPATH\Autoloader\Autoloader.php(520): require_once('C:\\Users\\AKU BANGGA JADI IT 2\\Documents\\RafiChandra\\Codeigniter4\\bengkeltes\\system\\Debug\\Exceptions.php')
 2 SYSTEMPATH\ThirdParty\Kint\Kint.php(345): CodeIgniter\Autoloader\Autoloader->{closure:CodeIgniter\Autoloader\Autoloader::autoloadKint():510}([...])
 3 SYSTEMPATH\ThirdParty\Kint\Kint.php(560): Kint\Kint::createFromStatics([...])
 4 SYSTEMPATH\Debug\Toolbar.php(423): Kint\Kint::dump('')
 5 SYSTEMPATH\Filters\DebugToolbar.php(43): CodeIgniter\Debug\Toolbar->prepare(Object(CodeIgniter\HTTP\IncomingRequest), Object(CodeIgniter\HTTP\RedirectResponse))
 6 SYSTEMPATH\Filters\Filters.php(241): CodeIgniter\Filters\DebugToolbar->after(Object(CodeIgniter\HTTP\IncomingRequest), Object(CodeIgniter\HTTP\RedirectResponse), null)
 7 SYSTEMPATH\Filters\Filters.php(291): CodeIgniter\Filters\Filters->runAfter([...])
 8 SYSTEMPATH\CodeIgniter.php(409): CodeIgniter\Filters\Filters->runRequired('after')
 9 SYSTEMPATH\CodeIgniter.php(372): CodeIgniter\CodeIgniter->runRequiredAfterFilters(Object(CodeIgniter\Filters\Filters))
10 SYSTEMPATH\Boot.php(325): CodeIgniter\CodeIgniter->run()
11 SYSTEMPATH\Boot.php(67): CodeIgniter\Boot::runCodeIgniter(Object(CodeIgniter\CodeIgniter))
12 FCPATH\index.php(56): CodeIgniter\Boot::bootWeb(Object(Config\Paths))
13 SYSTEMPATH\rewrite.php(44): require_once('C:\\Users\\AKU BANGGA JADI IT 2\\Documents\\RafiChandra\\Codeigniter4\\bengkeltes\\public\\index.php')
WARNING - 2026-08-12 04:30:44 --> [DEPRECATED] Kint\Parser\Parser::setCallerClass(): Implicitly marking parameter $caller as nullable is deprecated, the explicit nullable type must be used instead in SYSTEMPATH\ThirdParty\Kint\Parser\Parser.php on line 86.
 1 SYSTEMPATH\Autoloader\Autoloader.php(520): require_once('C:\\Users\\AKU BANGGA JADI IT 2\\Documents\\RafiChandra\\Codeigniter4\\bengkeltes\\system\\Debug\\Exceptions.php')
 2 SYSTEMPATH\ThirdParty\Kint\Kint.php(345): CodeIgniter\Autoloader\Autoloader->{closure:CodeIgniter\Autoloader\Autoloader::autoloadKint():510}([...])
 3 SYSTEMPATH\ThirdParty\Kint\Kint.php(560): Kint\Kint::createFromStatics([...])
 4 SYSTEMPATH\Debug\Toolbar.php(423): Kint\Kint::dump('')
 5 SYSTEMPATH\Filters\DebugToolbar.php(43): CodeIgniter\Debug\Toolbar->prepare(Object(CodeIgniter\HTTP\IncomingRequest), Object(CodeIgniter\HTTP\RedirectResponse))
 6 SYSTEMPATH\Filters\Filters.php(241): CodeIgniter\Filters\DebugToolbar->after(Object(CodeIgniter\HTTP\IncomingRequest), Object(CodeIgniter\HTTP\RedirectResponse), null)
 7 SYSTEMPATH\Filters\Filters.php(291): CodeIgniter\Filters\Filters->runAfter([...])
 8 SYSTEMPATH\CodeIgniter.php(409): CodeIgniter\Filters\Filters->runRequired('after')
 9 SYSTEMPATH\CodeIgniter.php(372): CodeIgniter\CodeIgniter->runRequiredAfterFilters(Object(CodeIgniter\Filters\Filters))
10 SYSTEMPATH\Boot.php(325): CodeIgniter\CodeIgniter->run()
11 SYSTEMPATH\Boot.php(67): CodeIgniter\Boot::runCodeIgniter(Object(CodeIgniter\CodeIgniter))
12 FCPATH\index.php(56): CodeIgniter\Boot::bootWeb(Object(Config\Paths))
13 SYSTEMPATH\rewrite.php(44): require_once('C:\\Users\\AKU BANGGA JADI IT 2\\Documents\\RafiChandra\\Codeigniter4\\bengkeltes\\public\\index.php')
WARNING - 2026-08-12 04:30:44 --> [DEPRECATED] Kint\Zval\Value::addRepresentation(): Implicitly marking parameter $pos as nullable is deprecated, the explicit nullable type must be used instead in SYSTEMPATH\ThirdParty\Kint\Zval\Value.php on line 65.
 1 SYSTEMPATH\Autoloader\Autoloader.php(520): require_once('C:\\Users\\AKU BANGGA JADI IT 2\\Documents\\RafiChandra\\Codeigniter4\\bengkeltes\\system\\Debug\\Exceptions.php')
 2 SYSTEMPATH\ThirdParty\Kint\Kint.php(398): CodeIgniter\Autoloader\Autoloader->{closure:CodeIgniter\Autoloader\Autoloader::autoloadKint():510}([...])
 3 SYSTEMPATH\ThirdParty\Kint\Kint.php(574): Kint\Kint::getBasesFromParamInfo([...], 1)
 4 SYSTEMPATH\Debug\Toolbar.php(423): Kint\Kint::dump('')
 5 SYSTEMPATH\Filters\DebugToolbar.php(43): CodeIgniter\Debug\Toolbar->prepare(Object(CodeIgniter\HTTP\IncomingRequest), Object(CodeIgniter\HTTP\RedirectResponse))
 6 SYSTEMPATH\Filters\Filters.php(241): CodeIgniter\Filters\DebugToolbar->after(Object(CodeIgniter\HTTP\IncomingRequest), Object(CodeIgniter\HTTP\RedirectResponse), null)
 7 SYSTEMPATH\Filters\Filters.php(291): CodeIgniter\Filters\Filters->runAfter([...])
 8 SYSTEMPATH\CodeIgniter.php(409): CodeIgniter\Filters\Filters->runRequired('after')
 9 SYSTEMPATH\CodeIgniter.php(372): CodeIgniter\CodeIgniter->runRequiredAfterFilters(Object(CodeIgniter\Filters\Filters))
10 SYSTEMPATH\Boot.php(325): CodeIgniter\CodeIgniter->run()
11 SYSTEMPATH\Boot.php(67): CodeIgniter\Boot::runCodeIgniter(Object(CodeIgniter\CodeIgniter))
12 FCPATH\index.php(56): CodeIgniter\Boot::bootWeb(Object(Config\Paths))
13 SYSTEMPATH\rewrite.php(44): require_once('C:\\Users\\AKU BANGGA JADI IT 2\\Documents\\RafiChandra\\Codeigniter4\\bengkeltes\\public\\index.php')
WARNING - 2026-08-12 04:30:44 --> [DEPRECATED] Kint\Zval\Value::replaceRepresentation(): Implicitly marking parameter $pos as nullable is deprecated, the explicit nullable type must be used instead in SYSTEMPATH\ThirdParty\Kint\Zval\Value.php on line 84.
 1 SYSTEMPATH\Autoloader\Autoloader.php(520): require_once('C:\\Users\\AKU BANGGA JADI IT 2\\Documents\\RafiChandra\\Codeigniter4\\bengkeltes\\system\\Debug\\Exceptions.php')
 2 SYSTEMPATH\ThirdParty\Kint\Kint.php(398): CodeIgniter\Autoloader\Autoloader->{closure:CodeIgniter\Autoloader\Autoloader::autoloadKint():510}([...])
 3 SYSTEMPATH\ThirdParty\Kint\Kint.php(574): Kint\Kint::getBasesFromParamInfo([...], 1)
 4 SYSTEMPATH\Debug\Toolbar.php(423): Kint\Kint::dump('')
 5 SYSTEMPATH\Filters\DebugToolbar.php(43): CodeIgniter\Debug\Toolbar->prepare(Object(CodeIgniter\HTTP\IncomingRequest), Object(CodeIgniter\HTTP\RedirectResponse))
 6 SYSTEMPATH\Filters\Filters.php(241): CodeIgniter\Filters\DebugToolbar->after(Object(CodeIgniter\HTTP\IncomingRequest), Object(CodeIgniter\HTTP\RedirectResponse), null)
 7 SYSTEMPATH\Filters\Filters.php(291): CodeIgniter\Filters\Filters->runAfter([...])
 8 SYSTEMPATH\CodeIgniter.php(409): CodeIgniter\Filters\Filters->runRequired('after')
 9 SYSTEMPATH\CodeIgniter.php(372): CodeIgniter\CodeIgniter->runRequiredAfterFilters(Object(CodeIgniter\Filters\Filters))
10 SYSTEMPATH\Boot.php(325): CodeIgniter\CodeIgniter->run()
11 SYSTEMPATH\Boot.php(67): CodeIgniter\Boot::runCodeIgniter(Object(CodeIgniter\CodeIgniter))
12 FCPATH\index.php(56): CodeIgniter\Boot::bootWeb(Object(Config\Paths))
13 SYSTEMPATH\rewrite.php(44): require_once('C:\\Users\\AKU BANGGA JADI IT 2\\Documents\\RafiChandra\\Codeigniter4\\bengkeltes\\public\\index.php')
WARNING - 2026-08-12 04:30:44 --> [DEPRECATED] Kint\Zval\Value::blank(): Implicitly marking parameter $name as nullable is deprecated, the explicit nullable type must be used instead in SYSTEMPATH\ThirdParty\Kint\Zval\Value.php on line 237.
 1 SYSTEMPATH\Autoloader\Autoloader.php(520): require_once('C:\\Users\\AKU BANGGA JADI IT 2\\Documents\\RafiChandra\\Codeigniter4\\bengkeltes\\system\\Debug\\Exceptions.php')
 2 SYSTEMPATH\ThirdParty\Kint\Kint.php(398): CodeIgniter\Autoloader\Autoloader->{closure:CodeIgniter\Autoloader\Autoloader::autoloadKint():510}([...])
 3 SYSTEMPATH\ThirdParty\Kint\Kint.php(574): Kint\Kint::getBasesFromParamInfo([...], 1)
 4 SYSTEMPATH\Debug\Toolbar.php(423): Kint\Kint::dump('')
 5 SYSTEMPATH\Filters\DebugToolbar.php(43): CodeIgniter\Debug\Toolbar->prepare(Object(CodeIgniter\HTTP\IncomingRequest), Object(CodeIgniter\HTTP\RedirectResponse))
 6 SYSTEMPATH\Filters\Filters.php(241): CodeIgniter\Filters\DebugToolbar->after(Object(CodeIgniter\HTTP\IncomingRequest), Object(CodeIgniter\HTTP\RedirectResponse), null)
 7 SYSTEMPATH\Filters\Filters.php(291): CodeIgniter\Filters\Filters->runAfter([...])
 8 SYSTEMPATH\CodeIgniter.php(409): CodeIgniter\Filters\Filters->runRequired('after')
 9 SYSTEMPATH\CodeIgniter.php(372): CodeIgniter\CodeIgniter->runRequiredAfterFilters(Object(CodeIgniter\Filters\Filters))
10 SYSTEMPATH\Boot.php(325): CodeIgniter\CodeIgniter->run()
11 SYSTEMPATH\Boot.php(67): CodeIgniter\Boot::runCodeIgniter(Object(CodeIgniter\CodeIgniter))
12 FCPATH\index.php(56): CodeIgniter\Boot::bootWeb(Object(Config\Paths))
13 SYSTEMPATH\rewrite.php(44): require_once('C:\\Users\\AKU BANGGA JADI IT 2\\Documents\\RafiChandra\\Codeigniter4\\bengkeltes\\public\\index.php')
WARNING - 2026-08-12 04:30:44 --> [DEPRECATED] Kint\Zval\Value::blank(): Implicitly marking parameter $access_path as nullable is deprecated, the explicit nullable type must be used instead in SYSTEMPATH\ThirdParty\Kint\Zval\Value.php on line 237.
 1 SYSTEMPATH\Autoloader\Autoloader.php(520): require_once('C:\\Users\\AKU BANGGA JADI IT 2\\Documents\\RafiChandra\\Codeigniter4\\bengkeltes\\system\\Debug\\Exceptions.php')
 2 SYSTEMPATH\ThirdParty\Kint\Kint.php(398): CodeIgniter\Autoloader\Autoloader->{closure:CodeIgniter\Autoloader\Autoloader::autoloadKint():510}([...])
 3 SYSTEMPATH\ThirdParty\Kint\Kint.php(574): Kint\Kint::getBasesFromParamInfo([...], 1)
 4 SYSTEMPATH\Debug\Toolbar.php(423): Kint\Kint::dump('')
 5 SYSTEMPATH\Filters\DebugToolbar.php(43): CodeIgniter\Debug\Toolbar->prepare(Object(CodeIgniter\HTTP\IncomingRequest), Object(CodeIgniter\HTTP\RedirectResponse))
 6 SYSTEMPATH\Filters\Filters.php(241): CodeIgniter\Filters\DebugToolbar->after(Object(CodeIgniter\HTTP\IncomingRequest), Object(CodeIgniter\HTTP\RedirectResponse), null)
 7 SYSTEMPATH\Filters\Filters.php(291): CodeIgniter\Filters\Filters->runAfter([...])
 8 SYSTEMPATH\CodeIgniter.php(409): CodeIgniter\Filters\Filters->runRequired('after')
 9 SYSTEMPATH\CodeIgniter.php(372): CodeIgniter\CodeIgniter->runRequiredAfterFilters(Object(CodeIgniter\Filters\Filters))
10 SYSTEMPATH\Boot.php(325): CodeIgniter\CodeIgniter->run()
11 SYSTEMPATH\Boot.php(67): CodeIgniter\Boot::runCodeIgniter(Object(CodeIgniter\CodeIgniter))
12 FCPATH\index.php(56): CodeIgniter\Boot::bootWeb(Object(Config\Paths))
13 SYSTEMPATH\rewrite.php(44): require_once('C:\\Users\\AKU BANGGA JADI IT 2\\Documents\\RafiChandra\\Codeigniter4\\bengkeltes\\public\\index.php')
WARNING - 2026-08-12 04:30:44 --> [DEPRECATED] Kint\Zval\BlobValue::substr(): Implicitly marking parameter $length as nullable is deprecated, the explicit nullable type must be used instead in SYSTEMPATH\ThirdParty\Kint\Zval\BlobValue.php on line 144.
 1 SYSTEMPATH\Autoloader\Autoloader.php(520): require_once('C:\\Users\\AKU BANGGA JADI IT 2\\Documents\\RafiChandra\\Codeigniter4\\bengkeltes\\system\\Debug\\Exceptions.php')
 2 SYSTEMPATH\ThirdParty\Kint\Parser\Parser.php(285): CodeIgniter\Autoloader\Autoloader->{closure:CodeIgniter\Autoloader\Autoloader::autoloadKint():510}([...])
 3 SYSTEMPATH\ThirdParty\Kint\Parser\Parser.php(142): Kint\Parser\Parser->parseString('', Object(Kint\Zval\Value))
 4 SYSTEMPATH\ThirdParty\Kint\Kint.php(285): Kint\Parser\Parser->parse('', Object(Kint\Zval\Value))
 5 SYSTEMPATH\ThirdParty\Kint\Kint.php(268): Kint\Kint->dumpVar('', Object(Kint\Zval\Value))
 6 SYSTEMPATH\ThirdParty\Kint\Kint.php(575): Kint\Kint->dumpAll([...], [...])
 7 SYSTEMPATH\Debug\Toolbar.php(423): Kint\Kint::dump('')
 8 SYSTEMPATH\Filters\DebugToolbar.php(43): CodeIgniter\Debug\Toolbar->prepare(Object(CodeIgniter\HTTP\IncomingRequest), Object(CodeIgniter\HTTP\RedirectResponse))
 9 SYSTEMPATH\Filters\Filters.php(241): CodeIgniter\Filters\DebugToolbar->after(Object(CodeIgniter\HTTP\IncomingRequest), Object(CodeIgniter\HTTP\RedirectResponse), null)
10 SYSTEMPATH\Filters\Filters.php(291): CodeIgniter\Filters\Filters->runAfter([...])
11 SYSTEMPATH\CodeIgniter.php(409): CodeIgniter\Filters\Filters->runRequired('after')
12 SYSTEMPATH\CodeIgniter.php(372): CodeIgniter\CodeIgniter->runRequiredAfterFilters(Object(CodeIgniter\Filters\Filters))
13 SYSTEMPATH\Boot.php(325): CodeIgniter\CodeIgniter->run()
14 SYSTEMPATH\Boot.php(67): CodeIgniter\Boot::runCodeIgniter(Object(CodeIgniter\CodeIgniter))
15 FCPATH\index.php(56): CodeIgniter\Boot::bootWeb(Object(Config\Paths))
16 SYSTEMPATH\rewrite.php(44): require_once('C:\\Users\\AKU BANGGA JADI IT 2\\Documents\\RafiChandra\\Codeigniter4\\bengkeltes\\public\\index.php')
WARNING - 2026-08-12 04:30:44 --> [DEPRECATED] Kint\Zval\Representation\Representation::__construct(): Implicitly marking parameter $name as nullable is deprecated, the explicit nullable type must be used instead in SYSTEMPATH\ThirdParty\Kint\Zval\Representation\Representation.php on line 39.
 1 SYSTEMPATH\Autoloader\Autoloader.php(520): require_once('C:\\Users\\AKU BANGGA JADI IT 2\\Documents\\RafiChandra\\Codeigniter4\\bengkeltes\\system\\Debug\\Exceptions.php')
 2 SYSTEMPATH\ThirdParty\Kint\Parser\Parser.php(290): CodeIgniter\Autoloader\Autoloader->{closure:CodeIgniter\Autoloader\Autoloader::autoloadKint():510}([...])
 3 SYSTEMPATH\ThirdParty\Kint\Parser\Parser.php(142): Kint\Parser\Parser->parseString('', Object(Kint\Zval\Value))
 4 SYSTEMPATH\ThirdParty\Kint\Kint.php(285): Kint\Parser\Parser->parse('', Object(Kint\Zval\Value))
 5 SYSTEMPATH\ThirdParty\Kint\Kint.php(268): Kint\Kint->dumpVar('', Object(Kint\Zval\Value))
 6 SYSTEMPATH\ThirdParty\Kint\Kint.php(575): Kint\Kint->dumpAll([...], [...])
 7 SYSTEMPATH\Debug\Toolbar.php(423): Kint\Kint::dump('')
 8 SYSTEMPATH\Filters\DebugToolbar.php(43): CodeIgniter\Debug\Toolbar->prepare(Object(CodeIgniter\HTTP\IncomingRequest), Object(CodeIgniter\HTTP\RedirectResponse))
 9 SYSTEMPATH\Filters\Filters.php(241): CodeIgniter\Filters\DebugToolbar->after(Object(CodeIgniter\HTTP\IncomingRequest), Object(CodeIgniter\HTTP\RedirectResponse), null)
10 SYSTEMPATH\Filters\Filters.php(291): CodeIgniter\Filters\Filters->runAfter([...])
11 SYSTEMPATH\CodeIgniter.php(409): CodeIgniter\Filters\Filters->runRequired('after')
12 SYSTEMPATH\CodeIgniter.php(372): CodeIgniter\CodeIgniter->runRequiredAfterFilters(Object(CodeIgniter\Filters\Filters))
13 SYSTEMPATH\Boot.php(325): CodeIgniter\CodeIgniter->run()
14 SYSTEMPATH\Boot.php(67): CodeIgniter\Boot::runCodeIgniter(Object(CodeIgniter\CodeIgniter))
15 FCPATH\index.php(56): CodeIgniter\Boot::bootWeb(Object(Config\Paths))
16 SYSTEMPATH\rewrite.php(44): require_once('C:\\Users\\AKU BANGGA JADI IT 2\\Documents\\RafiChandra\\Codeigniter4\\bengkeltes\\public\\index.php')
WARNING - 2026-08-12 04:30:44 --> [DEPRECATED] Kint\Zval\Representation\ColorRepresentation::getColor(): Implicitly marking parameter $variant as nullable is deprecated, the explicit nullable type must be used instead in SYSTEMPATH\ThirdParty\Kint\Zval\Representation\ColorRepresentation.php on line 214.
 1 SYSTEMPATH\Autoloader\Autoloader.php(520): require_once('C:\\Users\\AKU BANGGA JADI IT 2\\Documents\\RafiChandra\\Codeigniter4\\bengkeltes\\system\\Debug\\Exceptions.php')
 2 SYSTEMPATH\ThirdParty\Kint\Parser\ColorPlugin.php(53): CodeIgniter\Autoloader\Autoloader->{closure:CodeIgniter\Autoloader\Autoloader::autoloadKint():510}([...])
 3 SYSTEMPATH\ThirdParty\Kint\Parser\Parser.php(636): Kint\Parser\ColorPlugin->parse('', Object(Kint\Zval\BlobValue), 2)
 4 SYSTEMPATH\ThirdParty\Kint\Parser\Parser.php(297): Kint\Parser\Parser->applyPlugins('', Object(Kint\Zval\BlobValue), 2)
 5 SYSTEMPATH\ThirdParty\Kint\Parser\Parser.php(142): Kint\Parser\Parser->parseString('', Object(Kint\Zval\Value))
 6 SYSTEMPATH\ThirdParty\Kint\Kint.php(285): Kint\Parser\Parser->parse('', Object(Kint\Zval\Value))
 7 SYSTEMPATH\ThirdParty\Kint\Kint.php(268): Kint\Kint->dumpVar('', Object(Kint\Zval\Value))
 8 SYSTEMPATH\ThirdParty\Kint\Kint.php(575): Kint\Kint->dumpAll([...], [...])
 9 SYSTEMPATH\Debug\Toolbar.php(423): Kint\Kint::dump('')
10 SYSTEMPATH\Filters\DebugToolbar.php(43): CodeIgniter\Debug\Toolbar->prepare(Object(CodeIgniter\HTTP\IncomingRequest), Object(CodeIgniter\HTTP\RedirectResponse))
11 SYSTEMPATH\Filters\Filters.php(241): CodeIgniter\Filters\DebugToolbar->after(Object(CodeIgniter\HTTP\IncomingRequest), Object(CodeIgniter\HTTP\RedirectResponse), null)
12 SYSTEMPATH\Filters\Filters.php(291): CodeIgniter\Filters\Filters->runAfter([...])
13 SYSTEMPATH\CodeIgniter.php(409): CodeIgniter\Filters\Filters->runRequired('after')
14 SYSTEMPATH\CodeIgniter.php(372): CodeIgniter\CodeIgniter->runRequiredAfterFilters(Object(CodeIgniter\Filters\Filters))
15 SYSTEMPATH\Boot.php(325): CodeIgniter\CodeIgniter->run()
16 SYSTEMPATH\Boot.php(67): CodeIgniter\Boot::runCodeIgniter(Object(CodeIgniter\CodeIgniter))
17 FCPATH\index.php(56): CodeIgniter\Boot::bootWeb(Object(Config\Paths))
18 SYSTEMPATH\rewrite.php(44): require_once('C:\\Users\\AKU BANGGA JADI IT 2\\Documents\\RafiChandra\\Codeigniter4\\bengkeltes\\public\\index.php')
WARNING - 2026-08-12 04:30:44 --> [DEPRECATED] Kint\Zval\Representation\ColorRepresentation::hasAlpha(): Implicitly marking parameter $variant as nullable is deprecated, the explicit nullable type must be used instead in SYSTEMPATH\ThirdParty\Kint\Zval\Representation\ColorRepresentation.php on line 278.
 1 SYSTEMPATH\Autoloader\Autoloader.php(520): require_once('C:\\Users\\AKU BANGGA JADI IT 2\\Documents\\RafiChandra\\Codeigniter4\\bengkeltes\\system\\Debug\\Exceptions.php')
 2 SYSTEMPATH\ThirdParty\Kint\Parser\ColorPlugin.php(53): CodeIgniter\Autoloader\Autoloader->{closure:CodeIgniter\Autoloader\Autoloader::autoloadKint():510}([...])
 3 SYSTEMPATH\ThirdParty\Kint\Parser\Parser.php(636): Kint\Parser\ColorPlugin->parse('', Object(Kint\Zval\BlobValue), 2)
 4 SYSTEMPATH\ThirdParty\Kint\Parser\Parser.php(297): Kint\Parser\Parser->applyPlugins('', Object(Kint\Zval\BlobValue), 2)
 5 SYSTEMPATH\ThirdParty\Kint\Parser\Parser.php(142): Kint\Parser\Parser->parseString('', Object(Kint\Zval\Value))
 6 SYSTEMPATH\ThirdParty\Kint\Kint.php(285): Kint\Parser\Parser->parse('', Object(Kint\Zval\Value))
 7 SYSTEMPATH\ThirdParty\Kint\Kint.php(268): Kint\Kint->dumpVar('', Object(Kint\Zval\Value))
 8 SYSTEMPATH\ThirdParty\Kint\Kint.php(575): Kint\Kint->dumpAll([...], [...])
 9 SYSTEMPATH\Debug\Toolbar.php(423): Kint\Kint::dump('')
10 SYSTEMPATH\Filters\DebugToolbar.php(43): CodeIgniter\Debug\Toolbar->prepare(Object(CodeIgniter\HTTP\IncomingRequest), Object(CodeIgniter\HTTP\RedirectResponse))
11 SYSTEMPATH\Filters\Filters.php(241): CodeIgniter\Filters\DebugToolbar->after(Object(CodeIgniter\HTTP\IncomingRequest), Object(CodeIgniter\HTTP\RedirectResponse), null)
12 SYSTEMPATH\Filters\Filters.php(291): CodeIgniter\Filters\Filters->runAfter([...])
13 SYSTEMPATH\CodeIgniter.php(409): CodeIgniter\Filters\Filters->runRequired('after')
14 SYSTEMPATH\CodeIgniter.php(372): CodeIgniter\CodeIgniter->runRequiredAfterFilters(Object(CodeIgniter\Filters\Filters))
15 SYSTEMPATH\Boot.php(325): CodeIgniter\CodeIgniter->run()
16 SYSTEMPATH\Boot.php(67): CodeIgniter\Boot::runCodeIgniter(Object(CodeIgniter\CodeIgniter))
17 FCPATH\index.php(56): CodeIgniter\Boot::bootWeb(Object(Config\Paths))
18 SYSTEMPATH\rewrite.php(44): require_once('C:\\Users\\AKU BANGGA JADI IT 2\\Documents\\RafiChandra\\Codeigniter4\\bengkeltes\\public\\index.php')
WARNING - 2026-08-12 04:30:44 --> [DEPRECATED] Return type of CodeIgniter\I18n\Time::createFromTimestamp(int|float $timestamp, $timezone = null, ?string $locale = null) should either be compatible with DateTimeImmutable::createFromTimestamp(int|float $timestamp): CodeIgniter\Autoloader\Autoloader, or the #[\ReturnTypeWillChange] attribute should be used to temporarily suppress the notice in SYSTEMPATH\I18n\TimeTrait.php on line 268.
 1 SYSTEMPATH\Autoloader\Autoloader.php(317): include_once('C:\\Users\\AKU BANGGA JADI IT 2\\Documents\\RafiChandra\\Codeigniter4\\bengkeltes\\system\\I18n\\Time.php')
 2 SYSTEMPATH\Autoloader\Autoloader.php(296): CodeIgniter\Autoloader\Autoloader->includeFile('C:\\Users\\AKU BANGGA JADI IT 2\\Documents\\RafiChandra\\Codeigniter4\\bengkeltes\\system\\I18n\\Time.php')
 3 SYSTEMPATH\Autoloader\Autoloader.php(272): CodeIgniter\Autoloader\Autoloader->loadInNamespace('CodeIgniter\\I18n\\Time')
 4 SYSTEMPATH\Debug\Toolbar.php(401): CodeIgniter\Autoloader\Autoloader->loadClass('CodeIgniter\\I18n\\Time')
 5 SYSTEMPATH\Filters\DebugToolbar.php(43): CodeIgniter\Debug\Toolbar->prepare(Object(CodeIgniter\HTTP\IncomingRequest), Object(CodeIgniter\HTTP\Response))
 6 SYSTEMPATH\Filters\Filters.php(241): CodeIgniter\Filters\DebugToolbar->after(Object(CodeIgniter\HTTP\IncomingRequest), Object(CodeIgniter\HTTP\Response), null)
 7 SYSTEMPATH\Filters\Filters.php(291): CodeIgniter\Filters\Filters->runAfter([...])
 8 SYSTEMPATH\CodeIgniter.php(409): CodeIgniter\Filters\Filters->runRequired('after')
 9 SYSTEMPATH\CodeIgniter.php(372): CodeIgniter\CodeIgniter->runRequiredAfterFilters(Object(CodeIgniter\Filters\Filters))
10 SYSTEMPATH\Boot.php(325): CodeIgniter\CodeIgniter->run()
11 SYSTEMPATH\Boot.php(67): CodeIgniter\Boot::runCodeIgniter(Object(CodeIgniter\CodeIgniter))
12 FCPATH\index.php(56): CodeIgniter\Boot::bootWeb(Object(Config\Paths))
13 SYSTEMPATH\rewrite.php(44): require_once('C:\\Users\\AKU BANGGA JADI IT 2\\Documents\\RafiChandra\\Codeigniter4\\bengkeltes\\public\\index.php')
WARNING - 2026-08-12 04:30:44 --> [DEPRECATED] Return type of CodeIgniter\I18n\Time::createFromTimestamp(int|float $timestamp, $timezone = null, ?string $locale = null) should either be compatible with DateTimeImmutable::createFromTimestamp(int|float $timestamp): CodeIgniter\Autoloader\Autoloader, or the #[\ReturnTypeWillChange] attribute should be used to temporarily suppress the notice in SYSTEMPATH\I18n\TimeTrait.php on line 268.
 1 SYSTEMPATH\Autoloader\Autoloader.php(317): include_once('C:\\Users\\AKU BANGGA JADI IT 2\\Documents\\RafiChandra\\Codeigniter4\\bengkeltes\\system\\I18n\\Time.php')
 2 SYSTEMPATH\Autoloader\Autoloader.php(296): CodeIgniter\Autoloader\Autoloader->includeFile('C:\\Users\\AKU BANGGA JADI IT 2\\Documents\\RafiChandra\\Codeigniter4\\bengkeltes\\system\\I18n\\Time.php')
 3 SYSTEMPATH\Autoloader\Autoloader.php(272): CodeIgniter\Autoloader\Autoloader->loadInNamespace('CodeIgniter\\I18n\\Time')
 4 SYSTEMPATH\Security\Security.php(532): CodeIgniter\Autoloader\Autoloader->loadClass('CodeIgniter\\I18n\\Time')
 5 SYSTEMPATH\Security\Security.php(505): CodeIgniter\Security\Security->saveHashInCookie()
 6 SYSTEMPATH\Security\Security.php(214): CodeIgniter\Security\Security->generateHash()
 7 SYSTEMPATH\Config\Services.php(655): CodeIgniter\Security\Security->__construct(Object(Config\Security))
 8 SYSTEMPATH\Config\BaseService.php(311): CodeIgniter\Config\Services::security(Object(Config\Security), false)
 9 SYSTEMPATH\Config\BaseService.php(250): CodeIgniter\Config\BaseService::__callStatic('security', [...])
10 SYSTEMPATH\Config\Services.php(650): CodeIgniter\Config\BaseService::getSharedInstance('security', null)
11 SYSTEMPATH\Config\BaseService.php(320): CodeIgniter\Config\Services::security()
12 SYSTEMPATH\Config\BaseService.php(201): CodeIgniter\Config\BaseService::__callStatic('security', [])
13 SYSTEMPATH\Common.php(998): CodeIgniter\Config\BaseService::get('security')
14 SYSTEMPATH\Helpers\security_helper.php(22): service('security')
15 SYSTEMPATH\Debug\Toolbar.php(492): sanitize_filename('debugbar_1786509044.551996')
16 APPPATH\Config\Events.php(47): CodeIgniter\Debug\Toolbar->respond()
17 SYSTEMPATH\Events\Events.php(155): CodeIgniter\Events\Events::{closure:C:\Users\AKU BANGGA JADI IT 2\Documents\RafiChandra\Codeigniter4\bengkeltes\app\Config\Events.php:26}()
18 SYSTEMPATH\CodeIgniter.php(340): CodeIgniter\Events\Events::trigger('pre_system')
19 SYSTEMPATH\Boot.php(325): CodeIgniter\CodeIgniter->run()
20 SYSTEMPATH\Boot.php(67): CodeIgniter\Boot::runCodeIgniter(Object(CodeIgniter\CodeIgniter))
21 FCPATH\index.php(56): CodeIgniter\Boot::bootWeb(Object(Config\Paths))
22 SYSTEMPATH\rewrite.php(44): require_once('C:\\Users\\AKU BANGGA JADI IT 2\\Documents\\RafiChandra\\Codeigniter4\\bengkeltes\\public\\index.php')
WARNING - 2026-08-12 04:33:58 --> [DEPRECATED] ini_set(): session.sid_length INI setting is deprecated in SYSTEMPATH\Session\Handlers\FileHandler.php on line 321.
 1 SYSTEMPATH\Session\Handlers\FileHandler.php(321): ini_set('session.sid_length', '40')
 2 SYSTEMPATH\Session\Handlers\FileHandler.php(85): CodeIgniter\Session\Handlers\FileHandler->configureSessionIDRegex()
 3 SYSTEMPATH\Config\Services.php(688): CodeIgniter\Session\Handlers\FileHandler->__construct(Object(Config\Session), '::1')
 4 SYSTEMPATH\Config\BaseService.php(311): CodeIgniter\Config\Services::session(Object(Config\Session), false)
 5 SYSTEMPATH\Config\BaseService.php(250): CodeIgniter\Config\BaseService::__callStatic('session', [...])
 6 SYSTEMPATH\Config\Services.php(666): CodeIgniter\Config\BaseService::getSharedInstance('session', null)
 7 SYSTEMPATH\Config\BaseService.php(320): CodeIgniter\Config\Services::session()
 8 SYSTEMPATH\Config\BaseService.php(201): CodeIgniter\Config\BaseService::__callStatic('session', [])
 9 SYSTEMPATH\Common.php(998): CodeIgniter\Config\BaseService::get('session')
10 SYSTEMPATH\Common.php(971): service('session')
11 APPPATH\Views\page\component\sidemenu.php(2): session()
12 APPPATH\Views\page\component\layout.php(26): include('C:\\Users\\AKU BANGGA JADI IT 2\\Documents\\RafiChandra\\Codeigniter4\\bengkeltes\\app\\Views\\page\\component\\sidemenu.php')
13 SYSTEMPATH\View\View.php(234): include('C:\\Users\\AKU BANGGA JADI IT 2\\Documents\\RafiChandra\\Codeigniter4\\bengkeltes\\app\\Views\\page\\component\\layout.php')
14 SYSTEMPATH\View\View.php(237): CodeIgniter\View\View->{closure:CodeIgniter\View\View::render():231}()
15 SYSTEMPATH\View\View.php(250): CodeIgniter\View\View->render('page/component/layout', [], true)
16 SYSTEMPATH\Common.php(1171): CodeIgniter\View\View->render('page/content/dashboard', [], true)
17 APPPATH\Controllers\Dashboard.php(15): view('page/content/dashboard', [...])
18 SYSTEMPATH\CodeIgniter.php(933): App\Controllers\Dashboard->index()
19 SYSTEMPATH\CodeIgniter.php(509): CodeIgniter\CodeIgniter->runController(Object(App\Controllers\Dashboard))
20 SYSTEMPATH\CodeIgniter.php(355): CodeIgniter\CodeIgniter->handleRequest(null, Object(Config\Cache), false)
21 SYSTEMPATH\Boot.php(325): CodeIgniter\CodeIgniter->run()
22 SYSTEMPATH\Boot.php(67): CodeIgniter\Boot::runCodeIgniter(Object(CodeIgniter\CodeIgniter))
23 FCPATH\index.php(56): CodeIgniter\Boot::bootWeb(Object(Config\Paths))
24 SYSTEMPATH\rewrite.php(44): require_once('C:\\Users\\AKU BANGGA JADI IT 2\\Documents\\RafiChandra\\Codeigniter4\\bengkeltes\\public\\index.php')
INFO - 2026-08-12 04:33:58 --> Session: Class initialized using 'CodeIgniter\Session\Handlers\FileHandler' driver.
WARNING - 2026-08-12 04:33:58 --> [DEPRECATED] Kint\Parser\Parser::__construct(): Implicitly marking parameter $caller as nullable is deprecated, the explicit nullable type must be used instead in VENDORPATH\kint-php\kint\src\Parser\Parser.php on line 75.
 1 VENDORPATH\composer\ClassLoader.php(576): include('C:\\Users\\AKU BANGGA JADI IT 2\\Documents\\RafiChandra\\Codeigniter4\\bengkeltes\\system\\Debug\\Exceptions.php')
 2 VENDORPATH\composer\ClassLoader.php(427): {closure:Composer\Autoload\ClassLoader::initializeIncludeClosure():575}('C:\\Users\\AKU BANGGA JADI IT 2\\Documents\\RafiChandra\\Codeigniter4\\bengkeltes\\vendor\\composer/../kint-php/kint/src/Parser/Parser.php')
 3 VENDORPATH\kint-php\kint\src\Kint.php(345): Composer\Autoload\ClassLoader->loadClass('Kint\\Parser\\Parser')
 4 VENDORPATH\kint-php\kint\src\Kint.php(560): Kint\Kint::createFromStatics([...])
 5 SYSTEMPATH\Debug\Toolbar.php(113): Kint\Kint::dump(0)
 6 SYSTEMPATH\Debug\Toolbar.php(391): CodeIgniter\Debug\Toolbar->run(1786509238.0418, 0.0646, Object(CodeIgniter\HTTP\IncomingRequest), Object(CodeIgniter\HTTP\Response))
 7 SYSTEMPATH\Filters\DebugToolbar.php(43): CodeIgniter\Debug\Toolbar->prepare(Object(CodeIgniter\HTTP\IncomingRequest), Object(CodeIgniter\HTTP\Response))
 8 SYSTEMPATH\Filters\Filters.php(241): CodeIgniter\Filters\DebugToolbar->after(Object(CodeIgniter\HTTP\IncomingRequest), Object(CodeIgniter\HTTP\Response), null)
 9 SYSTEMPATH\Filters\Filters.php(291): CodeIgniter\Filters\Filters->runAfter([...])
10 SYSTEMPATH\CodeIgniter.php(409): CodeIgniter\Filters\Filters->runRequired('after')
11 SYSTEMPATH\CodeIgniter.php(372): CodeIgniter\CodeIgniter->runRequiredAfterFilters(Object(CodeIgniter\Filters\Filters))
12 SYSTEMPATH\Boot.php(325): CodeIgniter\CodeIgniter->run()
13 SYSTEMPATH\Boot.php(67): CodeIgniter\Boot::runCodeIgniter(Object(CodeIgniter\CodeIgniter))
14 FCPATH\index.php(56): CodeIgniter\Boot::bootWeb(Object(Config\Paths))
15 SYSTEMPATH\rewrite.php(44): require_once('C:\\Users\\AKU BANGGA JADI IT 2\\Documents\\RafiChandra\\Codeigniter4\\bengkeltes\\public\\index.php')
WARNING - 2026-08-12 04:33:58 --> [DEPRECATED] Kint\Parser\Parser::setCallerClass(): Implicitly marking parameter $caller as nullable is deprecated, the explicit nullable type must be used instead in VENDORPATH\kint-php\kint\src\Parser\Parser.php on line 86.
 1 VENDORPATH\composer\ClassLoader.php(576): include('C:\\Users\\AKU BANGGA JADI IT 2\\Documents\\RafiChandra\\Codeigniter4\\bengkeltes\\system\\Debug\\Exceptions.php')
 2 VENDORPATH\composer\ClassLoader.php(427): {closure:Composer\Autoload\ClassLoader::initializeIncludeClosure():575}('C:\\Users\\AKU BANGGA JADI IT 2\\Documents\\RafiChandra\\Codeigniter4\\bengkeltes\\vendor\\composer/../kint-php/kint/src/Parser/Parser.php')
 3 VENDORPATH\kint-php\kint\src\Kint.php(345): Composer\Autoload\ClassLoader->loadClass('Kint\\Parser\\Parser')
 4 VENDORPATH\kint-php\kint\src\Kint.php(560): Kint\Kint::createFromStatics([...])
 5 SYSTEMPATH\Debug\Toolbar.php(113): Kint\Kint::dump(0)
 6 SYSTEMPATH\Debug\Toolbar.php(391): CodeIgniter\Debug\Toolbar->run(1786509238.0418, 0.0646, Object(CodeIgniter\HTTP\IncomingRequest), Object(CodeIgniter\HTTP\Response))
 7 SYSTEMPATH\Filters\DebugToolbar.php(43): CodeIgniter\Debug\Toolbar->prepare(Object(CodeIgniter\HTTP\IncomingRequest), Object(CodeIgniter\HTTP\Response))
 8 SYSTEMPATH\Filters\Filters.php(241): CodeIgniter\Filters\DebugToolbar->after(Object(CodeIgniter\HTTP\IncomingRequest), Object(CodeIgniter\HTTP\Response), null)
 9 SYSTEMPATH\Filters\Filters.php(291): CodeIgniter\Filters\Filters->runAfter([...])
10 SYSTEMPATH\CodeIgniter.php(409): CodeIgniter\Filters\Filters->runRequired('after')
11 SYSTEMPATH\CodeIgniter.php(372): CodeIgniter\CodeIgniter->runRequiredAfterFilters(Object(CodeIgniter\Filters\Filters))
12 SYSTEMPATH\Boot.php(325): CodeIgniter\CodeIgniter->run()
13 SYSTEMPATH\Boot.php(67): CodeIgniter\Boot::runCodeIgniter(Object(CodeIgniter\CodeIgniter))
14 FCPATH\index.php(56): CodeIgniter\Boot::bootWeb(Object(Config\Paths))
15 SYSTEMPATH\rewrite.php(44): require_once('C:\\Users\\AKU BANGGA JADI IT 2\\Documents\\RafiChandra\\Codeigniter4\\bengkeltes\\public\\index.php')
WARNING - 2026-08-12 04:33:58 --> [DEPRECATED] Kint\Zval\Value::addRepresentation(): Implicitly marking parameter $pos as nullable is deprecated, the explicit nullable type must be used instead in VENDORPATH\kint-php\kint\src\Zval\Value.php on line 65.
 1 VENDORPATH\composer\ClassLoader.php(576): include('C:\\Users\\AKU BANGGA JADI IT 2\\Documents\\RafiChandra\\Codeigniter4\\bengkeltes\\system\\Debug\\Exceptions.php')
 2 VENDORPATH\composer\ClassLoader.php(427): {closure:Composer\Autoload\ClassLoader::initializeIncludeClosure():575}('C:\\Users\\AKU BANGGA JADI IT 2\\Documents\\RafiChandra\\Codeigniter4\\bengkeltes\\vendor\\composer/../kint-php/kint/src/Zval/Value.php')
 3 VENDORPATH\kint-php\kint\src\Kint.php(398): Composer\Autoload\ClassLoader->loadClass('Kint\\Zval\\Value')
 4 VENDORPATH\kint-php\kint\src\Kint.php(574): Kint\Kint::getBasesFromParamInfo([...], 1)
 5 SYSTEMPATH\Debug\Toolbar.php(113): Kint\Kint::dump(0)
 6 SYSTEMPATH\Debug\Toolbar.php(391): CodeIgniter\Debug\Toolbar->run(1786509238.0418, 0.0646, Object(CodeIgniter\HTTP\IncomingRequest), Object(CodeIgniter\HTTP\Response))
 7 SYSTEMPATH\Filters\DebugToolbar.php(43): CodeIgniter\Debug\Toolbar->prepare(Object(CodeIgniter\HTTP\IncomingRequest), Object(CodeIgniter\HTTP\Response))
 8 SYSTEMPATH\Filters\Filters.php(241): CodeIgniter\Filters\DebugToolbar->after(Object(CodeIgniter\HTTP\IncomingRequest), Object(CodeIgniter\HTTP\Response), null)
 9 SYSTEMPATH\Filters\Filters.php(291): CodeIgniter\Filters\Filters->runAfter([...])
10 SYSTEMPATH\CodeIgniter.php(409): CodeIgniter\Filters\Filters->runRequired('after')
11 SYSTEMPATH\CodeIgniter.php(372): CodeIgniter\CodeIgniter->runRequiredAfterFilters(Object(CodeIgniter\Filters\Filters))
12 SYSTEMPATH\Boot.php(325): CodeIgniter\CodeIgniter->run()
13 SYSTEMPATH\Boot.php(67): CodeIgniter\Boot::runCodeIgniter(Object(CodeIgniter\CodeIgniter))
14 FCPATH\index.php(56): CodeIgniter\Boot::bootWeb(Object(Config\Paths))
15 SYSTEMPATH\rewrite.php(44): require_once('C:\\Users\\AKU BANGGA JADI IT 2\\Documents\\RafiChandra\\Codeigniter4\\bengkeltes\\public\\index.php')
WARNING - 2026-08-12 04:33:58 --> [DEPRECATED] Kint\Zval\Value::replaceRepresentation(): Implicitly marking parameter $pos as nullable is deprecated, the explicit nullable type must be used instead in VENDORPATH\kint-php\kint\src\Zval\Value.php on line 84.
 1 VENDORPATH\composer\ClassLoader.php(576): include('C:\\Users\\AKU BANGGA JADI IT 2\\Documents\\RafiChandra\\Codeigniter4\\bengkeltes\\system\\Debug\\Exceptions.php')
 2 VENDORPATH\composer\ClassLoader.php(427): {closure:Composer\Autoload\ClassLoader::initializeIncludeClosure():575}('C:\\Users\\AKU BANGGA JADI IT 2\\Documents\\RafiChandra\\Codeigniter4\\bengkeltes\\vendor\\composer/../kint-php/kint/src/Zval/Value.php')
 3 VENDORPATH\kint-php\kint\src\Kint.php(398): Composer\Autoload\ClassLoader->loadClass('Kint\\Zval\\Value')
 4 VENDORPATH\kint-php\kint\src\Kint.php(574): Kint\Kint::getBasesFromParamInfo([...], 1)
 5 SYSTEMPATH\Debug\Toolbar.php(113): Kint\Kint::dump(0)
 6 SYSTEMPATH\Debug\Toolbar.php(391): CodeIgniter\Debug\Toolbar->run(1786509238.0418, 0.0646, Object(CodeIgniter\HTTP\IncomingRequest), Object(CodeIgniter\HTTP\Response))
 7 SYSTEMPATH\Filters\DebugToolbar.php(43): CodeIgniter\Debug\Toolbar->prepare(Object(CodeIgniter\HTTP\IncomingRequest), Object(CodeIgniter\HTTP\Response))
 8 SYSTEMPATH\Filters\Filters.php(241): CodeIgniter\Filters\DebugToolbar->after(Object(CodeIgniter\HTTP\IncomingRequest), Object(CodeIgniter\HTTP\Response), null)
 9 SYSTEMPATH\Filters\Filters.php(291): CodeIgniter\Filters\Filters->runAfter([...])
10 SYSTEMPATH\CodeIgniter.php(409): CodeIgniter\Filters\Filters->runRequired('after')
11 SYSTEMPATH\CodeIgniter.php(372): CodeIgniter\CodeIgniter->runRequiredAfterFilters(Object(CodeIgniter\Filters\Filters))
12 SYSTEMPATH\Boot.php(325): CodeIgniter\CodeIgniter->run()
13 SYSTEMPATH\Boot.php(67): CodeIgniter\Boot::runCodeIgniter(Object(CodeIgniter\CodeIgniter))
14 FCPATH\index.php(56): CodeIgniter\Boot::bootWeb(Object(Config\Paths))
15 SYSTEMPATH\rewrite.php(44): require_once('C:\\Users\\AKU BANGGA JADI IT 2\\Documents\\RafiChandra\\Codeigniter4\\bengkeltes\\public\\index.php')
WARNING - 2026-08-12 04:33:58 --> [DEPRECATED] Kint\Zval\Value::blank(): Implicitly marking parameter $name as nullable is deprecated, the explicit nullable type must be used instead in VENDORPATH\kint-php\kint\src\Zval\Value.php on line 237.
 1 VENDORPATH\composer\ClassLoader.php(576): include('C:\\Users\\AKU BANGGA JADI IT 2\\Documents\\RafiChandra\\Codeigniter4\\bengkeltes\\system\\Debug\\Exceptions.php')
 2 VENDORPATH\composer\ClassLoader.php(427): {closure:Composer\Autoload\ClassLoader::initializeIncludeClosure():575}('C:\\Users\\AKU BANGGA JADI IT 2\\Documents\\RafiChandra\\Codeigniter4\\bengkeltes\\vendor\\composer/../kint-php/kint/src/Zval/Value.php')
 3 VENDORPATH\kint-php\kint\src\Kint.php(398): Composer\Autoload\ClassLoader->loadClass('Kint\\Zval\\Value')
 4 VENDORPATH\kint-php\kint\src\Kint.php(574): Kint\Kint::getBasesFromParamInfo([...], 1)
 5 SYSTEMPATH\Debug\Toolbar.php(113): Kint\Kint::dump(0)
 6 SYSTEMPATH\Debug\Toolbar.php(391): CodeIgniter\Debug\Toolbar->run(1786509238.0418, 0.0646, Object(CodeIgniter\HTTP\IncomingRequest), Object(CodeIgniter\HTTP\Response))
 7 SYSTEMPATH\Filters\DebugToolbar.php(43): CodeIgniter\Debug\Toolbar->prepare(Object(CodeIgniter\HTTP\IncomingRequest), Object(CodeIgniter\HTTP\Response))
 8 SYSTEMPATH\Filters\Filters.php(241): CodeIgniter\Filters\DebugToolbar->after(Object(CodeIgniter\HTTP\IncomingRequest), Object(CodeIgniter\HTTP\Response), null)
 9 SYSTEMPATH\Filters\Filters.php(291): CodeIgniter\Filters\Filters->runAfter([...])
10 SYSTEMPATH\CodeIgniter.php(409): CodeIgniter\Filters\Filters->runRequired('after')
11 SYSTEMPATH\CodeIgniter.php(372): CodeIgniter\CodeIgniter->runRequiredAfterFilters(Object(CodeIgniter\Filters\Filters))
12 SYSTEMPATH\Boot.php(325): CodeIgniter\CodeIgniter->run()
13 SYSTEMPATH\Boot.php(67): CodeIgniter\Boot::runCodeIgniter(Object(CodeIgniter\CodeIgniter))
14 FCPATH\index.php(56): CodeIgniter\Boot::bootWeb(Object(Config\Paths))
15 SYSTEMPATH\rewrite.php(44): require_once('C:\\Users\\AKU BANGGA JADI IT 2\\Documents\\RafiChandra\\Codeigniter4\\bengkeltes\\public\\index.php')
WARNING - 2026-08-12 04:33:58 --> [DEPRECATED] Kint\Zval\Value::blank(): Implicitly marking parameter $access_path as nullable is deprecated, the explicit nullable type must be used instead in VENDORPATH\kint-php\kint\src\Zval\Value.php on line 237.
 1 VENDORPATH\composer\ClassLoader.php(576): include('C:\\Users\\AKU BANGGA JADI IT 2\\Documents\\RafiChandra\\Codeigniter4\\bengkeltes\\system\\Debug\\Exceptions.php')
 2 VENDORPATH\composer\ClassLoader.php(427): {closure:Composer\Autoload\ClassLoader::initializeIncludeClosure():575}('C:\\Users\\AKU BANGGA JADI IT 2\\Documents\\RafiChandra\\Codeigniter4\\bengkeltes\\vendor\\composer/../kint-php/kint/src/Zval/Value.php')
 3 VENDORPATH\kint-php\kint\src\Kint.php(398): Composer\Autoload\ClassLoader->loadClass('Kint\\Zval\\Value')
 4 VENDORPATH\kint-php\kint\src\Kint.php(574): Kint\Kint::getBasesFromParamInfo([...], 1)
 5 SYSTEMPATH\Debug\Toolbar.php(113): Kint\Kint::dump(0)
 6 SYSTEMPATH\Debug\Toolbar.php(391): CodeIgniter\Debug\Toolbar->run(1786509238.0418, 0.0646, Object(CodeIgniter\HTTP\IncomingRequest), Object(CodeIgniter\HTTP\Response))
 7 SYSTEMPATH\Filters\DebugToolbar.php(43): CodeIgniter\Debug\Toolbar->prepare(Object(CodeIgniter\HTTP\IncomingRequest), Object(CodeIgniter\HTTP\Response))
 8 SYSTEMPATH\Filters\Filters.php(241): CodeIgniter\Filters\DebugToolbar->after(Object(CodeIgniter\HTTP\IncomingRequest), Object(CodeIgniter\HTTP\Response), null)
 9 SYSTEMPATH\Filters\Filters.php(291): CodeIgniter\Filters\Filters->runAfter([...])
10 SYSTEMPATH\CodeIgniter.php(409): CodeIgniter\Filters\Filters->runRequired('after')
11 SYSTEMPATH\CodeIgniter.php(372): CodeIgniter\CodeIgniter->runRequiredAfterFilters(Object(CodeIgniter\Filters\Filters))
12 SYSTEMPATH\Boot.php(325): CodeIgniter\CodeIgniter->run()
13 SYSTEMPATH\Boot.php(67): CodeIgniter\Boot::runCodeIgniter(Object(CodeIgniter\CodeIgniter))
14 FCPATH\index.php(56): CodeIgniter\Boot::bootWeb(Object(Config\Paths))
15 SYSTEMPATH\rewrite.php(44): require_once('C:\\Users\\AKU BANGGA JADI IT 2\\Documents\\RafiChandra\\Codeigniter4\\bengkeltes\\public\\index.php')
WARNING - 2026-08-12 04:33:58 --> [DEPRECATED] Kint\Zval\Representation\Representation::__construct(): Implicitly marking parameter $name as nullable is deprecated, the explicit nullable type must be used instead in VENDORPATH\kint-php\kint\src\Zval\Representation\Representation.php on line 39.
 1 VENDORPATH\composer\ClassLoader.php(576): include('C:\\Users\\AKU BANGGA JADI IT 2\\Documents\\RafiChandra\\Codeigniter4\\bengkeltes\\system\\Debug\\Exceptions.php')
 2 VENDORPATH\composer\ClassLoader.php(427): {closure:Composer\Autoload\ClassLoader::initializeIncludeClosure():575}('C:\\Users\\AKU BANGGA JADI IT 2\\Documents\\RafiChandra\\Codeigniter4\\bengkeltes\\vendor\\composer/../kint-php/kint/src/Zval/Representation/Representation.php')
 3 VENDORPATH\kint-php\kint\src\Parser\Parser.php(266): Composer\Autoload\ClassLoader->loadClass('Kint\\Zval\\Representation\\Representation')
 4 VENDORPATH\kint-php\kint\src\Parser\Parser.php(136): Kint\Parser\Parser->parseGeneric(0, Object(Kint\Zval\Value))
 5 VENDORPATH\kint-php\kint\src\Kint.php(285): Kint\Parser\Parser->parse(0, Object(Kint\Zval\Value))
 6 VENDORPATH\kint-php\kint\src\Kint.php(268): Kint\Kint->dumpVar(0, Object(Kint\Zval\Value))
 7 VENDORPATH\kint-php\kint\src\Kint.php(575): Kint\Kint->dumpAll([...], [...])
 8 SYSTEMPATH\Debug\Toolbar.php(113): Kint\Kint::dump(0)
 9 SYSTEMPATH\Debug\Toolbar.php(391): CodeIgniter\Debug\Toolbar->run(1786509238.0418, 0.0646, Object(CodeIgniter\HTTP\IncomingRequest), Object(CodeIgniter\HTTP\Response))
10 SYSTEMPATH\Filters\DebugToolbar.php(43): CodeIgniter\Debug\Toolbar->prepare(Object(CodeIgniter\HTTP\IncomingRequest), Object(CodeIgniter\HTTP\Response))
11 SYSTEMPATH\Filters\Filters.php(241): CodeIgniter\Filters\DebugToolbar->after(Object(CodeIgniter\HTTP\IncomingRequest), Object(CodeIgniter\HTTP\Response), null)
12 SYSTEMPATH\Filters\Filters.php(291): CodeIgniter\Filters\Filters->runAfter([...])
13 SYSTEMPATH\CodeIgniter.php(409): CodeIgniter\Filters\Filters->runRequired('after')
14 SYSTEMPATH\CodeIgniter.php(372): CodeIgniter\CodeIgniter->runRequiredAfterFilters(Object(CodeIgniter\Filters\Filters))
15 SYSTEMPATH\Boot.php(325): CodeIgniter\CodeIgniter->run()
16 SYSTEMPATH\Boot.php(67): CodeIgniter\Boot::runCodeIgniter(Object(CodeIgniter\CodeIgniter))
17 FCPATH\index.php(56): CodeIgniter\Boot::bootWeb(Object(Config\Paths))
18 SYSTEMPATH\rewrite.php(44): require_once('C:\\Users\\AKU BANGGA JADI IT 2\\Documents\\RafiChandra\\Codeigniter4\\bengkeltes\\public\\index.php')
WARNING - 2026-08-12 04:33:58 --> [DEPRECATED] Kint\Zval\BlobValue::substr(): Implicitly marking parameter $length as nullable is deprecated, the explicit nullable type must be used instead in VENDORPATH\kint-php\kint\src\Zval\BlobValue.php on line 144.
 1 VENDORPATH\composer\ClassLoader.php(576): include('C:\\Users\\AKU BANGGA JADI IT 2\\Documents\\RafiChandra\\Codeigniter4\\bengkeltes\\system\\Debug\\Exceptions.php')
 2 VENDORPATH\composer\ClassLoader.php(427): {closure:Composer\Autoload\ClassLoader::initializeIncludeClosure():575}('C:\\Users\\AKU BANGGA JADI IT 2\\Documents\\RafiChandra\\Codeigniter4\\bengkeltes\\vendor\\composer/../kint-php/kint/src/Zval/BlobValue.php')
 3 VENDORPATH\kint-php\kint\src\Renderer\RichRenderer.php(508): Composer\Autoload\ClassLoader->loadClass('Kint\\Zval\\BlobValue')
 4 VENDORPATH\kint-php\kint\src\Renderer\RichRenderer.php(305): Kint\Renderer\RichRenderer->escape('$value')
 5 VENDORPATH\kint-php\kint\src\Renderer\RichRenderer.php(246): Kint\Renderer\RichRenderer->renderHeader(Object(Kint\Zval\Value))
 6 VENDORPATH\kint-php\kint\src\Kint.php(284): Kint\Renderer\RichRenderer->render(Object(Kint\Zval\Value))
 7 VENDORPATH\kint-php\kint\src\Kint.php(268): Kint\Kint->dumpVar(0, Object(Kint\Zval\Value))
 8 VENDORPATH\kint-php\kint\src\Kint.php(575): Kint\Kint->dumpAll([...], [...])
 9 SYSTEMPATH\Debug\Toolbar.php(113): Kint\Kint::dump(0)
10 SYSTEMPATH\Debug\Toolbar.php(391): CodeIgniter\Debug\Toolbar->run(1786509238.0418, 0.0646, Object(CodeIgniter\HTTP\IncomingRequest), Object(CodeIgniter\HTTP\Response))
11 SYSTEMPATH\Filters\DebugToolbar.php(43): CodeIgniter\Debug\Toolbar->prepare(Object(CodeIgniter\HTTP\IncomingRequest), Object(CodeIgniter\HTTP\Response))
12 SYSTEMPATH\Filters\Filters.php(241): CodeIgniter\Filters\DebugToolbar->after(Object(CodeIgniter\HTTP\IncomingRequest), Object(CodeIgniter\HTTP\Response), null)
13 SYSTEMPATH\Filters\Filters.php(291): CodeIgniter\Filters\Filters->runAfter([...])
14 SYSTEMPATH\CodeIgniter.php(409): CodeIgniter\Filters\Filters->runRequired('after')
15 SYSTEMPATH\CodeIgniter.php(372): CodeIgniter\CodeIgniter->runRequiredAfterFilters(Object(CodeIgniter\Filters\Filters))
16 SYSTEMPATH\Boot.php(325): CodeIgniter\CodeIgniter->run()
17 SYSTEMPATH\Boot.php(67): CodeIgniter\Boot::runCodeIgniter(Object(CodeIgniter\CodeIgniter))
18 FCPATH\index.php(56): CodeIgniter\Boot::bootWeb(Object(Config\Paths))
19 SYSTEMPATH\rewrite.php(44): require_once('C:\\Users\\AKU BANGGA JADI IT 2\\Documents\\RafiChandra\\Codeigniter4\\bengkeltes\\public\\index.php')
WARNING - 2026-08-12 04:33:58 --> [DEPRECATED] Kint\Zval\Representation\ColorRepresentation::getColor(): Implicitly marking parameter $variant as nullable is deprecated, the explicit nullable type must be used instead in VENDORPATH\kint-php\kint\src\Zval\Representation\ColorRepresentation.php on line 214.
 1 VENDORPATH\composer\ClassLoader.php(576): include('C:\\Users\\AKU BANGGA JADI IT 2\\Documents\\RafiChandra\\Codeigniter4\\bengkeltes\\system\\Debug\\Exceptions.php')
 2 VENDORPATH\composer\ClassLoader.php(427): {closure:Composer\Autoload\ClassLoader::initializeIncludeClosure():575}('C:\\Users\\AKU BANGGA JADI IT 2\\Documents\\RafiChandra\\Codeigniter4\\bengkeltes\\vendor\\composer/../kint-php/kint/src/Zval/Representation/ColorRepresentation.php')
 3 VENDORPATH\kint-php\kint\src\Parser\ColorPlugin.php(53): Composer\Autoload\ClassLoader->loadClass('Kint\\Zval\\Representation\\ColorRepresentation')
 4 VENDORPATH\kint-php\kint\src\Parser\Parser.php(636): Kint\Parser\ColorPlugin->parse('', Object(Kint\Zval\BlobValue), 2)
 5 VENDORPATH\kint-php\kint\src\Parser\Parser.php(297): Kint\Parser\Parser->applyPlugins('', Object(Kint\Zval\BlobValue), 2)
 6 VENDORPATH\kint-php\kint\src\Parser\Parser.php(142): Kint\Parser\Parser->parseString('', Object(Kint\Zval\Value))
 7 VENDORPATH\kint-php\kint\src\Kint.php(285): Kint\Parser\Parser->parse('', Object(Kint\Zval\Value))
 8 VENDORPATH\kint-php\kint\src\Kint.php(268): Kint\Kint->dumpVar('', Object(Kint\Zval\Value))
 9 VENDORPATH\kint-php\kint\src\Kint.php(575): Kint\Kint->dumpAll([...], [...])
10 SYSTEMPATH\Debug\Toolbar.php(423): Kint\Kint::dump('')
11 SYSTEMPATH\Filters\DebugToolbar.php(43): CodeIgniter\Debug\Toolbar->prepare(Object(CodeIgniter\HTTP\IncomingRequest), Object(CodeIgniter\HTTP\Response))
12 SYSTEMPATH\Filters\Filters.php(241): CodeIgniter\Filters\DebugToolbar->after(Object(CodeIgniter\HTTP\IncomingRequest), Object(CodeIgniter\HTTP\Response), null)
13 SYSTEMPATH\Filters\Filters.php(291): CodeIgniter\Filters\Filters->runAfter([...])
14 SYSTEMPATH\CodeIgniter.php(409): CodeIgniter\Filters\Filters->runRequired('after')
15 SYSTEMPATH\CodeIgniter.php(372): CodeIgniter\CodeIgniter->runRequiredAfterFilters(Object(CodeIgniter\Filters\Filters))
16 SYSTEMPATH\Boot.php(325): CodeIgniter\CodeIgniter->run()
17 SYSTEMPATH\Boot.php(67): CodeIgniter\Boot::runCodeIgniter(Object(CodeIgniter\CodeIgniter))
18 FCPATH\index.php(56): CodeIgniter\Boot::bootWeb(Object(Config\Paths))
19 SYSTEMPATH\rewrite.php(44): require_once('C:\\Users\\AKU BANGGA JADI IT 2\\Documents\\RafiChandra\\Codeigniter4\\bengkeltes\\public\\index.php')
WARNING - 2026-08-12 04:33:58 --> [DEPRECATED] Kint\Zval\Representation\ColorRepresentation::hasAlpha(): Implicitly marking parameter $variant as nullable is deprecated, the explicit nullable type must be used instead in VENDORPATH\kint-php\kint\src\Zval\Representation\ColorRepresentation.php on line 278.
 1 VENDORPATH\composer\ClassLoader.php(576): include('C:\\Users\\AKU BANGGA JADI IT 2\\Documents\\RafiChandra\\Codeigniter4\\bengkeltes\\system\\Debug\\Exceptions.php')
 2 VENDORPATH\composer\ClassLoader.php(427): {closure:Composer\Autoload\ClassLoader::initializeIncludeClosure():575}('C:\\Users\\AKU BANGGA JADI IT 2\\Documents\\RafiChandra\\Codeigniter4\\bengkeltes\\vendor\\composer/../kint-php/kint/src/Zval/Representation/ColorRepresentation.php')
 3 VENDORPATH\kint-php\kint\src\Parser\ColorPlugin.php(53): Composer\Autoload\ClassLoader->loadClass('Kint\\Zval\\Representation\\ColorRepresentation')
 4 VENDORPATH\kint-php\kint\src\Parser\Parser.php(636): Kint\Parser\ColorPlugin->parse('', Object(Kint\Zval\BlobValue), 2)
 5 VENDORPATH\kint-php\kint\src\Parser\Parser.php(297): Kint\Parser\Parser->applyPlugins('', Object(Kint\Zval\BlobValue), 2)
 6 VENDORPATH\kint-php\kint\src\Parser\Parser.php(142): Kint\Parser\Parser->parseString('', Object(Kint\Zval\Value))
 7 VENDORPATH\kint-php\kint\src\Kint.php(285): Kint\Parser\Parser->parse('', Object(Kint\Zval\Value))
 8 VENDORPATH\kint-php\kint\src\Kint.php(268): Kint\Kint->dumpVar('', Object(Kint\Zval\Value))
 9 VENDORPATH\kint-php\kint\src\Kint.php(575): Kint\Kint->dumpAll([...], [...])
10 SYSTEMPATH\Debug\Toolbar.php(423): Kint\Kint::dump('')
11 SYSTEMPATH\Filters\DebugToolbar.php(43): CodeIgniter\Debug\Toolbar->prepare(Object(CodeIgniter\HTTP\IncomingRequest), Object(CodeIgniter\HTTP\Response))
12 SYSTEMPATH\Filters\Filters.php(241): CodeIgniter\Filters\DebugToolbar->after(Object(CodeIgniter\HTTP\IncomingRequest), Object(CodeIgniter\HTTP\Response), null)
13 SYSTEMPATH\Filters\Filters.php(291): CodeIgniter\Filters\Filters->runAfter([...])
14 SYSTEMPATH\CodeIgniter.php(409): CodeIgniter\Filters\Filters->runRequired('after')
15 SYSTEMPATH\CodeIgniter.php(372): CodeIgniter\CodeIgniter->runRequiredAfterFilters(Object(CodeIgniter\Filters\Filters))
16 SYSTEMPATH\Boot.php(325): CodeIgniter\CodeIgniter->run()
17 SYSTEMPATH\Boot.php(67): CodeIgniter\Boot::runCodeIgniter(Object(CodeIgniter\CodeIgniter))
18 FCPATH\index.php(56): CodeIgniter\Boot::bootWeb(Object(Config\Paths))
19 SYSTEMPATH\rewrite.php(44): require_once('C:\\Users\\AKU BANGGA JADI IT 2\\Documents\\RafiChandra\\Codeigniter4\\bengkeltes\\public\\index.php')
WARNING - 2026-08-12 04:34:31 --> [DEPRECATED] ini_set(): session.sid_length INI setting is deprecated in SYSTEMPATH\Session\Handlers\FileHandler.php on line 321.
 1 SYSTEMPATH\Session\Handlers\FileHandler.php(321): ini_set('session.sid_length', '40')
 2 SYSTEMPATH\Session\Handlers\FileHandler.php(85): CodeIgniter\Session\Handlers\FileHandler->configureSessionIDRegex()
 3 SYSTEMPATH\Config\Services.php(688): CodeIgniter\Session\Handlers\FileHandler->__construct(Object(Config\Session), '::1')
 4 SYSTEMPATH\Config\BaseService.php(311): CodeIgniter\Config\Services::session(Object(Config\Session), false)
 5 SYSTEMPATH\Config\BaseService.php(250): CodeIgniter\Config\BaseService::__callStatic('session', [...])
 6 SYSTEMPATH\Config\Services.php(666): CodeIgniter\Config\BaseService::getSharedInstance('session', null)
 7 SYSTEMPATH\Config\BaseService.php(320): CodeIgniter\Config\Services::session()
 8 SYSTEMPATH\Config\BaseService.php(201): CodeIgniter\Config\BaseService::__callStatic('session', [])
 9 SYSTEMPATH\Common.php(998): CodeIgniter\Config\BaseService::get('session')
10 SYSTEMPATH\Common.php(971): service('session')
11 APPPATH\Views\page\component\sidemenu.php(2): session()
12 APPPATH\Views\page\component\layout.php(26): include('C:\\Users\\AKU BANGGA JADI IT 2\\Documents\\RafiChandra\\Codeigniter4\\bengkeltes\\app\\Views\\page\\component\\sidemenu.php')
13 SYSTEMPATH\View\View.php(234): include('C:\\Users\\AKU BANGGA JADI IT 2\\Documents\\RafiChandra\\Codeigniter4\\bengkeltes\\app\\Views\\page\\component\\layout.php')
14 SYSTEMPATH\View\View.php(237): CodeIgniter\View\View->{closure:CodeIgniter\View\View::render():231}()
15 SYSTEMPATH\View\View.php(250): CodeIgniter\View\View->render('page/component/layout', [], true)
16 SYSTEMPATH\Common.php(1171): CodeIgniter\View\View->render('page/content/dashboard', [], true)
17 APPPATH\Controllers\Dashboard.php(15): view('page/content/dashboard', [...])
18 SYSTEMPATH\CodeIgniter.php(933): App\Controllers\Dashboard->index()
19 SYSTEMPATH\CodeIgniter.php(509): CodeIgniter\CodeIgniter->runController(Object(App\Controllers\Dashboard))
20 SYSTEMPATH\CodeIgniter.php(355): CodeIgniter\CodeIgniter->handleRequest(null, Object(Config\Cache), false)
21 SYSTEMPATH\Boot.php(325): CodeIgniter\CodeIgniter->run()
22 SYSTEMPATH\Boot.php(67): CodeIgniter\Boot::runCodeIgniter(Object(CodeIgniter\CodeIgniter))
23 FCPATH\index.php(56): CodeIgniter\Boot::bootWeb(Object(Config\Paths))
24 SYSTEMPATH\rewrite.php(44): require_once('C:\\Users\\AKU BANGGA JADI IT 2\\Documents\\RafiChandra\\Codeigniter4\\bengkeltes\\public\\index.php')
INFO - 2026-08-12 04:34:31 --> Session: Class initialized using 'CodeIgniter\Session\Handlers\FileHandler' driver.
WARNING - 2026-08-12 04:42:08 --> [DEPRECATED] ini_set(): session.sid_length INI setting is deprecated in SYSTEMPATH\Session\Handlers\FileHandler.php on line 321.
 1 SYSTEMPATH\Session\Handlers\FileHandler.php(321): ini_set('session.sid_length', '40')
 2 SYSTEMPATH\Session\Handlers\FileHandler.php(85): CodeIgniter\Session\Handlers\FileHandler->configureSessionIDRegex()
 3 SYSTEMPATH\Config\Services.php(688): CodeIgniter\Session\Handlers\FileHandler->__construct(Object(Config\Session), '::1')
 4 SYSTEMPATH\Config\BaseService.php(311): CodeIgniter\Config\Services::session(Object(Config\Session), false)
 5 SYSTEMPATH\Config\BaseService.php(250): CodeIgniter\Config\BaseService::__callStatic('session', [...])
 6 SYSTEMPATH\Config\Services.php(666): CodeIgniter\Config\BaseService::getSharedInstance('session', null)
 7 SYSTEMPATH\Config\BaseService.php(320): CodeIgniter\Config\Services::session()
 8 SYSTEMPATH\Config\BaseService.php(201): CodeIgniter\Config\BaseService::__callStatic('session', [])
 9 SYSTEMPATH\Common.php(998): CodeIgniter\Config\BaseService::get('session')
10 SYSTEMPATH\Common.php(971): service('session')
11 APPPATH\Views\page\component\header.php(29): session()
12 APPPATH\Views\page\component\layout.php(32): include('C:\\Users\\AKU BANGGA JADI IT 2\\Documents\\RafiChandra\\Codeigniter4\\bengkeltes\\app\\Views\\page\\component\\header.php')
13 SYSTEMPATH\View\View.php(234): include('C:\\Users\\AKU BANGGA JADI IT 2\\Documents\\RafiChandra\\Codeigniter4\\bengkeltes\\app\\Views\\page\\component\\layout.php')
14 SYSTEMPATH\View\View.php(237): CodeIgniter\View\View->{closure:CodeIgniter\View\View::render():231}()
15 SYSTEMPATH\View\View.php(250): CodeIgniter\View\View->render('page/component/layout', [], true)
16 SYSTEMPATH\Common.php(1171): CodeIgniter\View\View->render('page/content/dashboard', [], true)
17 APPPATH\Controllers\Dashboard.php(66): view('page/content/dashboard', [...])
18 SYSTEMPATH\CodeIgniter.php(933): App\Controllers\Dashboard->index()
19 SYSTEMPATH\CodeIgniter.php(509): CodeIgniter\CodeIgniter->runController(Object(App\Controllers\Dashboard))
20 SYSTEMPATH\CodeIgniter.php(355): CodeIgniter\CodeIgniter->handleRequest(null, Object(Config\Cache), false)
21 SYSTEMPATH\Boot.php(325): CodeIgniter\CodeIgniter->run()
22 SYSTEMPATH\Boot.php(67): CodeIgniter\Boot::runCodeIgniter(Object(CodeIgniter\CodeIgniter))
23 FCPATH\index.php(56): CodeIgniter\Boot::bootWeb(Object(Config\Paths))
24 SYSTEMPATH\rewrite.php(44): require_once('C:\\Users\\AKU BANGGA JADI IT 2\\Documents\\RafiChandra\\Codeigniter4\\bengkeltes\\public\\index.php')
INFO - 2026-08-12 04:42:08 --> Session: Class initialized using 'CodeIgniter\Session\Handlers\FileHandler' driver.
WARNING - 2026-08-12 04:43:42 --> [DEPRECATED] ini_set(): session.sid_length INI setting is deprecated in SYSTEMPATH\Session\Handlers\FileHandler.php on line 321.
 1 SYSTEMPATH\Session\Handlers\FileHandler.php(321): ini_set('session.sid_length', '40')
 2 SYSTEMPATH\Session\Handlers\FileHandler.php(85): CodeIgniter\Session\Handlers\FileHandler->configureSessionIDRegex()
 3 SYSTEMPATH\Config\Services.php(688): CodeIgniter\Session\Handlers\FileHandler->__construct(Object(Config\Session), '::1')
 4 SYSTEMPATH\Config\BaseService.php(311): CodeIgniter\Config\Services::session(Object(Config\Session), false)
 5 SYSTEMPATH\Config\BaseService.php(250): CodeIgniter\Config\BaseService::__callStatic('session', [...])
 6 SYSTEMPATH\Config\Services.php(666): CodeIgniter\Config\BaseService::getSharedInstance('session', null)
 7 SYSTEMPATH\Config\BaseService.php(320): CodeIgniter\Config\Services::session()
 8 SYSTEMPATH\Config\BaseService.php(201): CodeIgniter\Config\BaseService::__callStatic('session', [])
 9 SYSTEMPATH\Common.php(998): CodeIgniter\Config\BaseService::get('session')
10 SYSTEMPATH\Common.php(971): service('session')
11 APPPATH\Views\page\component\header.php(29): session()
12 APPPATH\Views\page\component\layout.php(32): include('C:\\Users\\AKU BANGGA JADI IT 2\\Documents\\RafiChandra\\Codeigniter4\\bengkeltes\\app\\Views\\page\\component\\header.php')
13 SYSTEMPATH\View\View.php(234): include('C:\\Users\\AKU BANGGA JADI IT 2\\Documents\\RafiChandra\\Codeigniter4\\bengkeltes\\app\\Views\\page\\component\\layout.php')
14 SYSTEMPATH\View\View.php(237): CodeIgniter\View\View->{closure:CodeIgniter\View\View::render():231}()
15 SYSTEMPATH\View\View.php(250): CodeIgniter\View\View->render('page/component/layout', [], true)
16 SYSTEMPATH\Common.php(1171): CodeIgniter\View\View->render('page/content/dashboard', [], true)
17 APPPATH\Controllers\Dashboard.php(66): view('page/content/dashboard', [...])
18 SYSTEMPATH\CodeIgniter.php(933): App\Controllers\Dashboard->index()
19 SYSTEMPATH\CodeIgniter.php(509): CodeIgniter\CodeIgniter->runController(Object(App\Controllers\Dashboard))
20 SYSTEMPATH\CodeIgniter.php(355): CodeIgniter\CodeIgniter->handleRequest(null, Object(Config\Cache), false)
21 SYSTEMPATH\Boot.php(325): CodeIgniter\CodeIgniter->run()
22 SYSTEMPATH\Boot.php(67): CodeIgniter\Boot::runCodeIgniter(Object(CodeIgniter\CodeIgniter))
23 FCPATH\index.php(56): CodeIgniter\Boot::bootWeb(Object(Config\Paths))
24 SYSTEMPATH\rewrite.php(44): require_once('C:\\Users\\AKU BANGGA JADI IT 2\\Documents\\RafiChandra\\Codeigniter4\\bengkeltes\\public\\index.php')
INFO - 2026-08-12 04:43:42 --> Session: Class initialized using 'CodeIgniter\Session\Handlers\FileHandler' driver.
DEBUG - 2026-08-12 04:47:38 --> Session: Class initialized using 'CodeIgniter\Session\Handlers\FileHandler' driver.
DEBUG - 2026-08-12 04:47:40 --> Session: Class initialized using 'CodeIgniter\Session\Handlers\FileHandler' driver.
DEBUG - 2026-08-12 04:47:40 --> Session: Class initialized using 'CodeIgniter\Session\Handlers\FileHandler' driver.
DEBUG - 2026-08-12 04:47:40 --> Session: Class initialized using 'CodeIgniter\Session\Handlers\FileHandler' driver.
DEBUG - 2026-08-12 04:47:50 --> Session: Class initialized using 'CodeIgniter\Session\Handlers\FileHandler' driver.
CRITICAL - 2026-08-12 04:47:54 --> ErrorException: Uncaught ErrorException: Undefined property: Config\Format::$jsonEncodeDepth in C:\Users\AKU BANGGA JADI IT 2\Documents\RafiChandra\Codeigniter4\bengkeltes\vendor\codeigniter4\framework\system\Format\JSONFormatter.php:44
Stack trace:
#0 C:\Users\AKU BANGGA JADI IT 2\Documents\RafiChandra\Codeigniter4\bengkeltes\vendor\codeigniter4\framework\system\Format\JSONFormatter.php(44): CodeIgniter\Debug\Exceptions->errorHandler(2, 'Undefined prope...', 'C:\\Users\\AKU BA...', 44)
#1 C:\Users\AKU BANGGA JADI IT 2\Documents\RafiChandra\Codeigniter4\bengkeltes\vendor\codeigniter4\framework\system\API\ResponseTrait.php(352): CodeIgniter\Format\JSONFormatter->format(Array)
#2 C:\Users\AKU BANGGA JADI IT 2\Documents\RafiChandra\Codeigniter4\bengkeltes\vendor\codeigniter4\framework\system\API\ResponseTrait.php(111): CodeIgniter\Debug\ExceptionHandler->format(Array)
#3 C:\Users\AKU BANGGA JADI IT 2\Documents\RafiChandra\Codeigniter4\bengkeltes\vendor\codeigniter4\framework\system\Debug\ExceptionHandler.php(95): CodeIgniter\Debug\ExceptionHandler->respond(Array, 404)
#4 C:\Users\AKU BANGGA JADI IT 2\Documents\RafiChandra\Codeigniter4\bengkeltes\vendor\codeigniter4\framework\system\Debug\Exceptions.php(151): CodeIgniter\Debug\ExceptionHandler->handle(Object(CodeIgniter\Exceptions\PageNotFoundException), Object(CodeIgniter\HTTP\IncomingRequest), Object(CodeIgniter\HTTP\Response), 404, 1)
#5 [internal function]: CodeIgniter\Debug\Exceptions->exceptionHandler(Object(CodeIgniter\Exceptions\PageNotFoundException))
#6 {main}
  thrown
【Previous Exception】
CodeIgniter\Exceptions\PageNotFoundException
Can't find a route for 'GET: .well-known/appspecific/com.chrome.devtools.json'.
#0 C:\Users\AKU BANGGA JADI IT 2\Documents\RafiChandra\Codeigniter4\bengkeltes\vendor\codeigniter4\framework\system\CodeIgniter.php(1024): CodeIgniter\Exceptions\PageNotFoundException::forPageNotFound('Can't find a ro...')
#1 C:\Users\AKU BANGGA JADI IT 2\Documents\RafiChandra\Codeigniter4\bengkeltes\vendor\codeigniter4\framework\system\CodeIgniter.php(369): CodeIgniter\CodeIgniter->display404errors(Object(CodeIgniter\Exceptions\PageNotFoundException))
#2 C:\Users\AKU BANGGA JADI IT 2\Documents\RafiChandra\Codeigniter4\bengkeltes\vendor\codeigniter4\framework\system\Boot.php(417): CodeIgniter\CodeIgniter->run()
#3 C:\Users\AKU BANGGA JADI IT 2\Documents\RafiChandra\Codeigniter4\bengkeltes\vendor\codeigniter4\framework\system\Boot.php(68): CodeIgniter\Boot::runCodeIgniter(Object(CodeIgniter\CodeIgniter))
#4 C:\Users\AKU BANGGA JADI IT 2\Documents\RafiChandra\Codeigniter4\bengkeltes\public\index.php(56): CodeIgniter\Boot::bootWeb(Object(Config\Paths))
#5 C:\Users\AKU BANGGA JADI IT 2\Documents\RafiChandra\Codeigniter4\bengkeltes\vendor\codeigniter4\framework\system\rewrite.php(44): require_once('C:\\Users\\AKU BA...')
#6 C:\Users\AKU BANGGA JADI IT 2\Documents\RafiChandra\Codeigniter4\bengkeltes\system\rewrite.php(6): require('C:\\Users\\AKU BA...')
#7 {main}
[Method: GET, Route: .well-known/appspecific/com.chrome.devtools.json]
in SYSTEMPATH\Format\JSONFormatter.php on line 44.
 1 [internal function]: CodeIgniter\Debug\Exceptions->shutdownHandler()
DEBUG - 2026-08-12 04:48:02 --> Session: Class initialized using 'CodeIgniter\Session\Handlers\FileHandler' driver.
CRITICAL - 2026-08-12 04:48:02 --> ErrorException: Uncaught ErrorException: Undefined property: Config\Format::$jsonEncodeDepth in C:\Users\AKU BANGGA JADI IT 2\Documents\RafiChandra\Codeigniter4\bengkeltes\vendor\codeigniter4\framework\system\Format\JSONFormatter.php:44
Stack trace:
#0 C:\Users\AKU BANGGA JADI IT 2\Documents\RafiChandra\Codeigniter4\bengkeltes\vendor\codeigniter4\framework\system\Format\JSONFormatter.php(44): CodeIgniter\Debug\Exceptions->errorHandler(2, 'Undefined prope...', 'C:\\Users\\AKU BA...', 44)
#1 C:\Users\AKU BANGGA JADI IT 2\Documents\RafiChandra\Codeigniter4\bengkeltes\vendor\codeigniter4\framework\system\API\ResponseTrait.php(352): CodeIgniter\Format\JSONFormatter->format(Array)
#2 C:\Users\AKU BANGGA JADI IT 2\Documents\RafiChandra\Codeigniter4\bengkeltes\vendor\codeigniter4\framework\system\API\ResponseTrait.php(111): CodeIgniter\Debug\ExceptionHandler->format(Array)
#3 C:\Users\AKU BANGGA JADI IT 2\Documents\RafiChandra\Codeigniter4\bengkeltes\vendor\codeigniter4\framework\system\Debug\ExceptionHandler.php(95): CodeIgniter\Debug\ExceptionHandler->respond(Array, 404)
#4 C:\Users\AKU BANGGA JADI IT 2\Documents\RafiChandra\Codeigniter4\bengkeltes\vendor\codeigniter4\framework\system\Debug\Exceptions.php(151): CodeIgniter\Debug\ExceptionHandler->handle(Object(CodeIgniter\Exceptions\PageNotFoundException), Object(CodeIgniter\HTTP\IncomingRequest), Object(CodeIgniter\HTTP\Response), 404, 1)
#5 [internal function]: CodeIgniter\Debug\Exceptions->exceptionHandler(Object(CodeIgniter\Exceptions\PageNotFoundException))
#6 {main}
  thrown
【Previous Exception】
CodeIgniter\Exceptions\PageNotFoundException
Can't find a route for 'GET: .well-known/appspecific/com.chrome.devtools.json'.
#0 C:\Users\AKU BANGGA JADI IT 2\Documents\RafiChandra\Codeigniter4\bengkeltes\vendor\codeigniter4\framework\system\CodeIgniter.php(1024): CodeIgniter\Exceptions\PageNotFoundException::forPageNotFound('Can't find a ro...')
#1 C:\Users\AKU BANGGA JADI IT 2\Documents\RafiChandra\Codeigniter4\bengkeltes\vendor\codeigniter4\framework\system\CodeIgniter.php(369): CodeIgniter\CodeIgniter->display404errors(Object(CodeIgniter\Exceptions\PageNotFoundException))
#2 C:\Users\AKU BANGGA JADI IT 2\Documents\RafiChandra\Codeigniter4\bengkeltes\vendor\codeigniter4\framework\system\Boot.php(417): CodeIgniter\CodeIgniter->run()
#3 C:\Users\AKU BANGGA JADI IT 2\Documents\RafiChandra\Codeigniter4\bengkeltes\vendor\codeigniter4\framework\system\Boot.php(68): CodeIgniter\Boot::runCodeIgniter(Object(CodeIgniter\CodeIgniter))
#4 C:\Users\AKU BANGGA JADI IT 2\Documents\RafiChandra\Codeigniter4\bengkeltes\public\index.php(56): CodeIgniter\Boot::bootWeb(Object(Config\Paths))
#5 C:\Users\AKU BANGGA JADI IT 2\Documents\RafiChandra\Codeigniter4\bengkeltes\vendor\codeigniter4\framework\system\rewrite.php(44): require_once('C:\\Users\\AKU BA...')
#6 C:\Users\AKU BANGGA JADI IT 2\Documents\RafiChandra\Codeigniter4\bengkeltes\system\rewrite.php(6): require('C:\\Users\\AKU BA...')
#7 {main}
[Method: GET, Route: .well-known/appspecific/com.chrome.devtools.json]
in SYSTEMPATH\Format\JSONFormatter.php on line 44.
 1 [internal function]: CodeIgniter\Debug\Exceptions->shutdownHandler()
DEBUG - 2026-08-12 04:48:15 --> Session: Class initialized using 'CodeIgniter\Session\Handlers\FileHandler' driver.
DEBUG - 2026-08-12 04:48:16 --> Session: Class initialized using 'CodeIgniter\Session\Handlers\FileHandler' driver.
DEBUG - 2026-08-12 04:48:16 --> Session: Class initialized using 'CodeIgniter\Session\Handlers\FileHandler' driver.
DEBUG - 2026-08-12 04:48:17 --> Session: Class initialized using 'CodeIgniter\Session\Handlers\FileHandler' driver.
DEBUG - 2026-08-12 04:48:27 --> Session: Class initialized using 'CodeIgniter\Session\Handlers\FileHandler' driver.
DEBUG - 2026-08-12 04:48:30 --> Session: Class initialized using 'CodeIgniter\Session\Handlers\FileHandler' driver.
DEBUG - 2026-08-12 04:48:30 --> Session: Class initialized using 'CodeIgniter\Session\Handlers\FileHandler' driver.
DEBUG - 2026-08-12 04:48:31 --> Session: Class initialized using 'CodeIgniter\Session\Handlers\FileHandler' driver.
DEBUG - 2026-08-12 04:48:31 --> Session: Class initialized using 'CodeIgniter\Session\Handlers\FileHandler' driver.
DEBUG - 2026-08-12 04:48:32 --> Session: Class initialized using 'CodeIgniter\Session\Handlers\FileHandler' driver.
DEBUG - 2026-08-12 04:48:32 --> Session: Class initialized using 'CodeIgniter\Session\Handlers\FileHandler' driver.
DEBUG - 2026-08-12 04:48:32 --> Session: Class initialized using 'CodeIgniter\Session\Handlers\FileHandler' driver.
DEBUG - 2026-08-12 04:48:33 --> Session: Class initialized using 'CodeIgniter\Session\Handlers\FileHandler' driver.
DEBUG - 2026-08-12 04:48:33 --> Session: Class initialized using 'CodeIgniter\Session\Handlers\FileHandler' driver.
DEBUG - 2026-08-12 04:48:33 --> Session: Class initialized using 'CodeIgniter\Session\Handlers\FileHandler' driver.
DEBUG - 2026-08-12 04:48:33 --> Session: Class initialized using 'CodeIgniter\Session\Handlers\FileHandler' driver.
DEBUG - 2026-08-12 04:48:34 --> Session: Class initialized using 'CodeIgniter\Session\Handlers\FileHandler' driver.
DEBUG - 2026-08-12 04:48:34 --> Session: Class initialized using 'CodeIgniter\Session\Handlers\FileHandler' driver.
DEBUG - 2026-08-12 04:48:34 --> Session: Class initialized using 'CodeIgniter\Session\Handlers\FileHandler' driver.
DEBUG - 2026-08-12 04:48:35 --> Session: Class initialized using 'CodeIgniter\Session\Handlers\FileHandler' driver.
DEBUG - 2026-08-12 04:48:36 --> Session: Class initialized using 'CodeIgniter\Session\Handlers\FileHandler' driver.
DEBUG - 2026-08-12 04:48:37 --> Session: Class initialized using 'CodeIgniter\Session\Handlers\FileHandler' driver.
DEBUG - 2026-08-12 04:48:38 --> Session: Class initialized using 'CodeIgniter\Session\Handlers\FileHandler' driver.
DEBUG - 2026-08-12 04:48:39 --> Session: Class initialized using 'CodeIgniter\Session\Handlers\FileHandler' driver.
DEBUG - 2026-08-12 04:48:39 --> Session: Class initialized using 'CodeIgniter\Session\Handlers\FileHandler' driver.
DEBUG - 2026-08-12 04:48:39 --> Session: Class initialized using 'CodeIgniter\Session\Handlers\FileHandler' driver.
DEBUG - 2026-08-12 04:48:40 --> Session: Class initialized using 'CodeIgniter\Session\Handlers\FileHandler' driver.
DEBUG - 2026-08-12 04:48:40 --> Session: Class initialized using 'CodeIgniter\Session\Handlers\FileHandler' driver.
DEBUG - 2026-08-12 04:48:41 --> Session: Class initialized using 'CodeIgniter\Session\Handlers\FileHandler' driver.
DEBUG - 2026-08-12 04:48:41 --> Session: Class initialized using 'CodeIgniter\Session\Handlers\FileHandler' driver.
DEBUG - 2026-08-12 04:48:41 --> Session: Class initialized using 'CodeIgniter\Session\Handlers\FileHandler' driver.
DEBUG - 2026-08-12 04:48:42 --> Session: Class initialized using 'CodeIgniter\Session\Handlers\FileHandler' driver.
DEBUG - 2026-08-12 04:48:42 --> Session: Class initialized using 'CodeIgniter\Session\Handlers\FileHandler' driver.
DEBUG - 2026-08-12 04:48:42 --> Session: Class initialized using 'CodeIgniter\Session\Handlers\FileHandler' driver.
DEBUG - 2026-08-12 04:48:43 --> Session: Class initialized using 'CodeIgniter\Session\Handlers\FileHandler' driver.
DEBUG - 2026-08-12 04:48:43 --> Session: Class initialized using 'CodeIgniter\Session\Handlers\FileHandler' driver.
DEBUG - 2026-08-12 04:48:43 --> Session: Class initialized using 'CodeIgniter\Session\Handlers\FileHandler' driver.
DEBUG - 2026-08-12 04:48:44 --> Session: Class initialized using 'CodeIgniter\Session\Handlers\FileHandler' driver.
DEBUG - 2026-08-12 04:48:47 --> Session: Class initialized using 'CodeIgniter\Session\Handlers\FileHandler' driver.
DEBUG - 2026-08-12 04:48:48 --> Session: Class initialized using 'CodeIgniter\Session\Handlers\FileHandler' driver.
DEBUG - 2026-08-12 04:48:48 --> Session: Class initialized using 'CodeIgniter\Session\Handlers\FileHandler' driver.
DEBUG - 2026-08-12 04:48:48 --> Session: Class initialized using 'CodeIgniter\Session\Handlers\FileHandler' driver.
CRITICAL - 2026-08-12 04:48:50 --> ErrorException: Uncaught ErrorException: Undefined property: Config\Format::$jsonEncodeDepth in C:\Users\AKU BANGGA JADI IT 2\Documents\RafiChandra\Codeigniter4\bengkeltes\vendor\codeigniter4\framework\system\Format\JSONFormatter.php:44
Stack trace:
#0 C:\Users\AKU BANGGA JADI IT 2\Documents\RafiChandra\Codeigniter4\bengkeltes\vendor\codeigniter4\framework\system\Format\JSONFormatter.php(44): CodeIgniter\Debug\Exceptions->errorHandler(2, 'Undefined prope...', 'C:\\Users\\AKU BA...', 44)
#1 C:\Users\AKU BANGGA JADI IT 2\Documents\RafiChandra\Codeigniter4\bengkeltes\vendor\codeigniter4\framework\system\API\ResponseTrait.php(352): CodeIgniter\Format\JSONFormatter->format(Array)
#2 C:\Users\AKU BANGGA JADI IT 2\Documents\RafiChandra\Codeigniter4\bengkeltes\vendor\codeigniter4\framework\system\API\ResponseTrait.php(111): CodeIgniter\Debug\ExceptionHandler->format(Array)
#3 C:\Users\AKU BANGGA JADI IT 2\Documents\RafiChandra\Codeigniter4\bengkeltes\vendor\codeigniter4\framework\system\Debug\ExceptionHandler.php(95): CodeIgniter\Debug\ExceptionHandler->respond(Array, 404)
#4 C:\Users\AKU BANGGA JADI IT 2\Documents\RafiChandra\Codeigniter4\bengkeltes\vendor\codeigniter4\framework\system\Debug\Exceptions.php(151): CodeIgniter\Debug\ExceptionHandler->handle(Object(CodeIgniter\Exceptions\PageNotFoundException), Object(CodeIgniter\HTTP\IncomingRequest), Object(CodeIgniter\HTTP\Response), 404, 1)
#5 [internal function]: CodeIgniter\Debug\Exceptions->exceptionHandler(Object(CodeIgniter\Exceptions\PageNotFoundException))
#6 {main}
  thrown
【Previous Exception】
CodeIgniter\Exceptions\PageNotFoundException
Can't find a route for 'GET: .well-known/appspecific/com.chrome.devtools.json'.
#0 C:\Users\AKU BANGGA JADI IT 2\Documents\RafiChandra\Codeigniter4\bengkeltes\vendor\codeigniter4\framework\system\CodeIgniter.php(1024): CodeIgniter\Exceptions\PageNotFoundException::forPageNotFound('Can't find a ro...')
#1 C:\Users\AKU BANGGA JADI IT 2\Documents\RafiChandra\Codeigniter4\bengkeltes\vendor\codeigniter4\framework\system\CodeIgniter.php(369): CodeIgniter\CodeIgniter->display404errors(Object(CodeIgniter\Exceptions\PageNotFoundException))
#2 C:\Users\AKU BANGGA JADI IT 2\Documents\RafiChandra\Codeigniter4\bengkeltes\vendor\codeigniter4\framework\system\Boot.php(417): CodeIgniter\CodeIgniter->run()
#3 C:\Users\AKU BANGGA JADI IT 2\Documents\RafiChandra\Codeigniter4\bengkeltes\vendor\codeigniter4\framework\system\Boot.php(68): CodeIgniter\Boot::runCodeIgniter(Object(CodeIgniter\CodeIgniter))
#4 C:\Users\AKU BANGGA JADI IT 2\Documents\RafiChandra\Codeigniter4\bengkeltes\public\index.php(56): CodeIgniter\Boot::bootWeb(Object(Config\Paths))
#5 C:\Users\AKU BANGGA JADI IT 2\Documents\RafiChandra\Codeigniter4\bengkeltes\vendor\codeigniter4\framework\system\rewrite.php(44): require_once('C:\\Users\\AKU BA...')
#6 C:\Users\AKU BANGGA JADI IT 2\Documents\RafiChandra\Codeigniter4\bengkeltes\system\rewrite.php(6): require('C:\\Users\\AKU BA...')
#7 {main}
[Method: GET, Route: .well-known/appspecific/com.chrome.devtools.json]
in SYSTEMPATH\Format\JSONFormatter.php on line 44.
 1 [internal function]: CodeIgniter\Debug\Exceptions->shutdownHandler()
DEBUG - 2026-08-12 04:49:02 --> Session: Class initialized using 'CodeIgniter\Session\Handlers\FileHandler' driver.
WARNING - 2026-08-12 04:49:02 --> [DEPRECATED] Kint\Parser\Parser::__construct(): Implicitly marking parameter $caller as nullable is deprecated, the explicit nullable type must be used instead in VENDORPATH\kint-php\kint\src\Parser\Parser.php on line 75.
 1 VENDORPATH\composer\ClassLoader.php(576): include('C:\\Users\\AKU BANGGA JADI IT 2\\Documents\\RafiChandra\\Codeigniter4\\bengkeltes\\vendor\\codeigniter4\\framework\\system\\Debug\\Exceptions.php')
 2 VENDORPATH\composer\ClassLoader.php(427): {closure:Composer\Autoload\ClassLoader::initializeIncludeClosure():575}('C:\\Users\\AKU BANGGA JADI IT 2\\Documents\\RafiChandra\\Codeigniter4\\bengkeltes\\vendor\\composer/../kint-php/kint/src/Parser/Parser.php')
 3 VENDORPATH\kint-php\kint\src\Kint.php(345): Composer\Autoload\ClassLoader->loadClass('Kint\\Parser\\Parser')
 4 VENDORPATH\kint-php\kint\src\Kint.php(560): Kint\Kint::createFromStatics([...])
 5 SYSTEMPATH\Debug\Toolbar.php(112): Kint\Kint::dump([...])
 6 SYSTEMPATH\Debug\Toolbar.php(390): CodeIgniter\Debug\Toolbar->run(1786510142.034278, 0.0682, Object(CodeIgniter\HTTP\IncomingRequest), Object(CodeIgniter\HTTP\Response))
 7 SYSTEMPATH\Filters\DebugToolbar.php(44): CodeIgniter\Debug\Toolbar->prepare(Object(CodeIgniter\HTTP\IncomingRequest), Object(CodeIgniter\HTTP\Response))
 8 SYSTEMPATH\Filters\Filters.php(278): CodeIgniter\Filters\DebugToolbar->after(Object(CodeIgniter\HTTP\IncomingRequest), Object(CodeIgniter\HTTP\Response), null)
 9 SYSTEMPATH\Filters\Filters.php(364): CodeIgniter\Filters\Filters->runAfter([...])
10 SYSTEMPATH\CodeIgniter.php(416): CodeIgniter\Filters\Filters->runRequired('after')
11 SYSTEMPATH\CodeIgniter.php(377): CodeIgniter\CodeIgniter->runRequiredAfterFilters(Object(CodeIgniter\Filters\Filters))
12 SYSTEMPATH\Boot.php(417): CodeIgniter\CodeIgniter->run()
13 SYSTEMPATH\Boot.php(68): CodeIgniter\Boot::runCodeIgniter(Object(CodeIgniter\CodeIgniter))
14 FCPATH\index.php(56): CodeIgniter\Boot::bootWeb(Object(Config\Paths))
15 SYSTEMPATH\rewrite.php(44): require_once('C:\\Users\\AKU BANGGA JADI IT 2\\Documents\\RafiChandra\\Codeigniter4\\bengkeltes\\public\\index.php')
WARNING - 2026-08-12 04:49:02 --> [DEPRECATED] Kint\Parser\Parser::setCallerClass(): Implicitly marking parameter $caller as nullable is deprecated, the explicit nullable type must be used instead in VENDORPATH\kint-php\kint\src\Parser\Parser.php on line 86.
 1 VENDORPATH\composer\ClassLoader.php(576): include('C:\\Users\\AKU BANGGA JADI IT 2\\Documents\\RafiChandra\\Codeigniter4\\bengkeltes\\vendor\\codeigniter4\\framework\\system\\Debug\\Exceptions.php')
 2 VENDORPATH\composer\ClassLoader.php(427): {closure:Composer\Autoload\ClassLoader::initializeIncludeClosure():575}('C:\\Users\\AKU BANGGA JADI IT 2\\Documents\\RafiChandra\\Codeigniter4\\bengkeltes\\vendor\\composer/../kint-php/kint/src/Parser/Parser.php')
 3 VENDORPATH\kint-php\kint\src\Kint.php(345): Composer\Autoload\ClassLoader->loadClass('Kint\\Parser\\Parser')
 4 VENDORPATH\kint-php\kint\src\Kint.php(560): Kint\Kint::createFromStatics([...])
 5 SYSTEMPATH\Debug\Toolbar.php(112): Kint\Kint::dump([...])
 6 SYSTEMPATH\Debug\Toolbar.php(390): CodeIgniter\Debug\Toolbar->run(1786510142.034278, 0.0682, Object(CodeIgniter\HTTP\IncomingRequest), Object(CodeIgniter\HTTP\Response))
 7 SYSTEMPATH\Filters\DebugToolbar.php(44): CodeIgniter\Debug\Toolbar->prepare(Object(CodeIgniter\HTTP\IncomingRequest), Object(CodeIgniter\HTTP\Response))
 8 SYSTEMPATH\Filters\Filters.php(278): CodeIgniter\Filters\DebugToolbar->after(Object(CodeIgniter\HTTP\IncomingRequest), Object(CodeIgniter\HTTP\Response), null)
 9 SYSTEMPATH\Filters\Filters.php(364): CodeIgniter\Filters\Filters->runAfter([...])
10 SYSTEMPATH\CodeIgniter.php(416): CodeIgniter\Filters\Filters->runRequired('after')
11 SYSTEMPATH\CodeIgniter.php(377): CodeIgniter\CodeIgniter->runRequiredAfterFilters(Object(CodeIgniter\Filters\Filters))
12 SYSTEMPATH\Boot.php(417): CodeIgniter\CodeIgniter->run()
13 SYSTEMPATH\Boot.php(68): CodeIgniter\Boot::runCodeIgniter(Object(CodeIgniter\CodeIgniter))
14 FCPATH\index.php(56): CodeIgniter\Boot::bootWeb(Object(Config\Paths))
15 SYSTEMPATH\rewrite.php(44): require_once('C:\\Users\\AKU BANGGA JADI IT 2\\Documents\\RafiChandra\\Codeigniter4\\bengkeltes\\public\\index.php')
WARNING - 2026-08-12 04:49:02 --> [DEPRECATED] Kint\Zval\Value::addRepresentation(): Implicitly marking parameter $pos as nullable is deprecated, the explicit nullable type must be used instead in VENDORPATH\kint-php\kint\src\Zval\Value.php on line 65.
 1 VENDORPATH\composer\ClassLoader.php(576): include('C:\\Users\\AKU BANGGA JADI IT 2\\Documents\\RafiChandra\\Codeigniter4\\bengkeltes\\vendor\\codeigniter4\\framework\\system\\Debug\\Exceptions.php')
 2 VENDORPATH\composer\ClassLoader.php(427): {closure:Composer\Autoload\ClassLoader::initializeIncludeClosure():575}('C:\\Users\\AKU BANGGA JADI IT 2\\Documents\\RafiChandra\\Codeigniter4\\bengkeltes\\vendor\\composer/../kint-php/kint/src/Zval/Value.php')
 3 VENDORPATH\kint-php\kint\src\Kint.php(398): Composer\Autoload\ClassLoader->loadClass('Kint\\Zval\\Value')
 4 VENDORPATH\kint-php\kint\src\Kint.php(574): Kint\Kint::getBasesFromParamInfo([...], 1)
 5 SYSTEMPATH\Debug\Toolbar.php(112): Kint\Kint::dump([...])
 6 SYSTEMPATH\Debug\Toolbar.php(390): CodeIgniter\Debug\Toolbar->run(1786510142.034278, 0.0682, Object(CodeIgniter\HTTP\IncomingRequest), Object(CodeIgniter\HTTP\Response))
 7 SYSTEMPATH\Filters\DebugToolbar.php(44): CodeIgniter\Debug\Toolbar->prepare(Object(CodeIgniter\HTTP\IncomingRequest), Object(CodeIgniter\HTTP\Response))
 8 SYSTEMPATH\Filters\Filters.php(278): CodeIgniter\Filters\DebugToolbar->after(Object(CodeIgniter\HTTP\IncomingRequest), Object(CodeIgniter\HTTP\Response), null)
 9 SYSTEMPATH\Filters\Filters.php(364): CodeIgniter\Filters\Filters->runAfter([...])
10 SYSTEMPATH\CodeIgniter.php(416): CodeIgniter\Filters\Filters->runRequired('after')
11 SYSTEMPATH\CodeIgniter.php(377): CodeIgniter\CodeIgniter->runRequiredAfterFilters(Object(CodeIgniter\Filters\Filters))
12 SYSTEMPATH\Boot.php(417): CodeIgniter\CodeIgniter->run()
13 SYSTEMPATH\Boot.php(68): CodeIgniter\Boot::runCodeIgniter(Object(CodeIgniter\CodeIgniter))
14 FCPATH\index.php(56): CodeIgniter\Boot::bootWeb(Object(Config\Paths))
15 SYSTEMPATH\rewrite.php(44): require_once('C:\\Users\\AKU BANGGA JADI IT 2\\Documents\\RafiChandra\\Codeigniter4\\bengkeltes\\public\\index.php')
WARNING - 2026-08-12 04:49:02 --> [DEPRECATED] Kint\Zval\Value::replaceRepresentation(): Implicitly marking parameter $pos as nullable is deprecated, the explicit nullable type must be used instead in VENDORPATH\kint-php\kint\src\Zval\Value.php on line 84.
 1 VENDORPATH\composer\ClassLoader.php(576): include('C:\\Users\\AKU BANGGA JADI IT 2\\Documents\\RafiChandra\\Codeigniter4\\bengkeltes\\vendor\\codeigniter4\\framework\\system\\Debug\\Exceptions.php')
 2 VENDORPATH\composer\ClassLoader.php(427): {closure:Composer\Autoload\ClassLoader::initializeIncludeClosure():575}('C:\\Users\\AKU BANGGA JADI IT 2\\Documents\\RafiChandra\\Codeigniter4\\bengkeltes\\vendor\\composer/../kint-php/kint/src/Zval/Value.php')
 3 VENDORPATH\kint-php\kint\src\Kint.php(398): Composer\Autoload\ClassLoader->loadClass('Kint\\Zval\\Value')
 4 VENDORPATH\kint-php\kint\src\Kint.php(574): Kint\Kint::getBasesFromParamInfo([...], 1)
 5 SYSTEMPATH\Debug\Toolbar.php(112): Kint\Kint::dump([...])
 6 SYSTEMPATH\Debug\Toolbar.php(390): CodeIgniter\Debug\Toolbar->run(1786510142.034278, 0.0682, Object(CodeIgniter\HTTP\IncomingRequest), Object(CodeIgniter\HTTP\Response))
 7 SYSTEMPATH\Filters\DebugToolbar.php(44): CodeIgniter\Debug\Toolbar->prepare(Object(CodeIgniter\HTTP\IncomingRequest), Object(CodeIgniter\HTTP\Response))
 8 SYSTEMPATH\Filters\Filters.php(278): CodeIgniter\Filters\DebugToolbar->after(Object(CodeIgniter\HTTP\IncomingRequest), Object(CodeIgniter\HTTP\Response), null)
 9 SYSTEMPATH\Filters\Filters.php(364): CodeIgniter\Filters\Filters->runAfter([...])
10 SYSTEMPATH\CodeIgniter.php(416): CodeIgniter\Filters\Filters->runRequired('after')
11 SYSTEMPATH\CodeIgniter.php(377): CodeIgniter\CodeIgniter->runRequiredAfterFilters(Object(CodeIgniter\Filters\Filters))
12 SYSTEMPATH\Boot.php(417): CodeIgniter\CodeIgniter->run()
13 SYSTEMPATH\Boot.php(68): CodeIgniter\Boot::runCodeIgniter(Object(CodeIgniter\CodeIgniter))
14 FCPATH\index.php(56): CodeIgniter\Boot::bootWeb(Object(Config\Paths))
15 SYSTEMPATH\rewrite.php(44): require_once('C:\\Users\\AKU BANGGA JADI IT 2\\Documents\\RafiChandra\\Codeigniter4\\bengkeltes\\public\\index.php')
WARNING - 2026-08-12 04:49:02 --> [DEPRECATED] Kint\Zval\Value::blank(): Implicitly marking parameter $name as nullable is deprecated, the explicit nullable type must be used instead in VENDORPATH\kint-php\kint\src\Zval\Value.php on line 237.
 1 VENDORPATH\composer\ClassLoader.php(576): include('C:\\Users\\AKU BANGGA JADI IT 2\\Documents\\RafiChandra\\Codeigniter4\\bengkeltes\\vendor\\codeigniter4\\framework\\system\\Debug\\Exceptions.php')
 2 VENDORPATH\composer\ClassLoader.php(427): {closure:Composer\Autoload\ClassLoader::initializeIncludeClosure():575}('C:\\Users\\AKU BANGGA JADI IT 2\\Documents\\RafiChandra\\Codeigniter4\\bengkeltes\\vendor\\composer/../kint-php/kint/src/Zval/Value.php')
 3 VENDORPATH\kint-php\kint\src\Kint.php(398): Composer\Autoload\ClassLoader->loadClass('Kint\\Zval\\Value')
 4 VENDORPATH\kint-php\kint\src\Kint.php(574): Kint\Kint::getBasesFromParamInfo([...], 1)
 5 SYSTEMPATH\Debug\Toolbar.php(112): Kint\Kint::dump([...])
 6 SYSTEMPATH\Debug\Toolbar.php(390): CodeIgniter\Debug\Toolbar->run(1786510142.034278, 0.0682, Object(CodeIgniter\HTTP\IncomingRequest), Object(CodeIgniter\HTTP\Response))
 7 SYSTEMPATH\Filters\DebugToolbar.php(44): CodeIgniter\Debug\Toolbar->prepare(Object(CodeIgniter\HTTP\IncomingRequest), Object(CodeIgniter\HTTP\Response))
 8 SYSTEMPATH\Filters\Filters.php(278): CodeIgniter\Filters\DebugToolbar->after(Object(CodeIgniter\HTTP\IncomingRequest), Object(CodeIgniter\HTTP\Response), null)
 9 SYSTEMPATH\Filters\Filters.php(364): CodeIgniter\Filters\Filters->runAfter([...])
10 SYSTEMPATH\CodeIgniter.php(416): CodeIgniter\Filters\Filters->runRequired('after')
11 SYSTEMPATH\CodeIgniter.php(377): CodeIgniter\CodeIgniter->runRequiredAfterFilters(Object(CodeIgniter\Filters\Filters))
12 SYSTEMPATH\Boot.php(417): CodeIgniter\CodeIgniter->run()
13 SYSTEMPATH\Boot.php(68): CodeIgniter\Boot::runCodeIgniter(Object(CodeIgniter\CodeIgniter))
14 FCPATH\index.php(56): CodeIgniter\Boot::bootWeb(Object(Config\Paths))
15 SYSTEMPATH\rewrite.php(44): require_once('C:\\Users\\AKU BANGGA JADI IT 2\\Documents\\RafiChandra\\Codeigniter4\\bengkeltes\\public\\index.php')
WARNING - 2026-08-12 04:49:02 --> [DEPRECATED] Kint\Zval\Value::blank(): Implicitly marking parameter $access_path as nullable is deprecated, the explicit nullable type must be used instead in VENDORPATH\kint-php\kint\src\Zval\Value.php on line 237.
 1 VENDORPATH\composer\ClassLoader.php(576): include('C:\\Users\\AKU BANGGA JADI IT 2\\Documents\\RafiChandra\\Codeigniter4\\bengkeltes\\vendor\\codeigniter4\\framework\\system\\Debug\\Exceptions.php')
 2 VENDORPATH\composer\ClassLoader.php(427): {closure:Composer\Autoload\ClassLoader::initializeIncludeClosure():575}('C:\\Users\\AKU BANGGA JADI IT 2\\Documents\\RafiChandra\\Codeigniter4\\bengkeltes\\vendor\\composer/../kint-php/kint/src/Zval/Value.php')
 3 VENDORPATH\kint-php\kint\src\Kint.php(398): Composer\Autoload\ClassLoader->loadClass('Kint\\Zval\\Value')
 4 VENDORPATH\kint-php\kint\src\Kint.php(574): Kint\Kint::getBasesFromParamInfo([...], 1)
 5 SYSTEMPATH\Debug\Toolbar.php(112): Kint\Kint::dump([...])
 6 SYSTEMPATH\Debug\Toolbar.php(390): CodeIgniter\Debug\Toolbar->run(1786510142.034278, 0.0682, Object(CodeIgniter\HTTP\IncomingRequest), Object(CodeIgniter\HTTP\Response))
 7 SYSTEMPATH\Filters\DebugToolbar.php(44): CodeIgniter\Debug\Toolbar->prepare(Object(CodeIgniter\HTTP\IncomingRequest), Object(CodeIgniter\HTTP\Response))
 8 SYSTEMPATH\Filters\Filters.php(278): CodeIgniter\Filters\DebugToolbar->after(Object(CodeIgniter\HTTP\IncomingRequest), Object(CodeIgniter\HTTP\Response), null)
 9 SYSTEMPATH\Filters\Filters.php(364): CodeIgniter\Filters\Filters->runAfter([...])
10 SYSTEMPATH\CodeIgniter.php(416): CodeIgniter\Filters\Filters->runRequired('after')
11 SYSTEMPATH\CodeIgniter.php(377): CodeIgniter\CodeIgniter->runRequiredAfterFilters(Object(CodeIgniter\Filters\Filters))
12 SYSTEMPATH\Boot.php(417): CodeIgniter\CodeIgniter->run()
13 SYSTEMPATH\Boot.php(68): CodeIgniter\Boot::runCodeIgniter(Object(CodeIgniter\CodeIgniter))
14 FCPATH\index.php(56): CodeIgniter\Boot::bootWeb(Object(Config\Paths))
15 SYSTEMPATH\rewrite.php(44): require_once('C:\\Users\\AKU BANGGA JADI IT 2\\Documents\\RafiChandra\\Codeigniter4\\bengkeltes\\public\\index.php')
WARNING - 2026-08-12 04:49:02 --> [DEPRECATED] Kint\Zval\Representation\Representation::__construct(): Implicitly marking parameter $name as nullable is deprecated, the explicit nullable type must be used instead in VENDORPATH\kint-php\kint\src\Zval\Representation\Representation.php on line 39.
 1 VENDORPATH\composer\ClassLoader.php(576): include('C:\\Users\\AKU BANGGA JADI IT 2\\Documents\\RafiChandra\\Codeigniter4\\bengkeltes\\vendor\\codeigniter4\\framework\\system\\Debug\\Exceptions.php')
 2 VENDORPATH\composer\ClassLoader.php(427): {closure:Composer\Autoload\ClassLoader::initializeIncludeClosure():575}('C:\\Users\\AKU BANGGA JADI IT 2\\Documents\\RafiChandra\\Codeigniter4\\bengkeltes\\vendor\\composer/../kint-php/kint/src/Zval/Representation/Representation.php')
 3 VENDORPATH\kint-php\kint\src\Parser\Parser.php(323): Composer\Autoload\ClassLoader->loadClass('Kint\\Zval\\Representation\\Representation')
 4 VENDORPATH\kint-php\kint\src\Parser\Parser.php(131): Kint\Parser\Parser->parseArray([...], Object(Kint\Zval\Value))
 5 VENDORPATH\kint-php\kint\src\Kint.php(285): Kint\Parser\Parser->parse([...], Object(Kint\Zval\Value))
 6 VENDORPATH\kint-php\kint\src\Kint.php(268): Kint\Kint->dumpVar([...], Object(Kint\Zval\Value))
 7 VENDORPATH\kint-php\kint\src\Kint.php(575): Kint\Kint->dumpAll([...], [...])
 8 SYSTEMPATH\Debug\Toolbar.php(112): Kint\Kint::dump([...])
 9 SYSTEMPATH\Debug\Toolbar.php(390): CodeIgniter\Debug\Toolbar->run(1786510142.034278, 0.0682, Object(CodeIgniter\HTTP\IncomingRequest), Object(CodeIgniter\HTTP\Response))
10 SYSTEMPATH\Filters\DebugToolbar.php(44): CodeIgniter\Debug\Toolbar->prepare(Object(CodeIgniter\HTTP\IncomingRequest), Object(CodeIgniter\HTTP\Response))
11 SYSTEMPATH\Filters\Filters.php(278): CodeIgniter\Filters\DebugToolbar->after(Object(CodeIgniter\HTTP\IncomingRequest), Object(CodeIgniter\HTTP\Response), null)
12 SYSTEMPATH\Filters\Filters.php(364): CodeIgniter\Filters\Filters->runAfter([...])
13 SYSTEMPATH\CodeIgniter.php(416): CodeIgniter\Filters\Filters->runRequired('after')
14 SYSTEMPATH\CodeIgniter.php(377): CodeIgniter\CodeIgniter->runRequiredAfterFilters(Object(CodeIgniter\Filters\Filters))
15 SYSTEMPATH\Boot.php(417): CodeIgniter\CodeIgniter->run()
16 SYSTEMPATH\Boot.php(68): CodeIgniter\Boot::runCodeIgniter(Object(CodeIgniter\CodeIgniter))
17 FCPATH\index.php(56): CodeIgniter\Boot::bootWeb(Object(Config\Paths))
18 SYSTEMPATH\rewrite.php(44): require_once('C:\\Users\\AKU BANGGA JADI IT 2\\Documents\\RafiChandra\\Codeigniter4\\bengkeltes\\public\\index.php')
WARNING - 2026-08-12 04:49:02 --> [DEPRECATED] Kint\Zval\BlobValue::substr(): Implicitly marking parameter $length as nullable is deprecated, the explicit nullable type must be used instead in VENDORPATH\kint-php\kint\src\Zval\BlobValue.php on line 144.
 1 VENDORPATH\composer\ClassLoader.php(576): include('C:\\Users\\AKU BANGGA JADI IT 2\\Documents\\RafiChandra\\Codeigniter4\\bengkeltes\\vendor\\codeigniter4\\framework\\system\\Debug\\Exceptions.php')
 2 VENDORPATH\composer\ClassLoader.php(427): {closure:Composer\Autoload\ClassLoader::initializeIncludeClosure():575}('C:\\Users\\AKU BANGGA JADI IT 2\\Documents\\RafiChandra\\Codeigniter4\\bengkeltes\\vendor\\composer/../kint-php/kint/src/Zval/BlobValue.php')
 3 VENDORPATH\kint-php\kint\src\Parser\Parser.php(285): Composer\Autoload\ClassLoader->loadClass('Kint\\Zval\\BlobValue')
 4 VENDORPATH\kint-php\kint\src\Parser\Parser.php(142): Kint\Parser\Parser->parseString('1,250', Object(Kint\Zval\Value))
 5 VENDORPATH\kint-php\kint\src\Parser\Parser.php(387): Kint\Parser\Parser->parse('1,250', Object(Kint\Zval\Value))
 6 VENDORPATH\kint-php\kint\src\Parser\Parser.php(131): Kint\Parser\Parser->parseArray([...], Object(Kint\Zval\Value))
 7 VENDORPATH\kint-php\kint\src\Kint.php(285): Kint\Parser\Parser->parse([...], Object(Kint\Zval\Value))
 8 VENDORPATH\kint-php\kint\src\Kint.php(268): Kint\Kint->dumpVar([...], Object(Kint\Zval\Value))
 9 VENDORPATH\kint-php\kint\src\Kint.php(575): Kint\Kint->dumpAll([...], [...])
10 SYSTEMPATH\Debug\Toolbar.php(112): Kint\Kint::dump([...])
11 SYSTEMPATH\Debug\Toolbar.php(390): CodeIgniter\Debug\Toolbar->run(1786510142.034278, 0.0682, Object(CodeIgniter\HTTP\IncomingRequest), Object(CodeIgniter\HTTP\Response))
12 SYSTEMPATH\Filters\DebugToolbar.php(44): CodeIgniter\Debug\Toolbar->prepare(Object(CodeIgniter\HTTP\IncomingRequest), Object(CodeIgniter\HTTP\Response))
13 SYSTEMPATH\Filters\Filters.php(278): CodeIgniter\Filters\DebugToolbar->after(Object(CodeIgniter\HTTP\IncomingRequest), Object(CodeIgniter\HTTP\Response), null)
14 SYSTEMPATH\Filters\Filters.php(364): CodeIgniter\Filters\Filters->runAfter([...])
15 SYSTEMPATH\CodeIgniter.php(416): CodeIgniter\Filters\Filters->runRequired('after')
16 SYSTEMPATH\CodeIgniter.php(377): CodeIgniter\CodeIgniter->runRequiredAfterFilters(Object(CodeIgniter\Filters\Filters))
17 SYSTEMPATH\Boot.php(417): CodeIgniter\CodeIgniter->run()
18 SYSTEMPATH\Boot.php(68): CodeIgniter\Boot::runCodeIgniter(Object(CodeIgniter\CodeIgniter))
19 FCPATH\index.php(56): CodeIgniter\Boot::bootWeb(Object(Config\Paths))
20 SYSTEMPATH\rewrite.php(44): require_once('C:\\Users\\AKU BANGGA JADI IT 2\\Documents\\RafiChandra\\Codeigniter4\\bengkeltes\\public\\index.php')
WARNING - 2026-08-12 04:49:02 --> [DEPRECATED] Kint\Zval\Representation\ColorRepresentation::getColor(): Implicitly marking parameter $variant as nullable is deprecated, the explicit nullable type must be used instead in VENDORPATH\kint-php\kint\src\Zval\Representation\ColorRepresentation.php on line 214.
 1 VENDORPATH\composer\ClassLoader.php(576): include('C:\\Users\\AKU BANGGA JADI IT 2\\Documents\\RafiChandra\\Codeigniter4\\bengkeltes\\vendor\\codeigniter4\\framework\\system\\Debug\\Exceptions.php')
 2 VENDORPATH\composer\ClassLoader.php(427): {closure:Composer\Autoload\ClassLoader::initializeIncludeClosure():575}('C:\\Users\\AKU BANGGA JADI IT 2\\Documents\\RafiChandra\\Codeigniter4\\bengkeltes\\vendor\\composer/../kint-php/kint/src/Zval/Representation/ColorRepresentation.php')
 3 VENDORPATH\kint-php\kint\src\Parser\ColorPlugin.php(53): Composer\Autoload\ClassLoader->loadClass('Kint\\Zval\\Representation\\ColorRepresentation')
 4 VENDORPATH\kint-php\kint\src\Parser\Parser.php(636): Kint\Parser\ColorPlugin->parse('1,250', Object(Kint\Zval\BlobValue), 2)
 5 VENDORPATH\kint-php\kint\src\Parser\Parser.php(297): Kint\Parser\Parser->applyPlugins('1,250', Object(Kint\Zval\BlobValue), 2)
 6 VENDORPATH\kint-php\kint\src\Parser\Parser.php(142): Kint\Parser\Parser->parseString('1,250', Object(Kint\Zval\Value))
 7 VENDORPATH\kint-php\kint\src\Parser\Parser.php(387): Kint\Parser\Parser->parse('1,250', Object(Kint\Zval\Value))
 8 VENDORPATH\kint-php\kint\src\Parser\Parser.php(131): Kint\Parser\Parser->parseArray([...], Object(Kint\Zval\Value))
 9 VENDORPATH\kint-php\kint\src\Kint.php(285): Kint\Parser\Parser->parse([...], Object(Kint\Zval\Value))
10 VENDORPATH\kint-php\kint\src\Kint.php(268): Kint\Kint->dumpVar([...], Object(Kint\Zval\Value))
11 VENDORPATH\kint-php\kint\src\Kint.php(575): Kint\Kint->dumpAll([...], [...])
12 SYSTEMPATH\Debug\Toolbar.php(112): Kint\Kint::dump([...])
13 SYSTEMPATH\Debug\Toolbar.php(390): CodeIgniter\Debug\Toolbar->run(1786510142.034278, 0.0682, Object(CodeIgniter\HTTP\IncomingRequest), Object(CodeIgniter\HTTP\Response))
14 SYSTEMPATH\Filters\DebugToolbar.php(44): CodeIgniter\Debug\Toolbar->prepare(Object(CodeIgniter\HTTP\IncomingRequest), Object(CodeIgniter\HTTP\Response))
15 SYSTEMPATH\Filters\Filters.php(278): CodeIgniter\Filters\DebugToolbar->after(Object(CodeIgniter\HTTP\IncomingRequest), Object(CodeIgniter\HTTP\Response), null)
16 SYSTEMPATH\Filters\Filters.php(364): CodeIgniter\Filters\Filters->runAfter([...])
17 SYSTEMPATH\CodeIgniter.php(416): CodeIgniter\Filters\Filters->runRequired('after')
18 SYSTEMPATH\CodeIgniter.php(377): CodeIgniter\CodeIgniter->runRequiredAfterFilters(Object(CodeIgniter\Filters\Filters))
19 SYSTEMPATH\Boot.php(417): CodeIgniter\CodeIgniter->run()
20 SYSTEMPATH\Boot.php(68): CodeIgniter\Boot::runCodeIgniter(Object(CodeIgniter\CodeIgniter))
21 FCPATH\index.php(56): CodeIgniter\Boot::bootWeb(Object(Config\Paths))
22 SYSTEMPATH\rewrite.php(44): require_once('C:\\Users\\AKU BANGGA JADI IT 2\\Documents\\RafiChandra\\Codeigniter4\\bengkeltes\\public\\index.php')
WARNING - 2026-08-12 04:49:02 --> [DEPRECATED] Kint\Zval\Representation\ColorRepresentation::hasAlpha(): Implicitly marking parameter $variant as nullable is deprecated, the explicit nullable type must be used instead in VENDORPATH\kint-php\kint\src\Zval\Representation\ColorRepresentation.php on line 278.
 1 VENDORPATH\composer\ClassLoader.php(576): include('C:\\Users\\AKU BANGGA JADI IT 2\\Documents\\RafiChandra\\Codeigniter4\\bengkeltes\\vendor\\codeigniter4\\framework\\system\\Debug\\Exceptions.php')
 2 VENDORPATH\composer\ClassLoader.php(427): {closure:Composer\Autoload\ClassLoader::initializeIncludeClosure():575}('C:\\Users\\AKU BANGGA JADI IT 2\\Documents\\RafiChandra\\Codeigniter4\\bengkeltes\\vendor\\composer/../kint-php/kint/src/Zval/Representation/ColorRepresentation.php')
 3 VENDORPATH\kint-php\kint\src\Parser\ColorPlugin.php(53): Composer\Autoload\ClassLoader->loadClass('Kint\\Zval\\Representation\\ColorRepresentation')
 4 VENDORPATH\kint-php\kint\src\Parser\Parser.php(636): Kint\Parser\ColorPlugin->parse('1,250', Object(Kint\Zval\BlobValue), 2)
 5 VENDORPATH\kint-php\kint\src\Parser\Parser.php(297): Kint\Parser\Parser->applyPlugins('1,250', Object(Kint\Zval\BlobValue), 2)
 6 VENDORPATH\kint-php\kint\src\Parser\Parser.php(142): Kint\Parser\Parser->parseString('1,250', Object(Kint\Zval\Value))
 7 VENDORPATH\kint-php\kint\src\Parser\Parser.php(387): Kint\Parser\Parser->parse('1,250', Object(Kint\Zval\Value))
 8 VENDORPATH\kint-php\kint\src\Parser\Parser.php(131): Kint\Parser\Parser->parseArray([...], Object(Kint\Zval\Value))
 9 VENDORPATH\kint-php\kint\src\Kint.php(285): Kint\Parser\Parser->parse([...], Object(Kint\Zval\Value))
10 VENDORPATH\kint-php\kint\src\Kint.php(268): Kint\Kint->dumpVar([...], Object(Kint\Zval\Value))
11 VENDORPATH\kint-php\kint\src\Kint.php(575): Kint\Kint->dumpAll([...], [...])
12 SYSTEMPATH\Debug\Toolbar.php(112): Kint\Kint::dump([...])
13 SYSTEMPATH\Debug\Toolbar.php(390): CodeIgniter\Debug\Toolbar->run(1786510142.034278, 0.0682, Object(CodeIgniter\HTTP\IncomingRequest), Object(CodeIgniter\HTTP\Response))
14 SYSTEMPATH\Filters\DebugToolbar.php(44): CodeIgniter\Debug\Toolbar->prepare(Object(CodeIgniter\HTTP\IncomingRequest), Object(CodeIgniter\HTTP\Response))
15 SYSTEMPATH\Filters\Filters.php(278): CodeIgniter\Filters\DebugToolbar->after(Object(CodeIgniter\HTTP\IncomingRequest), Object(CodeIgniter\HTTP\Response), null)
16 SYSTEMPATH\Filters\Filters.php(364): CodeIgniter\Filters\Filters->runAfter([...])
17 SYSTEMPATH\CodeIgniter.php(416): CodeIgniter\Filters\Filters->runRequired('after')
18 SYSTEMPATH\CodeIgniter.php(377): CodeIgniter\CodeIgniter->runRequiredAfterFilters(Object(CodeIgniter\Filters\Filters))
19 SYSTEMPATH\Boot.php(417): CodeIgniter\CodeIgniter->run()
20 SYSTEMPATH\Boot.php(68): CodeIgniter\Boot::runCodeIgniter(Object(CodeIgniter\CodeIgniter))
21 FCPATH\index.php(56): CodeIgniter\Boot::bootWeb(Object(Config\Paths))
22 SYSTEMPATH\rewrite.php(44): require_once('C:\\Users\\AKU BANGGA JADI IT 2\\Documents\\RafiChandra\\Codeigniter4\\bengkeltes\\public\\index.php')
DEBUG - 2026-08-12 04:49:05 --> Session: Class initialized using 'CodeIgniter\Session\Handlers\FileHandler' driver.
DEBUG - 2026-08-12 04:49:42 --> Session: Class initialized using 'CodeIgniter\Session\Handlers\FileHandler' driver.
DEBUG - 2026-08-12 04:49:42 --> Session: Class initialized using 'CodeIgniter\Session\Handlers\FileHandler' driver.
DEBUG - 2026-08-12 04:49:43 --> Session: Class initialized using 'CodeIgniter\Session\Handlers\FileHandler' driver.
DEBUG - 2026-08-12 04:49:43 --> Session: Class initialized using 'CodeIgniter\Session\Handlers\FileHandler' driver.
DEBUG - 2026-08-12 04:49:44 --> Session: Class initialized using 'CodeIgniter\Session\Handlers\FileHandler' driver.
DEBUG - 2026-08-12 04:49:44 --> Session: Class initialized using 'CodeIgniter\Session\Handlers\FileHandler' driver.
DEBUG - 2026-08-12 04:49:45 --> Session: Class initialized using 'CodeIgniter\Session\Handlers\FileHandler' driver.
CRITICAL - 2026-08-12 04:49:45 --> ErrorException: Undefined array key "totalUser"
[Method: GET, Route: dashboard]
in APPPATH\Views\page\content\dashboard.php on line 36.
 1 APPPATH\Views\page\content\dashboard.php(36): CodeIgniter\Debug\Exceptions->errorHandler(2, 'Undefined array key "totalUser"', 'C:\\Users\\AKU BANGGA JADI IT 2\\Documents\\RafiChandra\\Codeigniter4\\bengkeltes\\app\\Views\\page\\content\\dashboard.php', 36)
 2 SYSTEMPATH\View\View.php(240): include('C:\\Users\\AKU BANGGA JADI IT 2\\Documents\\RafiChandra\\Codeigniter4\\bengkeltes\\app\\Views\\page\\content\\dashboard.php')
 3 SYSTEMPATH\View\View.php(243): CodeIgniter\View\View->{closure:CodeIgniter\View\View::render():237}()
 4 SYSTEMPATH\Common.php(1268): CodeIgniter\View\View->render('page/content/dashboard', [], true)
 5 APPPATH\Controllers\Dashboard.php(66): view('page/content/dashboard', [...])
 6 SYSTEMPATH\CodeIgniter.php(974): App\Controllers\Dashboard->index()
 7 SYSTEMPATH\CodeIgniter.php(520): CodeIgniter\CodeIgniter->runController(Object(App\Controllers\Dashboard))
 8 SYSTEMPATH\CodeIgniter.php(363): CodeIgniter\CodeIgniter->handleRequest(null, Object(Config\Cache), false)
 9 SYSTEMPATH\Boot.php(417): CodeIgniter\CodeIgniter->run()
10 SYSTEMPATH\Boot.php(68): CodeIgniter\Boot::runCodeIgniter(Object(CodeIgniter\CodeIgniter))
11 FCPATH\index.php(56): CodeIgniter\Boot::bootWeb(Object(Config\Paths))
12 SYSTEMPATH\rewrite.php(44): require_once('C:\\Users\\AKU BANGGA JADI IT 2\\Documents\\RafiChandra\\Codeigniter4\\bengkeltes\\public\\index.php')
CRITICAL - 2026-08-12 04:49:45 --> ErrorException: Undefined array key "totalUser"
[Method: GET, Route: dashboard]
in APPPATH\Views\page\content\dashboard.php on line 36.
 1 APPPATH\Views\page\content\dashboard.php(36): CodeIgniter\Debug\Exceptions->errorHandler(2, 'Undefined array key "totalUser"', 'C:\\Users\\AKU BANGGA JADI IT 2\\Documents\\RafiChandra\\Codeigniter4\\bengkeltes\\app\\Views\\page\\content\\dashboard.php', 36)
 2 SYSTEMPATH\View\View.php(240): include('C:\\Users\\AKU BANGGA JADI IT 2\\Documents\\RafiChandra\\Codeigniter4\\bengkeltes\\app\\Views\\page\\content\\dashboard.php')
 3 SYSTEMPATH\View\View.php(243): CodeIgniter\View\View->{closure:CodeIgniter\View\View::render():237}()
 4 SYSTEMPATH\Common.php(1268): CodeIgniter\View\View->render('page/content/dashboard', [], true)
 5 APPPATH\Controllers\Dashboard.php(66): view('page/content/dashboard', [...])
 6 SYSTEMPATH\CodeIgniter.php(974): App\Controllers\Dashboard->index()
 7 SYSTEMPATH\CodeIgniter.php(520): CodeIgniter\CodeIgniter->runController(Object(App\Controllers\Dashboard))
 8 SYSTEMPATH\CodeIgniter.php(363): CodeIgniter\CodeIgniter->handleRequest(null, Object(Config\Cache), false)
 9 SYSTEMPATH\Boot.php(417): CodeIgniter\CodeIgniter->run()
10 SYSTEMPATH\Boot.php(68): CodeIgniter\Boot::runCodeIgniter(Object(CodeIgniter\CodeIgniter))
11 FCPATH\index.php(56): CodeIgniter\Boot::bootWeb(Object(Config\Paths))
12 SYSTEMPATH\rewrite.php(44): require_once('C:\\Users\\AKU BANGGA JADI IT 2\\Documents\\RafiChandra\\Codeigniter4\\bengkeltes\\public\\index.php')
CRITICAL - 2026-08-12 04:49:45 --> ErrorException: Undefined array key "totalUser"
[Method: GET, Route: dashboard]
in APPPATH\Views\page\content\dashboard.php on line 36.
 1 APPPATH\Views\page\content\dashboard.php(36): CodeIgniter\Debug\Exceptions->errorHandler(2, 'Undefined array key "totalUser"', 'C:\\Users\\AKU BANGGA JADI IT 2\\Documents\\RafiChandra\\Codeigniter4\\bengkeltes\\app\\Views\\page\\content\\dashboard.php', 36)
 2 SYSTEMPATH\View\View.php(240): include('C:\\Users\\AKU BANGGA JADI IT 2\\Documents\\RafiChandra\\Codeigniter4\\bengkeltes\\app\\Views\\page\\content\\dashboard.php')
 3 SYSTEMPATH\View\View.php(243): CodeIgniter\View\View->{closure:CodeIgniter\View\View::render():237}()
 4 SYSTEMPATH\Common.php(1268): CodeIgniter\View\View->render('page/content/dashboard', [], true)
 5 APPPATH\Controllers\Dashboard.php(66): view('page/content/dashboard', [...])
 6 SYSTEMPATH\CodeIgniter.php(974): App\Controllers\Dashboard->index()
 7 SYSTEMPATH\CodeIgniter.php(520): CodeIgniter\CodeIgniter->runController(Object(App\Controllers\Dashboard))
 8 SYSTEMPATH\CodeIgniter.php(363): CodeIgniter\CodeIgniter->handleRequest(null, Object(Config\Cache), false)
 9 SYSTEMPATH\Boot.php(417): CodeIgniter\CodeIgniter->run()
10 SYSTEMPATH\Boot.php(68): CodeIgniter\Boot::runCodeIgniter(Object(CodeIgniter\CodeIgniter))
11 FCPATH\index.php(56): CodeIgniter\Boot::bootWeb(Object(Config\Paths))
12 SYSTEMPATH\rewrite.php(44): require_once('C:\\Users\\AKU BANGGA JADI IT 2\\Documents\\RafiChandra\\Codeigniter4\\bengkeltes\\public\\index.php')
CRITICAL - 2026-08-12 04:49:46 --> ErrorException: Undefined array key "totalUser"
[Method: GET, Route: dashboard]
in APPPATH\Views\page\content\dashboard.php on line 36.
 1 APPPATH\Views\page\content\dashboard.php(36): CodeIgniter\Debug\Exceptions->errorHandler(2, 'Undefined array key "totalUser"', 'C:\\Users\\AKU BANGGA JADI IT 2\\Documents\\RafiChandra\\Codeigniter4\\bengkeltes\\app\\Views\\page\\content\\dashboard.php', 36)
 2 SYSTEMPATH\View\View.php(240): include('C:\\Users\\AKU BANGGA JADI IT 2\\Documents\\RafiChandra\\Codeigniter4\\bengkeltes\\app\\Views\\page\\content\\dashboard.php')
 3 SYSTEMPATH\View\View.php(243): CodeIgniter\View\View->{closure:CodeIgniter\View\View::render():237}()
 4 SYSTEMPATH\Common.php(1268): CodeIgniter\View\View->render('page/content/dashboard', [], true)
 5 APPPATH\Controllers\Dashboard.php(66): view('page/content/dashboard', [...])
 6 SYSTEMPATH\CodeIgniter.php(974): App\Controllers\Dashboard->index()
 7 SYSTEMPATH\CodeIgniter.php(520): CodeIgniter\CodeIgniter->runController(Object(App\Controllers\Dashboard))
 8 SYSTEMPATH\CodeIgniter.php(363): CodeIgniter\CodeIgniter->handleRequest(null, Object(Config\Cache), false)
 9 SYSTEMPATH\Boot.php(417): CodeIgniter\CodeIgniter->run()
10 SYSTEMPATH\Boot.php(68): CodeIgniter\Boot::runCodeIgniter(Object(CodeIgniter\CodeIgniter))
11 FCPATH\index.php(56): CodeIgniter\Boot::bootWeb(Object(Config\Paths))
12 SYSTEMPATH\rewrite.php(44): require_once('C:\\Users\\AKU BANGGA JADI IT 2\\Documents\\RafiChandra\\Codeigniter4\\bengkeltes\\public\\index.php')
CRITICAL - 2026-08-12 04:49:48 --> ErrorException: Undefined array key "totalUser"
[Method: GET, Route: dashboard]
in APPPATH\Views\page\content\dashboard.php on line 36.
 1 APPPATH\Views\page\content\dashboard.php(36): CodeIgniter\Debug\Exceptions->errorHandler(2, 'Undefined array key "totalUser"', 'C:\\Users\\AKU BANGGA JADI IT 2\\Documents\\RafiChandra\\Codeigniter4\\bengkeltes\\app\\Views\\page\\content\\dashboard.php', 36)
 2 SYSTEMPATH\View\View.php(240): include('C:\\Users\\AKU BANGGA JADI IT 2\\Documents\\RafiChandra\\Codeigniter4\\bengkeltes\\app\\Views\\page\\content\\dashboard.php')
 3 SYSTEMPATH\View\View.php(243): CodeIgniter\View\View->{closure:CodeIgniter\View\View::render():237}()
 4 SYSTEMPATH\Common.php(1268): CodeIgniter\View\View->render('page/content/dashboard', [], true)
 5 APPPATH\Controllers\Dashboard.php(66): view('page/content/dashboard', [...])
 6 SYSTEMPATH\CodeIgniter.php(974): App\Controllers\Dashboard->index()
 7 SYSTEMPATH\CodeIgniter.php(520): CodeIgniter\CodeIgniter->runController(Object(App\Controllers\Dashboard))
 8 SYSTEMPATH\CodeIgniter.php(363): CodeIgniter\CodeIgniter->handleRequest(null, Object(Config\Cache), false)
 9 SYSTEMPATH\Boot.php(417): CodeIgniter\CodeIgniter->run()
10 SYSTEMPATH\Boot.php(68): CodeIgniter\Boot::runCodeIgniter(Object(CodeIgniter\CodeIgniter))
11 FCPATH\index.php(56): CodeIgniter\Boot::bootWeb(Object(Config\Paths))
12 SYSTEMPATH\rewrite.php(44): require_once('C:\\Users\\AKU BANGGA JADI IT 2\\Documents\\RafiChandra\\Codeigniter4\\bengkeltes\\public\\index.php')
CRITICAL - 2026-08-12 04:49:48 --> ErrorException: Undefined array key "totalUser"
[Method: GET, Route: dashboard]
in APPPATH\Views\page\content\dashboard.php on line 36.
 1 APPPATH\Views\page\content\dashboard.php(36): CodeIgniter\Debug\Exceptions->errorHandler(2, 'Undefined array key "totalUser"', 'C:\\Users\\AKU BANGGA JADI IT 2\\Documents\\RafiChandra\\Codeigniter4\\bengkeltes\\app\\Views\\page\\content\\dashboard.php', 36)
 2 SYSTEMPATH\View\View.php(240): include('C:\\Users\\AKU BANGGA JADI IT 2\\Documents\\RafiChandra\\Codeigniter4\\bengkeltes\\app\\Views\\page\\content\\dashboard.php')
 3 SYSTEMPATH\View\View.php(243): CodeIgniter\View\View->{closure:CodeIgniter\View\View::render():237}()
 4 SYSTEMPATH\Common.php(1268): CodeIgniter\View\View->render('page/content/dashboard', [], true)
 5 APPPATH\Controllers\Dashboard.php(66): view('page/content/dashboard', [...])
 6 SYSTEMPATH\CodeIgniter.php(974): App\Controllers\Dashboard->index()
 7 SYSTEMPATH\CodeIgniter.php(520): CodeIgniter\CodeIgniter->runController(Object(App\Controllers\Dashboard))
 8 SYSTEMPATH\CodeIgniter.php(363): CodeIgniter\CodeIgniter->handleRequest(null, Object(Config\Cache), false)
 9 SYSTEMPATH\Boot.php(417): CodeIgniter\CodeIgniter->run()
10 SYSTEMPATH\Boot.php(68): CodeIgniter\Boot::runCodeIgniter(Object(CodeIgniter\CodeIgniter))
11 FCPATH\index.php(56): CodeIgniter\Boot::bootWeb(Object(Config\Paths))
12 SYSTEMPATH\rewrite.php(44): require_once('C:\\Users\\AKU BANGGA JADI IT 2\\Documents\\RafiChandra\\Codeigniter4\\bengkeltes\\public\\index.php')
CRITICAL - 2026-08-12 04:49:48 --> ErrorException: Undefined array key "totalUser"
[Method: GET, Route: dashboard]
in APPPATH\Views\page\content\dashboard.php on line 36.
 1 APPPATH\Views\page\content\dashboard.php(36): CodeIgniter\Debug\Exceptions->errorHandler(2, 'Undefined array key "totalUser"', 'C:\\Users\\AKU BANGGA JADI IT 2\\Documents\\RafiChandra\\Codeigniter4\\bengkeltes\\app\\Views\\page\\content\\dashboard.php', 36)
 2 SYSTEMPATH\View\View.php(240): include('C:\\Users\\AKU BANGGA JADI IT 2\\Documents\\RafiChandra\\Codeigniter4\\bengkeltes\\app\\Views\\page\\content\\dashboard.php')
 3 SYSTEMPATH\View\View.php(243): CodeIgniter\View\View->{closure:CodeIgniter\View\View::render():237}()
 4 SYSTEMPATH\Common.php(1268): CodeIgniter\View\View->render('page/content/dashboard', [], true)
 5 APPPATH\Controllers\Dashboard.php(66): view('page/content/dashboard', [...])
 6 SYSTEMPATH\CodeIgniter.php(974): App\Controllers\Dashboard->index()
 7 SYSTEMPATH\CodeIgniter.php(520): CodeIgniter\CodeIgniter->runController(Object(App\Controllers\Dashboard))
 8 SYSTEMPATH\CodeIgniter.php(363): CodeIgniter\CodeIgniter->handleRequest(null, Object(Config\Cache), false)
 9 SYSTEMPATH\Boot.php(417): CodeIgniter\CodeIgniter->run()
10 SYSTEMPATH\Boot.php(68): CodeIgniter\Boot::runCodeIgniter(Object(CodeIgniter\CodeIgniter))
11 FCPATH\index.php(56): CodeIgniter\Boot::bootWeb(Object(Config\Paths))
12 SYSTEMPATH\rewrite.php(44): require_once('C:\\Users\\AKU BANGGA JADI IT 2\\Documents\\RafiChandra\\Codeigniter4\\bengkeltes\\public\\index.php')
CRITICAL - 2026-08-12 04:49:49 --> ErrorException: Undefined array key "totalUser"
[Method: GET, Route: dashboard]
in APPPATH\Views\page\content\dashboard.php on line 36.
 1 APPPATH\Views\page\content\dashboard.php(36): CodeIgniter\Debug\Exceptions->errorHandler(2, 'Undefined array key "totalUser"', 'C:\\Users\\AKU BANGGA JADI IT 2\\Documents\\RafiChandra\\Codeigniter4\\bengkeltes\\app\\Views\\page\\content\\dashboard.php', 36)
 2 SYSTEMPATH\View\View.php(240): include('C:\\Users\\AKU BANGGA JADI IT 2\\Documents\\RafiChandra\\Codeigniter4\\bengkeltes\\app\\Views\\page\\content\\dashboard.php')
 3 SYSTEMPATH\View\View.php(243): CodeIgniter\View\View->{closure:CodeIgniter\View\View::render():237}()
 4 SYSTEMPATH\Common.php(1268): CodeIgniter\View\View->render('page/content/dashboard', [], true)
 5 APPPATH\Controllers\Dashboard.php(66): view('page/content/dashboard', [...])
 6 SYSTEMPATH\CodeIgniter.php(974): App\Controllers\Dashboard->index()
 7 SYSTEMPATH\CodeIgniter.php(520): CodeIgniter\CodeIgniter->runController(Object(App\Controllers\Dashboard))
 8 SYSTEMPATH\CodeIgniter.php(363): CodeIgniter\CodeIgniter->handleRequest(null, Object(Config\Cache), false)
 9 SYSTEMPATH\Boot.php(417): CodeIgniter\CodeIgniter->run()
10 SYSTEMPATH\Boot.php(68): CodeIgniter\Boot::runCodeIgniter(Object(CodeIgniter\CodeIgniter))
11 FCPATH\index.php(56): CodeIgniter\Boot::bootWeb(Object(Config\Paths))
12 SYSTEMPATH\rewrite.php(44): require_once('C:\\Users\\AKU BANGGA JADI IT 2\\Documents\\RafiChandra\\Codeigniter4\\bengkeltes\\public\\index.php')
CRITICAL - 2026-08-12 04:49:49 --> ErrorException: Undefined array key "totalUser"
[Method: GET, Route: dashboard]
in APPPATH\Views\page\content\dashboard.php on line 36.
 1 APPPATH\Views\page\content\dashboard.php(36): CodeIgniter\Debug\Exceptions->errorHandler(2, 'Undefined array key "totalUser"', 'C:\\Users\\AKU BANGGA JADI IT 2\\Documents\\RafiChandra\\Codeigniter4\\bengkeltes\\app\\Views\\page\\content\\dashboard.php', 36)
 2 SYSTEMPATH\View\View.php(240): include('C:\\Users\\AKU BANGGA JADI IT 2\\Documents\\RafiChandra\\Codeigniter4\\bengkeltes\\app\\Views\\page\\content\\dashboard.php')
 3 SYSTEMPATH\View\View.php(243): CodeIgniter\View\View->{closure:CodeIgniter\View\View::render():237}()
 4 SYSTEMPATH\Common.php(1268): CodeIgniter\View\View->render('page/content/dashboard', [], true)
 5 APPPATH\Controllers\Dashboard.php(66): view('page/content/dashboard', [...])
 6 SYSTEMPATH\CodeIgniter.php(974): App\Controllers\Dashboard->index()
 7 SYSTEMPATH\CodeIgniter.php(520): CodeIgniter\CodeIgniter->runController(Object(App\Controllers\Dashboard))
 8 SYSTEMPATH\CodeIgniter.php(363): CodeIgniter\CodeIgniter->handleRequest(null, Object(Config\Cache), false)
 9 SYSTEMPATH\Boot.php(417): CodeIgniter\CodeIgniter->run()
10 SYSTEMPATH\Boot.php(68): CodeIgniter\Boot::runCodeIgniter(Object(CodeIgniter\CodeIgniter))
11 FCPATH\index.php(56): CodeIgniter\Boot::bootWeb(Object(Config\Paths))
12 SYSTEMPATH\rewrite.php(44): require_once('C:\\Users\\AKU BANGGA JADI IT 2\\Documents\\RafiChandra\\Codeigniter4\\bengkeltes\\public\\index.php')
CRITICAL - 2026-08-12 04:49:49 --> ErrorException: Undefined array key "totalUser"
[Method: GET, Route: dashboard]
in APPPATH\Views\page\content\dashboard.php on line 36.
 1 APPPATH\Views\page\content\dashboard.php(36): CodeIgniter\Debug\Exceptions->errorHandler(2, 'Undefined array key "totalUser"', 'C:\\Users\\AKU BANGGA JADI IT 2\\Documents\\RafiChandra\\Codeigniter4\\bengkeltes\\app\\Views\\page\\content\\dashboard.php', 36)
 2 SYSTEMPATH\View\View.php(240): include('C:\\Users\\AKU BANGGA JADI IT 2\\Documents\\RafiChandra\\Codeigniter4\\bengkeltes\\app\\Views\\page\\content\\dashboard.php')
 3 SYSTEMPATH\View\View.php(243): CodeIgniter\View\View->{closure:CodeIgniter\View\View::render():237}()
 4 SYSTEMPATH\Common.php(1268): CodeIgniter\View\View->render('page/content/dashboard', [], true)
 5 APPPATH\Controllers\Dashboard.php(66): view('page/content/dashboard', [...])
 6 SYSTEMPATH\CodeIgniter.php(974): App\Controllers\Dashboard->index()
 7 SYSTEMPATH\CodeIgniter.php(520): CodeIgniter\CodeIgniter->runController(Object(App\Controllers\Dashboard))
 8 SYSTEMPATH\CodeIgniter.php(363): CodeIgniter\CodeIgniter->handleRequest(null, Object(Config\Cache), false)
 9 SYSTEMPATH\Boot.php(417): CodeIgniter\CodeIgniter->run()
10 SYSTEMPATH\Boot.php(68): CodeIgniter\Boot::runCodeIgniter(Object(CodeIgniter\CodeIgniter))
11 FCPATH\index.php(56): CodeIgniter\Boot::bootWeb(Object(Config\Paths))
12 SYSTEMPATH\rewrite.php(44): require_once('C:\\Users\\AKU BANGGA JADI IT 2\\Documents\\RafiChandra\\Codeigniter4\\bengkeltes\\public\\index.php')
CRITICAL - 2026-08-12 04:49:49 --> ErrorException: Undefined array key "totalUser"
[Method: GET, Route: dashboard]
in APPPATH\Views\page\content\dashboard.php on line 36.
 1 APPPATH\Views\page\content\dashboard.php(36): CodeIgniter\Debug\Exceptions->errorHandler(2, 'Undefined array key "totalUser"', 'C:\\Users\\AKU BANGGA JADI IT 2\\Documents\\RafiChandra\\Codeigniter4\\bengkeltes\\app\\Views\\page\\content\\dashboard.php', 36)
 2 SYSTEMPATH\View\View.php(240): include('C:\\Users\\AKU BANGGA JADI IT 2\\Documents\\RafiChandra\\Codeigniter4\\bengkeltes\\app\\Views\\page\\content\\dashboard.php')
 3 SYSTEMPATH\View\View.php(243): CodeIgniter\View\View->{closure:CodeIgniter\View\View::render():237}()
 4 SYSTEMPATH\Common.php(1268): CodeIgniter\View\View->render('page/content/dashboard', [], true)
 5 APPPATH\Controllers\Dashboard.php(66): view('page/content/dashboard', [...])
 6 SYSTEMPATH\CodeIgniter.php(974): App\Controllers\Dashboard->index()
 7 SYSTEMPATH\CodeIgniter.php(520): CodeIgniter\CodeIgniter->runController(Object(App\Controllers\Dashboard))
 8 SYSTEMPATH\CodeIgniter.php(363): CodeIgniter\CodeIgniter->handleRequest(null, Object(Config\Cache), false)
 9 SYSTEMPATH\Boot.php(417): CodeIgniter\CodeIgniter->run()
10 SYSTEMPATH\Boot.php(68): CodeIgniter\Boot::runCodeIgniter(Object(CodeIgniter\CodeIgniter))
11 FCPATH\index.php(56): CodeIgniter\Boot::bootWeb(Object(Config\Paths))
12 SYSTEMPATH\rewrite.php(44): require_once('C:\\Users\\AKU BANGGA JADI IT 2\\Documents\\RafiChandra\\Codeigniter4\\bengkeltes\\public\\index.php')
CRITICAL - 2026-08-12 04:49:50 --> ErrorException: Undefined array key "totalUser"
[Method: GET, Route: dashboard]
in APPPATH\Views\page\content\dashboard.php on line 36.
 1 APPPATH\Views\page\content\dashboard.php(36): CodeIgniter\Debug\Exceptions->errorHandler(2, 'Undefined array key "totalUser"', 'C:\\Users\\AKU BANGGA JADI IT 2\\Documents\\RafiChandra\\Codeigniter4\\bengkeltes\\app\\Views\\page\\content\\dashboard.php', 36)
 2 SYSTEMPATH\View\View.php(240): include('C:\\Users\\AKU BANGGA JADI IT 2\\Documents\\RafiChandra\\Codeigniter4\\bengkeltes\\app\\Views\\page\\content\\dashboard.php')
 3 SYSTEMPATH\View\View.php(243): CodeIgniter\View\View->{closure:CodeIgniter\View\View::render():237}()
 4 SYSTEMPATH\Common.php(1268): CodeIgniter\View\View->render('page/content/dashboard', [], true)
 5 APPPATH\Controllers\Dashboard.php(66): view('page/content/dashboard', [...])
 6 SYSTEMPATH\CodeIgniter.php(974): App\Controllers\Dashboard->index()
 7 SYSTEMPATH\CodeIgniter.php(520): CodeIgniter\CodeIgniter->runController(Object(App\Controllers\Dashboard))
 8 SYSTEMPATH\CodeIgniter.php(363): CodeIgniter\CodeIgniter->handleRequest(null, Object(Config\Cache), false)
 9 SYSTEMPATH\Boot.php(417): CodeIgniter\CodeIgniter->run()
10 SYSTEMPATH\Boot.php(68): CodeIgniter\Boot::runCodeIgniter(Object(CodeIgniter\CodeIgniter))
11 FCPATH\index.php(56): CodeIgniter\Boot::bootWeb(Object(Config\Paths))
12 SYSTEMPATH\rewrite.php(44): require_once('C:\\Users\\AKU BANGGA JADI IT 2\\Documents\\RafiChandra\\Codeigniter4\\bengkeltes\\public\\index.php')
CRITICAL - 2026-08-12 04:49:50 --> ErrorException: Undefined array key "totalUser"
[Method: GET, Route: dashboard]
in APPPATH\Views\page\content\dashboard.php on line 36.
 1 APPPATH\Views\page\content\dashboard.php(36): CodeIgniter\Debug\Exceptions->errorHandler(2, 'Undefined array key "totalUser"', 'C:\\Users\\AKU BANGGA JADI IT 2\\Documents\\RafiChandra\\Codeigniter4\\bengkeltes\\app\\Views\\page\\content\\dashboard.php', 36)
 2 SYSTEMPATH\View\View.php(240): include('C:\\Users\\AKU BANGGA JADI IT 2\\Documents\\RafiChandra\\Codeigniter4\\bengkeltes\\app\\Views\\page\\content\\dashboard.php')
 3 SYSTEMPATH\View\View.php(243): CodeIgniter\View\View->{closure:CodeIgniter\View\View::render():237}()
 4 SYSTEMPATH\Common.php(1268): CodeIgniter\View\View->render('page/content/dashboard', [], true)
 5 APPPATH\Controllers\Dashboard.php(66): view('page/content/dashboard', [...])
 6 SYSTEMPATH\CodeIgniter.php(974): App\Controllers\Dashboard->index()
 7 SYSTEMPATH\CodeIgniter.php(520): CodeIgniter\CodeIgniter->runController(Object(App\Controllers\Dashboard))
 8 SYSTEMPATH\CodeIgniter.php(363): CodeIgniter\CodeIgniter->handleRequest(null, Object(Config\Cache), false)
 9 SYSTEMPATH\Boot.php(417): CodeIgniter\CodeIgniter->run()
10 SYSTEMPATH\Boot.php(68): CodeIgniter\Boot::runCodeIgniter(Object(CodeIgniter\CodeIgniter))
11 FCPATH\index.php(56): CodeIgniter\Boot::bootWeb(Object(Config\Paths))
12 SYSTEMPATH\rewrite.php(44): require_once('C:\\Users\\AKU BANGGA JADI IT 2\\Documents\\RafiChandra\\Codeigniter4\\bengkeltes\\public\\index.php')
CRITICAL - 2026-08-12 04:49:50 --> ErrorException: Undefined array key "totalUser"
[Method: GET, Route: dashboard]
in APPPATH\Views\page\content\dashboard.php on line 36.
 1 APPPATH\Views\page\content\dashboard.php(36): CodeIgniter\Debug\Exceptions->errorHandler(2, 'Undefined array key "totalUser"', 'C:\\Users\\AKU BANGGA JADI IT 2\\Documents\\RafiChandra\\Codeigniter4\\bengkeltes\\app\\Views\\page\\content\\dashboard.php', 36)
 2 SYSTEMPATH\View\View.php(240): include('C:\\Users\\AKU BANGGA JADI IT 2\\Documents\\RafiChandra\\Codeigniter4\\bengkeltes\\app\\Views\\page\\content\\dashboard.php')
 3 SYSTEMPATH\View\View.php(243): CodeIgniter\View\View->{closure:CodeIgniter\View\View::render():237}()
 4 SYSTEMPATH\Common.php(1268): CodeIgniter\View\View->render('page/content/dashboard', [], true)
 5 APPPATH\Controllers\Dashboard.php(66): view('page/content/dashboard', [...])
 6 SYSTEMPATH\CodeIgniter.php(974): App\Controllers\Dashboard->index()
 7 SYSTEMPATH\CodeIgniter.php(520): CodeIgniter\CodeIgniter->runController(Object(App\Controllers\Dashboard))
 8 SYSTEMPATH\CodeIgniter.php(363): CodeIgniter\CodeIgniter->handleRequest(null, Object(Config\Cache), false)
 9 SYSTEMPATH\Boot.php(417): CodeIgniter\CodeIgniter->run()
10 SYSTEMPATH\Boot.php(68): CodeIgniter\Boot::runCodeIgniter(Object(CodeIgniter\CodeIgniter))
11 FCPATH\index.php(56): CodeIgniter\Boot::bootWeb(Object(Config\Paths))
12 SYSTEMPATH\rewrite.php(44): require_once('C:\\Users\\AKU BANGGA JADI IT 2\\Documents\\RafiChandra\\Codeigniter4\\bengkeltes\\public\\index.php')
CRITICAL - 2026-08-12 04:49:50 --> ErrorException: Undefined array key "totalUser"
[Method: GET, Route: dashboard]
in APPPATH\Views\page\content\dashboard.php on line 36.
 1 APPPATH\Views\page\content\dashboard.php(36): CodeIgniter\Debug\Exceptions->errorHandler(2, 'Undefined array key "totalUser"', 'C:\\Users\\AKU BANGGA JADI IT 2\\Documents\\RafiChandra\\Codeigniter4\\bengkeltes\\app\\Views\\page\\content\\dashboard.php', 36)
 2 SYSTEMPATH\View\View.php(240): include('C:\\Users\\AKU BANGGA JADI IT 2\\Documents\\RafiChandra\\Codeigniter4\\bengkeltes\\app\\Views\\page\\content\\dashboard.php')
 3 SYSTEMPATH\View\View.php(243): CodeIgniter\View\View->{closure:CodeIgniter\View\View::render():237}()
 4 SYSTEMPATH\Common.php(1268): CodeIgniter\View\View->render('page/content/dashboard', [], true)
 5 APPPATH\Controllers\Dashboard.php(66): view('page/content/dashboard', [...])
 6 SYSTEMPATH\CodeIgniter.php(974): App\Controllers\Dashboard->index()
 7 SYSTEMPATH\CodeIgniter.php(520): CodeIgniter\CodeIgniter->runController(Object(App\Controllers\Dashboard))
 8 SYSTEMPATH\CodeIgniter.php(363): CodeIgniter\CodeIgniter->handleRequest(null, Object(Config\Cache), false)
 9 SYSTEMPATH\Boot.php(417): CodeIgniter\CodeIgniter->run()
10 SYSTEMPATH\Boot.php(68): CodeIgniter\Boot::runCodeIgniter(Object(CodeIgniter\CodeIgniter))
11 FCPATH\index.php(56): CodeIgniter\Boot::bootWeb(Object(Config\Paths))
12 SYSTEMPATH\rewrite.php(44): require_once('C:\\Users\\AKU BANGGA JADI IT 2\\Documents\\RafiChandra\\Codeigniter4\\bengkeltes\\public\\index.php')
CRITICAL - 2026-08-12 04:49:50 --> ErrorException: Undefined array key "totalUser"
[Method: GET, Route: dashboard]
in APPPATH\Views\page\content\dashboard.php on line 36.
 1 APPPATH\Views\page\content\dashboard.php(36): CodeIgniter\Debug\Exceptions->errorHandler(2, 'Undefined array key "totalUser"', 'C:\\Users\\AKU BANGGA JADI IT 2\\Documents\\RafiChandra\\Codeigniter4\\bengkeltes\\app\\Views\\page\\content\\dashboard.php', 36)
 2 SYSTEMPATH\View\View.php(240): include('C:\\Users\\AKU BANGGA JADI IT 2\\Documents\\RafiChandra\\Codeigniter4\\bengkeltes\\app\\Views\\page\\content\\dashboard.php')
 3 SYSTEMPATH\View\View.php(243): CodeIgniter\View\View->{closure:CodeIgniter\View\View::render():237}()
 4 SYSTEMPATH\Common.php(1268): CodeIgniter\View\View->render('page/content/dashboard', [], true)
 5 APPPATH\Controllers\Dashboard.php(66): view('page/content/dashboard', [...])
 6 SYSTEMPATH\CodeIgniter.php(974): App\Controllers\Dashboard->index()
 7 SYSTEMPATH\CodeIgniter.php(520): CodeIgniter\CodeIgniter->runController(Object(App\Controllers\Dashboard))
 8 SYSTEMPATH\CodeIgniter.php(363): CodeIgniter\CodeIgniter->handleRequest(null, Object(Config\Cache), false)
 9 SYSTEMPATH\Boot.php(417): CodeIgniter\CodeIgniter->run()
10 SYSTEMPATH\Boot.php(68): CodeIgniter\Boot::runCodeIgniter(Object(CodeIgniter\CodeIgniter))
11 FCPATH\index.php(56): CodeIgniter\Boot::bootWeb(Object(Config\Paths))
12 SYSTEMPATH\rewrite.php(44): require_once('C:\\Users\\AKU BANGGA JADI IT 2\\Documents\\RafiChandra\\Codeigniter4\\bengkeltes\\public\\index.php')
CRITICAL - 2026-08-12 04:49:50 --> ErrorException: Undefined array key "totalUser"
[Method: GET, Route: dashboard]
in APPPATH\Views\page\content\dashboard.php on line 36.
 1 APPPATH\Views\page\content\dashboard.php(36): CodeIgniter\Debug\Exceptions->errorHandler(2, 'Undefined array key "totalUser"', 'C:\\Users\\AKU BANGGA JADI IT 2\\Documents\\RafiChandra\\Codeigniter4\\bengkeltes\\app\\Views\\page\\content\\dashboard.php', 36)
 2 SYSTEMPATH\View\View.php(240): include('C:\\Users\\AKU BANGGA JADI IT 2\\Documents\\RafiChandra\\Codeigniter4\\bengkeltes\\app\\Views\\page\\content\\dashboard.php')
 3 SYSTEMPATH\View\View.php(243): CodeIgniter\View\View->{closure:CodeIgniter\View\View::render():237}()
 4 SYSTEMPATH\Common.php(1268): CodeIgniter\View\View->render('page/content/dashboard', [], true)
 5 APPPATH\Controllers\Dashboard.php(66): view('page/content/dashboard', [...])
 6 SYSTEMPATH\CodeIgniter.php(974): App\Controllers\Dashboard->index()
 7 SYSTEMPATH\CodeIgniter.php(520): CodeIgniter\CodeIgniter->runController(Object(App\Controllers\Dashboard))
 8 SYSTEMPATH\CodeIgniter.php(363): CodeIgniter\CodeIgniter->handleRequest(null, Object(Config\Cache), false)
 9 SYSTEMPATH\Boot.php(417): CodeIgniter\CodeIgniter->run()
10 SYSTEMPATH\Boot.php(68): CodeIgniter\Boot::runCodeIgniter(Object(CodeIgniter\CodeIgniter))
11 FCPATH\index.php(56): CodeIgniter\Boot::bootWeb(Object(Config\Paths))
12 SYSTEMPATH\rewrite.php(44): require_once('C:\\Users\\AKU BANGGA JADI IT 2\\Documents\\RafiChandra\\Codeigniter4\\bengkeltes\\public\\index.php')
CRITICAL - 2026-08-12 04:49:51 --> ErrorException: Undefined array key "totalUser"
[Method: GET, Route: dashboard]
in APPPATH\Views\page\content\dashboard.php on line 36.
 1 APPPATH\Views\page\content\dashboard.php(36): CodeIgniter\Debug\Exceptions->errorHandler(2, 'Undefined array key "totalUser"', 'C:\\Users\\AKU BANGGA JADI IT 2\\Documents\\RafiChandra\\Codeigniter4\\bengkeltes\\app\\Views\\page\\content\\dashboard.php', 36)
 2 SYSTEMPATH\View\View.php(240): include('C:\\Users\\AKU BANGGA JADI IT 2\\Documents\\RafiChandra\\Codeigniter4\\bengkeltes\\app\\Views\\page\\content\\dashboard.php')
 3 SYSTEMPATH\View\View.php(243): CodeIgniter\View\View->{closure:CodeIgniter\View\View::render():237}()
 4 SYSTEMPATH\Common.php(1268): CodeIgniter\View\View->render('page/content/dashboard', [], true)
 5 APPPATH\Controllers\Dashboard.php(66): view('page/content/dashboard', [...])
 6 SYSTEMPATH\CodeIgniter.php(974): App\Controllers\Dashboard->index()
 7 SYSTEMPATH\CodeIgniter.php(520): CodeIgniter\CodeIgniter->runController(Object(App\Controllers\Dashboard))
 8 SYSTEMPATH\CodeIgniter.php(363): CodeIgniter\CodeIgniter->handleRequest(null, Object(Config\Cache), false)
 9 SYSTEMPATH\Boot.php(417): CodeIgniter\CodeIgniter->run()
10 SYSTEMPATH\Boot.php(68): CodeIgniter\Boot::runCodeIgniter(Object(CodeIgniter\CodeIgniter))
11 FCPATH\index.php(56): CodeIgniter\Boot::bootWeb(Object(Config\Paths))
12 SYSTEMPATH\rewrite.php(44): require_once('C:\\Users\\AKU BANGGA JADI IT 2\\Documents\\RafiChandra\\Codeigniter4\\bengkeltes\\public\\index.php')
CRITICAL - 2026-08-12 04:49:51 --> ErrorException: Undefined array key "totalUser"
[Method: GET, Route: dashboard]
in APPPATH\Views\page\content\dashboard.php on line 36.
 1 APPPATH\Views\page\content\dashboard.php(36): CodeIgniter\Debug\Exceptions->errorHandler(2, 'Undefined array key "totalUser"', 'C:\\Users\\AKU BANGGA JADI IT 2\\Documents\\RafiChandra\\Codeigniter4\\bengkeltes\\app\\Views\\page\\content\\dashboard.php', 36)
 2 SYSTEMPATH\View\View.php(240): include('C:\\Users\\AKU BANGGA JADI IT 2\\Documents\\RafiChandra\\Codeigniter4\\bengkeltes\\app\\Views\\page\\content\\dashboard.php')
 3 SYSTEMPATH\View\View.php(243): CodeIgniter\View\View->{closure:CodeIgniter\View\View::render():237}()
 4 SYSTEMPATH\Common.php(1268): CodeIgniter\View\View->render('page/content/dashboard', [], true)
 5 APPPATH\Controllers\Dashboard.php(66): view('page/content/dashboard', [...])
 6 SYSTEMPATH\CodeIgniter.php(974): App\Controllers\Dashboard->index()
 7 SYSTEMPATH\CodeIgniter.php(520): CodeIgniter\CodeIgniter->runController(Object(App\Controllers\Dashboard))
 8 SYSTEMPATH\CodeIgniter.php(363): CodeIgniter\CodeIgniter->handleRequest(null, Object(Config\Cache), false)
 9 SYSTEMPATH\Boot.php(417): CodeIgniter\CodeIgniter->run()
10 SYSTEMPATH\Boot.php(68): CodeIgniter\Boot::runCodeIgniter(Object(CodeIgniter\CodeIgniter))
11 FCPATH\index.php(56): CodeIgniter\Boot::bootWeb(Object(Config\Paths))
12 SYSTEMPATH\rewrite.php(44): require_once('C:\\Users\\AKU BANGGA JADI IT 2\\Documents\\RafiChandra\\Codeigniter4\\bengkeltes\\public\\index.php')
CRITICAL - 2026-08-12 04:49:51 --> ErrorException: Undefined array key "totalUser"
[Method: GET, Route: dashboard]
in APPPATH\Views\page\content\dashboard.php on line 36.
 1 APPPATH\Views\page\content\dashboard.php(36): CodeIgniter\Debug\Exceptions->errorHandler(2, 'Undefined array key "totalUser"', 'C:\\Users\\AKU BANGGA JADI IT 2\\Documents\\RafiChandra\\Codeigniter4\\bengkeltes\\app\\Views\\page\\content\\dashboard.php', 36)
 2 SYSTEMPATH\View\View.php(240): include('C:\\Users\\AKU BANGGA JADI IT 2\\Documents\\RafiChandra\\Codeigniter4\\bengkeltes\\app\\Views\\page\\content\\dashboard.php')
 3 SYSTEMPATH\View\View.php(243): CodeIgniter\View\View->{closure:CodeIgniter\View\View::render():237}()
 4 SYSTEMPATH\Common.php(1268): CodeIgniter\View\View->render('page/content/dashboard', [], true)
 5 APPPATH\Controllers\Dashboard.php(66): view('page/content/dashboard', [...])
 6 SYSTEMPATH\CodeIgniter.php(974): App\Controllers\Dashboard->index()
 7 SYSTEMPATH\CodeIgniter.php(520): CodeIgniter\CodeIgniter->runController(Object(App\Controllers\Dashboard))
 8 SYSTEMPATH\CodeIgniter.php(363): CodeIgniter\CodeIgniter->handleRequest(null, Object(Config\Cache), false)
 9 SYSTEMPATH\Boot.php(417): CodeIgniter\CodeIgniter->run()
10 SYSTEMPATH\Boot.php(68): CodeIgniter\Boot::runCodeIgniter(Object(CodeIgniter\CodeIgniter))
11 FCPATH\index.php(56): CodeIgniter\Boot::bootWeb(Object(Config\Paths))
12 SYSTEMPATH\rewrite.php(44): require_once('C:\\Users\\AKU BANGGA JADI IT 2\\Documents\\RafiChandra\\Codeigniter4\\bengkeltes\\public\\index.php')
CRITICAL - 2026-08-12 04:49:51 --> ErrorException: Undefined array key "totalUser"
[Method: GET, Route: dashboard]
in APPPATH\Views\page\content\dashboard.php on line 36.
 1 APPPATH\Views\page\content\dashboard.php(36): CodeIgniter\Debug\Exceptions->errorHandler(2, 'Undefined array key "totalUser"', 'C:\\Users\\AKU BANGGA JADI IT 2\\Documents\\RafiChandra\\Codeigniter4\\bengkeltes\\app\\Views\\page\\content\\dashboard.php', 36)
 2 SYSTEMPATH\View\View.php(240): include('C:\\Users\\AKU BANGGA JADI IT 2\\Documents\\RafiChandra\\Codeigniter4\\bengkeltes\\app\\Views\\page\\content\\dashboard.php')
 3 SYSTEMPATH\View\View.php(243): CodeIgniter\View\View->{closure:CodeIgniter\View\View::render():237}()
 4 SYSTEMPATH\Common.php(1268): CodeIgniter\View\View->render('page/content/dashboard', [], true)
 5 APPPATH\Controllers\Dashboard.php(66): view('page/content/dashboard', [...])
 6 SYSTEMPATH\CodeIgniter.php(974): App\Controllers\Dashboard->index()
 7 SYSTEMPATH\CodeIgniter.php(520): CodeIgniter\CodeIgniter->runController(Object(App\Controllers\Dashboard))
 8 SYSTEMPATH\CodeIgniter.php(363): CodeIgniter\CodeIgniter->handleRequest(null, Object(Config\Cache), false)
 9 SYSTEMPATH\Boot.php(417): CodeIgniter\CodeIgniter->run()
10 SYSTEMPATH\Boot.php(68): CodeIgniter\Boot::runCodeIgniter(Object(CodeIgniter\CodeIgniter))
11 FCPATH\index.php(56): CodeIgniter\Boot::bootWeb(Object(Config\Paths))
12 SYSTEMPATH\rewrite.php(44): require_once('C:\\Users\\AKU BANGGA JADI IT 2\\Documents\\RafiChandra\\Codeigniter4\\bengkeltes\\public\\index.php')
CRITICAL - 2026-08-12 04:49:51 --> ErrorException: Undefined array key "totalUser"
[Method: GET, Route: dashboard]
in APPPATH\Views\page\content\dashboard.php on line 36.
 1 APPPATH\Views\page\content\dashboard.php(36): CodeIgniter\Debug\Exceptions->errorHandler(2, 'Undefined array key "totalUser"', 'C:\\Users\\AKU BANGGA JADI IT 2\\Documents\\RafiChandra\\Codeigniter4\\bengkeltes\\app\\Views\\page\\content\\dashboard.php', 36)
 2 SYSTEMPATH\View\View.php(240): include('C:\\Users\\AKU BANGGA JADI IT 2\\Documents\\RafiChandra\\Codeigniter4\\bengkeltes\\app\\Views\\page\\content\\dashboard.php')
 3 SYSTEMPATH\View\View.php(243): CodeIgniter\View\View->{closure:CodeIgniter\View\View::render():237}()
 4 SYSTEMPATH\Common.php(1268): CodeIgniter\View\View->render('page/content/dashboard', [], true)
 5 APPPATH\Controllers\Dashboard.php(66): view('page/content/dashboard', [...])
 6 SYSTEMPATH\CodeIgniter.php(974): App\Controllers\Dashboard->index()
 7 SYSTEMPATH\CodeIgniter.php(520): CodeIgniter\CodeIgniter->runController(Object(App\Controllers\Dashboard))
 8 SYSTEMPATH\CodeIgniter.php(363): CodeIgniter\CodeIgniter->handleRequest(null, Object(Config\Cache), false)
 9 SYSTEMPATH\Boot.php(417): CodeIgniter\CodeIgniter->run()
10 SYSTEMPATH\Boot.php(68): CodeIgniter\Boot::runCodeIgniter(Object(CodeIgniter\CodeIgniter))
11 FCPATH\index.php(56): CodeIgniter\Boot::bootWeb(Object(Config\Paths))
12 SYSTEMPATH\rewrite.php(44): require_once('C:\\Users\\AKU BANGGA JADI IT 2\\Documents\\RafiChandra\\Codeigniter4\\bengkeltes\\public\\index.php')
CRITICAL - 2026-08-12 04:49:51 --> ErrorException: Undefined array key "totalUser"
[Method: GET, Route: dashboard]
in APPPATH\Views\page\content\dashboard.php on line 36.
 1 APPPATH\Views\page\content\dashboard.php(36): CodeIgniter\Debug\Exceptions->errorHandler(2, 'Undefined array key "totalUser"', 'C:\\Users\\AKU BANGGA JADI IT 2\\Documents\\RafiChandra\\Codeigniter4\\bengkeltes\\app\\Views\\page\\content\\dashboard.php', 36)
 2 SYSTEMPATH\View\View.php(240): include('C:\\Users\\AKU BANGGA JADI IT 2\\Documents\\RafiChandra\\Codeigniter4\\bengkeltes\\app\\Views\\page\\content\\dashboard.php')
 3 SYSTEMPATH\View\View.php(243): CodeIgniter\View\View->{closure:CodeIgniter\View\View::render():237}()
 4 SYSTEMPATH\Common.php(1268): CodeIgniter\View\View->render('page/content/dashboard', [], true)
 5 APPPATH\Controllers\Dashboard.php(66): view('page/content/dashboard', [...])
 6 SYSTEMPATH\CodeIgniter.php(974): App\Controllers\Dashboard->index()
 7 SYSTEMPATH\CodeIgniter.php(520): CodeIgniter\CodeIgniter->runController(Object(App\Controllers\Dashboard))
 8 SYSTEMPATH\CodeIgniter.php(363): CodeIgniter\CodeIgniter->handleRequest(null, Object(Config\Cache), false)
 9 SYSTEMPATH\Boot.php(417): CodeIgniter\CodeIgniter->run()
10 SYSTEMPATH\Boot.php(68): CodeIgniter\Boot::runCodeIgniter(Object(CodeIgniter\CodeIgniter))
11 FCPATH\index.php(56): CodeIgniter\Boot::bootWeb(Object(Config\Paths))
12 SYSTEMPATH\rewrite.php(44): require_once('C:\\Users\\AKU BANGGA JADI IT 2\\Documents\\RafiChandra\\Codeigniter4\\bengkeltes\\public\\index.php')
CRITICAL - 2026-08-12 04:49:52 --> ErrorException: Undefined array key "totalUser"
[Method: GET, Route: dashboard]
in APPPATH\Views\page\content\dashboard.php on line 36.
 1 APPPATH\Views\page\content\dashboard.php(36): CodeIgniter\Debug\Exceptions->errorHandler(2, 'Undefined array key "totalUser"', 'C:\\Users\\AKU BANGGA JADI IT 2\\Documents\\RafiChandra\\Codeigniter4\\bengkeltes\\app\\Views\\page\\content\\dashboard.php', 36)
 2 SYSTEMPATH\View\View.php(240): include('C:\\Users\\AKU BANGGA JADI IT 2\\Documents\\RafiChandra\\Codeigniter4\\bengkeltes\\app\\Views\\page\\content\\dashboard.php')
 3 SYSTEMPATH\View\View.php(243): CodeIgniter\View\View->{closure:CodeIgniter\View\View::render():237}()
 4 SYSTEMPATH\Common.php(1268): CodeIgniter\View\View->render('page/content/dashboard', [], true)
 5 APPPATH\Controllers\Dashboard.php(66): view('page/content/dashboard', [...])
 6 SYSTEMPATH\CodeIgniter.php(974): App\Controllers\Dashboard->index()
 7 SYSTEMPATH\CodeIgniter.php(520): CodeIgniter\CodeIgniter->runController(Object(App\Controllers\Dashboard))
 8 SYSTEMPATH\CodeIgniter.php(363): CodeIgniter\CodeIgniter->handleRequest(null, Object(Config\Cache), false)
 9 SYSTEMPATH\Boot.php(417): CodeIgniter\CodeIgniter->run()
10 SYSTEMPATH\Boot.php(68): CodeIgniter\Boot::runCodeIgniter(Object(CodeIgniter\CodeIgniter))
11 FCPATH\index.php(56): CodeIgniter\Boot::bootWeb(Object(Config\Paths))
12 SYSTEMPATH\rewrite.php(44): require_once('C:\\Users\\AKU BANGGA JADI IT 2\\Documents\\RafiChandra\\Codeigniter4\\bengkeltes\\public\\index.php')
CRITICAL - 2026-08-12 04:49:52 --> ErrorException: Undefined array key "totalUser"
[Method: GET, Route: dashboard]
in APPPATH\Views\page\content\dashboard.php on line 36.
 1 APPPATH\Views\page\content\dashboard.php(36): CodeIgniter\Debug\Exceptions->errorHandler(2, 'Undefined array key "totalUser"', 'C:\\Users\\AKU BANGGA JADI IT 2\\Documents\\RafiChandra\\Codeigniter4\\bengkeltes\\app\\Views\\page\\content\\dashboard.php', 36)
 2 SYSTEMPATH\View\View.php(240): include('C:\\Users\\AKU BANGGA JADI IT 2\\Documents\\RafiChandra\\Codeigniter4\\bengkeltes\\app\\Views\\page\\content\\dashboard.php')
 3 SYSTEMPATH\View\View.php(243): CodeIgniter\View\View->{closure:CodeIgniter\View\View::render():237}()
 4 SYSTEMPATH\Common.php(1268): CodeIgniter\View\View->render('page/content/dashboard', [], true)
 5 APPPATH\Controllers\Dashboard.php(66): view('page/content/dashboard', [...])
 6 SYSTEMPATH\CodeIgniter.php(974): App\Controllers\Dashboard->index()
 7 SYSTEMPATH\CodeIgniter.php(520): CodeIgniter\CodeIgniter->runController(Object(App\Controllers\Dashboard))
 8 SYSTEMPATH\CodeIgniter.php(363): CodeIgniter\CodeIgniter->handleRequest(null, Object(Config\Cache), false)
 9 SYSTEMPATH\Boot.php(417): CodeIgniter\CodeIgniter->run()
10 SYSTEMPATH\Boot.php(68): CodeIgniter\Boot::runCodeIgniter(Object(CodeIgniter\CodeIgniter))
11 FCPATH\index.php(56): CodeIgniter\Boot::bootWeb(Object(Config\Paths))
12 SYSTEMPATH\rewrite.php(44): require_once('C:\\Users\\AKU BANGGA JADI IT 2\\Documents\\RafiChandra\\Codeigniter4\\bengkeltes\\public\\index.php')
CRITICAL - 2026-08-12 04:49:52 --> ErrorException: Undefined array key "totalUser"
[Method: GET, Route: dashboard]
in APPPATH\Views\page\content\dashboard.php on line 36.
 1 APPPATH\Views\page\content\dashboard.php(36): CodeIgniter\Debug\Exceptions->errorHandler(2, 'Undefined array key "totalUser"', 'C:\\Users\\AKU BANGGA JADI IT 2\\Documents\\RafiChandra\\Codeigniter4\\bengkeltes\\app\\Views\\page\\content\\dashboard.php', 36)
 2 SYSTEMPATH\View\View.php(240): include('C:\\Users\\AKU BANGGA JADI IT 2\\Documents\\RafiChandra\\Codeigniter4\\bengkeltes\\app\\Views\\page\\content\\dashboard.php')
 3 SYSTEMPATH\View\View.php(243): CodeIgniter\View\View->{closure:CodeIgniter\View\View::render():237}()
 4 SYSTEMPATH\Common.php(1268): CodeIgniter\View\View->render('page/content/dashboard', [], true)
 5 APPPATH\Controllers\Dashboard.php(66): view('page/content/dashboard', [...])
 6 SYSTEMPATH\CodeIgniter.php(974): App\Controllers\Dashboard->index()
 7 SYSTEMPATH\CodeIgniter.php(520): CodeIgniter\CodeIgniter->runController(Object(App\Controllers\Dashboard))
 8 SYSTEMPATH\CodeIgniter.php(363): CodeIgniter\CodeIgniter->handleRequest(null, Object(Config\Cache), false)
 9 SYSTEMPATH\Boot.php(417): CodeIgniter\CodeIgniter->run()
10 SYSTEMPATH\Boot.php(68): CodeIgniter\Boot::runCodeIgniter(Object(CodeIgniter\CodeIgniter))
11 FCPATH\index.php(56): CodeIgniter\Boot::bootWeb(Object(Config\Paths))
12 SYSTEMPATH\rewrite.php(44): require_once('C:\\Users\\AKU BANGGA JADI IT 2\\Documents\\RafiChandra\\Codeigniter4\\bengkeltes\\public\\index.php')
CRITICAL - 2026-08-12 04:49:52 --> ErrorException: Undefined array key "totalUser"
[Method: GET, Route: dashboard]
in APPPATH\Views\page\content\dashboard.php on line 36.
 1 APPPATH\Views\page\content\dashboard.php(36): CodeIgniter\Debug\Exceptions->errorHandler(2, 'Undefined array key "totalUser"', 'C:\\Users\\AKU BANGGA JADI IT 2\\Documents\\RafiChandra\\Codeigniter4\\bengkeltes\\app\\Views\\page\\content\\dashboard.php', 36)
 2 SYSTEMPATH\View\View.php(240): include('C:\\Users\\AKU BANGGA JADI IT 2\\Documents\\RafiChandra\\Codeigniter4\\bengkeltes\\app\\Views\\page\\content\\dashboard.php')
 3 SYSTEMPATH\View\View.php(243): CodeIgniter\View\View->{closure:CodeIgniter\View\View::render():237}()
 4 SYSTEMPATH\Common.php(1268): CodeIgniter\View\View->render('page/content/dashboard', [], true)
 5 APPPATH\Controllers\Dashboard.php(66): view('page/content/dashboard', [...])
 6 SYSTEMPATH\CodeIgniter.php(974): App\Controllers\Dashboard->index()
 7 SYSTEMPATH\CodeIgniter.php(520): CodeIgniter\CodeIgniter->runController(Object(App\Controllers\Dashboard))
 8 SYSTEMPATH\CodeIgniter.php(363): CodeIgniter\CodeIgniter->handleRequest(null, Object(Config\Cache), false)
 9 SYSTEMPATH\Boot.php(417): CodeIgniter\CodeIgniter->run()
10 SYSTEMPATH\Boot.php(68): CodeIgniter\Boot::runCodeIgniter(Object(CodeIgniter\CodeIgniter))
11 FCPATH\index.php(56): CodeIgniter\Boot::bootWeb(Object(Config\Paths))
12 SYSTEMPATH\rewrite.php(44): require_once('C:\\Users\\AKU BANGGA JADI IT 2\\Documents\\RafiChandra\\Codeigniter4\\bengkeltes\\public\\index.php')
CRITICAL - 2026-08-12 04:49:53 --> ErrorException: Undefined array key "totalUser"
[Method: GET, Route: dashboard]
in APPPATH\Views\page\content\dashboard.php on line 36.
 1 APPPATH\Views\page\content\dashboard.php(36): CodeIgniter\Debug\Exceptions->errorHandler(2, 'Undefined array key "totalUser"', 'C:\\Users\\AKU BANGGA JADI IT 2\\Documents\\RafiChandra\\Codeigniter4\\bengkeltes\\app\\Views\\page\\content\\dashboard.php', 36)
 2 SYSTEMPATH\View\View.php(240): include('C:\\Users\\AKU BANGGA JADI IT 2\\Documents\\RafiChandra\\Codeigniter4\\bengkeltes\\app\\Views\\page\\content\\dashboard.php')
 3 SYSTEMPATH\View\View.php(243): CodeIgniter\View\View->{closure:CodeIgniter\View\View::render():237}()
 4 SYSTEMPATH\Common.php(1268): CodeIgniter\View\View->render('page/content/dashboard', [], true)
 5 APPPATH\Controllers\Dashboard.php(66): view('page/content/dashboard', [...])
 6 SYSTEMPATH\CodeIgniter.php(974): App\Controllers\Dashboard->index()
 7 SYSTEMPATH\CodeIgniter.php(520): CodeIgniter\CodeIgniter->runController(Object(App\Controllers\Dashboard))
 8 SYSTEMPATH\CodeIgniter.php(363): CodeIgniter\CodeIgniter->handleRequest(null, Object(Config\Cache), false)
 9 SYSTEMPATH\Boot.php(417): CodeIgniter\CodeIgniter->run()
10 SYSTEMPATH\Boot.php(68): CodeIgniter\Boot::runCodeIgniter(Object(CodeIgniter\CodeIgniter))
11 FCPATH\index.php(56): CodeIgniter\Boot::bootWeb(Object(Config\Paths))
12 SYSTEMPATH\rewrite.php(44): require_once('C:\\Users\\AKU BANGGA JADI IT 2\\Documents\\RafiChandra\\Codeigniter4\\bengkeltes\\public\\index.php')
CRITICAL - 2026-08-12 04:49:53 --> ErrorException: Undefined array key "totalUser"
[Method: GET, Route: dashboard]
in APPPATH\Views\page\content\dashboard.php on line 36.
 1 APPPATH\Views\page\content\dashboard.php(36): CodeIgniter\Debug\Exceptions->errorHandler(2, 'Undefined array key "totalUser"', 'C:\\Users\\AKU BANGGA JADI IT 2\\Documents\\RafiChandra\\Codeigniter4\\bengkeltes\\app\\Views\\page\\content\\dashboard.php', 36)
 2 SYSTEMPATH\View\View.php(240): include('C:\\Users\\AKU BANGGA JADI IT 2\\Documents\\RafiChandra\\Codeigniter4\\bengkeltes\\app\\Views\\page\\content\\dashboard.php')
 3 SYSTEMPATH\View\View.php(243): CodeIgniter\View\View->{closure:CodeIgniter\View\View::render():237}()
 4 SYSTEMPATH\Common.php(1268): CodeIgniter\View\View->render('page/content/dashboard', [], true)
 5 APPPATH\Controllers\Dashboard.php(66): view('page/content/dashboard', [...])
 6 SYSTEMPATH\CodeIgniter.php(974): App\Controllers\Dashboard->index()
 7 SYSTEMPATH\CodeIgniter.php(520): CodeIgniter\CodeIgniter->runController(Object(App\Controllers\Dashboard))
 8 SYSTEMPATH\CodeIgniter.php(363): CodeIgniter\CodeIgniter->handleRequest(null, Object(Config\Cache), false)
 9 SYSTEMPATH\Boot.php(417): CodeIgniter\CodeIgniter->run()
10 SYSTEMPATH\Boot.php(68): CodeIgniter\Boot::runCodeIgniter(Object(CodeIgniter\CodeIgniter))
11 FCPATH\index.php(56): CodeIgniter\Boot::bootWeb(Object(Config\Paths))
12 SYSTEMPATH\rewrite.php(44): require_once('C:\\Users\\AKU BANGGA JADI IT 2\\Documents\\RafiChandra\\Codeigniter4\\bengkeltes\\public\\index.php')
CRITICAL - 2026-08-12 04:49:53 --> ErrorException: Undefined array key "totalUser"
[Method: GET, Route: dashboard]
in APPPATH\Views\page\content\dashboard.php on line 36.
 1 APPPATH\Views\page\content\dashboard.php(36): CodeIgniter\Debug\Exceptions->errorHandler(2, 'Undefined array key "totalUser"', 'C:\\Users\\AKU BANGGA JADI IT 2\\Documents\\RafiChandra\\Codeigniter4\\bengkeltes\\app\\Views\\page\\content\\dashboard.php', 36)
 2 SYSTEMPATH\View\View.php(240): include('C:\\Users\\AKU BANGGA JADI IT 2\\Documents\\RafiChandra\\Codeigniter4\\bengkeltes\\app\\Views\\page\\content\\dashboard.php')
 3 SYSTEMPATH\View\View.php(243): CodeIgniter\View\View->{closure:CodeIgniter\View\View::render():237}()
 4 SYSTEMPATH\Common.php(1268): CodeIgniter\View\View->render('page/content/dashboard', [], true)
 5 APPPATH\Controllers\Dashboard.php(66): view('page/content/dashboard', [...])
 6 SYSTEMPATH\CodeIgniter.php(974): App\Controllers\Dashboard->index()
 7 SYSTEMPATH\CodeIgniter.php(520): CodeIgniter\CodeIgniter->runController(Object(App\Controllers\Dashboard))
 8 SYSTEMPATH\CodeIgniter.php(363): CodeIgniter\CodeIgniter->handleRequest(null, Object(Config\Cache), false)
 9 SYSTEMPATH\Boot.php(417): CodeIgniter\CodeIgniter->run()
10 SYSTEMPATH\Boot.php(68): CodeIgniter\Boot::runCodeIgniter(Object(CodeIgniter\CodeIgniter))
11 FCPATH\index.php(56): CodeIgniter\Boot::bootWeb(Object(Config\Paths))
12 SYSTEMPATH\rewrite.php(44): require_once('C:\\Users\\AKU BANGGA JADI IT 2\\Documents\\RafiChandra\\Codeigniter4\\bengkeltes\\public\\index.php')
CRITICAL - 2026-08-12 04:49:53 --> ErrorException: Undefined array key "totalUser"
[Method: GET, Route: dashboard]
in APPPATH\Views\page\content\dashboard.php on line 36.
 1 APPPATH\Views\page\content\dashboard.php(36): CodeIgniter\Debug\Exceptions->errorHandler(2, 'Undefined array key "totalUser"', 'C:\\Users\\AKU BANGGA JADI IT 2\\Documents\\RafiChandra\\Codeigniter4\\bengkeltes\\app\\Views\\page\\content\\dashboard.php', 36)
 2 SYSTEMPATH\View\View.php(240): include('C:\\Users\\AKU BANGGA JADI IT 2\\Documents\\RafiChandra\\Codeigniter4\\bengkeltes\\app\\Views\\page\\content\\dashboard.php')
 3 SYSTEMPATH\View\View.php(243): CodeIgniter\View\View->{closure:CodeIgniter\View\View::render():237}()
 4 SYSTEMPATH\Common.php(1268): CodeIgniter\View\View->render('page/content/dashboard', [], true)
 5 APPPATH\Controllers\Dashboard.php(66): view('page/content/dashboard', [...])
 6 SYSTEMPATH\CodeIgniter.php(974): App\Controllers\Dashboard->index()
 7 SYSTEMPATH\CodeIgniter.php(520): CodeIgniter\CodeIgniter->runController(Object(App\Controllers\Dashboard))
 8 SYSTEMPATH\CodeIgniter.php(363): CodeIgniter\CodeIgniter->handleRequest(null, Object(Config\Cache), false)
 9 SYSTEMPATH\Boot.php(417): CodeIgniter\CodeIgniter->run()
10 SYSTEMPATH\Boot.php(68): CodeIgniter\Boot::runCodeIgniter(Object(CodeIgniter\CodeIgniter))
11 FCPATH\index.php(56): CodeIgniter\Boot::bootWeb(Object(Config\Paths))
12 SYSTEMPATH\rewrite.php(44): require_once('C:\\Users\\AKU BANGGA JADI IT 2\\Documents\\RafiChandra\\Codeigniter4\\bengkeltes\\public\\index.php')
CRITICAL - 2026-08-12 04:49:54 --> ErrorException: Undefined array key "totalUser"
[Method: GET, Route: dashboard]
in APPPATH\Views\page\content\dashboard.php on line 36.
 1 APPPATH\Views\page\content\dashboard.php(36): CodeIgniter\Debug\Exceptions->errorHandler(2, 'Undefined array key "totalUser"', 'C:\\Users\\AKU BANGGA JADI IT 2\\Documents\\RafiChandra\\Codeigniter4\\bengkeltes\\app\\Views\\page\\content\\dashboard.php', 36)
 2 SYSTEMPATH\View\View.php(240): include('C:\\Users\\AKU BANGGA JADI IT 2\\Documents\\RafiChandra\\Codeigniter4\\bengkeltes\\app\\Views\\page\\content\\dashboard.php')
 3 SYSTEMPATH\View\View.php(243): CodeIgniter\View\View->{closure:CodeIgniter\View\View::render():237}()
 4 SYSTEMPATH\Common.php(1268): CodeIgniter\View\View->render('page/content/dashboard', [], true)
 5 APPPATH\Controllers\Dashboard.php(66): view('page/content/dashboard', [...])
 6 SYSTEMPATH\CodeIgniter.php(974): App\Controllers\Dashboard->index()
 7 SYSTEMPATH\CodeIgniter.php(520): CodeIgniter\CodeIgniter->runController(Object(App\Controllers\Dashboard))
 8 SYSTEMPATH\CodeIgniter.php(363): CodeIgniter\CodeIgniter->handleRequest(null, Object(Config\Cache), false)
 9 SYSTEMPATH\Boot.php(417): CodeIgniter\CodeIgniter->run()
10 SYSTEMPATH\Boot.php(68): CodeIgniter\Boot::runCodeIgniter(Object(CodeIgniter\CodeIgniter))
11 FCPATH\index.php(56): CodeIgniter\Boot::bootWeb(Object(Config\Paths))
12 SYSTEMPATH\rewrite.php(44): require_once('C:\\Users\\AKU BANGGA JADI IT 2\\Documents\\RafiChandra\\Codeigniter4\\bengkeltes\\public\\index.php')
CRITICAL - 2026-08-12 04:49:54 --> ErrorException: Undefined array key "totalUser"
[Method: GET, Route: dashboard]
in APPPATH\Views\page\content\dashboard.php on line 36.
 1 APPPATH\Views\page\content\dashboard.php(36): CodeIgniter\Debug\Exceptions->errorHandler(2, 'Undefined array key "totalUser"', 'C:\\Users\\AKU BANGGA JADI IT 2\\Documents\\RafiChandra\\Codeigniter4\\bengkeltes\\app\\Views\\page\\content\\dashboard.php', 36)
 2 SYSTEMPATH\View\View.php(240): include('C:\\Users\\AKU BANGGA JADI IT 2\\Documents\\RafiChandra\\Codeigniter4\\bengkeltes\\app\\Views\\page\\content\\dashboard.php')
 3 SYSTEMPATH\View\View.php(243): CodeIgniter\View\View->{closure:CodeIgniter\View\View::render():237}()
 4 SYSTEMPATH\Common.php(1268): CodeIgniter\View\View->render('page/content/dashboard', [], true)
 5 APPPATH\Controllers\Dashboard.php(66): view('page/content/dashboard', [...])
 6 SYSTEMPATH\CodeIgniter.php(974): App\Controllers\Dashboard->index()
 7 SYSTEMPATH\CodeIgniter.php(520): CodeIgniter\CodeIgniter->runController(Object(App\Controllers\Dashboard))
 8 SYSTEMPATH\CodeIgniter.php(363): CodeIgniter\CodeIgniter->handleRequest(null, Object(Config\Cache), false)
 9 SYSTEMPATH\Boot.php(417): CodeIgniter\CodeIgniter->run()
10 SYSTEMPATH\Boot.php(68): CodeIgniter\Boot::runCodeIgniter(Object(CodeIgniter\CodeIgniter))
11 FCPATH\index.php(56): CodeIgniter\Boot::bootWeb(Object(Config\Paths))
12 SYSTEMPATH\rewrite.php(44): require_once('C:\\Users\\AKU BANGGA JADI IT 2\\Documents\\RafiChandra\\Codeigniter4\\bengkeltes\\public\\index.php')
CRITICAL - 2026-08-12 04:49:54 --> ErrorException: Undefined array key "totalUser"
[Method: GET, Route: dashboard]
in APPPATH\Views\page\content\dashboard.php on line 36.
 1 APPPATH\Views\page\content\dashboard.php(36): CodeIgniter\Debug\Exceptions->errorHandler(2, 'Undefined array key "totalUser"', 'C:\\Users\\AKU BANGGA JADI IT 2\\Documents\\RafiChandra\\Codeigniter4\\bengkeltes\\app\\Views\\page\\content\\dashboard.php', 36)
 2 SYSTEMPATH\View\View.php(240): include('C:\\Users\\AKU BANGGA JADI IT 2\\Documents\\RafiChandra\\Codeigniter4\\bengkeltes\\app\\Views\\page\\content\\dashboard.php')
 3 SYSTEMPATH\View\View.php(243): CodeIgniter\View\View->{closure:CodeIgniter\View\View::render():237}()
 4 SYSTEMPATH\Common.php(1268): CodeIgniter\View\View->render('page/content/dashboard', [], true)
 5 APPPATH\Controllers\Dashboard.php(66): view('page/content/dashboard', [...])
 6 SYSTEMPATH\CodeIgniter.php(974): App\Controllers\Dashboard->index()
 7 SYSTEMPATH\CodeIgniter.php(520): CodeIgniter\CodeIgniter->runController(Object(App\Controllers\Dashboard))
 8 SYSTEMPATH\CodeIgniter.php(363): CodeIgniter\CodeIgniter->handleRequest(null, Object(Config\Cache), false)
 9 SYSTEMPATH\Boot.php(417): CodeIgniter\CodeIgniter->run()
10 SYSTEMPATH\Boot.php(68): CodeIgniter\Boot::runCodeIgniter(Object(CodeIgniter\CodeIgniter))
11 FCPATH\index.php(56): CodeIgniter\Boot::bootWeb(Object(Config\Paths))
12 SYSTEMPATH\rewrite.php(44): require_once('C:\\Users\\AKU BANGGA JADI IT 2\\Documents\\RafiChandra\\Codeigniter4\\bengkeltes\\public\\index.php')
CRITICAL - 2026-08-12 04:49:54 --> ErrorException: Undefined array key "totalUser"
[Method: GET, Route: dashboard]
in APPPATH\Views\page\content\dashboard.php on line 36.
 1 APPPATH\Views\page\content\dashboard.php(36): CodeIgniter\Debug\Exceptions->errorHandler(2, 'Undefined array key "totalUser"', 'C:\\Users\\AKU BANGGA JADI IT 2\\Documents\\RafiChandra\\Codeigniter4\\bengkeltes\\app\\Views\\page\\content\\dashboard.php', 36)
 2 SYSTEMPATH\View\View.php(240): include('C:\\Users\\AKU BANGGA JADI IT 2\\Documents\\RafiChandra\\Codeigniter4\\bengkeltes\\app\\Views\\page\\content\\dashboard.php')
 3 SYSTEMPATH\View\View.php(243): CodeIgniter\View\View->{closure:CodeIgniter\View\View::render():237}()
 4 SYSTEMPATH\Common.php(1268): CodeIgniter\View\View->render('page/content/dashboard', [], true)
 5 APPPATH\Controllers\Dashboard.php(66): view('page/content/dashboard', [...])
 6 SYSTEMPATH\CodeIgniter.php(974): App\Controllers\Dashboard->index()
 7 SYSTEMPATH\CodeIgniter.php(520): CodeIgniter\CodeIgniter->runController(Object(App\Controllers\Dashboard))
 8 SYSTEMPATH\CodeIgniter.php(363): CodeIgniter\CodeIgniter->handleRequest(null, Object(Config\Cache), false)
 9 SYSTEMPATH\Boot.php(417): CodeIgniter\CodeIgniter->run()
10 SYSTEMPATH\Boot.php(68): CodeIgniter\Boot::runCodeIgniter(Object(CodeIgniter\CodeIgniter))
11 FCPATH\index.php(56): CodeIgniter\Boot::bootWeb(Object(Config\Paths))
12 SYSTEMPATH\rewrite.php(44): require_once('C:\\Users\\AKU BANGGA JADI IT 2\\Documents\\RafiChandra\\Codeigniter4\\bengkeltes\\public\\index.php')
CRITICAL - 2026-08-12 04:49:54 --> ErrorException: Undefined array key "totalUser"
[Method: GET, Route: dashboard]
in APPPATH\Views\page\content\dashboard.php on line 36.
 1 APPPATH\Views\page\content\dashboard.php(36): CodeIgniter\Debug\Exceptions->errorHandler(2, 'Undefined array key "totalUser"', 'C:\\Users\\AKU BANGGA JADI IT 2\\Documents\\RafiChandra\\Codeigniter4\\bengkeltes\\app\\Views\\page\\content\\dashboard.php', 36)
 2 SYSTEMPATH\View\View.php(240): include('C:\\Users\\AKU BANGGA JADI IT 2\\Documents\\RafiChandra\\Codeigniter4\\bengkeltes\\app\\Views\\page\\content\\dashboard.php')
 3 SYSTEMPATH\View\View.php(243): CodeIgniter\View\View->{closure:CodeIgniter\View\View::render():237}()
 4 SYSTEMPATH\Common.php(1268): CodeIgniter\View\View->render('page/content/dashboard', [], true)
 5 APPPATH\Controllers\Dashboard.php(66): view('page/content/dashboard', [...])
 6 SYSTEMPATH\CodeIgniter.php(974): App\Controllers\Dashboard->index()
 7 SYSTEMPATH\CodeIgniter.php(520): CodeIgniter\CodeIgniter->runController(Object(App\Controllers\Dashboard))
 8 SYSTEMPATH\CodeIgniter.php(363): CodeIgniter\CodeIgniter->handleRequest(null, Object(Config\Cache), false)
 9 SYSTEMPATH\Boot.php(417): CodeIgniter\CodeIgniter->run()
10 SYSTEMPATH\Boot.php(68): CodeIgniter\Boot::runCodeIgniter(Object(CodeIgniter\CodeIgniter))
11 FCPATH\index.php(56): CodeIgniter\Boot::bootWeb(Object(Config\Paths))
12 SYSTEMPATH\rewrite.php(44): require_once('C:\\Users\\AKU BANGGA JADI IT 2\\Documents\\RafiChandra\\Codeigniter4\\bengkeltes\\public\\index.php')
CRITICAL - 2026-08-12 04:49:54 --> ErrorException: Undefined array key "totalUser"
[Method: GET, Route: dashboard]
in APPPATH\Views\page\content\dashboard.php on line 36.
 1 APPPATH\Views\page\content\dashboard.php(36): CodeIgniter\Debug\Exceptions->errorHandler(2, 'Undefined array key "totalUser"', 'C:\\Users\\AKU BANGGA JADI IT 2\\Documents\\RafiChandra\\Codeigniter4\\bengkeltes\\app\\Views\\page\\content\\dashboard.php', 36)
 2 SYSTEMPATH\View\View.php(240): include('C:\\Users\\AKU BANGGA JADI IT 2\\Documents\\RafiChandra\\Codeigniter4\\bengkeltes\\app\\Views\\page\\content\\dashboard.php')
 3 SYSTEMPATH\View\View.php(243): CodeIgniter\View\View->{closure:CodeIgniter\View\View::render():237}()
 4 SYSTEMPATH\Common.php(1268): CodeIgniter\View\View->render('page/content/dashboard', [], true)
 5 APPPATH\Controllers\Dashboard.php(66): view('page/content/dashboard', [...])
 6 SYSTEMPATH\CodeIgniter.php(974): App\Controllers\Dashboard->index()
 7 SYSTEMPATH\CodeIgniter.php(520): CodeIgniter\CodeIgniter->runController(Object(App\Controllers\Dashboard))
 8 SYSTEMPATH\CodeIgniter.php(363): CodeIgniter\CodeIgniter->handleRequest(null, Object(Config\Cache), false)
 9 SYSTEMPATH\Boot.php(417): CodeIgniter\CodeIgniter->run()
10 SYSTEMPATH\Boot.php(68): CodeIgniter\Boot::runCodeIgniter(Object(CodeIgniter\CodeIgniter))
11 FCPATH\index.php(56): CodeIgniter\Boot::bootWeb(Object(Config\Paths))
12 SYSTEMPATH\rewrite.php(44): require_once('C:\\Users\\AKU BANGGA JADI IT 2\\Documents\\RafiChandra\\Codeigniter4\\bengkeltes\\public\\index.php')
CRITICAL - 2026-08-12 04:49:55 --> ErrorException: Undefined array key "totalUser"
[Method: GET, Route: dashboard]
in APPPATH\Views\page\content\dashboard.php on line 36.
 1 APPPATH\Views\page\content\dashboard.php(36): CodeIgniter\Debug\Exceptions->errorHandler(2, 'Undefined array key "totalUser"', 'C:\\Users\\AKU BANGGA JADI IT 2\\Documents\\RafiChandra\\Codeigniter4\\bengkeltes\\app\\Views\\page\\content\\dashboard.php', 36)
 2 SYSTEMPATH\View\View.php(240): include('C:\\Users\\AKU BANGGA JADI IT 2\\Documents\\RafiChandra\\Codeigniter4\\bengkeltes\\app\\Views\\page\\content\\dashboard.php')
 3 SYSTEMPATH\View\View.php(243): CodeIgniter\View\View->{closure:CodeIgniter\View\View::render():237}()
 4 SYSTEMPATH\Common.php(1268): CodeIgniter\View\View->render('page/content/dashboard', [], true)
 5 APPPATH\Controllers\Dashboard.php(66): view('page/content/dashboard', [...])
 6 SYSTEMPATH\CodeIgniter.php(974): App\Controllers\Dashboard->index()
 7 SYSTEMPATH\CodeIgniter.php(520): CodeIgniter\CodeIgniter->runController(Object(App\Controllers\Dashboard))
 8 SYSTEMPATH\CodeIgniter.php(363): CodeIgniter\CodeIgniter->handleRequest(null, Object(Config\Cache), false)
 9 SYSTEMPATH\Boot.php(417): CodeIgniter\CodeIgniter->run()
10 SYSTEMPATH\Boot.php(68): CodeIgniter\Boot::runCodeIgniter(Object(CodeIgniter\CodeIgniter))
11 FCPATH\index.php(56): CodeIgniter\Boot::bootWeb(Object(Config\Paths))
12 SYSTEMPATH\rewrite.php(44): require_once('C:\\Users\\AKU BANGGA JADI IT 2\\Documents\\RafiChandra\\Codeigniter4\\bengkeltes\\public\\index.php')
CRITICAL - 2026-08-12 04:49:55 --> ErrorException: Undefined array key "totalUser"
[Method: GET, Route: dashboard]
in APPPATH\Views\page\content\dashboard.php on line 36.
 1 APPPATH\Views\page\content\dashboard.php(36): CodeIgniter\Debug\Exceptions->errorHandler(2, 'Undefined array key "totalUser"', 'C:\\Users\\AKU BANGGA JADI IT 2\\Documents\\RafiChandra\\Codeigniter4\\bengkeltes\\app\\Views\\page\\content\\dashboard.php', 36)
 2 SYSTEMPATH\View\View.php(240): include('C:\\Users\\AKU BANGGA JADI IT 2\\Documents\\RafiChandra\\Codeigniter4\\bengkeltes\\app\\Views\\page\\content\\dashboard.php')
 3 SYSTEMPATH\View\View.php(243): CodeIgniter\View\View->{closure:CodeIgniter\View\View::render():237}()
 4 SYSTEMPATH\Common.php(1268): CodeIgniter\View\View->render('page/content/dashboard', [], true)
 5 APPPATH\Controllers\Dashboard.php(66): view('page/content/dashboard', [...])
 6 SYSTEMPATH\CodeIgniter.php(974): App\Controllers\Dashboard->index()
 7 SYSTEMPATH\CodeIgniter.php(520): CodeIgniter\CodeIgniter->runController(Object(App\Controllers\Dashboard))
 8 SYSTEMPATH\CodeIgniter.php(363): CodeIgniter\CodeIgniter->handleRequest(null, Object(Config\Cache), false)
 9 SYSTEMPATH\Boot.php(417): CodeIgniter\CodeIgniter->run()
10 SYSTEMPATH\Boot.php(68): CodeIgniter\Boot::runCodeIgniter(Object(CodeIgniter\CodeIgniter))
11 FCPATH\index.php(56): CodeIgniter\Boot::bootWeb(Object(Config\Paths))
12 SYSTEMPATH\rewrite.php(44): require_once('C:\\Users\\AKU BANGGA JADI IT 2\\Documents\\RafiChandra\\Codeigniter4\\bengkeltes\\public\\index.php')
CRITICAL - 2026-08-12 04:49:55 --> ErrorException: Undefined array key "totalUser"
[Method: GET, Route: dashboard]
in APPPATH\Views\page\content\dashboard.php on line 36.
 1 APPPATH\Views\page\content\dashboard.php(36): CodeIgniter\Debug\Exceptions->errorHandler(2, 'Undefined array key "totalUser"', 'C:\\Users\\AKU BANGGA JADI IT 2\\Documents\\RafiChandra\\Codeigniter4\\bengkeltes\\app\\Views\\page\\content\\dashboard.php', 36)
 2 SYSTEMPATH\View\View.php(240): include('C:\\Users\\AKU BANGGA JADI IT 2\\Documents\\RafiChandra\\Codeigniter4\\bengkeltes\\app\\Views\\page\\content\\dashboard.php')
 3 SYSTEMPATH\View\View.php(243): CodeIgniter\View\View->{closure:CodeIgniter\View\View::render():237}()
 4 SYSTEMPATH\Common.php(1268): CodeIgniter\View\View->render('page/content/dashboard', [], true)
 5 APPPATH\Controllers\Dashboard.php(66): view('page/content/dashboard', [...])
 6 SYSTEMPATH\CodeIgniter.php(974): App\Controllers\Dashboard->index()
 7 SYSTEMPATH\CodeIgniter.php(520): CodeIgniter\CodeIgniter->runController(Object(App\Controllers\Dashboard))
 8 SYSTEMPATH\CodeIgniter.php(363): CodeIgniter\CodeIgniter->handleRequest(null, Object(Config\Cache), false)
 9 SYSTEMPATH\Boot.php(417): CodeIgniter\CodeIgniter->run()
10 SYSTEMPATH\Boot.php(68): CodeIgniter\Boot::runCodeIgniter(Object(CodeIgniter\CodeIgniter))
11 FCPATH\index.php(56): CodeIgniter\Boot::bootWeb(Object(Config\Paths))
12 SYSTEMPATH\rewrite.php(44): require_once('C:\\Users\\AKU BANGGA JADI IT 2\\Documents\\RafiChandra\\Codeigniter4\\bengkeltes\\public\\index.php')
CRITICAL - 2026-08-12 04:49:55 --> ErrorException: Undefined array key "totalUser"
[Method: GET, Route: dashboard]
in APPPATH\Views\page\content\dashboard.php on line 36.
 1 APPPATH\Views\page\content\dashboard.php(36): CodeIgniter\Debug\Exceptions->errorHandler(2, 'Undefined array key "totalUser"', 'C:\\Users\\AKU BANGGA JADI IT 2\\Documents\\RafiChandra\\Codeigniter4\\bengkeltes\\app\\Views\\page\\content\\dashboard.php', 36)
 2 SYSTEMPATH\View\View.php(240): include('C:\\Users\\AKU BANGGA JADI IT 2\\Documents\\RafiChandra\\Codeigniter4\\bengkeltes\\app\\Views\\page\\content\\dashboard.php')
 3 SYSTEMPATH\View\View.php(243): CodeIgniter\View\View->{closure:CodeIgniter\View\View::render():237}()
 4 SYSTEMPATH\Common.php(1268): CodeIgniter\View\View->render('page/content/dashboard', [], true)
 5 APPPATH\Controllers\Dashboard.php(66): view('page/content/dashboard', [...])
 6 SYSTEMPATH\CodeIgniter.php(974): App\Controllers\Dashboard->index()
 7 SYSTEMPATH\CodeIgniter.php(520): CodeIgniter\CodeIgniter->runController(Object(App\Controllers\Dashboard))
 8 SYSTEMPATH\CodeIgniter.php(363): CodeIgniter\CodeIgniter->handleRequest(null, Object(Config\Cache), false)
 9 SYSTEMPATH\Boot.php(417): CodeIgniter\CodeIgniter->run()
10 SYSTEMPATH\Boot.php(68): CodeIgniter\Boot::runCodeIgniter(Object(CodeIgniter\CodeIgniter))
11 FCPATH\index.php(56): CodeIgniter\Boot::bootWeb(Object(Config\Paths))
12 SYSTEMPATH\rewrite.php(44): require_once('C:\\Users\\AKU BANGGA JADI IT 2\\Documents\\RafiChandra\\Codeigniter4\\bengkeltes\\public\\index.php')
CRITICAL - 2026-08-12 04:49:55 --> ErrorException: Undefined array key "totalUser"
[Method: GET, Route: dashboard]
in APPPATH\Views\page\content\dashboard.php on line 36.
 1 APPPATH\Views\page\content\dashboard.php(36): CodeIgniter\Debug\Exceptions->errorHandler(2, 'Undefined array key "totalUser"', 'C:\\Users\\AKU BANGGA JADI IT 2\\Documents\\RafiChandra\\Codeigniter4\\bengkeltes\\app\\Views\\page\\content\\dashboard.php', 36)
 2 SYSTEMPATH\View\View.php(240): include('C:\\Users\\AKU BANGGA JADI IT 2\\Documents\\RafiChandra\\Codeigniter4\\bengkeltes\\app\\Views\\page\\content\\dashboard.php')
 3 SYSTEMPATH\View\View.php(243): CodeIgniter\View\View->{closure:CodeIgniter\View\View::render():237}()
 4 SYSTEMPATH\Common.php(1268): CodeIgniter\View\View->render('page/content/dashboard', [], true)
 5 APPPATH\Controllers\Dashboard.php(66): view('page/content/dashboard', [...])
 6 SYSTEMPATH\CodeIgniter.php(974): App\Controllers\Dashboard->index()
 7 SYSTEMPATH\CodeIgniter.php(520): CodeIgniter\CodeIgniter->runController(Object(App\Controllers\Dashboard))
 8 SYSTEMPATH\CodeIgniter.php(363): CodeIgniter\CodeIgniter->handleRequest(null, Object(Config\Cache), false)
 9 SYSTEMPATH\Boot.php(417): CodeIgniter\CodeIgniter->run()
10 SYSTEMPATH\Boot.php(68): CodeIgniter\Boot::runCodeIgniter(Object(CodeIgniter\CodeIgniter))
11 FCPATH\index.php(56): CodeIgniter\Boot::bootWeb(Object(Config\Paths))
12 SYSTEMPATH\rewrite.php(44): require_once('C:\\Users\\AKU BANGGA JADI IT 2\\Documents\\RafiChandra\\Codeigniter4\\bengkeltes\\public\\index.php')
CRITICAL - 2026-08-12 04:49:55 --> ErrorException: Undefined array key "totalUser"
[Method: GET, Route: dashboard]
in APPPATH\Views\page\content\dashboard.php on line 36.
 1 APPPATH\Views\page\content\dashboard.php(36): CodeIgniter\Debug\Exceptions->errorHandler(2, 'Undefined array key "totalUser"', 'C:\\Users\\AKU BANGGA JADI IT 2\\Documents\\RafiChandra\\Codeigniter4\\bengkeltes\\app\\Views\\page\\content\\dashboard.php', 36)
 2 SYSTEMPATH\View\View.php(240): include('C:\\Users\\AKU BANGGA JADI IT 2\\Documents\\RafiChandra\\Codeigniter4\\bengkeltes\\app\\Views\\page\\content\\dashboard.php')
 3 SYSTEMPATH\View\View.php(243): CodeIgniter\View\View->{closure:CodeIgniter\View\View::render():237}()
 4 SYSTEMPATH\Common.php(1268): CodeIgniter\View\View->render('page/content/dashboard', [], true)
 5 APPPATH\Controllers\Dashboard.php(66): view('page/content/dashboard', [...])
 6 SYSTEMPATH\CodeIgniter.php(974): App\Controllers\Dashboard->index()
 7 SYSTEMPATH\CodeIgniter.php(520): CodeIgniter\CodeIgniter->runController(Object(App\Controllers\Dashboard))
 8 SYSTEMPATH\CodeIgniter.php(363): CodeIgniter\CodeIgniter->handleRequest(null, Object(Config\Cache), false)
 9 SYSTEMPATH\Boot.php(417): CodeIgniter\CodeIgniter->run()
10 SYSTEMPATH\Boot.php(68): CodeIgniter\Boot::runCodeIgniter(Object(CodeIgniter\CodeIgniter))
11 FCPATH\index.php(56): CodeIgniter\Boot::bootWeb(Object(Config\Paths))
12 SYSTEMPATH\rewrite.php(44): require_once('C:\\Users\\AKU BANGGA JADI IT 2\\Documents\\RafiChandra\\Codeigniter4\\bengkeltes\\public\\index.php')
CRITICAL - 2026-08-12 04:49:56 --> ErrorException: Undefined array key "totalUser"
[Method: GET, Route: dashboard]
in APPPATH\Views\page\content\dashboard.php on line 36.
 1 APPPATH\Views\page\content\dashboard.php(36): CodeIgniter\Debug\Exceptions->errorHandler(2, 'Undefined array key "totalUser"', 'C:\\Users\\AKU BANGGA JADI IT 2\\Documents\\RafiChandra\\Codeigniter4\\bengkeltes\\app\\Views\\page\\content\\dashboard.php', 36)
 2 SYSTEMPATH\View\View.php(240): include('C:\\Users\\AKU BANGGA JADI IT 2\\Documents\\RafiChandra\\Codeigniter4\\bengkeltes\\app\\Views\\page\\content\\dashboard.php')
 3 SYSTEMPATH\View\View.php(243): CodeIgniter\View\View->{closure:CodeIgniter\View\View::render():237}()
 4 SYSTEMPATH\Common.php(1268): CodeIgniter\View\View->render('page/content/dashboard', [], true)
 5 APPPATH\Controllers\Dashboard.php(66): view('page/content/dashboard', [...])
 6 SYSTEMPATH\CodeIgniter.php(974): App\Controllers\Dashboard->index()
 7 SYSTEMPATH\CodeIgniter.php(520): CodeIgniter\CodeIgniter->runController(Object(App\Controllers\Dashboard))
 8 SYSTEMPATH\CodeIgniter.php(363): CodeIgniter\CodeIgniter->handleRequest(null, Object(Config\Cache), false)
 9 SYSTEMPATH\Boot.php(417): CodeIgniter\CodeIgniter->run()
10 SYSTEMPATH\Boot.php(68): CodeIgniter\Boot::runCodeIgniter(Object(CodeIgniter\CodeIgniter))
11 FCPATH\index.php(56): CodeIgniter\Boot::bootWeb(Object(Config\Paths))
12 SYSTEMPATH\rewrite.php(44): require_once('C:\\Users\\AKU BANGGA JADI IT 2\\Documents\\RafiChandra\\Codeigniter4\\bengkeltes\\public\\index.php')
CRITICAL - 2026-08-12 04:49:56 --> ErrorException: Undefined array key "totalUser"
[Method: GET, Route: dashboard]
in APPPATH\Views\page\content\dashboard.php on line 36.
 1 APPPATH\Views\page\content\dashboard.php(36): CodeIgniter\Debug\Exceptions->errorHandler(2, 'Undefined array key "totalUser"', 'C:\\Users\\AKU BANGGA JADI IT 2\\Documents\\RafiChandra\\Codeigniter4\\bengkeltes\\app\\Views\\page\\content\\dashboard.php', 36)
 2 SYSTEMPATH\View\View.php(240): include('C:\\Users\\AKU BANGGA JADI IT 2\\Documents\\RafiChandra\\Codeigniter4\\bengkeltes\\app\\Views\\page\\content\\dashboard.php')
 3 SYSTEMPATH\View\View.php(243): CodeIgniter\View\View->{closure:CodeIgniter\View\View::render():237}()
 4 SYSTEMPATH\Common.php(1268): CodeIgniter\View\View->render('page/content/dashboard', [], true)
 5 APPPATH\Controllers\Dashboard.php(66): view('page/content/dashboard', [...])
 6 SYSTEMPATH\CodeIgniter.php(974): App\Controllers\Dashboard->index()
 7 SYSTEMPATH\CodeIgniter.php(520): CodeIgniter\CodeIgniter->runController(Object(App\Controllers\Dashboard))
 8 SYSTEMPATH\CodeIgniter.php(363): CodeIgniter\CodeIgniter->handleRequest(null, Object(Config\Cache), false)
 9 SYSTEMPATH\Boot.php(417): CodeIgniter\CodeIgniter->run()
10 SYSTEMPATH\Boot.php(68): CodeIgniter\Boot::runCodeIgniter(Object(CodeIgniter\CodeIgniter))
11 FCPATH\index.php(56): CodeIgniter\Boot::bootWeb(Object(Config\Paths))
12 SYSTEMPATH\rewrite.php(44): require_once('C:\\Users\\AKU BANGGA JADI IT 2\\Documents\\RafiChandra\\Codeigniter4\\bengkeltes\\public\\index.php')
CRITICAL - 2026-08-12 04:49:56 --> ErrorException: Undefined array key "totalUser"
[Method: GET, Route: dashboard]
in APPPATH\Views\page\content\dashboard.php on line 36.
 1 APPPATH\Views\page\content\dashboard.php(36): CodeIgniter\Debug\Exceptions->errorHandler(2, 'Undefined array key "totalUser"', 'C:\\Users\\AKU BANGGA JADI IT 2\\Documents\\RafiChandra\\Codeigniter4\\bengkeltes\\app\\Views\\page\\content\\dashboard.php', 36)
 2 SYSTEMPATH\View\View.php(240): include('C:\\Users\\AKU BANGGA JADI IT 2\\Documents\\RafiChandra\\Codeigniter4\\bengkeltes\\app\\Views\\page\\content\\dashboard.php')
 3 SYSTEMPATH\View\View.php(243): CodeIgniter\View\View->{closure:CodeIgniter\View\View::render():237}()
 4 SYSTEMPATH\Common.php(1268): CodeIgniter\View\View->render('page/content/dashboard', [], true)
 5 APPPATH\Controllers\Dashboard.php(66): view('page/content/dashboard', [...])
 6 SYSTEMPATH\CodeIgniter.php(974): App\Controllers\Dashboard->index()
 7 SYSTEMPATH\CodeIgniter.php(520): CodeIgniter\CodeIgniter->runController(Object(App\Controllers\Dashboard))
 8 SYSTEMPATH\CodeIgniter.php(363): CodeIgniter\CodeIgniter->handleRequest(null, Object(Config\Cache), false)
 9 SYSTEMPATH\Boot.php(417): CodeIgniter\CodeIgniter->run()
10 SYSTEMPATH\Boot.php(68): CodeIgniter\Boot::runCodeIgniter(Object(CodeIgniter\CodeIgniter))
11 FCPATH\index.php(56): CodeIgniter\Boot::bootWeb(Object(Config\Paths))
12 SYSTEMPATH\rewrite.php(44): require_once('C:\\Users\\AKU BANGGA JADI IT 2\\Documents\\RafiChandra\\Codeigniter4\\bengkeltes\\public\\index.php')
CRITICAL - 2026-08-12 04:49:56 --> ErrorException: Undefined array key "totalUser"
[Method: GET, Route: dashboard]
in APPPATH\Views\page\content\dashboard.php on line 36.
 1 APPPATH\Views\page\content\dashboard.php(36): CodeIgniter\Debug\Exceptions->errorHandler(2, 'Undefined array key "totalUser"', 'C:\\Users\\AKU BANGGA JADI IT 2\\Documents\\RafiChandra\\Codeigniter4\\bengkeltes\\app\\Views\\page\\content\\dashboard.php', 36)
 2 SYSTEMPATH\View\View.php(240): include('C:\\Users\\AKU BANGGA JADI IT 2\\Documents\\RafiChandra\\Codeigniter4\\bengkeltes\\app\\Views\\page\\content\\dashboard.php')
 3 SYSTEMPATH\View\View.php(243): CodeIgniter\View\View->{closure:CodeIgniter\View\View::render():237}()
 4 SYSTEMPATH\Common.php(1268): CodeIgniter\View\View->render('page/content/dashboard', [], true)
 5 APPPATH\Controllers\Dashboard.php(66): view('page/content/dashboard', [...])
 6 SYSTEMPATH\CodeIgniter.php(974): App\Controllers\Dashboard->index()
 7 SYSTEMPATH\CodeIgniter.php(520): CodeIgniter\CodeIgniter->runController(Object(App\Controllers\Dashboard))
 8 SYSTEMPATH\CodeIgniter.php(363): CodeIgniter\CodeIgniter->handleRequest(null, Object(Config\Cache), false)
 9 SYSTEMPATH\Boot.php(417): CodeIgniter\CodeIgniter->run()
10 SYSTEMPATH\Boot.php(68): CodeIgniter\Boot::runCodeIgniter(Object(CodeIgniter\CodeIgniter))
11 FCPATH\index.php(56): CodeIgniter\Boot::bootWeb(Object(Config\Paths))
12 SYSTEMPATH\rewrite.php(44): require_once('C:\\Users\\AKU BANGGA JADI IT 2\\Documents\\RafiChandra\\Codeigniter4\\bengkeltes\\public\\index.php')
CRITICAL - 2026-08-12 04:49:56 --> ErrorException: Undefined array key "totalUser"
[Method: GET, Route: dashboard]
in APPPATH\Views\page\content\dashboard.php on line 36.
 1 APPPATH\Views\page\content\dashboard.php(36): CodeIgniter\Debug\Exceptions->errorHandler(2, 'Undefined array key "totalUser"', 'C:\\Users\\AKU BANGGA JADI IT 2\\Documents\\RafiChandra\\Codeigniter4\\bengkeltes\\app\\Views\\page\\content\\dashboard.php', 36)
 2 SYSTEMPATH\View\View.php(240): include('C:\\Users\\AKU BANGGA JADI IT 2\\Documents\\RafiChandra\\Codeigniter4\\bengkeltes\\app\\Views\\page\\content\\dashboard.php')
 3 SYSTEMPATH\View\View.php(243): CodeIgniter\View\View->{closure:CodeIgniter\View\View::render():237}()
 4 SYSTEMPATH\Common.php(1268): CodeIgniter\View\View->render('page/content/dashboard', [], true)
 5 APPPATH\Controllers\Dashboard.php(66): view('page/content/dashboard', [...])
 6 SYSTEMPATH\CodeIgniter.php(974): App\Controllers\Dashboard->index()
 7 SYSTEMPATH\CodeIgniter.php(520): CodeIgniter\CodeIgniter->runController(Object(App\Controllers\Dashboard))
 8 SYSTEMPATH\CodeIgniter.php(363): CodeIgniter\CodeIgniter->handleRequest(null, Object(Config\Cache), false)
 9 SYSTEMPATH\Boot.php(417): CodeIgniter\CodeIgniter->run()
10 SYSTEMPATH\Boot.php(68): CodeIgniter\Boot::runCodeIgniter(Object(CodeIgniter\CodeIgniter))
11 FCPATH\index.php(56): CodeIgniter\Boot::bootWeb(Object(Config\Paths))
12 SYSTEMPATH\rewrite.php(44): require_once('C:\\Users\\AKU BANGGA JADI IT 2\\Documents\\RafiChandra\\Codeigniter4\\bengkeltes\\public\\index.php')
CRITICAL - 2026-08-12 04:49:56 --> ErrorException: Undefined array key "totalUser"
[Method: GET, Route: dashboard]
in APPPATH\Views\page\content\dashboard.php on line 36.
 1 APPPATH\Views\page\content\dashboard.php(36): CodeIgniter\Debug\Exceptions->errorHandler(2, 'Undefined array key "totalUser"', 'C:\\Users\\AKU BANGGA JADI IT 2\\Documents\\RafiChandra\\Codeigniter4\\bengkeltes\\app\\Views\\page\\content\\dashboard.php', 36)
 2 SYSTEMPATH\View\View.php(240): include('C:\\Users\\AKU BANGGA JADI IT 2\\Documents\\RafiChandra\\Codeigniter4\\bengkeltes\\app\\Views\\page\\content\\dashboard.php')
 3 SYSTEMPATH\View\View.php(243): CodeIgniter\View\View->{closure:CodeIgniter\View\View::render():237}()
 4 SYSTEMPATH\Common.php(1268): CodeIgniter\View\View->render('page/content/dashboard', [], true)
 5 APPPATH\Controllers\Dashboard.php(66): view('page/content/dashboard', [...])
 6 SYSTEMPATH\CodeIgniter.php(974): App\Controllers\Dashboard->index()
 7 SYSTEMPATH\CodeIgniter.php(520): CodeIgniter\CodeIgniter->runController(Object(App\Controllers\Dashboard))
 8 SYSTEMPATH\CodeIgniter.php(363): CodeIgniter\CodeIgniter->handleRequest(null, Object(Config\Cache), false)
 9 SYSTEMPATH\Boot.php(417): CodeIgniter\CodeIgniter->run()
10 SYSTEMPATH\Boot.php(68): CodeIgniter\Boot::runCodeIgniter(Object(CodeIgniter\CodeIgniter))
11 FCPATH\index.php(56): CodeIgniter\Boot::bootWeb(Object(Config\Paths))
12 SYSTEMPATH\rewrite.php(44): require_once('C:\\Users\\AKU BANGGA JADI IT 2\\Documents\\RafiChandra\\Codeigniter4\\bengkeltes\\public\\index.php')
DEBUG - 2026-08-12 04:49:57 --> Session: Class initialized using 'CodeIgniter\Session\Handlers\FileHandler' driver.
DEBUG - 2026-08-12 04:49:57 --> Session: Class initialized using 'CodeIgniter\Session\Handlers\FileHandler' driver.
DEBUG - 2026-08-12 04:49:57 --> Session: Class initialized using 'CodeIgniter\Session\Handlers\FileHandler' driver.
DEBUG - 2026-08-12 04:52:49 --> Session: Class initialized using 'CodeIgniter\Session\Handlers\FileHandler' driver.
CRITICAL - 2026-08-12 04:53:23 --> ErrorException: Uncaught ErrorException: Undefined property: Config\Format::$jsonEncodeDepth in C:\Users\AKU BANGGA JADI IT 2\Documents\RafiChandra\Codeigniter4\bengkeltes\vendor\codeigniter4\framework\system\Format\JSONFormatter.php:44
Stack trace:
#0 C:\Users\AKU BANGGA JADI IT 2\Documents\RafiChandra\Codeigniter4\bengkeltes\vendor\codeigniter4\framework\system\Format\JSONFormatter.php(44): CodeIgniter\Debug\Exceptions->errorHandler(2, 'Undefined prope...', 'C:\\Users\\AKU BA...', 44)
#1 C:\Users\AKU BANGGA JADI IT 2\Documents\RafiChandra\Codeigniter4\bengkeltes\vendor\codeigniter4\framework\system\API\ResponseTrait.php(352): CodeIgniter\Format\JSONFormatter->format(Array)
#2 C:\Users\AKU BANGGA JADI IT 2\Documents\RafiChandra\Codeigniter4\bengkeltes\vendor\codeigniter4\framework\system\API\ResponseTrait.php(111): CodeIgniter\Debug\ExceptionHandler->format(Array)
#3 C:\Users\AKU BANGGA JADI IT 2\Documents\RafiChandra\Codeigniter4\bengkeltes\vendor\codeigniter4\framework\system\Debug\ExceptionHandler.php(95): CodeIgniter\Debug\ExceptionHandler->respond(Array, 404)
#4 C:\Users\AKU BANGGA JADI IT 2\Documents\RafiChandra\Codeigniter4\bengkeltes\vendor\codeigniter4\framework\system\Debug\Exceptions.php(151): CodeIgniter\Debug\ExceptionHandler->handle(Object(CodeIgniter\Exceptions\PageNotFoundException), Object(CodeIgniter\HTTP\IncomingRequest), Object(CodeIgniter\HTTP\Response), 404, 1)
#5 [internal function]: CodeIgniter\Debug\Exceptions->exceptionHandler(Object(CodeIgniter\Exceptions\PageNotFoundException))
#6 {main}
  thrown
【Previous Exception】
CodeIgniter\Exceptions\PageNotFoundException
Can't find a route for 'GET: .well-known/appspecific/com.chrome.devtools.json'.
#0 C:\Users\AKU BANGGA JADI IT 2\Documents\RafiChandra\Codeigniter4\bengkeltes\vendor\codeigniter4\framework\system\CodeIgniter.php(1024): CodeIgniter\Exceptions\PageNotFoundException::forPageNotFound('Can't find a ro...')
#1 C:\Users\AKU BANGGA JADI IT 2\Documents\RafiChandra\Codeigniter4\bengkeltes\vendor\codeigniter4\framework\system\CodeIgniter.php(369): CodeIgniter\CodeIgniter->display404errors(Object(CodeIgniter\Exceptions\PageNotFoundException))
#2 C:\Users\AKU BANGGA JADI IT 2\Documents\RafiChandra\Codeigniter4\bengkeltes\vendor\codeigniter4\framework\system\Boot.php(417): CodeIgniter\CodeIgniter->run()
#3 C:\Users\AKU BANGGA JADI IT 2\Documents\RafiChandra\Codeigniter4\bengkeltes\vendor\codeigniter4\framework\system\Boot.php(68): CodeIgniter\Boot::runCodeIgniter(Object(CodeIgniter\CodeIgniter))
#4 C:\Users\AKU BANGGA JADI IT 2\Documents\RafiChandra\Codeigniter4\bengkeltes\public\index.php(56): CodeIgniter\Boot::bootWeb(Object(Config\Paths))
#5 C:\Users\AKU BANGGA JADI IT 2\Documents\RafiChandra\Codeigniter4\bengkeltes\vendor\codeigniter4\framework\system\rewrite.php(44): require_once('C:\\Users\\AKU BA...')
#6 {main}
[Method: GET, Route: .well-known/appspecific/com.chrome.devtools.json]
in SYSTEMPATH\Format\JSONFormatter.php on line 44.
 1 [internal function]: CodeIgniter\Debug\Exceptions->shutdownHandler()
CRITICAL - 2026-08-12 04:53:23 --> ErrorException: Uncaught ErrorException: Undefined property: Config\Format::$jsonEncodeDepth in C:\Users\AKU BANGGA JADI IT 2\Documents\RafiChandra\Codeigniter4\bengkeltes\vendor\codeigniter4\framework\system\Format\JSONFormatter.php:44
Stack trace:
#0 C:\Users\AKU BANGGA JADI IT 2\Documents\RafiChandra\Codeigniter4\bengkeltes\vendor\codeigniter4\framework\system\Format\JSONFormatter.php(44): CodeIgniter\Debug\Exceptions->errorHandler(2, 'Undefined prope...', 'C:\\Users\\AKU BA...', 44)
#1 C:\Users\AKU BANGGA JADI IT 2\Documents\RafiChandra\Codeigniter4\bengkeltes\vendor\codeigniter4\framework\system\API\ResponseTrait.php(352): CodeIgniter\Format\JSONFormatter->format(Array)
#2 C:\Users\AKU BANGGA JADI IT 2\Documents\RafiChandra\Codeigniter4\bengkeltes\vendor\codeigniter4\framework\system\API\ResponseTrait.php(111): CodeIgniter\Debug\ExceptionHandler->format(Array)
#3 C:\Users\AKU BANGGA JADI IT 2\Documents\RafiChandra\Codeigniter4\bengkeltes\vendor\codeigniter4\framework\system\Debug\ExceptionHandler.php(95): CodeIgniter\Debug\ExceptionHandler->respond(Array, 404)
#4 C:\Users\AKU BANGGA JADI IT 2\Documents\RafiChandra\Codeigniter4\bengkeltes\vendor\codeigniter4\framework\system\Debug\Exceptions.php(151): CodeIgniter\Debug\ExceptionHandler->handle(Object(CodeIgniter\Exceptions\PageNotFoundException), Object(CodeIgniter\HTTP\IncomingRequest), Object(CodeIgniter\HTTP\Response), 404, 1)
#5 [internal function]: CodeIgniter\Debug\Exceptions->exceptionHandler(Object(CodeIgniter\Exceptions\PageNotFoundException))
#6 {main}
  thrown
【Previous Exception】
CodeIgniter\Exceptions\PageNotFoundException
Can't find a route for 'GET: assets/js/lib/bootstrap.bundle.min.js.map'.
#0 C:\Users\AKU BANGGA JADI IT 2\Documents\RafiChandra\Codeigniter4\bengkeltes\vendor\codeigniter4\framework\system\CodeIgniter.php(1024): CodeIgniter\Exceptions\PageNotFoundException::forPageNotFound('Can't find a ro...')
#1 C:\Users\AKU BANGGA JADI IT 2\Documents\RafiChandra\Codeigniter4\bengkeltes\vendor\codeigniter4\framework\system\CodeIgniter.php(369): CodeIgniter\CodeIgniter->display404errors(Object(CodeIgniter\Exceptions\PageNotFoundException))
#2 C:\Users\AKU BANGGA JADI IT 2\Documents\RafiChandra\Codeigniter4\bengkeltes\vendor\codeigniter4\framework\system\Boot.php(417): CodeIgniter\CodeIgniter->run()
#3 C:\Users\AKU BANGGA JADI IT 2\Documents\RafiChandra\Codeigniter4\bengkeltes\vendor\codeigniter4\framework\system\Boot.php(68): CodeIgniter\Boot::runCodeIgniter(Object(CodeIgniter\CodeIgniter))
#4 C:\Users\AKU BANGGA JADI IT 2\Documents\RafiChandra\Codeigniter4\bengkeltes\public\index.php(56): CodeIgniter\Boot::bootWeb(Object(Config\Paths))
#5 C:\Users\AKU BANGGA JADI IT 2\Documents\RafiChandra\Codeigniter4\bengkeltes\vendor\codeigniter4\framework\system\rewrite.php(44): require_once('C:\\Users\\AKU BA...')
#6 {main}
[Method: GET, Route: assets/js/lib/bootstrap.bundle.min.js.map]
in SYSTEMPATH\Format\JSONFormatter.php on line 44.
 1 [internal function]: CodeIgniter\Debug\Exceptions->shutdownHandler()
CRITICAL - 2026-08-12 04:53:23 --> ErrorException: Uncaught ErrorException: Undefined property: Config\Format::$jsonEncodeDepth in C:\Users\AKU BANGGA JADI IT 2\Documents\RafiChandra\Codeigniter4\bengkeltes\vendor\codeigniter4\framework\system\Format\JSONFormatter.php:44
Stack trace:
#0 C:\Users\AKU BANGGA JADI IT 2\Documents\RafiChandra\Codeigniter4\bengkeltes\vendor\codeigniter4\framework\system\Format\JSONFormatter.php(44): CodeIgniter\Debug\Exceptions->errorHandler(2, 'Undefined prope...', 'C:\\Users\\AKU BA...', 44)
#1 C:\Users\AKU BANGGA JADI IT 2\Documents\RafiChandra\Codeigniter4\bengkeltes\vendor\codeigniter4\framework\system\API\ResponseTrait.php(352): CodeIgniter\Format\JSONFormatter->format(Array)
#2 C:\Users\AKU BANGGA JADI IT 2\Documents\RafiChandra\Codeigniter4\bengkeltes\vendor\codeigniter4\framework\system\API\ResponseTrait.php(111): CodeIgniter\Debug\ExceptionHandler->format(Array)
#3 C:\Users\AKU BANGGA JADI IT 2\Documents\RafiChandra\Codeigniter4\bengkeltes\vendor\codeigniter4\framework\system\Debug\ExceptionHandler.php(95): CodeIgniter\Debug\ExceptionHandler->respond(Array, 404)
#4 C:\Users\AKU BANGGA JADI IT 2\Documents\RafiChandra\Codeigniter4\bengkeltes\vendor\codeigniter4\framework\system\Debug\Exceptions.php(151): CodeIgniter\Debug\ExceptionHandler->handle(Object(CodeIgniter\Exceptions\PageNotFoundException), Object(CodeIgniter\HTTP\IncomingRequest), Object(CodeIgniter\HTTP\Response), 404, 1)
#5 [internal function]: CodeIgniter\Debug\Exceptions->exceptionHandler(Object(CodeIgniter\Exceptions\PageNotFoundException))
#6 {main}
  thrown
【Previous Exception】
CodeIgniter\Exceptions\PageNotFoundException
Can't find a route for 'GET: assets/css/lib/quill.snow.css.map'.
#0 C:\Users\AKU BANGGA JADI IT 2\Documents\RafiChandra\Codeigniter4\bengkeltes\vendor\codeigniter4\framework\system\CodeIgniter.php(1024): CodeIgniter\Exceptions\PageNotFoundException::forPageNotFound('Can't find a ro...')
#1 C:\Users\AKU BANGGA JADI IT 2\Documents\RafiChandra\Codeigniter4\bengkeltes\vendor\codeigniter4\framework\system\CodeIgniter.php(369): CodeIgniter\CodeIgniter->display404errors(Object(CodeIgniter\Exceptions\PageNotFoundException))
#2 C:\Users\AKU BANGGA JADI IT 2\Documents\RafiChandra\Codeigniter4\bengkeltes\vendor\codeigniter4\framework\system\Boot.php(417): CodeIgniter\CodeIgniter->run()
#3 C:\Users\AKU BANGGA JADI IT 2\Documents\RafiChandra\Codeigniter4\bengkeltes\vendor\codeigniter4\framework\system\Boot.php(68): CodeIgniter\Boot::runCodeIgniter(Object(CodeIgniter\CodeIgniter))
#4 C:\Users\AKU BANGGA JADI IT 2\Documents\RafiChandra\Codeigniter4\bengkeltes\public\index.php(56): CodeIgniter\Boot::bootWeb(Object(Config\Paths))
#5 C:\Users\AKU BANGGA JADI IT 2\Documents\RafiChandra\Codeigniter4\bengkeltes\vendor\codeigniter4\framework\system\rewrite.php(44): require_once('C:\\Users\\AKU BA...')
#6 {main}
[Method: GET, Route: assets/css/lib/quill.snow.css.map]
in SYSTEMPATH\Format\JSONFormatter.php on line 44.
 1 [internal function]: CodeIgniter\Debug\Exceptions->shutdownHandler()
DEBUG - 2026-08-12 04:55:03 --> Session: Class initialized using 'CodeIgniter\Session\Handlers\FileHandler' driver.
CRITICAL - 2026-08-12 04:55:03 --> ErrorException: Uncaught ErrorException: Undefined property: Config\Format::$jsonEncodeDepth in C:\Users\AKU BANGGA JADI IT 2\Documents\RafiChandra\Codeigniter4\bengkeltes\vendor\codeigniter4\framework\system\Format\JSONFormatter.php:44
Stack trace:
#0 C:\Users\AKU BANGGA JADI IT 2\Documents\RafiChandra\Codeigniter4\bengkeltes\vendor\codeigniter4\framework\system\Format\JSONFormatter.php(44): CodeIgniter\Debug\Exceptions->errorHandler(2, 'Undefined prope...', 'C:\\Users\\AKU BA...', 44)
#1 C:\Users\AKU BANGGA JADI IT 2\Documents\RafiChandra\Codeigniter4\bengkeltes\vendor\codeigniter4\framework\system\API\ResponseTrait.php(352): CodeIgniter\Format\JSONFormatter->format(Array)
#2 C:\Users\AKU BANGGA JADI IT 2\Documents\RafiChandra\Codeigniter4\bengkeltes\vendor\codeigniter4\framework\system\API\ResponseTrait.php(111): CodeIgniter\Debug\ExceptionHandler->format(Array)
#3 C:\Users\AKU BANGGA JADI IT 2\Documents\RafiChandra\Codeigniter4\bengkeltes\vendor\codeigniter4\framework\system\Debug\ExceptionHandler.php(95): CodeIgniter\Debug\ExceptionHandler->respond(Array, 404)
#4 C:\Users\AKU BANGGA JADI IT 2\Documents\RafiChandra\Codeigniter4\bengkeltes\vendor\codeigniter4\framework\system\Debug\Exceptions.php(151): CodeIgniter\Debug\ExceptionHandler->handle(Object(CodeIgniter\Exceptions\PageNotFoundException), Object(CodeIgniter\HTTP\IncomingRequest), Object(CodeIgniter\HTTP\Response), 404, 1)
#5 [internal function]: CodeIgniter\Debug\Exceptions->exceptionHandler(Object(CodeIgniter\Exceptions\PageNotFoundException))
#6 {main}
  thrown
【Previous Exception】
CodeIgniter\Exceptions\PageNotFoundException
Can't find a route for 'GET: .well-known/appspecific/com.chrome.devtools.json'.
#0 C:\Users\AKU BANGGA JADI IT 2\Documents\RafiChandra\Codeigniter4\bengkeltes\vendor\codeigniter4\framework\system\CodeIgniter.php(1024): CodeIgniter\Exceptions\PageNotFoundException::forPageNotFound('Can't find a ro...')
#1 C:\Users\AKU BANGGA JADI IT 2\Documents\RafiChandra\Codeigniter4\bengkeltes\vendor\codeigniter4\framework\system\CodeIgniter.php(369): CodeIgniter\CodeIgniter->display404errors(Object(CodeIgniter\Exceptions\PageNotFoundException))
#2 C:\Users\AKU BANGGA JADI IT 2\Documents\RafiChandra\Codeigniter4\bengkeltes\vendor\codeigniter4\framework\system\Boot.php(417): CodeIgniter\CodeIgniter->run()
#3 C:\Users\AKU BANGGA JADI IT 2\Documents\RafiChandra\Codeigniter4\bengkeltes\vendor\codeigniter4\framework\system\Boot.php(68): CodeIgniter\Boot::runCodeIgniter(Object(CodeIgniter\CodeIgniter))
#4 C:\Users\AKU BANGGA JADI IT 2\Documents\RafiChandra\Codeigniter4\bengkeltes\public\index.php(56): CodeIgniter\Boot::bootWeb(Object(Config\Paths))
#5 C:\Users\AKU BANGGA JADI IT 2\Documents\RafiChandra\Codeigniter4\bengkeltes\vendor\codeigniter4\framework\system\rewrite.php(44): require_once('C:\\Users\\AKU BA...')
#6 {main}
[Method: GET, Route: .well-known/appspecific/com.chrome.devtools.json]
in SYSTEMPATH\Format\JSONFormatter.php on line 44.
 1 [internal function]: CodeIgniter\Debug\Exceptions->shutdownHandler()
CRITICAL - 2026-08-12 04:55:03 --> ErrorException: Uncaught ErrorException: Undefined property: Config\Format::$jsonEncodeDepth in C:\Users\AKU BANGGA JADI IT 2\Documents\RafiChandra\Codeigniter4\bengkeltes\vendor\codeigniter4\framework\system\Format\JSONFormatter.php:44
Stack trace:
#0 C:\Users\AKU BANGGA JADI IT 2\Documents\RafiChandra\Codeigniter4\bengkeltes\vendor\codeigniter4\framework\system\Format\JSONFormatter.php(44): CodeIgniter\Debug\Exceptions->errorHandler(2, 'Undefined prope...', 'C:\\Users\\AKU BA...', 44)
#1 C:\Users\AKU BANGGA JADI IT 2\Documents\RafiChandra\Codeigniter4\bengkeltes\vendor\codeigniter4\framework\system\API\ResponseTrait.php(352): CodeIgniter\Format\JSONFormatter->format(Array)
#2 C:\Users\AKU BANGGA JADI IT 2\Documents\RafiChandra\Codeigniter4\bengkeltes\vendor\codeigniter4\framework\system\API\ResponseTrait.php(111): CodeIgniter\Debug\ExceptionHandler->format(Array)
#3 C:\Users\AKU BANGGA JADI IT 2\Documents\RafiChandra\Codeigniter4\bengkeltes\vendor\codeigniter4\framework\system\Debug\ExceptionHandler.php(95): CodeIgniter\Debug\ExceptionHandler->respond(Array, 404)
#4 C:\Users\AKU BANGGA JADI IT 2\Documents\RafiChandra\Codeigniter4\bengkeltes\vendor\codeigniter4\framework\system\Debug\Exceptions.php(151): CodeIgniter\Debug\ExceptionHandler->handle(Object(CodeIgniter\Exceptions\PageNotFoundException), Object(CodeIgniter\HTTP\IncomingRequest), Object(CodeIgniter\HTTP\Response), 404, 1)
#5 [internal function]: CodeIgniter\Debug\Exceptions->exceptionHandler(Object(CodeIgniter\Exceptions\PageNotFoundException))
#6 {main}
  thrown
【Previous Exception】
CodeIgniter\Exceptions\PageNotFoundException
Can't find a route for 'GET: assets/css/lib/quill.snow.css.map'.
#0 C:\Users\AKU BANGGA JADI IT 2\Documents\RafiChandra\Codeigniter4\bengkeltes\vendor\codeigniter4\framework\system\CodeIgniter.php(1024): CodeIgniter\Exceptions\PageNotFoundException::forPageNotFound('Can't find a ro...')
#1 C:\Users\AKU BANGGA JADI IT 2\Documents\RafiChandra\Codeigniter4\bengkeltes\vendor\codeigniter4\framework\system\CodeIgniter.php(369): CodeIgniter\CodeIgniter->display404errors(Object(CodeIgniter\Exceptions\PageNotFoundException))
#2 C:\Users\AKU BANGGA JADI IT 2\Documents\RafiChandra\Codeigniter4\bengkeltes\vendor\codeigniter4\framework\system\Boot.php(417): CodeIgniter\CodeIgniter->run()
#3 C:\Users\AKU BANGGA JADI IT 2\Documents\RafiChandra\Codeigniter4\bengkeltes\vendor\codeigniter4\framework\system\Boot.php(68): CodeIgniter\Boot::runCodeIgniter(Object(CodeIgniter\CodeIgniter))
#4 C:\Users\AKU BANGGA JADI IT 2\Documents\RafiChandra\Codeigniter4\bengkeltes\public\index.php(56): CodeIgniter\Boot::bootWeb(Object(Config\Paths))
#5 C:\Users\AKU BANGGA JADI IT 2\Documents\RafiChandra\Codeigniter4\bengkeltes\vendor\codeigniter4\framework\system\rewrite.php(44): require_once('C:\\Users\\AKU BA...')
#6 {main}
[Method: GET, Route: assets/css/lib/quill.snow.css.map]
in SYSTEMPATH\Format\JSONFormatter.php on line 44.
 1 [internal function]: CodeIgniter\Debug\Exceptions->shutdownHandler()
CRITICAL - 2026-08-12 04:55:03 --> ErrorException: Uncaught ErrorException: Undefined property: Config\Format::$jsonEncodeDepth in C:\Users\AKU BANGGA JADI IT 2\Documents\RafiChandra\Codeigniter4\bengkeltes\vendor\codeigniter4\framework\system\Format\JSONFormatter.php:44
Stack trace:
#0 C:\Users\AKU BANGGA JADI IT 2\Documents\RafiChandra\Codeigniter4\bengkeltes\vendor\codeigniter4\framework\system\Format\JSONFormatter.php(44): CodeIgniter\Debug\Exceptions->errorHandler(2, 'Undefined prope...', 'C:\\Users\\AKU BA...', 44)
#1 C:\Users\AKU BANGGA JADI IT 2\Documents\RafiChandra\Codeigniter4\bengkeltes\vendor\codeigniter4\framework\system\API\ResponseTrait.php(352): CodeIgniter\Format\JSONFormatter->format(Array)
#2 C:\Users\AKU BANGGA JADI IT 2\Documents\RafiChandra\Codeigniter4\bengkeltes\vendor\codeigniter4\framework\system\API\ResponseTrait.php(111): CodeIgniter\Debug\ExceptionHandler->format(Array)
#3 C:\Users\AKU BANGGA JADI IT 2\Documents\RafiChandra\Codeigniter4\bengkeltes\vendor\codeigniter4\framework\system\Debug\ExceptionHandler.php(95): CodeIgniter\Debug\ExceptionHandler->respond(Array, 404)
#4 C:\Users\AKU BANGGA JADI IT 2\Documents\RafiChandra\Codeigniter4\bengkeltes\vendor\codeigniter4\framework\system\Debug\Exceptions.php(151): CodeIgniter\Debug\ExceptionHandler->handle(Object(CodeIgniter\Exceptions\PageNotFoundException), Object(CodeIgniter\HTTP\IncomingRequest), Object(CodeIgniter\HTTP\Response), 404, 1)
#5 [internal function]: CodeIgniter\Debug\Exceptions->exceptionHandler(Object(CodeIgniter\Exceptions\PageNotFoundException))
#6 {main}
  thrown
【Previous Exception】
CodeIgniter\Exceptions\PageNotFoundException
Can't find a route for 'GET: assets/js/lib/bootstrap.bundle.min.js.map'.
#0 C:\Users\AKU BANGGA JADI IT 2\Documents\RafiChandra\Codeigniter4\bengkeltes\vendor\codeigniter4\framework\system\CodeIgniter.php(1024): CodeIgniter\Exceptions\PageNotFoundException::forPageNotFound('Can't find a ro...')
#1 C:\Users\AKU BANGGA JADI IT 2\Documents\RafiChandra\Codeigniter4\bengkeltes\vendor\codeigniter4\framework\system\CodeIgniter.php(369): CodeIgniter\CodeIgniter->display404errors(Object(CodeIgniter\Exceptions\PageNotFoundException))
#2 C:\Users\AKU BANGGA JADI IT 2\Documents\RafiChandra\Codeigniter4\bengkeltes\vendor\codeigniter4\framework\system\Boot.php(417): CodeIgniter\CodeIgniter->run()
#3 C:\Users\AKU BANGGA JADI IT 2\Documents\RafiChandra\Codeigniter4\bengkeltes\vendor\codeigniter4\framework\system\Boot.php(68): CodeIgniter\Boot::runCodeIgniter(Object(CodeIgniter\CodeIgniter))
#4 C:\Users\AKU BANGGA JADI IT 2\Documents\RafiChandra\Codeigniter4\bengkeltes\public\index.php(56): CodeIgniter\Boot::bootWeb(Object(Config\Paths))
#5 C:\Users\AKU BANGGA JADI IT 2\Documents\RafiChandra\Codeigniter4\bengkeltes\vendor\codeigniter4\framework\system\rewrite.php(44): require_once('C:\\Users\\AKU BA...')
#6 {main}
[Method: GET, Route: assets/js/lib/bootstrap.bundle.min.js.map]
in SYSTEMPATH\Format\JSONFormatter.php on line 44.
 1 [internal function]: CodeIgniter\Debug\Exceptions->shutdownHandler()
DEBUG - 2026-08-12 04:55:04 --> Session: Class initialized using 'CodeIgniter\Session\Handlers\FileHandler' driver.
CRITICAL - 2026-08-12 04:55:05 --> ErrorException: Uncaught ErrorException: Undefined property: Config\Format::$jsonEncodeDepth in C:\Users\AKU BANGGA JADI IT 2\Documents\RafiChandra\Codeigniter4\bengkeltes\vendor\codeigniter4\framework\system\Format\JSONFormatter.php:44
Stack trace:
#0 C:\Users\AKU BANGGA JADI IT 2\Documents\RafiChandra\Codeigniter4\bengkeltes\vendor\codeigniter4\framework\system\Format\JSONFormatter.php(44): CodeIgniter\Debug\Exceptions->errorHandler(2, 'Undefined prope...', 'C:\\Users\\AKU BA...', 44)
#1 C:\Users\AKU BANGGA JADI IT 2\Documents\RafiChandra\Codeigniter4\bengkeltes\vendor\codeigniter4\framework\system\API\ResponseTrait.php(352): CodeIgniter\Format\JSONFormatter->format(Array)
#2 C:\Users\AKU BANGGA JADI IT 2\Documents\RafiChandra\Codeigniter4\bengkeltes\vendor\codeigniter4\framework\system\API\ResponseTrait.php(111): CodeIgniter\Debug\ExceptionHandler->format(Array)
#3 C:\Users\AKU BANGGA JADI IT 2\Documents\RafiChandra\Codeigniter4\bengkeltes\vendor\codeigniter4\framework\system\Debug\ExceptionHandler.php(95): CodeIgniter\Debug\ExceptionHandler->respond(Array, 404)
#4 C:\Users\AKU BANGGA JADI IT 2\Documents\RafiChandra\Codeigniter4\bengkeltes\vendor\codeigniter4\framework\system\Debug\Exceptions.php(151): CodeIgniter\Debug\ExceptionHandler->handle(Object(CodeIgniter\Exceptions\PageNotFoundException), Object(CodeIgniter\HTTP\IncomingRequest), Object(CodeIgniter\HTTP\Response), 404, 1)
#5 [internal function]: CodeIgniter\Debug\Exceptions->exceptionHandler(Object(CodeIgniter\Exceptions\PageNotFoundException))
#6 {main}
  thrown
【Previous Exception】
CodeIgniter\Exceptions\PageNotFoundException
Can't find a route for 'GET: .well-known/appspecific/com.chrome.devtools.json'.
#0 C:\Users\AKU BANGGA JADI IT 2\Documents\RafiChandra\Codeigniter4\bengkeltes\vendor\codeigniter4\framework\system\CodeIgniter.php(1024): CodeIgniter\Exceptions\PageNotFoundException::forPageNotFound('Can't find a ro...')
#1 C:\Users\AKU BANGGA JADI IT 2\Documents\RafiChandra\Codeigniter4\bengkeltes\vendor\codeigniter4\framework\system\CodeIgniter.php(369): CodeIgniter\CodeIgniter->display404errors(Object(CodeIgniter\Exceptions\PageNotFoundException))
#2 C:\Users\AKU BANGGA JADI IT 2\Documents\RafiChandra\Codeigniter4\bengkeltes\vendor\codeigniter4\framework\system\Boot.php(417): CodeIgniter\CodeIgniter->run()
#3 C:\Users\AKU BANGGA JADI IT 2\Documents\RafiChandra\Codeigniter4\bengkeltes\vendor\codeigniter4\framework\system\Boot.php(68): CodeIgniter\Boot::runCodeIgniter(Object(CodeIgniter\CodeIgniter))
#4 C:\Users\AKU BANGGA JADI IT 2\Documents\RafiChandra\Codeigniter4\bengkeltes\public\index.php(56): CodeIgniter\Boot::bootWeb(Object(Config\Paths))
#5 C:\Users\AKU BANGGA JADI IT 2\Documents\RafiChandra\Codeigniter4\bengkeltes\vendor\codeigniter4\framework\system\rewrite.php(44): require_once('C:\\Users\\AKU BA...')
#6 {main}
[Method: GET, Route: .well-known/appspecific/com.chrome.devtools.json]
in SYSTEMPATH\Format\JSONFormatter.php on line 44.
 1 [internal function]: CodeIgniter\Debug\Exceptions->shutdownHandler()
CRITICAL - 2026-08-12 04:55:05 --> ErrorException: Uncaught ErrorException: Undefined property: Config\Format::$jsonEncodeDepth in C:\Users\AKU BANGGA JADI IT 2\Documents\RafiChandra\Codeigniter4\bengkeltes\vendor\codeigniter4\framework\system\Format\JSONFormatter.php:44
Stack trace:
#0 C:\Users\AKU BANGGA JADI IT 2\Documents\RafiChandra\Codeigniter4\bengkeltes\vendor\codeigniter4\framework\system\Format\JSONFormatter.php(44): CodeIgniter\Debug\Exceptions->errorHandler(2, 'Undefined prope...', 'C:\\Users\\AKU BA...', 44)
#1 C:\Users\AKU BANGGA JADI IT 2\Documents\RafiChandra\Codeigniter4\bengkeltes\vendor\codeigniter4\framework\system\API\ResponseTrait.php(352): CodeIgniter\Format\JSONFormatter->format(Array)
#2 C:\Users\AKU BANGGA JADI IT 2\Documents\RafiChandra\Codeigniter4\bengkeltes\vendor\codeigniter4\framework\system\API\ResponseTrait.php(111): CodeIgniter\Debug\ExceptionHandler->format(Array)
#3 C:\Users\AKU BANGGA JADI IT 2\Documents\RafiChandra\Codeigniter4\bengkeltes\vendor\codeigniter4\framework\system\Debug\ExceptionHandler.php(95): CodeIgniter\Debug\ExceptionHandler->respond(Array, 404)
#4 C:\Users\AKU BANGGA JADI IT 2\Documents\RafiChandra\Codeigniter4\bengkeltes\vendor\codeigniter4\framework\system\Debug\Exceptions.php(151): CodeIgniter\Debug\ExceptionHandler->handle(Object(CodeIgniter\Exceptions\PageNotFoundException), Object(CodeIgniter\HTTP\IncomingRequest), Object(CodeIgniter\HTTP\Response), 404, 1)
#5 [internal function]: CodeIgniter\Debug\Exceptions->exceptionHandler(Object(CodeIgniter\Exceptions\PageNotFoundException))
#6 {main}
  thrown
【Previous Exception】
CodeIgniter\Exceptions\PageNotFoundException
Can't find a route for 'GET: assets/css/lib/quill.snow.css.map'.
#0 C:\Users\AKU BANGGA JADI IT 2\Documents\RafiChandra\Codeigniter4\bengkeltes\vendor\codeigniter4\framework\system\CodeIgniter.php(1024): CodeIgniter\Exceptions\PageNotFoundException::forPageNotFound('Can't find a ro...')
#1 C:\Users\AKU BANGGA JADI IT 2\Documents\RafiChandra\Codeigniter4\bengkeltes\vendor\codeigniter4\framework\system\CodeIgniter.php(369): CodeIgniter\CodeIgniter->display404errors(Object(CodeIgniter\Exceptions\PageNotFoundException))
#2 C:\Users\AKU BANGGA JADI IT 2\Documents\RafiChandra\Codeigniter4\bengkeltes\vendor\codeigniter4\framework\system\Boot.php(417): CodeIgniter\CodeIgniter->run()
#3 C:\Users\AKU BANGGA JADI IT 2\Documents\RafiChandra\Codeigniter4\bengkeltes\vendor\codeigniter4\framework\system\Boot.php(68): CodeIgniter\Boot::runCodeIgniter(Object(CodeIgniter\CodeIgniter))
#4 C:\Users\AKU BANGGA JADI IT 2\Documents\RafiChandra\Codeigniter4\bengkeltes\public\index.php(56): CodeIgniter\Boot::bootWeb(Object(Config\Paths))
#5 C:\Users\AKU BANGGA JADI IT 2\Documents\RafiChandra\Codeigniter4\bengkeltes\vendor\codeigniter4\framework\system\rewrite.php(44): require_once('C:\\Users\\AKU BA...')
#6 {main}
[Method: GET, Route: assets/css/lib/quill.snow.css.map]
in SYSTEMPATH\Format\JSONFormatter.php on line 44.
 1 [internal function]: CodeIgniter\Debug\Exceptions->shutdownHandler()
CRITICAL - 2026-08-12 04:55:05 --> ErrorException: Uncaught ErrorException: Undefined property: Config\Format::$jsonEncodeDepth in C:\Users\AKU BANGGA JADI IT 2\Documents\RafiChandra\Codeigniter4\bengkeltes\vendor\codeigniter4\framework\system\Format\JSONFormatter.php:44
Stack trace:
#0 C:\Users\AKU BANGGA JADI IT 2\Documents\RafiChandra\Codeigniter4\bengkeltes\vendor\codeigniter4\framework\system\Format\JSONFormatter.php(44): CodeIgniter\Debug\Exceptions->errorHandler(2, 'Undefined prope...', 'C:\\Users\\AKU BA...', 44)
#1 C:\Users\AKU BANGGA JADI IT 2\Documents\RafiChandra\Codeigniter4\bengkeltes\vendor\codeigniter4\framework\system\API\ResponseTrait.php(352): CodeIgniter\Format\JSONFormatter->format(Array)
#2 C:\Users\AKU BANGGA JADI IT 2\Documents\RafiChandra\Codeigniter4\bengkeltes\vendor\codeigniter4\framework\system\API\ResponseTrait.php(111): CodeIgniter\Debug\ExceptionHandler->format(Array)
#3 C:\Users\AKU BANGGA JADI IT 2\Documents\RafiChandra\Codeigniter4\bengkeltes\vendor\codeigniter4\framework\system\Debug\ExceptionHandler.php(95): CodeIgniter\Debug\ExceptionHandler->respond(Array, 404)
#4 C:\Users\AKU BANGGA JADI IT 2\Documents\RafiChandra\Codeigniter4\bengkeltes\vendor\codeigniter4\framework\system\Debug\Exceptions.php(151): CodeIgniter\Debug\ExceptionHandler->handle(Object(CodeIgniter\Exceptions\PageNotFoundException), Object(CodeIgniter\HTTP\IncomingRequest), Object(CodeIgniter\HTTP\Response), 404, 1)
#5 [internal function]: CodeIgniter\Debug\Exceptions->exceptionHandler(Object(CodeIgniter\Exceptions\PageNotFoundException))
#6 {main}
  thrown
【Previous Exception】
CodeIgniter\Exceptions\PageNotFoundException
Can't find a route for 'GET: assets/js/lib/bootstrap.bundle.min.js.map'.
#0 C:\Users\AKU BANGGA JADI IT 2\Documents\RafiChandra\Codeigniter4\bengkeltes\vendor\codeigniter4\framework\system\CodeIgniter.php(1024): CodeIgniter\Exceptions\PageNotFoundException::forPageNotFound('Can't find a ro...')
#1 C:\Users\AKU BANGGA JADI IT 2\Documents\RafiChandra\Codeigniter4\bengkeltes\vendor\codeigniter4\framework\system\CodeIgniter.php(369): CodeIgniter\CodeIgniter->display404errors(Object(CodeIgniter\Exceptions\PageNotFoundException))
#2 C:\Users\AKU BANGGA JADI IT 2\Documents\RafiChandra\Codeigniter4\bengkeltes\vendor\codeigniter4\framework\system\Boot.php(417): CodeIgniter\CodeIgniter->run()
#3 C:\Users\AKU BANGGA JADI IT 2\Documents\RafiChandra\Codeigniter4\bengkeltes\vendor\codeigniter4\framework\system\Boot.php(68): CodeIgniter\Boot::runCodeIgniter(Object(CodeIgniter\CodeIgniter))
#4 C:\Users\AKU BANGGA JADI IT 2\Documents\RafiChandra\Codeigniter4\bengkeltes\public\index.php(56): CodeIgniter\Boot::bootWeb(Object(Config\Paths))
#5 C:\Users\AKU BANGGA JADI IT 2\Documents\RafiChandra\Codeigniter4\bengkeltes\vendor\codeigniter4\framework\system\rewrite.php(44): require_once('C:\\Users\\AKU BA...')
#6 {main}
[Method: GET, Route: assets/js/lib/bootstrap.bundle.min.js.map]
in SYSTEMPATH\Format\JSONFormatter.php on line 44.
 1 [internal function]: CodeIgniter\Debug\Exceptions->shutdownHandler()
DEBUG - 2026-08-12 04:55:07 --> Session: Class initialized using 'CodeIgniter\Session\Handlers\FileHandler' driver.
CRITICAL - 2026-08-12 04:55:07 --> ErrorException: Uncaught ErrorException: Undefined property: Config\Format::$jsonEncodeDepth in C:\Users\AKU BANGGA JADI IT 2\Documents\RafiChandra\Codeigniter4\bengkeltes\vendor\codeigniter4\framework\system\Format\JSONFormatter.php:44
Stack trace:
#0 C:\Users\AKU BANGGA JADI IT 2\Documents\RafiChandra\Codeigniter4\bengkeltes\vendor\codeigniter4\framework\system\Format\JSONFormatter.php(44): CodeIgniter\Debug\Exceptions->errorHandler(2, 'Undefined prope...', 'C:\\Users\\AKU BA...', 44)
#1 C:\Users\AKU BANGGA JADI IT 2\Documents\RafiChandra\Codeigniter4\bengkeltes\vendor\codeigniter4\framework\system\API\ResponseTrait.php(352): CodeIgniter\Format\JSONFormatter->format(Array)
#2 C:\Users\AKU BANGGA JADI IT 2\Documents\RafiChandra\Codeigniter4\bengkeltes\vendor\codeigniter4\framework\system\API\ResponseTrait.php(111): CodeIgniter\Debug\ExceptionHandler->format(Array)
#3 C:\Users\AKU BANGGA JADI IT 2\Documents\RafiChandra\Codeigniter4\bengkeltes\vendor\codeigniter4\framework\system\Debug\ExceptionHandler.php(95): CodeIgniter\Debug\ExceptionHandler->respond(Array, 404)
#4 C:\Users\AKU BANGGA JADI IT 2\Documents\RafiChandra\Codeigniter4\bengkeltes\vendor\codeigniter4\framework\system\Debug\Exceptions.php(151): CodeIgniter\Debug\ExceptionHandler->handle(Object(CodeIgniter\Exceptions\PageNotFoundException), Object(CodeIgniter\HTTP\IncomingRequest), Object(CodeIgniter\HTTP\Response), 404, 1)
#5 [internal function]: CodeIgniter\Debug\Exceptions->exceptionHandler(Object(CodeIgniter\Exceptions\PageNotFoundException))
#6 {main}
  thrown
【Previous Exception】
CodeIgniter\Exceptions\PageNotFoundException
Can't find a route for 'GET: .well-known/appspecific/com.chrome.devtools.json'.
#0 C:\Users\AKU BANGGA JADI IT 2\Documents\RafiChandra\Codeigniter4\bengkeltes\vendor\codeigniter4\framework\system\CodeIgniter.php(1024): CodeIgniter\Exceptions\PageNotFoundException::forPageNotFound('Can't find a ro...')
#1 C:\Users\AKU BANGGA JADI IT 2\Documents\RafiChandra\Codeigniter4\bengkeltes\vendor\codeigniter4\framework\system\CodeIgniter.php(369): CodeIgniter\CodeIgniter->display404errors(Object(CodeIgniter\Exceptions\PageNotFoundException))
#2 C:\Users\AKU BANGGA JADI IT 2\Documents\RafiChandra\Codeigniter4\bengkeltes\vendor\codeigniter4\framework\system\Boot.php(417): CodeIgniter\CodeIgniter->run()
#3 C:\Users\AKU BANGGA JADI IT 2\Documents\RafiChandra\Codeigniter4\bengkeltes\vendor\codeigniter4\framework\system\Boot.php(68): CodeIgniter\Boot::runCodeIgniter(Object(CodeIgniter\CodeIgniter))
#4 C:\Users\AKU BANGGA JADI IT 2\Documents\RafiChandra\Codeigniter4\bengkeltes\public\index.php(56): CodeIgniter\Boot::bootWeb(Object(Config\Paths))
#5 C:\Users\AKU BANGGA JADI IT 2\Documents\RafiChandra\Codeigniter4\bengkeltes\vendor\codeigniter4\framework\system\rewrite.php(44): require_once('C:\\Users\\AKU BA...')
#6 {main}
[Method: GET, Route: .well-known/appspecific/com.chrome.devtools.json]
in SYSTEMPATH\Format\JSONFormatter.php on line 44.
 1 [internal function]: CodeIgniter\Debug\Exceptions->shutdownHandler()
CRITICAL - 2026-08-12 04:55:07 --> ErrorException: Uncaught ErrorException: Undefined property: Config\Format::$jsonEncodeDepth in C:\Users\AKU BANGGA JADI IT 2\Documents\RafiChandra\Codeigniter4\bengkeltes\vendor\codeigniter4\framework\system\Format\JSONFormatter.php:44
Stack trace:
#0 C:\Users\AKU BANGGA JADI IT 2\Documents\RafiChandra\Codeigniter4\bengkeltes\vendor\codeigniter4\framework\system\Format\JSONFormatter.php(44): CodeIgniter\Debug\Exceptions->errorHandler(2, 'Undefined prope...', 'C:\\Users\\AKU BA...', 44)
#1 C:\Users\AKU BANGGA JADI IT 2\Documents\RafiChandra\Codeigniter4\bengkeltes\vendor\codeigniter4\framework\system\API\ResponseTrait.php(352): CodeIgniter\Format\JSONFormatter->format(Array)
#2 C:\Users\AKU BANGGA JADI IT 2\Documents\RafiChandra\Codeigniter4\bengkeltes\vendor\codeigniter4\framework\system\API\ResponseTrait.php(111): CodeIgniter\Debug\ExceptionHandler->format(Array)
#3 C:\Users\AKU BANGGA JADI IT 2\Documents\RafiChandra\Codeigniter4\bengkeltes\vendor\codeigniter4\framework\system\Debug\ExceptionHandler.php(95): CodeIgniter\Debug\ExceptionHandler->respond(Array, 404)
#4 C:\Users\AKU BANGGA JADI IT 2\Documents\RafiChandra\Codeigniter4\bengkeltes\vendor\codeigniter4\framework\system\Debug\Exceptions.php(151): CodeIgniter\Debug\ExceptionHandler->handle(Object(CodeIgniter\Exceptions\PageNotFoundException), Object(CodeIgniter\HTTP\IncomingRequest), Object(CodeIgniter\HTTP\Response), 404, 1)
#5 [internal function]: CodeIgniter\Debug\Exceptions->exceptionHandler(Object(CodeIgniter\Exceptions\PageNotFoundException))
#6 {main}
  thrown
【Previous Exception】
CodeIgniter\Exceptions\PageNotFoundException
Can't find a route for 'GET: assets/css/lib/quill.snow.css.map'.
#0 C:\Users\AKU BANGGA JADI IT 2\Documents\RafiChandra\Codeigniter4\bengkeltes\vendor\codeigniter4\framework\system\CodeIgniter.php(1024): CodeIgniter\Exceptions\PageNotFoundException::forPageNotFound('Can't find a ro...')
#1 C:\Users\AKU BANGGA JADI IT 2\Documents\RafiChandra\Codeigniter4\bengkeltes\vendor\codeigniter4\framework\system\CodeIgniter.php(369): CodeIgniter\CodeIgniter->display404errors(Object(CodeIgniter\Exceptions\PageNotFoundException))
#2 C:\Users\AKU BANGGA JADI IT 2\Documents\RafiChandra\Codeigniter4\bengkeltes\vendor\codeigniter4\framework\system\Boot.php(417): CodeIgniter\CodeIgniter->run()
#3 C:\Users\AKU BANGGA JADI IT 2\Documents\RafiChandra\Codeigniter4\bengkeltes\vendor\codeigniter4\framework\system\Boot.php(68): CodeIgniter\Boot::runCodeIgniter(Object(CodeIgniter\CodeIgniter))
#4 C:\Users\AKU BANGGA JADI IT 2\Documents\RafiChandra\Codeigniter4\bengkeltes\public\index.php(56): CodeIgniter\Boot::bootWeb(Object(Config\Paths))
#5 C:\Users\AKU BANGGA JADI IT 2\Documents\RafiChandra\Codeigniter4\bengkeltes\vendor\codeigniter4\framework\system\rewrite.php(44): require_once('C:\\Users\\AKU BA...')
#6 {main}
[Method: GET, Route: assets/css/lib/quill.snow.css.map]
in SYSTEMPATH\Format\JSONFormatter.php on line 44.
 1 [internal function]: CodeIgniter\Debug\Exceptions->shutdownHandler()
CRITICAL - 2026-08-12 04:55:07 --> ErrorException: Uncaught ErrorException: Undefined property: Config\Format::$jsonEncodeDepth in C:\Users\AKU BANGGA JADI IT 2\Documents\RafiChandra\Codeigniter4\bengkeltes\vendor\codeigniter4\framework\system\Format\JSONFormatter.php:44
Stack trace:
#0 C:\Users\AKU BANGGA JADI IT 2\Documents\RafiChandra\Codeigniter4\bengkeltes\vendor\codeigniter4\framework\system\Format\JSONFormatter.php(44): CodeIgniter\Debug\Exceptions->errorHandler(2, 'Undefined prope...', 'C:\\Users\\AKU BA...', 44)
#1 C:\Users\AKU BANGGA JADI IT 2\Documents\RafiChandra\Codeigniter4\bengkeltes\vendor\codeigniter4\framework\system\API\ResponseTrait.php(352): CodeIgniter\Format\JSONFormatter->format(Array)
#2 C:\Users\AKU BANGGA JADI IT 2\Documents\RafiChandra\Codeigniter4\bengkeltes\vendor\codeigniter4\framework\system\API\ResponseTrait.php(111): CodeIgniter\Debug\ExceptionHandler->format(Array)
#3 C:\Users\AKU BANGGA JADI IT 2\Documents\RafiChandra\Codeigniter4\bengkeltes\vendor\codeigniter4\framework\system\Debug\ExceptionHandler.php(95): CodeIgniter\Debug\ExceptionHandler->respond(Array, 404)
#4 C:\Users\AKU BANGGA JADI IT 2\Documents\RafiChandra\Codeigniter4\bengkeltes\vendor\codeigniter4\framework\system\Debug\Exceptions.php(151): CodeIgniter\Debug\ExceptionHandler->handle(Object(CodeIgniter\Exceptions\PageNotFoundException), Object(CodeIgniter\HTTP\IncomingRequest), Object(CodeIgniter\HTTP\Response), 404, 1)
#5 [internal function]: CodeIgniter\Debug\Exceptions->exceptionHandler(Object(CodeIgniter\Exceptions\PageNotFoundException))
#6 {main}
  thrown
【Previous Exception】
CodeIgniter\Exceptions\PageNotFoundException
Can't find a route for 'GET: assets/js/lib/bootstrap.bundle.min.js.map'.
#0 C:\Users\AKU BANGGA JADI IT 2\Documents\RafiChandra\Codeigniter4\bengkeltes\vendor\codeigniter4\framework\system\CodeIgniter.php(1024): CodeIgniter\Exceptions\PageNotFoundException::forPageNotFound('Can't find a ro...')
#1 C:\Users\AKU BANGGA JADI IT 2\Documents\RafiChandra\Codeigniter4\bengkeltes\vendor\codeigniter4\framework\system\CodeIgniter.php(369): CodeIgniter\CodeIgniter->display404errors(Object(CodeIgniter\Exceptions\PageNotFoundException))
#2 C:\Users\AKU BANGGA JADI IT 2\Documents\RafiChandra\Codeigniter4\bengkeltes\vendor\codeigniter4\framework\system\Boot.php(417): CodeIgniter\CodeIgniter->run()
#3 C:\Users\AKU BANGGA JADI IT 2\Documents\RafiChandra\Codeigniter4\bengkeltes\vendor\codeigniter4\framework\system\Boot.php(68): CodeIgniter\Boot::runCodeIgniter(Object(CodeIgniter\CodeIgniter))
#4 C:\Users\AKU BANGGA JADI IT 2\Documents\RafiChandra\Codeigniter4\bengkeltes\public\index.php(56): CodeIgniter\Boot::bootWeb(Object(Config\Paths))
#5 C:\Users\AKU BANGGA JADI IT 2\Documents\RafiChandra\Codeigniter4\bengkeltes\vendor\codeigniter4\framework\system\rewrite.php(44): require_once('C:\\Users\\AKU BA...')
#6 {main}
[Method: GET, Route: assets/js/lib/bootstrap.bundle.min.js.map]
in SYSTEMPATH\Format\JSONFormatter.php on line 44.
 1 [internal function]: CodeIgniter\Debug\Exceptions->shutdownHandler()
DEBUG - 2026-08-12 08:07:24 --> Session: Class initialized using 'CodeIgniter\Session\Handlers\FileHandler' driver.
WARNING - 2026-08-12 08:07:24 --> [DEPRECATED] Kint\Parser\Parser::__construct(): Implicitly marking parameter $caller as nullable is deprecated, the explicit nullable type must be used instead in VENDORPATH\kint-php\kint\src\Parser\Parser.php on line 75.
 1 VENDORPATH\composer\ClassLoader.php(576): include('C:\\Users\\AKU BANGGA JADI IT 2\\Documents\\RafiChandra\\Codeigniter4\\bengkel-salsa-motor\\vendor\\codeigniter4\\framework\\system\\Debug\\Exceptions.php')
 2 VENDORPATH\composer\ClassLoader.php(427): {closure:Composer\Autoload\ClassLoader::initializeIncludeClosure():575}('C:\\Users\\AKU BANGGA JADI IT 2\\Documents\\RafiChandra\\Codeigniter4\\bengkel-salsa-motor\\vendor\\composer/../kint-php/kint/src/Parser/Parser.php')
 3 VENDORPATH\kint-php\kint\src\Kint.php(345): Composer\Autoload\ClassLoader->loadClass('Kint\\Parser\\Parser')
 4 VENDORPATH\kint-php\kint\src\Kint.php(560): Kint\Kint::createFromStatics([...])
 5 SYSTEMPATH\Debug\Toolbar.php(422): Kint\Kint::dump('')
 6 SYSTEMPATH\Filters\DebugToolbar.php(44): CodeIgniter\Debug\Toolbar->prepare(Object(CodeIgniter\HTTP\IncomingRequest), Object(CodeIgniter\HTTP\RedirectResponse))
 7 SYSTEMPATH\Filters\Filters.php(278): CodeIgniter\Filters\DebugToolbar->after(Object(CodeIgniter\HTTP\IncomingRequest), Object(CodeIgniter\HTTP\RedirectResponse), null)
 8 SYSTEMPATH\Filters\Filters.php(364): CodeIgniter\Filters\Filters->runAfter([...])
 9 SYSTEMPATH\CodeIgniter.php(416): CodeIgniter\Filters\Filters->runRequired('after')
10 SYSTEMPATH\CodeIgniter.php(377): CodeIgniter\CodeIgniter->runRequiredAfterFilters(Object(CodeIgniter\Filters\Filters))
11 SYSTEMPATH\Boot.php(417): CodeIgniter\CodeIgniter->run()
12 SYSTEMPATH\Boot.php(68): CodeIgniter\Boot::runCodeIgniter(Object(CodeIgniter\CodeIgniter))
13 FCPATH\index.php(56): CodeIgniter\Boot::bootWeb(Object(Config\Paths))
14 SYSTEMPATH\rewrite.php(44): require_once('C:\\Users\\AKU BANGGA JADI IT 2\\Documents\\RafiChandra\\Codeigniter4\\bengkel-salsa-motor\\public\\index.php')
WARNING - 2026-08-12 08:07:24 --> [DEPRECATED] Kint\Parser\Parser::setCallerClass(): Implicitly marking parameter $caller as nullable is deprecated, the explicit nullable type must be used instead in VENDORPATH\kint-php\kint\src\Parser\Parser.php on line 86.
 1 VENDORPATH\composer\ClassLoader.php(576): include('C:\\Users\\AKU BANGGA JADI IT 2\\Documents\\RafiChandra\\Codeigniter4\\bengkel-salsa-motor\\vendor\\codeigniter4\\framework\\system\\Debug\\Exceptions.php')
 2 VENDORPATH\composer\ClassLoader.php(427): {closure:Composer\Autoload\ClassLoader::initializeIncludeClosure():575}('C:\\Users\\AKU BANGGA JADI IT 2\\Documents\\RafiChandra\\Codeigniter4\\bengkel-salsa-motor\\vendor\\composer/../kint-php/kint/src/Parser/Parser.php')
 3 VENDORPATH\kint-php\kint\src\Kint.php(345): Composer\Autoload\ClassLoader->loadClass('Kint\\Parser\\Parser')
 4 VENDORPATH\kint-php\kint\src\Kint.php(560): Kint\Kint::createFromStatics([...])
 5 SYSTEMPATH\Debug\Toolbar.php(422): Kint\Kint::dump('')
 6 SYSTEMPATH\Filters\DebugToolbar.php(44): CodeIgniter\Debug\Toolbar->prepare(Object(CodeIgniter\HTTP\IncomingRequest), Object(CodeIgniter\HTTP\RedirectResponse))
 7 SYSTEMPATH\Filters\Filters.php(278): CodeIgniter\Filters\DebugToolbar->after(Object(CodeIgniter\HTTP\IncomingRequest), Object(CodeIgniter\HTTP\RedirectResponse), null)
 8 SYSTEMPATH\Filters\Filters.php(364): CodeIgniter\Filters\Filters->runAfter([...])
 9 SYSTEMPATH\CodeIgniter.php(416): CodeIgniter\Filters\Filters->runRequired('after')
10 SYSTEMPATH\CodeIgniter.php(377): CodeIgniter\CodeIgniter->runRequiredAfterFilters(Object(CodeIgniter\Filters\Filters))
11 SYSTEMPATH\Boot.php(417): CodeIgniter\CodeIgniter->run()
12 SYSTEMPATH\Boot.php(68): CodeIgniter\Boot::runCodeIgniter(Object(CodeIgniter\CodeIgniter))
13 FCPATH\index.php(56): CodeIgniter\Boot::bootWeb(Object(Config\Paths))
14 SYSTEMPATH\rewrite.php(44): require_once('C:\\Users\\AKU BANGGA JADI IT 2\\Documents\\RafiChandra\\Codeigniter4\\bengkel-salsa-motor\\public\\index.php')
WARNING - 2026-08-12 08:07:24 --> [DEPRECATED] Kint\Zval\Value::addRepresentation(): Implicitly marking parameter $pos as nullable is deprecated, the explicit nullable type must be used instead in VENDORPATH\kint-php\kint\src\Zval\Value.php on line 65.
 1 VENDORPATH\composer\ClassLoader.php(576): include('C:\\Users\\AKU BANGGA JADI IT 2\\Documents\\RafiChandra\\Codeigniter4\\bengkel-salsa-motor\\vendor\\codeigniter4\\framework\\system\\Debug\\Exceptions.php')
 2 VENDORPATH\composer\ClassLoader.php(427): {closure:Composer\Autoload\ClassLoader::initializeIncludeClosure():575}('C:\\Users\\AKU BANGGA JADI IT 2\\Documents\\RafiChandra\\Codeigniter4\\bengkel-salsa-motor\\vendor\\composer/../kint-php/kint/src/Zval/Value.php')
 3 VENDORPATH\kint-php\kint\src\Kint.php(398): Composer\Autoload\ClassLoader->loadClass('Kint\\Zval\\Value')
 4 VENDORPATH\kint-php\kint\src\Kint.php(574): Kint\Kint::getBasesFromParamInfo([...], 1)
 5 SYSTEMPATH\Debug\Toolbar.php(422): Kint\Kint::dump('')
 6 SYSTEMPATH\Filters\DebugToolbar.php(44): CodeIgniter\Debug\Toolbar->prepare(Object(CodeIgniter\HTTP\IncomingRequest), Object(CodeIgniter\HTTP\RedirectResponse))
 7 SYSTEMPATH\Filters\Filters.php(278): CodeIgniter\Filters\DebugToolbar->after(Object(CodeIgniter\HTTP\IncomingRequest), Object(CodeIgniter\HTTP\RedirectResponse), null)
 8 SYSTEMPATH\Filters\Filters.php(364): CodeIgniter\Filters\Filters->runAfter([...])
 9 SYSTEMPATH\CodeIgniter.php(416): CodeIgniter\Filters\Filters->runRequired('after')
10 SYSTEMPATH\CodeIgniter.php(377): CodeIgniter\CodeIgniter->runRequiredAfterFilters(Object(CodeIgniter\Filters\Filters))
11 SYSTEMPATH\Boot.php(417): CodeIgniter\CodeIgniter->run()
12 SYSTEMPATH\Boot.php(68): CodeIgniter\Boot::runCodeIgniter(Object(CodeIgniter\CodeIgniter))
13 FCPATH\index.php(56): CodeIgniter\Boot::bootWeb(Object(Config\Paths))
14 SYSTEMPATH\rewrite.php(44): require_once('C:\\Users\\AKU BANGGA JADI IT 2\\Documents\\RafiChandra\\Codeigniter4\\bengkel-salsa-motor\\public\\index.php')
WARNING - 2026-08-12 08:07:24 --> [DEPRECATED] Kint\Zval\Value::replaceRepresentation(): Implicitly marking parameter $pos as nullable is deprecated, the explicit nullable type must be used instead in VENDORPATH\kint-php\kint\src\Zval\Value.php on line 84.
 1 VENDORPATH\composer\ClassLoader.php(576): include('C:\\Users\\AKU BANGGA JADI IT 2\\Documents\\RafiChandra\\Codeigniter4\\bengkel-salsa-motor\\vendor\\codeigniter4\\framework\\system\\Debug\\Exceptions.php')
 2 VENDORPATH\composer\ClassLoader.php(427): {closure:Composer\Autoload\ClassLoader::initializeIncludeClosure():575}('C:\\Users\\AKU BANGGA JADI IT 2\\Documents\\RafiChandra\\Codeigniter4\\bengkel-salsa-motor\\vendor\\composer/../kint-php/kint/src/Zval/Value.php')
 3 VENDORPATH\kint-php\kint\src\Kint.php(398): Composer\Autoload\ClassLoader->loadClass('Kint\\Zval\\Value')
 4 VENDORPATH\kint-php\kint\src\Kint.php(574): Kint\Kint::getBasesFromParamInfo([...], 1)
 5 SYSTEMPATH\Debug\Toolbar.php(422): Kint\Kint::dump('')
 6 SYSTEMPATH\Filters\DebugToolbar.php(44): CodeIgniter\Debug\Toolbar->prepare(Object(CodeIgniter\HTTP\IncomingRequest), Object(CodeIgniter\HTTP\RedirectResponse))
 7 SYSTEMPATH\Filters\Filters.php(278): CodeIgniter\Filters\DebugToolbar->after(Object(CodeIgniter\HTTP\IncomingRequest), Object(CodeIgniter\HTTP\RedirectResponse), null)
 8 SYSTEMPATH\Filters\Filters.php(364): CodeIgniter\Filters\Filters->runAfter([...])
 9 SYSTEMPATH\CodeIgniter.php(416): CodeIgniter\Filters\Filters->runRequired('after')
10 SYSTEMPATH\CodeIgniter.php(377): CodeIgniter\CodeIgniter->runRequiredAfterFilters(Object(CodeIgniter\Filters\Filters))
11 SYSTEMPATH\Boot.php(417): CodeIgniter\CodeIgniter->run()
12 SYSTEMPATH\Boot.php(68): CodeIgniter\Boot::runCodeIgniter(Object(CodeIgniter\CodeIgniter))
13 FCPATH\index.php(56): CodeIgniter\Boot::bootWeb(Object(Config\Paths))
14 SYSTEMPATH\rewrite.php(44): require_once('C:\\Users\\AKU BANGGA JADI IT 2\\Documents\\RafiChandra\\Codeigniter4\\bengkel-salsa-motor\\public\\index.php')
WARNING - 2026-08-12 08:07:24 --> [DEPRECATED] Kint\Zval\Value::blank(): Implicitly marking parameter $name as nullable is deprecated, the explicit nullable type must be used instead in VENDORPATH\kint-php\kint\src\Zval\Value.php on line 237.
 1 VENDORPATH\composer\ClassLoader.php(576): include('C:\\Users\\AKU BANGGA JADI IT 2\\Documents\\RafiChandra\\Codeigniter4\\bengkel-salsa-motor\\vendor\\codeigniter4\\framework\\system\\Debug\\Exceptions.php')
 2 VENDORPATH\composer\ClassLoader.php(427): {closure:Composer\Autoload\ClassLoader::initializeIncludeClosure():575}('C:\\Users\\AKU BANGGA JADI IT 2\\Documents\\RafiChandra\\Codeigniter4\\bengkel-salsa-motor\\vendor\\composer/../kint-php/kint/src/Zval/Value.php')
 3 VENDORPATH\kint-php\kint\src\Kint.php(398): Composer\Autoload\ClassLoader->loadClass('Kint\\Zval\\Value')
 4 VENDORPATH\kint-php\kint\src\Kint.php(574): Kint\Kint::getBasesFromParamInfo([...], 1)
 5 SYSTEMPATH\Debug\Toolbar.php(422): Kint\Kint::dump('')
 6 SYSTEMPATH\Filters\DebugToolbar.php(44): CodeIgniter\Debug\Toolbar->prepare(Object(CodeIgniter\HTTP\IncomingRequest), Object(CodeIgniter\HTTP\RedirectResponse))
 7 SYSTEMPATH\Filters\Filters.php(278): CodeIgniter\Filters\DebugToolbar->after(Object(CodeIgniter\HTTP\IncomingRequest), Object(CodeIgniter\HTTP\RedirectResponse), null)
 8 SYSTEMPATH\Filters\Filters.php(364): CodeIgniter\Filters\Filters->runAfter([...])
 9 SYSTEMPATH\CodeIgniter.php(416): CodeIgniter\Filters\Filters->runRequired('after')
10 SYSTEMPATH\CodeIgniter.php(377): CodeIgniter\CodeIgniter->runRequiredAfterFilters(Object(CodeIgniter\Filters\Filters))
11 SYSTEMPATH\Boot.php(417): CodeIgniter\CodeIgniter->run()
12 SYSTEMPATH\Boot.php(68): CodeIgniter\Boot::runCodeIgniter(Object(CodeIgniter\CodeIgniter))
13 FCPATH\index.php(56): CodeIgniter\Boot::bootWeb(Object(Config\Paths))
14 SYSTEMPATH\rewrite.php(44): require_once('C:\\Users\\AKU BANGGA JADI IT 2\\Documents\\RafiChandra\\Codeigniter4\\bengkel-salsa-motor\\public\\index.php')
WARNING - 2026-08-12 08:07:24 --> [DEPRECATED] Kint\Zval\Value::blank(): Implicitly marking parameter $access_path as nullable is deprecated, the explicit nullable type must be used instead in VENDORPATH\kint-php\kint\src\Zval\Value.php on line 237.
 1 VENDORPATH\composer\ClassLoader.php(576): include('C:\\Users\\AKU BANGGA JADI IT 2\\Documents\\RafiChandra\\Codeigniter4\\bengkel-salsa-motor\\vendor\\codeigniter4\\framework\\system\\Debug\\Exceptions.php')
 2 VENDORPATH\composer\ClassLoader.php(427): {closure:Composer\Autoload\ClassLoader::initializeIncludeClosure():575}('C:\\Users\\AKU BANGGA JADI IT 2\\Documents\\RafiChandra\\Codeigniter4\\bengkel-salsa-motor\\vendor\\composer/../kint-php/kint/src/Zval/Value.php')
 3 VENDORPATH\kint-php\kint\src\Kint.php(398): Composer\Autoload\ClassLoader->loadClass('Kint\\Zval\\Value')
 4 VENDORPATH\kint-php\kint\src\Kint.php(574): Kint\Kint::getBasesFromParamInfo([...], 1)
 5 SYSTEMPATH\Debug\Toolbar.php(422): Kint\Kint::dump('')
 6 SYSTEMPATH\Filters\DebugToolbar.php(44): CodeIgniter\Debug\Toolbar->prepare(Object(CodeIgniter\HTTP\IncomingRequest), Object(CodeIgniter\HTTP\RedirectResponse))
 7 SYSTEMPATH\Filters\Filters.php(278): CodeIgniter\Filters\DebugToolbar->after(Object(CodeIgniter\HTTP\IncomingRequest), Object(CodeIgniter\HTTP\RedirectResponse), null)
 8 SYSTEMPATH\Filters\Filters.php(364): CodeIgniter\Filters\Filters->runAfter([...])
 9 SYSTEMPATH\CodeIgniter.php(416): CodeIgniter\Filters\Filters->runRequired('after')
10 SYSTEMPATH\CodeIgniter.php(377): CodeIgniter\CodeIgniter->runRequiredAfterFilters(Object(CodeIgniter\Filters\Filters))
11 SYSTEMPATH\Boot.php(417): CodeIgniter\CodeIgniter->run()
12 SYSTEMPATH\Boot.php(68): CodeIgniter\Boot::runCodeIgniter(Object(CodeIgniter\CodeIgniter))
13 FCPATH\index.php(56): CodeIgniter\Boot::bootWeb(Object(Config\Paths))
14 SYSTEMPATH\rewrite.php(44): require_once('C:\\Users\\AKU BANGGA JADI IT 2\\Documents\\RafiChandra\\Codeigniter4\\bengkel-salsa-motor\\public\\index.php')
WARNING - 2026-08-12 08:07:24 --> [DEPRECATED] Kint\Zval\BlobValue::substr(): Implicitly marking parameter $length as nullable is deprecated, the explicit nullable type must be used instead in VENDORPATH\kint-php\kint\src\Zval\BlobValue.php on line 144.
 1 VENDORPATH\composer\ClassLoader.php(576): include('C:\\Users\\AKU BANGGA JADI IT 2\\Documents\\RafiChandra\\Codeigniter4\\bengkel-salsa-motor\\vendor\\codeigniter4\\framework\\system\\Debug\\Exceptions.php')
 2 VENDORPATH\composer\ClassLoader.php(427): {closure:Composer\Autoload\ClassLoader::initializeIncludeClosure():575}('C:\\Users\\AKU BANGGA JADI IT 2\\Documents\\RafiChandra\\Codeigniter4\\bengkel-salsa-motor\\vendor\\composer/../kint-php/kint/src/Zval/BlobValue.php')
 3 VENDORPATH\kint-php\kint\src\Parser\Parser.php(285): Composer\Autoload\ClassLoader->loadClass('Kint\\Zval\\BlobValue')
 4 VENDORPATH\kint-php\kint\src\Parser\Parser.php(142): Kint\Parser\Parser->parseString('', Object(Kint\Zval\Value))
 5 VENDORPATH\kint-php\kint\src\Kint.php(285): Kint\Parser\Parser->parse('', Object(Kint\Zval\Value))
 6 VENDORPATH\kint-php\kint\src\Kint.php(268): Kint\Kint->dumpVar('', Object(Kint\Zval\Value))
 7 VENDORPATH\kint-php\kint\src\Kint.php(575): Kint\Kint->dumpAll([...], [...])
 8 SYSTEMPATH\Debug\Toolbar.php(422): Kint\Kint::dump('')
 9 SYSTEMPATH\Filters\DebugToolbar.php(44): CodeIgniter\Debug\Toolbar->prepare(Object(CodeIgniter\HTTP\IncomingRequest), Object(CodeIgniter\HTTP\RedirectResponse))
10 SYSTEMPATH\Filters\Filters.php(278): CodeIgniter\Filters\DebugToolbar->after(Object(CodeIgniter\HTTP\IncomingRequest), Object(CodeIgniter\HTTP\RedirectResponse), null)
11 SYSTEMPATH\Filters\Filters.php(364): CodeIgniter\Filters\Filters->runAfter([...])
12 SYSTEMPATH\CodeIgniter.php(416): CodeIgniter\Filters\Filters->runRequired('after')
13 SYSTEMPATH\CodeIgniter.php(377): CodeIgniter\CodeIgniter->runRequiredAfterFilters(Object(CodeIgniter\Filters\Filters))
14 SYSTEMPATH\Boot.php(417): CodeIgniter\CodeIgniter->run()
15 SYSTEMPATH\Boot.php(68): CodeIgniter\Boot::runCodeIgniter(Object(CodeIgniter\CodeIgniter))
16 FCPATH\index.php(56): CodeIgniter\Boot::bootWeb(Object(Config\Paths))
17 SYSTEMPATH\rewrite.php(44): require_once('C:\\Users\\AKU BANGGA JADI IT 2\\Documents\\RafiChandra\\Codeigniter4\\bengkel-salsa-motor\\public\\index.php')
WARNING - 2026-08-12 08:07:24 --> [DEPRECATED] Kint\Zval\Representation\Representation::__construct(): Implicitly marking parameter $name as nullable is deprecated, the explicit nullable type must be used instead in VENDORPATH\kint-php\kint\src\Zval\Representation\Representation.php on line 39.
 1 VENDORPATH\composer\ClassLoader.php(576): include('C:\\Users\\AKU BANGGA JADI IT 2\\Documents\\RafiChandra\\Codeigniter4\\bengkel-salsa-motor\\vendor\\codeigniter4\\framework\\system\\Debug\\Exceptions.php')
 2 VENDORPATH\composer\ClassLoader.php(427): {closure:Composer\Autoload\ClassLoader::initializeIncludeClosure():575}('C:\\Users\\AKU BANGGA JADI IT 2\\Documents\\RafiChandra\\Codeigniter4\\bengkel-salsa-motor\\vendor\\composer/../kint-php/kint/src/Zval/Representation/Representation.php')
 3 VENDORPATH\kint-php\kint\src\Parser\Parser.php(290): Composer\Autoload\ClassLoader->loadClass('Kint\\Zval\\Representation\\Representation')
 4 VENDORPATH\kint-php\kint\src\Parser\Parser.php(142): Kint\Parser\Parser->parseString('', Object(Kint\Zval\Value))
 5 VENDORPATH\kint-php\kint\src\Kint.php(285): Kint\Parser\Parser->parse('', Object(Kint\Zval\Value))
 6 VENDORPATH\kint-php\kint\src\Kint.php(268): Kint\Kint->dumpVar('', Object(Kint\Zval\Value))
 7 VENDORPATH\kint-php\kint\src\Kint.php(575): Kint\Kint->dumpAll([...], [...])
 8 SYSTEMPATH\Debug\Toolbar.php(422): Kint\Kint::dump('')
 9 SYSTEMPATH\Filters\DebugToolbar.php(44): CodeIgniter\Debug\Toolbar->prepare(Object(CodeIgniter\HTTP\IncomingRequest), Object(CodeIgniter\HTTP\RedirectResponse))
10 SYSTEMPATH\Filters\Filters.php(278): CodeIgniter\Filters\DebugToolbar->after(Object(CodeIgniter\HTTP\IncomingRequest), Object(CodeIgniter\HTTP\RedirectResponse), null)
11 SYSTEMPATH\Filters\Filters.php(364): CodeIgniter\Filters\Filters->runAfter([...])
12 SYSTEMPATH\CodeIgniter.php(416): CodeIgniter\Filters\Filters->runRequired('after')
13 SYSTEMPATH\CodeIgniter.php(377): CodeIgniter\CodeIgniter->runRequiredAfterFilters(Object(CodeIgniter\Filters\Filters))
14 SYSTEMPATH\Boot.php(417): CodeIgniter\CodeIgniter->run()
15 SYSTEMPATH\Boot.php(68): CodeIgniter\Boot::runCodeIgniter(Object(CodeIgniter\CodeIgniter))
16 FCPATH\index.php(56): CodeIgniter\Boot::bootWeb(Object(Config\Paths))
17 SYSTEMPATH\rewrite.php(44): require_once('C:\\Users\\AKU BANGGA JADI IT 2\\Documents\\RafiChandra\\Codeigniter4\\bengkel-salsa-motor\\public\\index.php')
WARNING - 2026-08-12 08:07:24 --> [DEPRECATED] Kint\Zval\Representation\ColorRepresentation::getColor(): Implicitly marking parameter $variant as nullable is deprecated, the explicit nullable type must be used instead in VENDORPATH\kint-php\kint\src\Zval\Representation\ColorRepresentation.php on line 214.
 1 VENDORPATH\composer\ClassLoader.php(576): include('C:\\Users\\AKU BANGGA JADI IT 2\\Documents\\RafiChandra\\Codeigniter4\\bengkel-salsa-motor\\vendor\\codeigniter4\\framework\\system\\Debug\\Exceptions.php')
 2 VENDORPATH\composer\ClassLoader.php(427): {closure:Composer\Autoload\ClassLoader::initializeIncludeClosure():575}('C:\\Users\\AKU BANGGA JADI IT 2\\Documents\\RafiChandra\\Codeigniter4\\bengkel-salsa-motor\\vendor\\composer/../kint-php/kint/src/Zval/Representation/ColorRepresentation.php')
 3 VENDORPATH\kint-php\kint\src\Parser\ColorPlugin.php(53): Composer\Autoload\ClassLoader->loadClass('Kint\\Zval\\Representation\\ColorRepresentation')
 4 VENDORPATH\kint-php\kint\src\Parser\Parser.php(636): Kint\Parser\ColorPlugin->parse('', Object(Kint\Zval\BlobValue), 2)
 5 VENDORPATH\kint-php\kint\src\Parser\Parser.php(297): Kint\Parser\Parser->applyPlugins('', Object(Kint\Zval\BlobValue), 2)
 6 VENDORPATH\kint-php\kint\src\Parser\Parser.php(142): Kint\Parser\Parser->parseString('', Object(Kint\Zval\Value))
 7 VENDORPATH\kint-php\kint\src\Kint.php(285): Kint\Parser\Parser->parse('', Object(Kint\Zval\Value))
 8 VENDORPATH\kint-php\kint\src\Kint.php(268): Kint\Kint->dumpVar('', Object(Kint\Zval\Value))
 9 VENDORPATH\kint-php\kint\src\Kint.php(575): Kint\Kint->dumpAll([...], [...])
10 SYSTEMPATH\Debug\Toolbar.php(422): Kint\Kint::dump('')
11 SYSTEMPATH\Filters\DebugToolbar.php(44): CodeIgniter\Debug\Toolbar->prepare(Object(CodeIgniter\HTTP\IncomingRequest), Object(CodeIgniter\HTTP\RedirectResponse))
12 SYSTEMPATH\Filters\Filters.php(278): CodeIgniter\Filters\DebugToolbar->after(Object(CodeIgniter\HTTP\IncomingRequest), Object(CodeIgniter\HTTP\RedirectResponse), null)
13 SYSTEMPATH\Filters\Filters.php(364): CodeIgniter\Filters\Filters->runAfter([...])
14 SYSTEMPATH\CodeIgniter.php(416): CodeIgniter\Filters\Filters->runRequired('after')
15 SYSTEMPATH\CodeIgniter.php(377): CodeIgniter\CodeIgniter->runRequiredAfterFilters(Object(CodeIgniter\Filters\Filters))
16 SYSTEMPATH\Boot.php(417): CodeIgniter\CodeIgniter->run()
17 SYSTEMPATH\Boot.php(68): CodeIgniter\Boot::runCodeIgniter(Object(CodeIgniter\CodeIgniter))
18 FCPATH\index.php(56): CodeIgniter\Boot::bootWeb(Object(Config\Paths))
19 SYSTEMPATH\rewrite.php(44): require_once('C:\\Users\\AKU BANGGA JADI IT 2\\Documents\\RafiChandra\\Codeigniter4\\bengkel-salsa-motor\\public\\index.php')
WARNING - 2026-08-12 08:07:24 --> [DEPRECATED] Kint\Zval\Representation\ColorRepresentation::hasAlpha(): Implicitly marking parameter $variant as nullable is deprecated, the explicit nullable type must be used instead in VENDORPATH\kint-php\kint\src\Zval\Representation\ColorRepresentation.php on line 278.
 1 VENDORPATH\composer\ClassLoader.php(576): include('C:\\Users\\AKU BANGGA JADI IT 2\\Documents\\RafiChandra\\Codeigniter4\\bengkel-salsa-motor\\vendor\\codeigniter4\\framework\\system\\Debug\\Exceptions.php')
 2 VENDORPATH\composer\ClassLoader.php(427): {closure:Composer\Autoload\ClassLoader::initializeIncludeClosure():575}('C:\\Users\\AKU BANGGA JADI IT 2\\Documents\\RafiChandra\\Codeigniter4\\bengkel-salsa-motor\\vendor\\composer/../kint-php/kint/src/Zval/Representation/ColorRepresentation.php')
 3 VENDORPATH\kint-php\kint\src\Parser\ColorPlugin.php(53): Composer\Autoload\ClassLoader->loadClass('Kint\\Zval\\Representation\\ColorRepresentation')
 4 VENDORPATH\kint-php\kint\src\Parser\Parser.php(636): Kint\Parser\ColorPlugin->parse('', Object(Kint\Zval\BlobValue), 2)
 5 VENDORPATH\kint-php\kint\src\Parser\Parser.php(297): Kint\Parser\Parser->applyPlugins('', Object(Kint\Zval\BlobValue), 2)
 6 VENDORPATH\kint-php\kint\src\Parser\Parser.php(142): Kint\Parser\Parser->parseString('', Object(Kint\Zval\Value))
 7 VENDORPATH\kint-php\kint\src\Kint.php(285): Kint\Parser\Parser->parse('', Object(Kint\Zval\Value))
 8 VENDORPATH\kint-php\kint\src\Kint.php(268): Kint\Kint->dumpVar('', Object(Kint\Zval\Value))
 9 VENDORPATH\kint-php\kint\src\Kint.php(575): Kint\Kint->dumpAll([...], [...])
10 SYSTEMPATH\Debug\Toolbar.php(422): Kint\Kint::dump('')
11 SYSTEMPATH\Filters\DebugToolbar.php(44): CodeIgniter\Debug\Toolbar->prepare(Object(CodeIgniter\HTTP\IncomingRequest), Object(CodeIgniter\HTTP\RedirectResponse))
12 SYSTEMPATH\Filters\Filters.php(278): CodeIgniter\Filters\DebugToolbar->after(Object(CodeIgniter\HTTP\IncomingRequest), Object(CodeIgniter\HTTP\RedirectResponse), null)
13 SYSTEMPATH\Filters\Filters.php(364): CodeIgniter\Filters\Filters->runAfter([...])
14 SYSTEMPATH\CodeIgniter.php(416): CodeIgniter\Filters\Filters->runRequired('after')
15 SYSTEMPATH\CodeIgniter.php(377): CodeIgniter\CodeIgniter->runRequiredAfterFilters(Object(CodeIgniter\Filters\Filters))
16 SYSTEMPATH\Boot.php(417): CodeIgniter\CodeIgniter->run()
17 SYSTEMPATH\Boot.php(68): CodeIgniter\Boot::runCodeIgniter(Object(CodeIgniter\CodeIgniter))
18 FCPATH\index.php(56): CodeIgniter\Boot::bootWeb(Object(Config\Paths))
19 SYSTEMPATH\rewrite.php(44): require_once('C:\\Users\\AKU BANGGA JADI IT 2\\Documents\\RafiChandra\\Codeigniter4\\bengkel-salsa-motor\\public\\index.php')
DEBUG - 2026-08-12 08:07:24 --> Session: Class initialized using 'CodeIgniter\Session\Handlers\FileHandler' driver.
DEBUG - 2026-08-12 08:08:08 --> Session: Class initialized using 'CodeIgniter\Session\Handlers\FileHandler' driver.
DEBUG - 2026-08-12 08:11:41 --> Session: Class initialized using 'CodeIgniter\Session\Handlers\FileHandler' driver.
CRITICAL - 2026-08-12 08:11:42 --> ErrorException: Uncaught ErrorException: Undefined property: Config\Format::$jsonEncodeDepth in C:\Users\AKU BANGGA JADI IT 2\Documents\RafiChandra\Codeigniter4\bengkel-salsa-motor\vendor\codeigniter4\framework\system\Format\JSONFormatter.php:44
Stack trace:
#0 C:\Users\AKU BANGGA JADI IT 2\Documents\RafiChandra\Codeigniter4\bengkel-salsa-motor\vendor\codeigniter4\framework\system\Format\JSONFormatter.php(44): CodeIgniter\Debug\Exceptions->errorHandler(2, 'Undefined prope...', 'C:\\Users\\AKU BA...', 44)
#1 C:\Users\AKU BANGGA JADI IT 2\Documents\RafiChandra\Codeigniter4\bengkel-salsa-motor\vendor\codeigniter4\framework\system\API\ResponseTrait.php(352): CodeIgniter\Format\JSONFormatter->format(Array)
#2 C:\Users\AKU BANGGA JADI IT 2\Documents\RafiChandra\Codeigniter4\bengkel-salsa-motor\vendor\codeigniter4\framework\system\API\ResponseTrait.php(111): CodeIgniter\Debug\ExceptionHandler->format(Array)
#3 C:\Users\AKU BANGGA JADI IT 2\Documents\RafiChandra\Codeigniter4\bengkel-salsa-motor\vendor\codeigniter4\framework\system\Debug\ExceptionHandler.php(95): CodeIgniter\Debug\ExceptionHandler->respond(Array, 404)
#4 C:\Users\AKU BANGGA JADI IT 2\Documents\RafiChandra\Codeigniter4\bengkel-salsa-motor\vendor\codeigniter4\framework\system\Debug\Exceptions.php(151): CodeIgniter\Debug\ExceptionHandler->handle(Object(CodeIgniter\Exceptions\PageNotFoundException), Object(CodeIgniter\HTTP\IncomingRequest), Object(CodeIgniter\HTTP\Response), 404, 1)
#5 [internal function]: CodeIgniter\Debug\Exceptions->exceptionHandler(Object(CodeIgniter\Exceptions\PageNotFoundException))
#6 {main}
  thrown
【Previous Exception】
CodeIgniter\Exceptions\PageNotFoundException
Can't find a route for 'GET: assets/images/logo.png'.
#0 C:\Users\AKU BANGGA JADI IT 2\Documents\RafiChandra\Codeigniter4\bengkel-salsa-motor\vendor\codeigniter4\framework\system\CodeIgniter.php(1024): CodeIgniter\Exceptions\PageNotFoundException::forPageNotFound('Can't find a ro...')
#1 C:\Users\AKU BANGGA JADI IT 2\Documents\RafiChandra\Codeigniter4\bengkel-salsa-motor\vendor\codeigniter4\framework\system\CodeIgniter.php(369): CodeIgniter\CodeIgniter->display404errors(Object(CodeIgniter\Exceptions\PageNotFoundException))
#2 C:\Users\AKU BANGGA JADI IT 2\Documents\RafiChandra\Codeigniter4\bengkel-salsa-motor\vendor\codeigniter4\framework\system\Boot.php(417): CodeIgniter\CodeIgniter->run()
#3 C:\Users\AKU BANGGA JADI IT 2\Documents\RafiChandra\Codeigniter4\bengkel-salsa-motor\vendor\codeigniter4\framework\system\Boot.php(68): CodeIgniter\Boot::runCodeIgniter(Object(CodeIgniter\CodeIgniter))
#4 C:\Users\AKU BANGGA JADI IT 2\Documents\RafiChandra\Codeigniter4\bengkel-salsa-motor\public\index.php(56): CodeIgniter\Boot::bootWeb(Object(Config\Paths))
#5 C:\Users\AKU BANGGA JADI IT 2\Documents\RafiChandra\Codeigniter4\bengkel-salsa-motor\vendor\codeigniter4\framework\system\rewrite.php(44): require_once('C:\\Users\\AKU BA...')
#6 {main}
[Method: GET, Route: assets/images/logo.png]
in SYSTEMPATH\Format\JSONFormatter.php on line 44.
 1 [internal function]: CodeIgniter\Debug\Exceptions->shutdownHandler()
DEBUG - 2026-08-12 08:11:58 --> Session: Class initialized using 'CodeIgniter\Session\Handlers\FileHandler' driver.
DEBUG - 2026-08-12 08:13:56 --> Session: Class initialized using 'CodeIgniter\Session\Handlers\FileHandler' driver.
DEBUG - 2026-08-12 08:19:57 --> Session: Class initialized using 'CodeIgniter\Session\Handlers\FileHandler' driver.
DEBUG - 2026-08-12 08:20:33 --> Session: Class initialized using 'CodeIgniter\Session\Handlers\FileHandler' driver.
DEBUG - 2026-08-12 08:20:35 --> Session: Class initialized using 'CodeIgniter\Session\Handlers\FileHandler' driver.
DEBUG - 2026-08-12 08:20:37 --> Session: Class initialized using 'CodeIgniter\Session\Handlers\FileHandler' driver.
DEBUG - 2026-08-12 08:22:17 --> Session: Class initialized using 'CodeIgniter\Session\Handlers\FileHandler' driver.
DEBUG - 2026-08-12 08:22:18 --> Session: Class initialized using 'CodeIgniter\Session\Handlers\FileHandler' driver.
DEBUG - 2026-08-12 08:32:00 --> Session: Class initialized using 'CodeIgniter\Session\Handlers\FileHandler' driver.
DEBUG - 2026-08-12 08:32:01 --> Session: Class initialized using 'CodeIgniter\Session\Handlers\FileHandler' driver.
DEBUG - 2026-08-12 08:32:03 --> Session: Class initialized using 'CodeIgniter\Session\Handlers\FileHandler' driver.
DEBUG - 2026-08-12 08:32:07 --> Session: Class initialized using 'CodeIgniter\Session\Handlers\FileHandler' driver.
DEBUG - 2026-08-12 08:32:07 --> Session: Class initialized using 'CodeIgniter\Session\Handlers\FileHandler' driver.
DEBUG - 2026-08-12 08:32:12 --> Session: Class initialized using 'CodeIgniter\Session\Handlers\FileHandler' driver.
DEBUG - 2026-08-12 08:32:17 --> Session: Class initialized using 'CodeIgniter\Session\Handlers\FileHandler' driver.
DEBUG - 2026-08-12 08:32:17 --> Session: Class initialized using 'CodeIgniter\Session\Handlers\FileHandler' driver.
DEBUG - 2026-08-12 08:32:28 --> Session: Class initialized using 'CodeIgniter\Session\Handlers\FileHandler' driver.
DEBUG - 2026-08-12 08:32:28 --> Session: Class initialized using 'CodeIgniter\Session\Handlers\FileHandler' driver.
DEBUG - 2026-08-12 08:32:37 --> Session: Class initialized using 'CodeIgniter\Session\Handlers\FileHandler' driver.
DEBUG - 2026-08-12 08:32:37 --> Session: Class initialized using 'CodeIgniter\Session\Handlers\FileHandler' driver.
