DEBUG - 2026-08-13 01:03:14 --> Session: Class initialized using 'CodeIgniter\Session\Handlers\FileHandler' driver.
DEBUG - 2026-08-13 01:03:22 --> Session: Class initialized using 'CodeIgniter\Session\Handlers\FileHandler' driver.
DEBUG - 2026-08-13 01:03:22 --> Session: Class initialized using 'CodeIgniter\Session\Handlers\FileHandler' driver.
DEBUG - 2026-08-13 01:03:36 --> Session: Class initialized using 'CodeIgniter\Session\Handlers\FileHandler' driver.
DEBUG - 2026-08-13 01:03:36 --> Session: Class initialized using 'CodeIgniter\Session\Handlers\FileHandler' driver.
DEBUG - 2026-08-13 01:04:34 --> Session: Class initialized using 'CodeIgniter\Session\Handlers\FileHandler' driver.
DEBUG - 2026-08-13 01:04:36 --> Session: Class initialized using 'CodeIgniter\Session\Handlers\FileHandler' driver.
DEBUG - 2026-08-13 01:04:56 --> Session: Class initialized using 'CodeIgniter\Session\Handlers\FileHandler' driver.
DEBUG - 2026-08-13 01:07:22 --> Session: Class initialized using 'CodeIgniter\Session\Handlers\FileHandler' driver.
DEBUG - 2026-08-13 01:07:23 --> Session: Class initialized using 'CodeIgniter\Session\Handlers\FileHandler' driver.
DEBUG - 2026-08-13 01:07:24 --> Session: Class initialized using 'CodeIgniter\Session\Handlers\FileHandler' driver.
CRITICAL - 2026-08-13 01:07:24 --> CodeIgniter\View\Exceptions\ViewException: Invalid file: "page/content/users/index.php"
[Method: GET, Route: users]
in SYSTEMPATH\Exceptions\FrameworkException.php on line 39.
 1 SYSTEMPATH\View\View.php(228): CodeIgniter\Exceptions\FrameworkException::forInvalidFile('page/content/users/index.php')
 2 SYSTEMPATH\Common.php(1268): CodeIgniter\View\View->render('page/content/users/index', [], true)
 3 APPPATH\Controllers\Users.php(23): view('page/content/users/index', [...])
 4 SYSTEMPATH\CodeIgniter.php(974): App\Controllers\Users->index()
 5 SYSTEMPATH\CodeIgniter.php(520): CodeIgniter\CodeIgniter->runController(Object(App\Controllers\Users))
 6 SYSTEMPATH\CodeIgniter.php(363): CodeIgniter\CodeIgniter->handleRequest(null, Object(Config\Cache), false)
 7 SYSTEMPATH\Boot.php(417): CodeIgniter\CodeIgniter->run()
 8 SYSTEMPATH\Boot.php(68): CodeIgniter\Boot::runCodeIgniter(Object(CodeIgniter\CodeIgniter))
 9 FCPATH\index.php(56): CodeIgniter\Boot::bootWeb(Object(Config\Paths))
10 SYSTEMPATH\rewrite.php(44): require_once('C:\\Users\\AKU BANGGA JADI IT 2\\Documents\\RafiChandra\\Codeigniter4\\bengkel-salsa-motor\\public\\index.php')
DEBUG - 2026-08-13 01:07:27 --> Session: Class initialized using 'CodeIgniter\Session\Handlers\FileHandler' driver.
DEBUG - 2026-08-13 01:07:33 --> Session: Class initialized using 'CodeIgniter\Session\Handlers\FileHandler' driver.
DEBUG - 2026-08-13 01:07:34 --> Session: Class initialized using 'CodeIgniter\Session\Handlers\FileHandler' driver.
DEBUG - 2026-08-13 01:07:34 --> Session: Class initialized using 'CodeIgniter\Session\Handlers\FileHandler' driver.
DEBUG - 2026-08-13 01:07:35 --> Session: Class initialized using 'CodeIgniter\Session\Handlers\FileHandler' driver.
DEBUG - 2026-08-13 01:07:36 --> Session: Class initialized using 'CodeIgniter\Session\Handlers\FileHandler' driver.
DEBUG - 2026-08-13 01:07:36 --> Session: Class initialized using 'CodeIgniter\Session\Handlers\FileHandler' driver.
DEBUG - 2026-08-13 01:07:37 --> Session: Class initialized using 'CodeIgniter\Session\Handlers\FileHandler' driver.
DEBUG - 2026-08-13 01:07:38 --> Session: Class initialized using 'CodeIgniter\Session\Handlers\FileHandler' driver.
DEBUG - 2026-08-13 01:07:39 --> Session: Class initialized using 'CodeIgniter\Session\Handlers\FileHandler' driver.
DEBUG - 2026-08-13 01:07:40 --> Session: Class initialized using 'CodeIgniter\Session\Handlers\FileHandler' driver.
DEBUG - 2026-08-13 01:07:40 --> Session: Class initialized using 'CodeIgniter\Session\Handlers\FileHandler' driver.
DEBUG - 2026-08-13 01:07:41 --> Session: Class initialized using 'CodeIgniter\Session\Handlers\FileHandler' driver.
DEBUG - 2026-08-13 01:07:42 --> Session: Class initialized using 'CodeIgniter\Session\Handlers\FileHandler' driver.
DEBUG - 2026-08-13 01:07:43 --> Session: Class initialized using 'CodeIgniter\Session\Handlers\FileHandler' driver.
DEBUG - 2026-08-13 01:07:43 --> Session: Class initialized using 'CodeIgniter\Session\Handlers\FileHandler' driver.
DEBUG - 2026-08-13 01:07:44 --> Session: Class initialized using 'CodeIgniter\Session\Handlers\FileHandler' driver.
DEBUG - 2026-08-13 01:07:47 --> Session: Class initialized using 'CodeIgniter\Session\Handlers\FileHandler' driver.
DEBUG - 2026-08-13 01:07:48 --> Session: Class initialized using 'CodeIgniter\Session\Handlers\FileHandler' driver.
DEBUG - 2026-08-13 01:07:49 --> Session: Class initialized using 'CodeIgniter\Session\Handlers\FileHandler' driver.
DEBUG - 2026-08-13 01:09:26 --> Session: Class initialized using 'CodeIgniter\Session\Handlers\FileHandler' driver.
DEBUG - 2026-08-13 01:09:28 --> Session: Class initialized using 'CodeIgniter\Session\Handlers\FileHandler' driver.
DEBUG - 2026-08-13 01:09:28 --> Session: Class initialized using 'CodeIgniter\Session\Handlers\FileHandler' driver.
DEBUG - 2026-08-13 01:09:29 --> Session: Class initialized using 'CodeIgniter\Session\Handlers\FileHandler' driver.
DEBUG - 2026-08-13 01:09:29 --> Session: Class initialized using 'CodeIgniter\Session\Handlers\FileHandler' driver.
DEBUG - 2026-08-13 01:09:30 --> Session: Class initialized using 'CodeIgniter\Session\Handlers\FileHandler' driver.
DEBUG - 2026-08-13 01:09:30 --> Session: Class initialized using 'CodeIgniter\Session\Handlers\FileHandler' driver.
DEBUG - 2026-08-13 01:09:31 --> Session: Class initialized using 'CodeIgniter\Session\Handlers\FileHandler' driver.
DEBUG - 2026-08-13 01:09:33 --> Session: Class initialized using 'CodeIgniter\Session\Handlers\FileHandler' driver.
DEBUG - 2026-08-13 01:09:35 --> Session: Class initialized using 'CodeIgniter\Session\Handlers\FileHandler' driver.
DEBUG - 2026-08-13 01:10:07 --> Session: Class initialized using 'CodeIgniter\Session\Handlers\FileHandler' driver.
DEBUG - 2026-08-13 01:10:10 --> Session: Class initialized using 'CodeIgniter\Session\Handlers\FileHandler' driver.
DEBUG - 2026-08-13 01:10:29 --> Session: Class initialized using 'CodeIgniter\Session\Handlers\FileHandler' driver.
DEBUG - 2026-08-13 01:10:33 --> Session: Class initialized using 'CodeIgniter\Session\Handlers\FileHandler' driver.
DEBUG - 2026-08-13 01:10:38 --> Session: Class initialized using 'CodeIgniter\Session\Handlers\FileHandler' driver.
DEBUG - 2026-08-13 01:10:40 --> Session: Class initialized using 'CodeIgniter\Session\Handlers\FileHandler' driver.
DEBUG - 2026-08-13 01:10:42 --> Session: Class initialized using 'CodeIgniter\Session\Handlers\FileHandler' driver.
DEBUG - 2026-08-13 01:12:33 --> Session: Class initialized using 'CodeIgniter\Session\Handlers\FileHandler' driver.
DEBUG - 2026-08-13 01:12:40 --> Session: Class initialized using 'CodeIgniter\Session\Handlers\FileHandler' driver.
DEBUG - 2026-08-13 01:12:46 --> Session: Class initialized using 'CodeIgniter\Session\Handlers\FileHandler' driver.
DEBUG - 2026-08-13 01:20:54 --> Session: Class initialized using 'CodeIgniter\Session\Handlers\FileHandler' driver.
DEBUG - 2026-08-13 01:21:05 --> Session: Class initialized using 'CodeIgniter\Session\Handlers\FileHandler' driver.
DEBUG - 2026-08-13 01:21:08 --> Session: Class initialized using 'CodeIgniter\Session\Handlers\FileHandler' driver.
DEBUG - 2026-08-13 01:21:08 --> Session: Class initialized using 'CodeIgniter\Session\Handlers\FileHandler' driver.
DEBUG - 2026-08-13 01:21:09 --> Session: Class initialized using 'CodeIgniter\Session\Handlers\FileHandler' driver.
DEBUG - 2026-08-13 01:21:10 --> Session: Class initialized using 'CodeIgniter\Session\Handlers\FileHandler' driver.
DEBUG - 2026-08-13 01:21:15 --> Session: Class initialized using 'CodeIgniter\Session\Handlers\FileHandler' driver.
DEBUG - 2026-08-13 01:21:16 --> Session: Class initialized using 'CodeIgniter\Session\Handlers\FileHandler' driver.
DEBUG - 2026-08-13 01:21:17 --> Session: Class initialized using 'CodeIgniter\Session\Handlers\FileHandler' driver.
DEBUG - 2026-08-13 01:21:17 --> Session: Class initialized using 'CodeIgniter\Session\Handlers\FileHandler' driver.
DEBUG - 2026-08-13 01:22:05 --> Session: Class initialized using 'CodeIgniter\Session\Handlers\FileHandler' driver.
DEBUG - 2026-08-13 01:23:11 --> Session: Class initialized using 'CodeIgniter\Session\Handlers\FileHandler' driver.
DEBUG - 2026-08-13 01:23:37 --> Session: Class initialized using 'CodeIgniter\Session\Handlers\FileHandler' driver.
DEBUG - 2026-08-13 01:23:37 --> Session: Class initialized using 'CodeIgniter\Session\Handlers\FileHandler' driver.
DEBUG - 2026-08-13 01:23:46 --> Session: Class initialized using 'CodeIgniter\Session\Handlers\FileHandler' driver.
DEBUG - 2026-08-13 01:23:53 --> Session: Class initialized using 'CodeIgniter\Session\Handlers\FileHandler' driver.
DEBUG - 2026-08-13 01:24:01 --> Session: Class initialized using 'CodeIgniter\Session\Handlers\FileHandler' driver.
DEBUG - 2026-08-13 01:24:01 --> Session: Class initialized using 'CodeIgniter\Session\Handlers\FileHandler' driver.
DEBUG - 2026-08-13 01:24:06 --> Session: Class initialized using 'CodeIgniter\Session\Handlers\FileHandler' driver.
DEBUG - 2026-08-13 01:24:06 --> Session: Class initialized using 'CodeIgniter\Session\Handlers\FileHandler' driver.
DEBUG - 2026-08-13 01:24:21 --> Session: Class initialized using 'CodeIgniter\Session\Handlers\FileHandler' driver.
DEBUG - 2026-08-13 01:24:21 --> Session: Class initialized using 'CodeIgniter\Session\Handlers\FileHandler' driver.
DEBUG - 2026-08-13 01:24:24 --> Session: Class initialized using 'CodeIgniter\Session\Handlers\FileHandler' driver.
DEBUG - 2026-08-13 01:24:24 --> Session: Class initialized using 'CodeIgniter\Session\Handlers\FileHandler' driver.
DEBUG - 2026-08-13 01:24:37 --> Session: Class initialized using 'CodeIgniter\Session\Handlers\FileHandler' driver.
DEBUG - 2026-08-13 01:25:03 --> Session: Class initialized using 'CodeIgniter\Session\Handlers\FileHandler' driver.
DEBUG - 2026-08-13 01:26:10 --> Session: Class initialized using 'CodeIgniter\Session\Handlers\FileHandler' driver.
DEBUG - 2026-08-13 01:28:59 --> Session: Class initialized using 'CodeIgniter\Session\Handlers\FileHandler' driver.
DEBUG - 2026-08-13 01:28:59 --> Session: Class initialized using 'CodeIgniter\Session\Handlers\FileHandler' driver.
DEBUG - 2026-08-13 01:29:14 --> Session: Class initialized using 'CodeIgniter\Session\Handlers\FileHandler' driver.
DEBUG - 2026-08-13 01:29:14 --> Session: Class initialized using 'CodeIgniter\Session\Handlers\FileHandler' driver.
DEBUG - 2026-08-13 01:29:27 --> Session: Class initialized using 'CodeIgniter\Session\Handlers\FileHandler' driver.
DEBUG - 2026-08-13 01:29:27 --> Session: Class initialized using 'CodeIgniter\Session\Handlers\FileHandler' driver.
DEBUG - 2026-08-13 01:29:40 --> Session: Class initialized using 'CodeIgniter\Session\Handlers\FileHandler' driver.
DEBUG - 2026-08-13 01:30:02 --> Session: Class initialized using 'CodeIgniter\Session\Handlers\FileHandler' driver.
DEBUG - 2026-08-13 01:30:02 --> Session: Class initialized using 'CodeIgniter\Session\Handlers\FileHandler' driver.
DEBUG - 2026-08-13 01:30:11 --> Session: Class initialized using 'CodeIgniter\Session\Handlers\FileHandler' driver.
DEBUG - 2026-08-13 01:30:11 --> Session: Class initialized using 'CodeIgniter\Session\Handlers\FileHandler' driver.
DEBUG - 2026-08-13 01:30:23 --> Session: Class initialized using 'CodeIgniter\Session\Handlers\FileHandler' driver.
DEBUG - 2026-08-13 01:30:23 --> Session: Class initialized using 'CodeIgniter\Session\Handlers\FileHandler' driver.
DEBUG - 2026-08-13 01:30:27 --> Session: Class initialized using 'CodeIgniter\Session\Handlers\FileHandler' driver.
DEBUG - 2026-08-13 01:30:27 --> Session: Class initialized using 'CodeIgniter\Session\Handlers\FileHandler' driver.
DEBUG - 2026-08-13 01:30:28 --> Session: Class initialized using 'CodeIgniter\Session\Handlers\FileHandler' driver.
DEBUG - 2026-08-13 01:30:33 --> Session: Class initialized using 'CodeIgniter\Session\Handlers\FileHandler' driver.
DEBUG - 2026-08-13 01:30:33 --> Session: Class initialized using 'CodeIgniter\Session\Handlers\FileHandler' driver.
DEBUG - 2026-08-13 01:30:38 --> Session: Class initialized using 'CodeIgniter\Session\Handlers\FileHandler' driver.
DEBUG - 2026-08-13 01:30:44 --> Session: Class initialized using 'CodeIgniter\Session\Handlers\FileHandler' driver.
DEBUG - 2026-08-13 01:30:44 --> Session: Class initialized using 'CodeIgniter\Session\Handlers\FileHandler' driver.
DEBUG - 2026-08-13 01:30:55 --> Session: Class initialized using 'CodeIgniter\Session\Handlers\FileHandler' driver.
DEBUG - 2026-08-13 01:31:39 --> Session: Class initialized using 'CodeIgniter\Session\Handlers\FileHandler' driver.
DEBUG - 2026-08-13 01:33:32 --> Session: Class initialized using 'CodeIgniter\Session\Handlers\FileHandler' driver.
DEBUG - 2026-08-13 01:34:43 --> Session: Class initialized using 'CodeIgniter\Session\Handlers\FileHandler' driver.
DEBUG - 2026-08-13 01:34:43 --> Session: Class initialized using 'CodeIgniter\Session\Handlers\FileHandler' driver.
DEBUG - 2026-08-13 01:34:46 --> Session: Class initialized using 'CodeIgniter\Session\Handlers\FileHandler' driver.
DEBUG - 2026-08-13 01:34:55 --> Session: Class initialized using 'CodeIgniter\Session\Handlers\FileHandler' driver.
DEBUG - 2026-08-13 01:34:55 --> Session: Class initialized using 'CodeIgniter\Session\Handlers\FileHandler' driver.
DEBUG - 2026-08-13 01:34:55 --> Session: Class initialized using 'CodeIgniter\Session\Handlers\FileHandler' driver.
DEBUG - 2026-08-13 01:34:56 --> Session: Class initialized using 'CodeIgniter\Session\Handlers\FileHandler' driver.
DEBUG - 2026-08-13 01:34:56 --> Session: Class initialized using 'CodeIgniter\Session\Handlers\FileHandler' driver.
DEBUG - 2026-08-13 01:34:57 --> Session: Class initialized using 'CodeIgniter\Session\Handlers\FileHandler' driver.
DEBUG - 2026-08-13 01:34:57 --> Session: Class initialized using 'CodeIgniter\Session\Handlers\FileHandler' driver.
DEBUG - 2026-08-13 01:34:57 --> Session: Class initialized using 'CodeIgniter\Session\Handlers\FileHandler' driver.
DEBUG - 2026-08-13 01:34:58 --> Session: Class initialized using 'CodeIgniter\Session\Handlers\FileHandler' driver.
DEBUG - 2026-08-13 01:34:58 --> Session: Class initialized using 'CodeIgniter\Session\Handlers\FileHandler' driver.
DEBUG - 2026-08-13 01:34:59 --> Session: Class initialized using 'CodeIgniter\Session\Handlers\FileHandler' driver.
DEBUG - 2026-08-13 01:34:59 --> Session: Class initialized using 'CodeIgniter\Session\Handlers\FileHandler' driver.
DEBUG - 2026-08-13 01:34:59 --> Session: Class initialized using 'CodeIgniter\Session\Handlers\FileHandler' driver.
DEBUG - 2026-08-13 01:35:02 --> Session: Class initialized using 'CodeIgniter\Session\Handlers\FileHandler' driver.
DEBUG - 2026-08-13 01:35:04 --> Session: Class initialized using 'CodeIgniter\Session\Handlers\FileHandler' driver.
DEBUG - 2026-08-13 01:37:30 --> Session: Class initialized using 'CodeIgniter\Session\Handlers\FileHandler' driver.
DEBUG - 2026-08-13 01:37:44 --> Session: Class initialized using 'CodeIgniter\Session\Handlers\FileHandler' driver.
CRITICAL - 2026-08-13 01:37:44 --> CodeIgniter\View\Exceptions\ViewException: Invalid file: "page/content/users/index.php"
[Method: GET, Route: users]
in SYSTEMPATH\Exceptions\FrameworkException.php on line 39.
 1 SYSTEMPATH\View\View.php(228): CodeIgniter\Exceptions\FrameworkException::forInvalidFile('page/content/users/index.php')
 2 SYSTEMPATH\Common.php(1268): CodeIgniter\View\View->render('page/content/users/index', [], true)
 3 APPPATH\Controllers\Users.php(23): view('page/content/users/index', [...])
 4 SYSTEMPATH\CodeIgniter.php(974): App\Controllers\Users->index()
 5 SYSTEMPATH\CodeIgniter.php(520): CodeIgniter\CodeIgniter->runController(Object(App\Controllers\Users))
 6 SYSTEMPATH\CodeIgniter.php(363): CodeIgniter\CodeIgniter->handleRequest(null, Object(Config\Cache), false)
 7 SYSTEMPATH\Boot.php(417): CodeIgniter\CodeIgniter->run()
 8 SYSTEMPATH\Boot.php(68): CodeIgniter\Boot::runCodeIgniter(Object(CodeIgniter\CodeIgniter))
 9 FCPATH\index.php(56): CodeIgniter\Boot::bootWeb(Object(Config\Paths))
10 SYSTEMPATH\rewrite.php(44): require_once('C:\\Users\\AKU BANGGA JADI IT 2\\Documents\\RafiChandra\\Codeigniter4\\bengkel-salsa-motor\\public\\index.php')
DEBUG - 2026-08-13 01:37:45 --> Session: Class initialized using 'CodeIgniter\Session\Handlers\FileHandler' driver.
DEBUG - 2026-08-13 01:37:46 --> Session: Class initialized using 'CodeIgniter\Session\Handlers\FileHandler' driver.
DEBUG - 2026-08-13 01:38:12 --> Session: Class initialized using 'CodeIgniter\Session\Handlers\FileHandler' driver.
DEBUG - 2026-08-13 01:41:12 --> Session: Class initialized using 'CodeIgniter\Session\Handlers\FileHandler' driver.
CRITICAL - 2026-08-13 01:41:12 --> CodeIgniter\View\Exceptions\ViewException: Invalid file: "page/content/users/index.php"
[Method: GET, Route: users]
in SYSTEMPATH\Exceptions\FrameworkException.php on line 39.
 1 SYSTEMPATH\View\View.php(228): CodeIgniter\Exceptions\FrameworkException::forInvalidFile('page/content/users/index.php')
 2 SYSTEMPATH\Common.php(1268): CodeIgniter\View\View->render('page/content/users/index', [], true)
 3 APPPATH\Controllers\Users.php(23): view('page/content/users/index', [...])
 4 SYSTEMPATH\CodeIgniter.php(974): App\Controllers\Users->index()
 5 SYSTEMPATH\CodeIgniter.php(520): CodeIgniter\CodeIgniter->runController(Object(App\Controllers\Users))
 6 SYSTEMPATH\CodeIgniter.php(363): CodeIgniter\CodeIgniter->handleRequest(null, Object(Config\Cache), false)
 7 SYSTEMPATH\Boot.php(417): CodeIgniter\CodeIgniter->run()
 8 SYSTEMPATH\Boot.php(68): CodeIgniter\Boot::runCodeIgniter(Object(CodeIgniter\CodeIgniter))
 9 FCPATH\index.php(56): CodeIgniter\Boot::bootWeb(Object(Config\Paths))
10 SYSTEMPATH\rewrite.php(44): require_once('C:\\Users\\AKU BANGGA JADI IT 2\\Documents\\RafiChandra\\Codeigniter4\\bengkel-salsa-motor\\public\\index.php')
DEBUG - 2026-08-13 01:41:14 --> Session: Class initialized using 'CodeIgniter\Session\Handlers\FileHandler' driver.
CRITICAL - 2026-08-13 01:41:14 --> CodeIgniter\View\Exceptions\ViewException: Invalid file: "page/content/users/index.php"
[Method: GET, Route: users]
in SYSTEMPATH\Exceptions\FrameworkException.php on line 39.
 1 SYSTEMPATH\View\View.php(228): CodeIgniter\Exceptions\FrameworkException::forInvalidFile('page/content/users/index.php')
 2 SYSTEMPATH\Common.php(1268): CodeIgniter\View\View->render('page/content/users/index', [], true)
 3 APPPATH\Controllers\Users.php(23): view('page/content/users/index', [...])
 4 SYSTEMPATH\CodeIgniter.php(974): App\Controllers\Users->index()
 5 SYSTEMPATH\CodeIgniter.php(520): CodeIgniter\CodeIgniter->runController(Object(App\Controllers\Users))
 6 SYSTEMPATH\CodeIgniter.php(363): CodeIgniter\CodeIgniter->handleRequest(null, Object(Config\Cache), false)
 7 SYSTEMPATH\Boot.php(417): CodeIgniter\CodeIgniter->run()
 8 SYSTEMPATH\Boot.php(68): CodeIgniter\Boot::runCodeIgniter(Object(CodeIgniter\CodeIgniter))
 9 FCPATH\index.php(56): CodeIgniter\Boot::bootWeb(Object(Config\Paths))
10 SYSTEMPATH\rewrite.php(44): require_once('C:\\Users\\AKU BANGGA JADI IT 2\\Documents\\RafiChandra\\Codeigniter4\\bengkel-salsa-motor\\public\\index.php')
DEBUG - 2026-08-13 01:41:40 --> Session: Class initialized using 'CodeIgniter\Session\Handlers\FileHandler' driver.
CRITICAL - 2026-08-13 01:41:40 --> CodeIgniter\View\Exceptions\ViewException: Invalid file: "page/content/users/index.php"
[Method: GET, Route: users]
in SYSTEMPATH\Exceptions\FrameworkException.php on line 39.
 1 SYSTEMPATH\View\View.php(228): CodeIgniter\Exceptions\FrameworkException::forInvalidFile('page/content/users/index.php')
 2 SYSTEMPATH\Common.php(1268): CodeIgniter\View\View->render('page/content/users/index', [], true)
 3 APPPATH\Controllers\Users.php(23): view('page/content/users/index', [...])
 4 SYSTEMPATH\CodeIgniter.php(974): App\Controllers\Users->index()
 5 SYSTEMPATH\CodeIgniter.php(520): CodeIgniter\CodeIgniter->runController(Object(App\Controllers\Users))
 6 SYSTEMPATH\CodeIgniter.php(363): CodeIgniter\CodeIgniter->handleRequest(null, Object(Config\Cache), false)
 7 SYSTEMPATH\Boot.php(417): CodeIgniter\CodeIgniter->run()
 8 SYSTEMPATH\Boot.php(68): CodeIgniter\Boot::runCodeIgniter(Object(CodeIgniter\CodeIgniter))
 9 FCPATH\index.php(56): CodeIgniter\Boot::bootWeb(Object(Config\Paths))
10 SYSTEMPATH\rewrite.php(44): require_once('C:\\Users\\AKU BANGGA JADI IT 2\\Documents\\RafiChandra\\Codeigniter4\\bengkel-salsa-motor\\public\\index.php')
DEBUG - 2026-08-13 01:41:41 --> Session: Class initialized using 'CodeIgniter\Session\Handlers\FileHandler' driver.
CRITICAL - 2026-08-13 01:41:41 --> CodeIgniter\View\Exceptions\ViewException: Invalid file: "page/content/users/index.php"
[Method: GET, Route: users]
in SYSTEMPATH\Exceptions\FrameworkException.php on line 39.
 1 SYSTEMPATH\View\View.php(228): CodeIgniter\Exceptions\FrameworkException::forInvalidFile('page/content/users/index.php')
 2 SYSTEMPATH\Common.php(1268): CodeIgniter\View\View->render('page/content/users/index', [], true)
 3 APPPATH\Controllers\Users.php(23): view('page/content/users/index', [...])
 4 SYSTEMPATH\CodeIgniter.php(974): App\Controllers\Users->index()
 5 SYSTEMPATH\CodeIgniter.php(520): CodeIgniter\CodeIgniter->runController(Object(App\Controllers\Users))
 6 SYSTEMPATH\CodeIgniter.php(363): CodeIgniter\CodeIgniter->handleRequest(null, Object(Config\Cache), false)
 7 SYSTEMPATH\Boot.php(417): CodeIgniter\CodeIgniter->run()
 8 SYSTEMPATH\Boot.php(68): CodeIgniter\Boot::runCodeIgniter(Object(CodeIgniter\CodeIgniter))
 9 FCPATH\index.php(56): CodeIgniter\Boot::bootWeb(Object(Config\Paths))
10 SYSTEMPATH\rewrite.php(44): require_once('C:\\Users\\AKU BANGGA JADI IT 2\\Documents\\RafiChandra\\Codeigniter4\\bengkel-salsa-motor\\public\\index.php')
DEBUG - 2026-08-13 01:41:41 --> Session: Class initialized using 'CodeIgniter\Session\Handlers\FileHandler' driver.
CRITICAL - 2026-08-13 01:41:41 --> CodeIgniter\View\Exceptions\ViewException: Invalid file: "page/content/users/index.php"
[Method: GET, Route: users]
in SYSTEMPATH\Exceptions\FrameworkException.php on line 39.
 1 SYSTEMPATH\View\View.php(228): CodeIgniter\Exceptions\FrameworkException::forInvalidFile('page/content/users/index.php')
 2 SYSTEMPATH\Common.php(1268): CodeIgniter\View\View->render('page/content/users/index', [], true)
 3 APPPATH\Controllers\Users.php(23): view('page/content/users/index', [...])
 4 SYSTEMPATH\CodeIgniter.php(974): App\Controllers\Users->index()
 5 SYSTEMPATH\CodeIgniter.php(520): CodeIgniter\CodeIgniter->runController(Object(App\Controllers\Users))
 6 SYSTEMPATH\CodeIgniter.php(363): CodeIgniter\CodeIgniter->handleRequest(null, Object(Config\Cache), false)
 7 SYSTEMPATH\Boot.php(417): CodeIgniter\CodeIgniter->run()
 8 SYSTEMPATH\Boot.php(68): CodeIgniter\Boot::runCodeIgniter(Object(CodeIgniter\CodeIgniter))
 9 FCPATH\index.php(56): CodeIgniter\Boot::bootWeb(Object(Config\Paths))
10 SYSTEMPATH\rewrite.php(44): require_once('C:\\Users\\AKU BANGGA JADI IT 2\\Documents\\RafiChandra\\Codeigniter4\\bengkel-salsa-motor\\public\\index.php')
DEBUG - 2026-08-13 01:41:41 --> Session: Class initialized using 'CodeIgniter\Session\Handlers\FileHandler' driver.
CRITICAL - 2026-08-13 01:41:41 --> CodeIgniter\View\Exceptions\ViewException: Invalid file: "page/content/users/index.php"
[Method: GET, Route: users]
in SYSTEMPATH\Exceptions\FrameworkException.php on line 39.
 1 SYSTEMPATH\View\View.php(228): CodeIgniter\Exceptions\FrameworkException::forInvalidFile('page/content/users/index.php')
 2 SYSTEMPATH\Common.php(1268): CodeIgniter\View\View->render('page/content/users/index', [], true)
 3 APPPATH\Controllers\Users.php(23): view('page/content/users/index', [...])
 4 SYSTEMPATH\CodeIgniter.php(974): App\Controllers\Users->index()
 5 SYSTEMPATH\CodeIgniter.php(520): CodeIgniter\CodeIgniter->runController(Object(App\Controllers\Users))
 6 SYSTEMPATH\CodeIgniter.php(363): CodeIgniter\CodeIgniter->handleRequest(null, Object(Config\Cache), false)
 7 SYSTEMPATH\Boot.php(417): CodeIgniter\CodeIgniter->run()
 8 SYSTEMPATH\Boot.php(68): CodeIgniter\Boot::runCodeIgniter(Object(CodeIgniter\CodeIgniter))
 9 FCPATH\index.php(56): CodeIgniter\Boot::bootWeb(Object(Config\Paths))
10 SYSTEMPATH\rewrite.php(44): require_once('C:\\Users\\AKU BANGGA JADI IT 2\\Documents\\RafiChandra\\Codeigniter4\\bengkel-salsa-motor\\public\\index.php')
DEBUG - 2026-08-13 01:41:41 --> Session: Class initialized using 'CodeIgniter\Session\Handlers\FileHandler' driver.
CRITICAL - 2026-08-13 01:41:41 --> CodeIgniter\View\Exceptions\ViewException: Invalid file: "page/content/users/index.php"
[Method: GET, Route: users]
in SYSTEMPATH\Exceptions\FrameworkException.php on line 39.
 1 SYSTEMPATH\View\View.php(228): CodeIgniter\Exceptions\FrameworkException::forInvalidFile('page/content/users/index.php')
 2 SYSTEMPATH\Common.php(1268): CodeIgniter\View\View->render('page/content/users/index', [], true)
 3 APPPATH\Controllers\Users.php(23): view('page/content/users/index', [...])
 4 SYSTEMPATH\CodeIgniter.php(974): App\Controllers\Users->index()
 5 SYSTEMPATH\CodeIgniter.php(520): CodeIgniter\CodeIgniter->runController(Object(App\Controllers\Users))
 6 SYSTEMPATH\CodeIgniter.php(363): CodeIgniter\CodeIgniter->handleRequest(null, Object(Config\Cache), false)
 7 SYSTEMPATH\Boot.php(417): CodeIgniter\CodeIgniter->run()
 8 SYSTEMPATH\Boot.php(68): CodeIgniter\Boot::runCodeIgniter(Object(CodeIgniter\CodeIgniter))
 9 FCPATH\index.php(56): CodeIgniter\Boot::bootWeb(Object(Config\Paths))
10 SYSTEMPATH\rewrite.php(44): require_once('C:\\Users\\AKU BANGGA JADI IT 2\\Documents\\RafiChandra\\Codeigniter4\\bengkel-salsa-motor\\public\\index.php')
DEBUG - 2026-08-13 01:41:42 --> Session: Class initialized using 'CodeIgniter\Session\Handlers\FileHandler' driver.
CRITICAL - 2026-08-13 01:41:42 --> CodeIgniter\View\Exceptions\ViewException: Invalid file: "page/content/users/index.php"
[Method: GET, Route: users]
in SYSTEMPATH\Exceptions\FrameworkException.php on line 39.
 1 SYSTEMPATH\View\View.php(228): CodeIgniter\Exceptions\FrameworkException::forInvalidFile('page/content/users/index.php')
 2 SYSTEMPATH\Common.php(1268): CodeIgniter\View\View->render('page/content/users/index', [], true)
 3 APPPATH\Controllers\Users.php(23): view('page/content/users/index', [...])
 4 SYSTEMPATH\CodeIgniter.php(974): App\Controllers\Users->index()
 5 SYSTEMPATH\CodeIgniter.php(520): CodeIgniter\CodeIgniter->runController(Object(App\Controllers\Users))
 6 SYSTEMPATH\CodeIgniter.php(363): CodeIgniter\CodeIgniter->handleRequest(null, Object(Config\Cache), false)
 7 SYSTEMPATH\Boot.php(417): CodeIgniter\CodeIgniter->run()
 8 SYSTEMPATH\Boot.php(68): CodeIgniter\Boot::runCodeIgniter(Object(CodeIgniter\CodeIgniter))
 9 FCPATH\index.php(56): CodeIgniter\Boot::bootWeb(Object(Config\Paths))
10 SYSTEMPATH\rewrite.php(44): require_once('C:\\Users\\AKU BANGGA JADI IT 2\\Documents\\RafiChandra\\Codeigniter4\\bengkel-salsa-motor\\public\\index.php')
DEBUG - 2026-08-13 01:41:42 --> Session: Class initialized using 'CodeIgniter\Session\Handlers\FileHandler' driver.
DEBUG - 2026-08-13 01:43:05 --> Session: Class initialized using 'CodeIgniter\Session\Handlers\FileHandler' driver.
DEBUG - 2026-08-13 01:43:06 --> Session: Class initialized using 'CodeIgniter\Session\Handlers\FileHandler' driver.
DEBUG - 2026-08-13 01:44:33 --> Session: Class initialized using 'CodeIgniter\Session\Handlers\FileHandler' driver.
DEBUG - 2026-08-13 01:44:44 --> Session: Class initialized using 'CodeIgniter\Session\Handlers\FileHandler' driver.
DEBUG - 2026-08-13 01:45:28 --> Session: Class initialized using 'CodeIgniter\Session\Handlers\FileHandler' driver.
DEBUG - 2026-08-13 01:45:31 --> Session: Class initialized using 'CodeIgniter\Session\Handlers\FileHandler' driver.
DEBUG - 2026-08-13 01:45:40 --> Session: Class initialized using 'CodeIgniter\Session\Handlers\FileHandler' driver.
DEBUG - 2026-08-13 01:46:42 --> Session: Class initialized using 'CodeIgniter\Session\Handlers\FileHandler' driver.
DEBUG - 2026-08-13 01:46:47 --> Session: Class initialized using 'CodeIgniter\Session\Handlers\FileHandler' driver.
DEBUG - 2026-08-13 01:48:23 --> Session: Class initialized using 'CodeIgniter\Session\Handlers\FileHandler' driver.
DEBUG - 2026-08-13 01:48:24 --> Session: Class initialized using 'CodeIgniter\Session\Handlers\FileHandler' driver.
DEBUG - 2026-08-13 01:48:29 --> Session: Class initialized using 'CodeIgniter\Session\Handlers\FileHandler' driver.
DEBUG - 2026-08-13 01:48:43 --> Session: Class initialized using 'CodeIgniter\Session\Handlers\FileHandler' driver.
DEBUG - 2026-08-13 01:48:43 --> Session: Class initialized using 'CodeIgniter\Session\Handlers\FileHandler' driver.
DEBUG - 2026-08-13 01:48:50 --> Session: Class initialized using 'CodeIgniter\Session\Handlers\FileHandler' driver.
DEBUG - 2026-08-13 01:48:50 --> Session: Class initialized using 'CodeIgniter\Session\Handlers\FileHandler' driver.
DEBUG - 2026-08-13 01:50:29 --> Session: Class initialized using 'CodeIgniter\Session\Handlers\FileHandler' driver.
DEBUG - 2026-08-13 01:50:42 --> Session: Class initialized using 'CodeIgniter\Session\Handlers\FileHandler' driver.
CRITICAL - 2026-08-13 01:50:42 --> ErrorException: Undefined property: Config\Format::$jsonEncodeDepth
[Method: POST, Route: users/store]
in SYSTEMPATH\Format\JSONFormatter.php on line 44.
 1 SYSTEMPATH\Format\JSONFormatter.php(44): CodeIgniter\Debug\Exceptions->errorHandler(2, 'Undefined property: Config\\Format::$jsonEncodeDepth', 'C:\\Users\\AKU BANGGA JADI IT 2\\Documents\\RafiChandra\\Codeigniter4\\bengkel-salsa-motor\\vendor\\codeigniter4\\framework\\system\\Format\\JSONFormatter.php', 44)
 2 SYSTEMPATH\HTTP\ResponseTrait.php(252): CodeIgniter\Format\JSONFormatter->format([...])
 3 SYSTEMPATH\HTTP\ResponseTrait.php(178): CodeIgniter\HTTP\Response->formatBody([...], 'json')
 4 APPPATH\Controllers\Users.php(66): CodeIgniter\HTTP\Response->setJSON([...])
 5 SYSTEMPATH\CodeIgniter.php(974): App\Controllers\Users->store()
 6 SYSTEMPATH\CodeIgniter.php(520): CodeIgniter\CodeIgniter->runController(Object(App\Controllers\Users))
 7 SYSTEMPATH\CodeIgniter.php(363): CodeIgniter\CodeIgniter->handleRequest(null, Object(Config\Cache), false)
 8 SYSTEMPATH\Boot.php(417): CodeIgniter\CodeIgniter->run()
 9 SYSTEMPATH\Boot.php(68): CodeIgniter\Boot::runCodeIgniter(Object(CodeIgniter\CodeIgniter))
10 FCPATH\index.php(56): CodeIgniter\Boot::bootWeb(Object(Config\Paths))
11 SYSTEMPATH\rewrite.php(44): require_once('C:\\Users\\AKU BANGGA JADI IT 2\\Documents\\RafiChandra\\Codeigniter4\\bengkel-salsa-motor\\public\\index.php')
CRITICAL - 2026-08-13 01:50:42 --> ErrorException: Uncaught ErrorException: Undefined property: Config\Format::$jsonEncodeDepth in C:\Users\AKU BANGGA JADI IT 2\Documents\RafiChandra\Codeigniter4\bengkel-salsa-motor\vendor\codeigniter4\framework\system\Format\JSONFormatter.php:44
Stack trace:
#0 C:\Users\AKU BANGGA JADI IT 2\Documents\RafiChandra\Codeigniter4\bengkel-salsa-motor\vendor\codeigniter4\framework\system\Format\JSONFormatter.php(44): CodeIgniter\Debug\Exceptions->errorHandler(2, 'Undefined prope...', 'C:\\Users\\AKU BA...', 44)
#1 C:\Users\AKU BANGGA JADI IT 2\Documents\RafiChandra\Codeigniter4\bengkel-salsa-motor\vendor\codeigniter4\framework\system\API\ResponseTrait.php(352): CodeIgniter\Format\JSONFormatter->format(Array)
#2 C:\Users\AKU BANGGA JADI IT 2\Documents\RafiChandra\Codeigniter4\bengkel-salsa-motor\vendor\codeigniter4\framework\system\API\ResponseTrait.php(111): CodeIgniter\Debug\ExceptionHandler->format(Array)
#3 C:\Users\AKU BANGGA JADI IT 2\Documents\RafiChandra\Codeigniter4\bengkel-salsa-motor\vendor\codeigniter4\framework\system\Debug\ExceptionHandler.php(95): CodeIgniter\Debug\ExceptionHandler->respond(Array, 500)
#4 C:\Users\AKU BANGGA JADI IT 2\Documents\RafiChandra\Codeigniter4\bengkel-salsa-motor\vendor\codeigniter4\framework\system\Debug\Exceptions.php(151): CodeIgniter\Debug\ExceptionHandler->handle(Object(ErrorException), Object(CodeIgniter\HTTP\IncomingRequest), Object(CodeIgniter\HTTP\Response), 500, 1)
#5 [internal function]: CodeIgniter\Debug\Exceptions->exceptionHandler(Object(ErrorException))
#6 {main}
  thrown
【Previous Exception】
ErrorException
Undefined property: Config\Format::$jsonEncodeDepth
#0 C:\Users\AKU BANGGA JADI IT 2\Documents\RafiChandra\Codeigniter4\bengkel-salsa-motor\vendor\codeigniter4\framework\system\Format\JSONFormatter.php(44): CodeIgniter\Debug\Exceptions->errorHandler(2, 'Undefined prope...', 'C:\\Users\\AKU BA...', 44)
#1 C:\Users\AKU BANGGA JADI IT 2\Documents\RafiChandra\Codeigniter4\bengkel-salsa-motor\vendor\codeigniter4\framework\system\HTTP\ResponseTrait.php(252): CodeIgniter\Format\JSONFormatter->format(Array)
#2 C:\Users\AKU BANGGA JADI IT 2\Documents\RafiChandra\Codeigniter4\bengkel-salsa-motor\vendor\codeigniter4\framework\system\HTTP\ResponseTrait.php(178): CodeIgniter\HTTP\Response->formatBody(Array, 'json')
#3 C:\Users\AKU BANGGA JADI IT 2\Documents\RafiChandra\Codeigniter4\bengkel-salsa-motor\app\Controllers\Users.php(66): CodeIgniter\HTTP\Response->setJSON(Array)
#4 C:\Users\AKU BANGGA JADI IT 2\Documents\RafiChandra\Codeigniter4\bengkel-salsa-motor\vendor\codeigniter4\framework\system\CodeIgniter.php(974): App\Controllers\Users->store()
#5 C:\Users\AKU BANGGA JADI IT 2\Documents\RafiChandra\Codeigniter4\bengkel-salsa-motor\vendor\codeigniter4\framework\system\CodeIgniter.php(520): CodeIgniter\CodeIgniter->runController(Object(App\Controllers\Users))
#6 C:\Users\AKU BANGGA JADI IT 2\Documents\RafiChandra\Codeigniter4\bengkel-salsa-motor\vendor\codeigniter4\framework\system\CodeIgniter.php(363): CodeIgniter\CodeIgniter->handleRequest(NULL, Object(Config\Cache), false)
#7 C:\Users\AKU BANGGA JADI IT 2\Documents\RafiChandra\Codeigniter4\bengkel-salsa-motor\vendor\codeigniter4\framework\system\Boot.php(417): CodeIgniter\CodeIgniter->run()
#8 C:\Users\AKU BANGGA JADI IT 2\Documents\RafiChandra\Codeigniter4\bengkel-salsa-motor\vendor\codeigniter4\framework\system\Boot.php(68): CodeIgniter\Boot::runCodeIgniter(Object(CodeIgniter\CodeIgniter))
#9 C:\Users\AKU BANGGA JADI IT 2\Documents\RafiChandra\Codeigniter4\bengkel-salsa-motor\public\index.php(56): CodeIgniter\Boot::bootWeb(Object(Config\Paths))
#10 C:\Users\AKU BANGGA JADI IT 2\Documents\RafiChandra\Codeigniter4\bengkel-salsa-motor\vendor\codeigniter4\framework\system\rewrite.php(44): require_once('C:\\Users\\AKU BA...')
#11 {main}
[Method: POST, Route: users/store]
in SYSTEMPATH\Format\JSONFormatter.php on line 44.
 1 [internal function]: CodeIgniter\Debug\Exceptions->shutdownHandler()
DEBUG - 2026-08-13 01:50:45 --> Session: Class initialized using 'CodeIgniter\Session\Handlers\FileHandler' driver.
CRITICAL - 2026-08-13 01:50:45 --> ErrorException: Undefined property: Config\Format::$jsonEncodeDepth
[Method: POST, Route: users/store]
in SYSTEMPATH\Format\JSONFormatter.php on line 44.
 1 SYSTEMPATH\Format\JSONFormatter.php(44): CodeIgniter\Debug\Exceptions->errorHandler(2, 'Undefined property: Config\\Format::$jsonEncodeDepth', 'C:\\Users\\AKU BANGGA JADI IT 2\\Documents\\RafiChandra\\Codeigniter4\\bengkel-salsa-motor\\vendor\\codeigniter4\\framework\\system\\Format\\JSONFormatter.php', 44)
 2 SYSTEMPATH\HTTP\ResponseTrait.php(252): CodeIgniter\Format\JSONFormatter->format([...])
 3 SYSTEMPATH\HTTP\ResponseTrait.php(178): CodeIgniter\HTTP\Response->formatBody([...], 'json')
 4 APPPATH\Controllers\Users.php(66): CodeIgniter\HTTP\Response->setJSON([...])
 5 SYSTEMPATH\CodeIgniter.php(974): App\Controllers\Users->store()
 6 SYSTEMPATH\CodeIgniter.php(520): CodeIgniter\CodeIgniter->runController(Object(App\Controllers\Users))
 7 SYSTEMPATH\CodeIgniter.php(363): CodeIgniter\CodeIgniter->handleRequest(null, Object(Config\Cache), false)
 8 SYSTEMPATH\Boot.php(417): CodeIgniter\CodeIgniter->run()
 9 SYSTEMPATH\Boot.php(68): CodeIgniter\Boot::runCodeIgniter(Object(CodeIgniter\CodeIgniter))
10 FCPATH\index.php(56): CodeIgniter\Boot::bootWeb(Object(Config\Paths))
11 SYSTEMPATH\rewrite.php(44): require_once('C:\\Users\\AKU BANGGA JADI IT 2\\Documents\\RafiChandra\\Codeigniter4\\bengkel-salsa-motor\\public\\index.php')
CRITICAL - 2026-08-13 01:50:45 --> ErrorException: Uncaught ErrorException: Undefined property: Config\Format::$jsonEncodeDepth in C:\Users\AKU BANGGA JADI IT 2\Documents\RafiChandra\Codeigniter4\bengkel-salsa-motor\vendor\codeigniter4\framework\system\Format\JSONFormatter.php:44
Stack trace:
#0 C:\Users\AKU BANGGA JADI IT 2\Documents\RafiChandra\Codeigniter4\bengkel-salsa-motor\vendor\codeigniter4\framework\system\Format\JSONFormatter.php(44): CodeIgniter\Debug\Exceptions->errorHandler(2, 'Undefined prope...', 'C:\\Users\\AKU BA...', 44)
#1 C:\Users\AKU BANGGA JADI IT 2\Documents\RafiChandra\Codeigniter4\bengkel-salsa-motor\vendor\codeigniter4\framework\system\API\ResponseTrait.php(352): CodeIgniter\Format\JSONFormatter->format(Array)
#2 C:\Users\AKU BANGGA JADI IT 2\Documents\RafiChandra\Codeigniter4\bengkel-salsa-motor\vendor\codeigniter4\framework\system\API\ResponseTrait.php(111): CodeIgniter\Debug\ExceptionHandler->format(Array)
#3 C:\Users\AKU BANGGA JADI IT 2\Documents\RafiChandra\Codeigniter4\bengkel-salsa-motor\vendor\codeigniter4\framework\system\Debug\ExceptionHandler.php(95): CodeIgniter\Debug\ExceptionHandler->respond(Array, 500)
#4 C:\Users\AKU BANGGA JADI IT 2\Documents\RafiChandra\Codeigniter4\bengkel-salsa-motor\vendor\codeigniter4\framework\system\Debug\Exceptions.php(151): CodeIgniter\Debug\ExceptionHandler->handle(Object(ErrorException), Object(CodeIgniter\HTTP\IncomingRequest), Object(CodeIgniter\HTTP\Response), 500, 1)
#5 [internal function]: CodeIgniter\Debug\Exceptions->exceptionHandler(Object(ErrorException))
#6 {main}
  thrown
【Previous Exception】
ErrorException
Undefined property: Config\Format::$jsonEncodeDepth
#0 C:\Users\AKU BANGGA JADI IT 2\Documents\RafiChandra\Codeigniter4\bengkel-salsa-motor\vendor\codeigniter4\framework\system\Format\JSONFormatter.php(44): CodeIgniter\Debug\Exceptions->errorHandler(2, 'Undefined prope...', 'C:\\Users\\AKU BA...', 44)
#1 C:\Users\AKU BANGGA JADI IT 2\Documents\RafiChandra\Codeigniter4\bengkel-salsa-motor\vendor\codeigniter4\framework\system\HTTP\ResponseTrait.php(252): CodeIgniter\Format\JSONFormatter->format(Array)
#2 C:\Users\AKU BANGGA JADI IT 2\Documents\RafiChandra\Codeigniter4\bengkel-salsa-motor\vendor\codeigniter4\framework\system\HTTP\ResponseTrait.php(178): CodeIgniter\HTTP\Response->formatBody(Array, 'json')
#3 C:\Users\AKU BANGGA JADI IT 2\Documents\RafiChandra\Codeigniter4\bengkel-salsa-motor\app\Controllers\Users.php(66): CodeIgniter\HTTP\Response->setJSON(Array)
#4 C:\Users\AKU BANGGA JADI IT 2\Documents\RafiChandra\Codeigniter4\bengkel-salsa-motor\vendor\codeigniter4\framework\system\CodeIgniter.php(974): App\Controllers\Users->store()
#5 C:\Users\AKU BANGGA JADI IT 2\Documents\RafiChandra\Codeigniter4\bengkel-salsa-motor\vendor\codeigniter4\framework\system\CodeIgniter.php(520): CodeIgniter\CodeIgniter->runController(Object(App\Controllers\Users))
#6 C:\Users\AKU BANGGA JADI IT 2\Documents\RafiChandra\Codeigniter4\bengkel-salsa-motor\vendor\codeigniter4\framework\system\CodeIgniter.php(363): CodeIgniter\CodeIgniter->handleRequest(NULL, Object(Config\Cache), false)
#7 C:\Users\AKU BANGGA JADI IT 2\Documents\RafiChandra\Codeigniter4\bengkel-salsa-motor\vendor\codeigniter4\framework\system\Boot.php(417): CodeIgniter\CodeIgniter->run()
#8 C:\Users\AKU BANGGA JADI IT 2\Documents\RafiChandra\Codeigniter4\bengkel-salsa-motor\vendor\codeigniter4\framework\system\Boot.php(68): CodeIgniter\Boot::runCodeIgniter(Object(CodeIgniter\CodeIgniter))
#9 C:\Users\AKU BANGGA JADI IT 2\Documents\RafiChandra\Codeigniter4\bengkel-salsa-motor\public\index.php(56): CodeIgniter\Boot::bootWeb(Object(Config\Paths))
#10 C:\Users\AKU BANGGA JADI IT 2\Documents\RafiChandra\Codeigniter4\bengkel-salsa-motor\vendor\codeigniter4\framework\system\rewrite.php(44): require_once('C:\\Users\\AKU BA...')
#11 {main}
[Method: POST, Route: users/store]
in SYSTEMPATH\Format\JSONFormatter.php on line 44.
 1 [internal function]: CodeIgniter\Debug\Exceptions->shutdownHandler()
DEBUG - 2026-08-13 01:50:57 --> Session: Class initialized using 'CodeIgniter\Session\Handlers\FileHandler' driver.
DEBUG - 2026-08-13 01:51:00 --> Session: Class initialized using 'CodeIgniter\Session\Handlers\FileHandler' driver.
DEBUG - 2026-08-13 01:51:00 --> Session: Class initialized using 'CodeIgniter\Session\Handlers\FileHandler' driver.
DEBUG - 2026-08-13 01:51:01 --> Session: Class initialized using 'CodeIgniter\Session\Handlers\FileHandler' driver.
DEBUG - 2026-08-13 01:51:02 --> Session: Class initialized using 'CodeIgniter\Session\Handlers\FileHandler' driver.
DEBUG - 2026-08-13 01:53:11 --> Session: Class initialized using 'CodeIgniter\Session\Handlers\FileHandler' driver.
DEBUG - 2026-08-13 01:53:14 --> Session: Class initialized using 'CodeIgniter\Session\Handlers\FileHandler' driver.
DEBUG - 2026-08-13 01:53:24 --> Session: Class initialized using 'CodeIgniter\Session\Handlers\FileHandler' driver.
DEBUG - 2026-08-13 01:53:25 --> Session: Class initialized using 'CodeIgniter\Session\Handlers\FileHandler' driver.
DEBUG - 2026-08-13 01:53:26 --> Session: Class initialized using 'CodeIgniter\Session\Handlers\FileHandler' driver.
DEBUG - 2026-08-13 01:53:26 --> Session: Class initialized using 'CodeIgniter\Session\Handlers\FileHandler' driver.
DEBUG - 2026-08-13 01:53:26 --> Session: Class initialized using 'CodeIgniter\Session\Handlers\FileHandler' driver.
DEBUG - 2026-08-13 01:53:27 --> Session: Class initialized using 'CodeIgniter\Session\Handlers\FileHandler' driver.
DEBUG - 2026-08-13 01:53:27 --> Session: Class initialized using 'CodeIgniter\Session\Handlers\FileHandler' driver.
DEBUG - 2026-08-13 01:53:27 --> Session: Class initialized using 'CodeIgniter\Session\Handlers\FileHandler' driver.
DEBUG - 2026-08-13 01:53:28 --> Session: Class initialized using 'CodeIgniter\Session\Handlers\FileHandler' driver.
DEBUG - 2026-08-13 01:53:28 --> Session: Class initialized using 'CodeIgniter\Session\Handlers\FileHandler' driver.
DEBUG - 2026-08-13 01:53:28 --> Session: Class initialized using 'CodeIgniter\Session\Handlers\FileHandler' driver.
DEBUG - 2026-08-13 01:53:29 --> Session: Class initialized using 'CodeIgniter\Session\Handlers\FileHandler' driver.
DEBUG - 2026-08-13 01:53:29 --> Session: Class initialized using 'CodeIgniter\Session\Handlers\FileHandler' driver.
DEBUG - 2026-08-13 01:53:31 --> Session: Class initialized using 'CodeIgniter\Session\Handlers\FileHandler' driver.
DEBUG - 2026-08-13 01:53:35 --> Session: Class initialized using 'CodeIgniter\Session\Handlers\FileHandler' driver.
DEBUG - 2026-08-13 01:54:57 --> Session: Class initialized using 'CodeIgniter\Session\Handlers\FileHandler' driver.
DEBUG - 2026-08-13 01:55:02 --> Session: Class initialized using 'CodeIgniter\Session\Handlers\FileHandler' driver.
DEBUG - 2026-08-13 01:55:02 --> Session: Class initialized using 'CodeIgniter\Session\Handlers\FileHandler' driver.
DEBUG - 2026-08-13 01:55:02 --> Session: Class initialized using 'CodeIgniter\Session\Handlers\FileHandler' driver.
DEBUG - 2026-08-13 01:55:05 --> Session: Class initialized using 'CodeIgniter\Session\Handlers\FileHandler' driver.
DEBUG - 2026-08-13 01:55:06 --> Session: Class initialized using 'CodeIgniter\Session\Handlers\FileHandler' driver.
DEBUG - 2026-08-13 01:55:09 --> Session: Class initialized using 'CodeIgniter\Session\Handlers\FileHandler' driver.
DEBUG - 2026-08-13 01:55:11 --> Session: Class initialized using 'CodeIgniter\Session\Handlers\FileHandler' driver.
DEBUG - 2026-08-13 01:56:19 --> Session: Class initialized using 'CodeIgniter\Session\Handlers\FileHandler' driver.
DEBUG - 2026-08-13 01:56:26 --> Session: Class initialized using 'CodeIgniter\Session\Handlers\FileHandler' driver.
DEBUG - 2026-08-13 01:56:37 --> Session: Class initialized using 'CodeIgniter\Session\Handlers\FileHandler' driver.
DEBUG - 2026-08-13 01:56:38 --> Session: Class initialized using 'CodeIgniter\Session\Handlers\FileHandler' driver.
DEBUG - 2026-08-13 01:56:40 --> Session: Class initialized using 'CodeIgniter\Session\Handlers\FileHandler' driver.
DEBUG - 2026-08-13 01:57:17 --> Session: Class initialized using 'CodeIgniter\Session\Handlers\FileHandler' driver.
DEBUG - 2026-08-13 03:12:07 --> Session: Class initialized using 'CodeIgniter\Session\Handlers\FileHandler' driver.
DEBUG - 2026-08-13 03:12:09 --> Session: Class initialized using 'CodeIgniter\Session\Handlers\FileHandler' driver.
DEBUG - 2026-08-13 03:12:13 --> Session: Class initialized using 'CodeIgniter\Session\Handlers\FileHandler' driver.
DEBUG - 2026-08-13 03:12:17 --> Session: Class initialized using 'CodeIgniter\Session\Handlers\FileHandler' driver.
DEBUG - 2026-08-13 03:16:52 --> Session: Class initialized using 'CodeIgniter\Session\Handlers\FileHandler' driver.
DEBUG - 2026-08-13 03:16:56 --> Session: Class initialized using 'CodeIgniter\Session\Handlers\FileHandler' driver.
DEBUG - 2026-08-13 03:16:57 --> Session: Class initialized using 'CodeIgniter\Session\Handlers\FileHandler' driver.
DEBUG - 2026-08-13 03:16:58 --> Session: Class initialized using 'CodeIgniter\Session\Handlers\FileHandler' driver.
DEBUG - 2026-08-13 03:17:11 --> Session: Class initialized using 'CodeIgniter\Session\Handlers\FileHandler' driver.
DEBUG - 2026-08-13 03:17:14 --> Session: Class initialized using 'CodeIgniter\Session\Handlers\FileHandler' driver.
DEBUG - 2026-08-13 03:17:50 --> Session: Class initialized using 'CodeIgniter\Session\Handlers\FileHandler' driver.
DEBUG - 2026-08-13 03:18:05 --> Session: Class initialized using 'CodeIgniter\Session\Handlers\FileHandler' driver.
DEBUG - 2026-08-13 03:18:59 --> Session: Class initialized using 'CodeIgniter\Session\Handlers\FileHandler' driver.
DEBUG - 2026-08-13 03:20:06 --> Session: Class initialized using 'CodeIgniter\Session\Handlers\FileHandler' driver.
DEBUG - 2026-08-13 03:20:07 --> Session: Class initialized using 'CodeIgniter\Session\Handlers\FileHandler' driver.
DEBUG - 2026-08-13 03:20:08 --> Session: Class initialized using 'CodeIgniter\Session\Handlers\FileHandler' driver.
DEBUG - 2026-08-13 03:21:36 --> Session: Class initialized using 'CodeIgniter\Session\Handlers\FileHandler' driver.
DEBUG - 2026-08-13 03:21:38 --> Session: Class initialized using 'CodeIgniter\Session\Handlers\FileHandler' driver.
DEBUG - 2026-08-13 03:21:39 --> Session: Class initialized using 'CodeIgniter\Session\Handlers\FileHandler' driver.
DEBUG - 2026-08-13 03:21:39 --> Session: Class initialized using 'CodeIgniter\Session\Handlers\FileHandler' driver.
DEBUG - 2026-08-13 03:21:49 --> Session: Class initialized using 'CodeIgniter\Session\Handlers\FileHandler' driver.
DEBUG - 2026-08-13 03:26:20 --> Session: Class initialized using 'CodeIgniter\Session\Handlers\FileHandler' driver.
DEBUG - 2026-08-13 03:26:21 --> Session: Class initialized using 'CodeIgniter\Session\Handlers\FileHandler' driver.
DEBUG - 2026-08-13 03:26:23 --> Session: Class initialized using 'CodeIgniter\Session\Handlers\FileHandler' driver.
DEBUG - 2026-08-13 03:26:24 --> Session: Class initialized using 'CodeIgniter\Session\Handlers\FileHandler' driver.
DEBUG - 2026-08-13 03:26:47 --> Session: Class initialized using 'CodeIgniter\Session\Handlers\FileHandler' driver.
DEBUG - 2026-08-13 03:26:49 --> Session: Class initialized using 'CodeIgniter\Session\Handlers\FileHandler' driver.
DEBUG - 2026-08-13 03:26:54 --> Session: Class initialized using 'CodeIgniter\Session\Handlers\FileHandler' driver.
DEBUG - 2026-08-13 03:26:56 --> Session: Class initialized using 'CodeIgniter\Session\Handlers\FileHandler' driver.
DEBUG - 2026-08-13 03:26:58 --> Session: Class initialized using 'CodeIgniter\Session\Handlers\FileHandler' driver.
DEBUG - 2026-08-13 03:26:59 --> Session: Class initialized using 'CodeIgniter\Session\Handlers\FileHandler' driver.
DEBUG - 2026-08-13 03:27:22 --> Session: Class initialized using 'CodeIgniter\Session\Handlers\FileHandler' driver.
DEBUG - 2026-08-13 03:27:25 --> Session: Class initialized using 'CodeIgniter\Session\Handlers\FileHandler' driver.
DEBUG - 2026-08-13 03:27:39 --> Session: Class initialized using 'CodeIgniter\Session\Handlers\FileHandler' driver.
DEBUG - 2026-08-13 03:27:48 --> Session: Class initialized using 'CodeIgniter\Session\Handlers\FileHandler' driver.
DEBUG - 2026-08-13 03:30:25 --> Session: Class initialized using 'CodeIgniter\Session\Handlers\FileHandler' driver.
DEBUG - 2026-08-13 03:30:34 --> Session: Class initialized using 'CodeIgniter\Session\Handlers\FileHandler' driver.
DEBUG - 2026-08-13 03:30:40 --> Session: Class initialized using 'CodeIgniter\Session\Handlers\FileHandler' driver.
DEBUG - 2026-08-13 03:30:50 --> Session: Class initialized using 'CodeIgniter\Session\Handlers\FileHandler' driver.
DEBUG - 2026-08-13 03:31:52 --> Session: Class initialized using 'CodeIgniter\Session\Handlers\FileHandler' driver.
DEBUG - 2026-08-13 03:32:57 --> Session: Class initialized using 'CodeIgniter\Session\Handlers\FileHandler' driver.
DEBUG - 2026-08-13 03:32:57 --> Session: Class initialized using 'CodeIgniter\Session\Handlers\FileHandler' driver.
DEBUG - 2026-08-13 03:34:08 --> Session: Class initialized using 'CodeIgniter\Session\Handlers\FileHandler' driver.
DEBUG - 2026-08-13 03:35:16 --> Session: Class initialized using 'CodeIgniter\Session\Handlers\FileHandler' driver.
DEBUG - 2026-08-13 03:35:51 --> Session: Class initialized using 'CodeIgniter\Session\Handlers\FileHandler' driver.
DEBUG - 2026-08-13 03:35:59 --> Session: Class initialized using 'CodeIgniter\Session\Handlers\FileHandler' driver.
DEBUG - 2026-08-13 03:36:12 --> Session: Class initialized using 'CodeIgniter\Session\Handlers\FileHandler' driver.
DEBUG - 2026-08-13 03:36:12 --> Session: Class initialized using 'CodeIgniter\Session\Handlers\FileHandler' driver.
DEBUG - 2026-08-13 03:36:26 --> Session: Class initialized using 'CodeIgniter\Session\Handlers\FileHandler' driver.
DEBUG - 2026-08-13 03:36:26 --> Session: Class initialized using 'CodeIgniter\Session\Handlers\FileHandler' driver.
DEBUG - 2026-08-13 03:36:40 --> Session: Class initialized using 'CodeIgniter\Session\Handlers\FileHandler' driver.
DEBUG - 2026-08-13 03:39:42 --> Session: Class initialized using 'CodeIgniter\Session\Handlers\FileHandler' driver.
WARNING - 2026-08-13 03:39:42 --> [DEPRECATED] Kint\Parser\Parser::__construct(): Implicitly marking parameter $caller as nullable is deprecated, the explicit nullable type must be used instead in VENDORPATH\kint-php\kint\src\Parser\Parser.php on line 75.
 1 VENDORPATH\composer\ClassLoader.php(576): include('C:\\Users\\AKU BANGGA JADI IT 2\\Documents\\RafiChandra\\Codeigniter4\\bengkel-salsa-motor\\vendor\\codeigniter4\\framework\\system\\Debug\\Exceptions.php')
 2 VENDORPATH\composer\ClassLoader.php(427): {closure:Composer\Autoload\ClassLoader::initializeIncludeClosure():575}('C:\\Users\\AKU BANGGA JADI IT 2\\Documents\\RafiChandra\\Codeigniter4\\bengkel-salsa-motor\\vendor\\composer/../kint-php/kint/src/Parser/Parser.php')
 3 VENDORPATH\kint-php\kint\src\Kint.php(345): Composer\Autoload\ClassLoader->loadClass('Kint\\Parser\\Parser')
 4 VENDORPATH\kint-php\kint\src\Kint.php(560): Kint\Kint::createFromStatics([...])
 5 SYSTEMPATH\Debug\Toolbar.php(112): Kint\Kint::dump([...])
 6 SYSTEMPATH\Debug\Toolbar.php(390): CodeIgniter\Debug\Toolbar->run(1786592382.495151, 0.11, Object(CodeIgniter\HTTP\IncomingRequest), Object(CodeIgniter\HTTP\Response))
 7 SYSTEMPATH\Filters\DebugToolbar.php(44): CodeIgniter\Debug\Toolbar->prepare(Object(CodeIgniter\HTTP\IncomingRequest), Object(CodeIgniter\HTTP\Response))
 8 SYSTEMPATH\Filters\Filters.php(278): CodeIgniter\Filters\DebugToolbar->after(Object(CodeIgniter\HTTP\IncomingRequest), Object(CodeIgniter\HTTP\Response), null)
 9 SYSTEMPATH\Filters\Filters.php(364): CodeIgniter\Filters\Filters->runAfter([...])
10 SYSTEMPATH\CodeIgniter.php(416): CodeIgniter\Filters\Filters->runRequired('after')
11 SYSTEMPATH\CodeIgniter.php(377): CodeIgniter\CodeIgniter->runRequiredAfterFilters(Object(CodeIgniter\Filters\Filters))
12 SYSTEMPATH\Boot.php(417): CodeIgniter\CodeIgniter->run()
13 SYSTEMPATH\Boot.php(68): CodeIgniter\Boot::runCodeIgniter(Object(CodeIgniter\CodeIgniter))
14 FCPATH\index.php(56): CodeIgniter\Boot::bootWeb(Object(Config\Paths))
15 SYSTEMPATH\rewrite.php(44): require_once('C:\\Users\\AKU BANGGA JADI IT 2\\Documents\\RafiChandra\\Codeigniter4\\bengkel-salsa-motor\\public\\index.php')
WARNING - 2026-08-13 03:39:42 --> [DEPRECATED] Kint\Parser\Parser::setCallerClass(): Implicitly marking parameter $caller as nullable is deprecated, the explicit nullable type must be used instead in VENDORPATH\kint-php\kint\src\Parser\Parser.php on line 86.
 1 VENDORPATH\composer\ClassLoader.php(576): include('C:\\Users\\AKU BANGGA JADI IT 2\\Documents\\RafiChandra\\Codeigniter4\\bengkel-salsa-motor\\vendor\\codeigniter4\\framework\\system\\Debug\\Exceptions.php')
 2 VENDORPATH\composer\ClassLoader.php(427): {closure:Composer\Autoload\ClassLoader::initializeIncludeClosure():575}('C:\\Users\\AKU BANGGA JADI IT 2\\Documents\\RafiChandra\\Codeigniter4\\bengkel-salsa-motor\\vendor\\composer/../kint-php/kint/src/Parser/Parser.php')
 3 VENDORPATH\kint-php\kint\src\Kint.php(345): Composer\Autoload\ClassLoader->loadClass('Kint\\Parser\\Parser')
 4 VENDORPATH\kint-php\kint\src\Kint.php(560): Kint\Kint::createFromStatics([...])
 5 SYSTEMPATH\Debug\Toolbar.php(112): Kint\Kint::dump([...])
 6 SYSTEMPATH\Debug\Toolbar.php(390): CodeIgniter\Debug\Toolbar->run(1786592382.495151, 0.11, Object(CodeIgniter\HTTP\IncomingRequest), Object(CodeIgniter\HTTP\Response))
 7 SYSTEMPATH\Filters\DebugToolbar.php(44): CodeIgniter\Debug\Toolbar->prepare(Object(CodeIgniter\HTTP\IncomingRequest), Object(CodeIgniter\HTTP\Response))
 8 SYSTEMPATH\Filters\Filters.php(278): CodeIgniter\Filters\DebugToolbar->after(Object(CodeIgniter\HTTP\IncomingRequest), Object(CodeIgniter\HTTP\Response), null)
 9 SYSTEMPATH\Filters\Filters.php(364): CodeIgniter\Filters\Filters->runAfter([...])
10 SYSTEMPATH\CodeIgniter.php(416): CodeIgniter\Filters\Filters->runRequired('after')
11 SYSTEMPATH\CodeIgniter.php(377): CodeIgniter\CodeIgniter->runRequiredAfterFilters(Object(CodeIgniter\Filters\Filters))
12 SYSTEMPATH\Boot.php(417): CodeIgniter\CodeIgniter->run()
13 SYSTEMPATH\Boot.php(68): CodeIgniter\Boot::runCodeIgniter(Object(CodeIgniter\CodeIgniter))
14 FCPATH\index.php(56): CodeIgniter\Boot::bootWeb(Object(Config\Paths))
15 SYSTEMPATH\rewrite.php(44): require_once('C:\\Users\\AKU BANGGA JADI IT 2\\Documents\\RafiChandra\\Codeigniter4\\bengkel-salsa-motor\\public\\index.php')
WARNING - 2026-08-13 03:39:42 --> [DEPRECATED] Kint\Zval\Value::addRepresentation(): Implicitly marking parameter $pos as nullable is deprecated, the explicit nullable type must be used instead in VENDORPATH\kint-php\kint\src\Zval\Value.php on line 65.
 1 VENDORPATH\composer\ClassLoader.php(576): include('C:\\Users\\AKU BANGGA JADI IT 2\\Documents\\RafiChandra\\Codeigniter4\\bengkel-salsa-motor\\vendor\\codeigniter4\\framework\\system\\Debug\\Exceptions.php')
 2 VENDORPATH\composer\ClassLoader.php(427): {closure:Composer\Autoload\ClassLoader::initializeIncludeClosure():575}('C:\\Users\\AKU BANGGA JADI IT 2\\Documents\\RafiChandra\\Codeigniter4\\bengkel-salsa-motor\\vendor\\composer/../kint-php/kint/src/Zval/Value.php')
 3 VENDORPATH\kint-php\kint\src\Kint.php(398): Composer\Autoload\ClassLoader->loadClass('Kint\\Zval\\Value')
 4 VENDORPATH\kint-php\kint\src\Kint.php(574): Kint\Kint::getBasesFromParamInfo([...], 1)
 5 SYSTEMPATH\Debug\Toolbar.php(112): Kint\Kint::dump([...])
 6 SYSTEMPATH\Debug\Toolbar.php(390): CodeIgniter\Debug\Toolbar->run(1786592382.495151, 0.11, Object(CodeIgniter\HTTP\IncomingRequest), Object(CodeIgniter\HTTP\Response))
 7 SYSTEMPATH\Filters\DebugToolbar.php(44): CodeIgniter\Debug\Toolbar->prepare(Object(CodeIgniter\HTTP\IncomingRequest), Object(CodeIgniter\HTTP\Response))
 8 SYSTEMPATH\Filters\Filters.php(278): CodeIgniter\Filters\DebugToolbar->after(Object(CodeIgniter\HTTP\IncomingRequest), Object(CodeIgniter\HTTP\Response), null)
 9 SYSTEMPATH\Filters\Filters.php(364): CodeIgniter\Filters\Filters->runAfter([...])
10 SYSTEMPATH\CodeIgniter.php(416): CodeIgniter\Filters\Filters->runRequired('after')
11 SYSTEMPATH\CodeIgniter.php(377): CodeIgniter\CodeIgniter->runRequiredAfterFilters(Object(CodeIgniter\Filters\Filters))
12 SYSTEMPATH\Boot.php(417): CodeIgniter\CodeIgniter->run()
13 SYSTEMPATH\Boot.php(68): CodeIgniter\Boot::runCodeIgniter(Object(CodeIgniter\CodeIgniter))
14 FCPATH\index.php(56): CodeIgniter\Boot::bootWeb(Object(Config\Paths))
15 SYSTEMPATH\rewrite.php(44): require_once('C:\\Users\\AKU BANGGA JADI IT 2\\Documents\\RafiChandra\\Codeigniter4\\bengkel-salsa-motor\\public\\index.php')
WARNING - 2026-08-13 03:39:42 --> [DEPRECATED] Kint\Zval\Value::replaceRepresentation(): Implicitly marking parameter $pos as nullable is deprecated, the explicit nullable type must be used instead in VENDORPATH\kint-php\kint\src\Zval\Value.php on line 84.
 1 VENDORPATH\composer\ClassLoader.php(576): include('C:\\Users\\AKU BANGGA JADI IT 2\\Documents\\RafiChandra\\Codeigniter4\\bengkel-salsa-motor\\vendor\\codeigniter4\\framework\\system\\Debug\\Exceptions.php')
 2 VENDORPATH\composer\ClassLoader.php(427): {closure:Composer\Autoload\ClassLoader::initializeIncludeClosure():575}('C:\\Users\\AKU BANGGA JADI IT 2\\Documents\\RafiChandra\\Codeigniter4\\bengkel-salsa-motor\\vendor\\composer/../kint-php/kint/src/Zval/Value.php')
 3 VENDORPATH\kint-php\kint\src\Kint.php(398): Composer\Autoload\ClassLoader->loadClass('Kint\\Zval\\Value')
 4 VENDORPATH\kint-php\kint\src\Kint.php(574): Kint\Kint::getBasesFromParamInfo([...], 1)
 5 SYSTEMPATH\Debug\Toolbar.php(112): Kint\Kint::dump([...])
 6 SYSTEMPATH\Debug\Toolbar.php(390): CodeIgniter\Debug\Toolbar->run(1786592382.495151, 0.11, Object(CodeIgniter\HTTP\IncomingRequest), Object(CodeIgniter\HTTP\Response))
 7 SYSTEMPATH\Filters\DebugToolbar.php(44): CodeIgniter\Debug\Toolbar->prepare(Object(CodeIgniter\HTTP\IncomingRequest), Object(CodeIgniter\HTTP\Response))
 8 SYSTEMPATH\Filters\Filters.php(278): CodeIgniter\Filters\DebugToolbar->after(Object(CodeIgniter\HTTP\IncomingRequest), Object(CodeIgniter\HTTP\Response), null)
 9 SYSTEMPATH\Filters\Filters.php(364): CodeIgniter\Filters\Filters->runAfter([...])
10 SYSTEMPATH\CodeIgniter.php(416): CodeIgniter\Filters\Filters->runRequired('after')
11 SYSTEMPATH\CodeIgniter.php(377): CodeIgniter\CodeIgniter->runRequiredAfterFilters(Object(CodeIgniter\Filters\Filters))
12 SYSTEMPATH\Boot.php(417): CodeIgniter\CodeIgniter->run()
13 SYSTEMPATH\Boot.php(68): CodeIgniter\Boot::runCodeIgniter(Object(CodeIgniter\CodeIgniter))
14 FCPATH\index.php(56): CodeIgniter\Boot::bootWeb(Object(Config\Paths))
15 SYSTEMPATH\rewrite.php(44): require_once('C:\\Users\\AKU BANGGA JADI IT 2\\Documents\\RafiChandra\\Codeigniter4\\bengkel-salsa-motor\\public\\index.php')
WARNING - 2026-08-13 03:39:42 --> [DEPRECATED] Kint\Zval\Value::blank(): Implicitly marking parameter $name as nullable is deprecated, the explicit nullable type must be used instead in VENDORPATH\kint-php\kint\src\Zval\Value.php on line 237.
 1 VENDORPATH\composer\ClassLoader.php(576): include('C:\\Users\\AKU BANGGA JADI IT 2\\Documents\\RafiChandra\\Codeigniter4\\bengkel-salsa-motor\\vendor\\codeigniter4\\framework\\system\\Debug\\Exceptions.php')
 2 VENDORPATH\composer\ClassLoader.php(427): {closure:Composer\Autoload\ClassLoader::initializeIncludeClosure():575}('C:\\Users\\AKU BANGGA JADI IT 2\\Documents\\RafiChandra\\Codeigniter4\\bengkel-salsa-motor\\vendor\\composer/../kint-php/kint/src/Zval/Value.php')
 3 VENDORPATH\kint-php\kint\src\Kint.php(398): Composer\Autoload\ClassLoader->loadClass('Kint\\Zval\\Value')
 4 VENDORPATH\kint-php\kint\src\Kint.php(574): Kint\Kint::getBasesFromParamInfo([...], 1)
 5 SYSTEMPATH\Debug\Toolbar.php(112): Kint\Kint::dump([...])
 6 SYSTEMPATH\Debug\Toolbar.php(390): CodeIgniter\Debug\Toolbar->run(1786592382.495151, 0.11, Object(CodeIgniter\HTTP\IncomingRequest), Object(CodeIgniter\HTTP\Response))
 7 SYSTEMPATH\Filters\DebugToolbar.php(44): CodeIgniter\Debug\Toolbar->prepare(Object(CodeIgniter\HTTP\IncomingRequest), Object(CodeIgniter\HTTP\Response))
 8 SYSTEMPATH\Filters\Filters.php(278): CodeIgniter\Filters\DebugToolbar->after(Object(CodeIgniter\HTTP\IncomingRequest), Object(CodeIgniter\HTTP\Response), null)
 9 SYSTEMPATH\Filters\Filters.php(364): CodeIgniter\Filters\Filters->runAfter([...])
10 SYSTEMPATH\CodeIgniter.php(416): CodeIgniter\Filters\Filters->runRequired('after')
11 SYSTEMPATH\CodeIgniter.php(377): CodeIgniter\CodeIgniter->runRequiredAfterFilters(Object(CodeIgniter\Filters\Filters))
12 SYSTEMPATH\Boot.php(417): CodeIgniter\CodeIgniter->run()
13 SYSTEMPATH\Boot.php(68): CodeIgniter\Boot::runCodeIgniter(Object(CodeIgniter\CodeIgniter))
14 FCPATH\index.php(56): CodeIgniter\Boot::bootWeb(Object(Config\Paths))
15 SYSTEMPATH\rewrite.php(44): require_once('C:\\Users\\AKU BANGGA JADI IT 2\\Documents\\RafiChandra\\Codeigniter4\\bengkel-salsa-motor\\public\\index.php')
WARNING - 2026-08-13 03:39:42 --> [DEPRECATED] Kint\Zval\Value::blank(): Implicitly marking parameter $access_path as nullable is deprecated, the explicit nullable type must be used instead in VENDORPATH\kint-php\kint\src\Zval\Value.php on line 237.
 1 VENDORPATH\composer\ClassLoader.php(576): include('C:\\Users\\AKU BANGGA JADI IT 2\\Documents\\RafiChandra\\Codeigniter4\\bengkel-salsa-motor\\vendor\\codeigniter4\\framework\\system\\Debug\\Exceptions.php')
 2 VENDORPATH\composer\ClassLoader.php(427): {closure:Composer\Autoload\ClassLoader::initializeIncludeClosure():575}('C:\\Users\\AKU BANGGA JADI IT 2\\Documents\\RafiChandra\\Codeigniter4\\bengkel-salsa-motor\\vendor\\composer/../kint-php/kint/src/Zval/Value.php')
 3 VENDORPATH\kint-php\kint\src\Kint.php(398): Composer\Autoload\ClassLoader->loadClass('Kint\\Zval\\Value')
 4 VENDORPATH\kint-php\kint\src\Kint.php(574): Kint\Kint::getBasesFromParamInfo([...], 1)
 5 SYSTEMPATH\Debug\Toolbar.php(112): Kint\Kint::dump([...])
 6 SYSTEMPATH\Debug\Toolbar.php(390): CodeIgniter\Debug\Toolbar->run(1786592382.495151, 0.11, Object(CodeIgniter\HTTP\IncomingRequest), Object(CodeIgniter\HTTP\Response))
 7 SYSTEMPATH\Filters\DebugToolbar.php(44): CodeIgniter\Debug\Toolbar->prepare(Object(CodeIgniter\HTTP\IncomingRequest), Object(CodeIgniter\HTTP\Response))
 8 SYSTEMPATH\Filters\Filters.php(278): CodeIgniter\Filters\DebugToolbar->after(Object(CodeIgniter\HTTP\IncomingRequest), Object(CodeIgniter\HTTP\Response), null)
 9 SYSTEMPATH\Filters\Filters.php(364): CodeIgniter\Filters\Filters->runAfter([...])
10 SYSTEMPATH\CodeIgniter.php(416): CodeIgniter\Filters\Filters->runRequired('after')
11 SYSTEMPATH\CodeIgniter.php(377): CodeIgniter\CodeIgniter->runRequiredAfterFilters(Object(CodeIgniter\Filters\Filters))
12 SYSTEMPATH\Boot.php(417): CodeIgniter\CodeIgniter->run()
13 SYSTEMPATH\Boot.php(68): CodeIgniter\Boot::runCodeIgniter(Object(CodeIgniter\CodeIgniter))
14 FCPATH\index.php(56): CodeIgniter\Boot::bootWeb(Object(Config\Paths))
15 SYSTEMPATH\rewrite.php(44): require_once('C:\\Users\\AKU BANGGA JADI IT 2\\Documents\\RafiChandra\\Codeigniter4\\bengkel-salsa-motor\\public\\index.php')
WARNING - 2026-08-13 03:39:42 --> [DEPRECATED] Kint\Zval\Representation\Representation::__construct(): Implicitly marking parameter $name as nullable is deprecated, the explicit nullable type must be used instead in VENDORPATH\kint-php\kint\src\Zval\Representation\Representation.php on line 39.
 1 VENDORPATH\composer\ClassLoader.php(576): include('C:\\Users\\AKU BANGGA JADI IT 2\\Documents\\RafiChandra\\Codeigniter4\\bengkel-salsa-motor\\vendor\\codeigniter4\\framework\\system\\Debug\\Exceptions.php')
 2 VENDORPATH\composer\ClassLoader.php(427): {closure:Composer\Autoload\ClassLoader::initializeIncludeClosure():575}('C:\\Users\\AKU BANGGA JADI IT 2\\Documents\\RafiChandra\\Codeigniter4\\bengkel-salsa-motor\\vendor\\composer/../kint-php/kint/src/Zval/Representation/Representation.php')
 3 VENDORPATH\kint-php\kint\src\Parser\Parser.php(323): Composer\Autoload\ClassLoader->loadClass('Kint\\Zval\\Representation\\Representation')
 4 VENDORPATH\kint-php\kint\src\Parser\Parser.php(131): Kint\Parser\Parser->parseArray([...], Object(Kint\Zval\Value))
 5 VENDORPATH\kint-php\kint\src\Kint.php(285): Kint\Parser\Parser->parse([...], Object(Kint\Zval\Value))
 6 VENDORPATH\kint-php\kint\src\Kint.php(268): Kint\Kint->dumpVar([...], Object(Kint\Zval\Value))
 7 VENDORPATH\kint-php\kint\src\Kint.php(575): Kint\Kint->dumpAll([...], [...])
 8 SYSTEMPATH\Debug\Toolbar.php(112): Kint\Kint::dump([...])
 9 SYSTEMPATH\Debug\Toolbar.php(390): CodeIgniter\Debug\Toolbar->run(1786592382.495151, 0.11, Object(CodeIgniter\HTTP\IncomingRequest), Object(CodeIgniter\HTTP\Response))
10 SYSTEMPATH\Filters\DebugToolbar.php(44): CodeIgniter\Debug\Toolbar->prepare(Object(CodeIgniter\HTTP\IncomingRequest), Object(CodeIgniter\HTTP\Response))
11 SYSTEMPATH\Filters\Filters.php(278): CodeIgniter\Filters\DebugToolbar->after(Object(CodeIgniter\HTTP\IncomingRequest), Object(CodeIgniter\HTTP\Response), null)
12 SYSTEMPATH\Filters\Filters.php(364): CodeIgniter\Filters\Filters->runAfter([...])
13 SYSTEMPATH\CodeIgniter.php(416): CodeIgniter\Filters\Filters->runRequired('after')
14 SYSTEMPATH\CodeIgniter.php(377): CodeIgniter\CodeIgniter->runRequiredAfterFilters(Object(CodeIgniter\Filters\Filters))
15 SYSTEMPATH\Boot.php(417): CodeIgniter\CodeIgniter->run()
16 SYSTEMPATH\Boot.php(68): CodeIgniter\Boot::runCodeIgniter(Object(CodeIgniter\CodeIgniter))
17 FCPATH\index.php(56): CodeIgniter\Boot::bootWeb(Object(Config\Paths))
18 SYSTEMPATH\rewrite.php(44): require_once('C:\\Users\\AKU BANGGA JADI IT 2\\Documents\\RafiChandra\\Codeigniter4\\bengkel-salsa-motor\\public\\index.php')
WARNING - 2026-08-13 03:39:42 --> [DEPRECATED] Kint\Zval\BlobValue::substr(): Implicitly marking parameter $length as nullable is deprecated, the explicit nullable type must be used instead in VENDORPATH\kint-php\kint\src\Zval\BlobValue.php on line 144.
 1 VENDORPATH\composer\ClassLoader.php(576): include('C:\\Users\\AKU BANGGA JADI IT 2\\Documents\\RafiChandra\\Codeigniter4\\bengkel-salsa-motor\\vendor\\codeigniter4\\framework\\system\\Debug\\Exceptions.php')
 2 VENDORPATH\composer\ClassLoader.php(427): {closure:Composer\Autoload\ClassLoader::initializeIncludeClosure():575}('C:\\Users\\AKU BANGGA JADI IT 2\\Documents\\RafiChandra\\Codeigniter4\\bengkel-salsa-motor\\vendor\\composer/../kint-php/kint/src/Zval/BlobValue.php')
 3 VENDORPATH\kint-php\kint\src\Parser\Parser.php(285): Composer\Autoload\ClassLoader->loadClass('Kint\\Zval\\BlobValue')
 4 VENDORPATH\kint-php\kint\src\Parser\Parser.php(142): Kint\Parser\Parser->parseString('5', Object(Kint\Zval\Value))
 5 VENDORPATH\kint-php\kint\src\Parser\Parser.php(387): Kint\Parser\Parser->parse('5', Object(Kint\Zval\Value))
 6 VENDORPATH\kint-php\kint\src\Parser\Parser.php(131): Kint\Parser\Parser->parseArray([...], Object(Kint\Zval\Value))
 7 VENDORPATH\kint-php\kint\src\Parser\Parser.php(387): Kint\Parser\Parser->parse([...], Object(Kint\Zval\Value))
 8 VENDORPATH\kint-php\kint\src\Parser\Parser.php(131): Kint\Parser\Parser->parseArray([...], Object(Kint\Zval\Value))
 9 VENDORPATH\kint-php\kint\src\Kint.php(285): Kint\Parser\Parser->parse([...], Object(Kint\Zval\Value))
10 VENDORPATH\kint-php\kint\src\Kint.php(268): Kint\Kint->dumpVar([...], Object(Kint\Zval\Value))
11 VENDORPATH\kint-php\kint\src\Kint.php(575): Kint\Kint->dumpAll([...], [...])
12 SYSTEMPATH\Debug\Toolbar.php(112): Kint\Kint::dump([...])
13 SYSTEMPATH\Debug\Toolbar.php(390): CodeIgniter\Debug\Toolbar->run(1786592382.495151, 0.11, Object(CodeIgniter\HTTP\IncomingRequest), Object(CodeIgniter\HTTP\Response))
14 SYSTEMPATH\Filters\DebugToolbar.php(44): CodeIgniter\Debug\Toolbar->prepare(Object(CodeIgniter\HTTP\IncomingRequest), Object(CodeIgniter\HTTP\Response))
15 SYSTEMPATH\Filters\Filters.php(278): CodeIgniter\Filters\DebugToolbar->after(Object(CodeIgniter\HTTP\IncomingRequest), Object(CodeIgniter\HTTP\Response), null)
16 SYSTEMPATH\Filters\Filters.php(364): CodeIgniter\Filters\Filters->runAfter([...])
17 SYSTEMPATH\CodeIgniter.php(416): CodeIgniter\Filters\Filters->runRequired('after')
18 SYSTEMPATH\CodeIgniter.php(377): CodeIgniter\CodeIgniter->runRequiredAfterFilters(Object(CodeIgniter\Filters\Filters))
19 SYSTEMPATH\Boot.php(417): CodeIgniter\CodeIgniter->run()
20 SYSTEMPATH\Boot.php(68): CodeIgniter\Boot::runCodeIgniter(Object(CodeIgniter\CodeIgniter))
21 FCPATH\index.php(56): CodeIgniter\Boot::bootWeb(Object(Config\Paths))
22 SYSTEMPATH\rewrite.php(44): require_once('C:\\Users\\AKU BANGGA JADI IT 2\\Documents\\RafiChandra\\Codeigniter4\\bengkel-salsa-motor\\public\\index.php')
WARNING - 2026-08-13 03:39:42 --> [DEPRECATED] Kint\Zval\Representation\ColorRepresentation::getColor(): Implicitly marking parameter $variant as nullable is deprecated, the explicit nullable type must be used instead in VENDORPATH\kint-php\kint\src\Zval\Representation\ColorRepresentation.php on line 214.
 1 VENDORPATH\composer\ClassLoader.php(576): include('C:\\Users\\AKU BANGGA JADI IT 2\\Documents\\RafiChandra\\Codeigniter4\\bengkel-salsa-motor\\vendor\\codeigniter4\\framework\\system\\Debug\\Exceptions.php')
 2 VENDORPATH\composer\ClassLoader.php(427): {closure:Composer\Autoload\ClassLoader::initializeIncludeClosure():575}('C:\\Users\\AKU BANGGA JADI IT 2\\Documents\\RafiChandra\\Codeigniter4\\bengkel-salsa-motor\\vendor\\composer/../kint-php/kint/src/Zval/Representation/ColorRepresentation.php')
 3 VENDORPATH\kint-php\kint\src\Parser\ColorPlugin.php(53): Composer\Autoload\ClassLoader->loadClass('Kint\\Zval\\Representation\\ColorRepresentation')
 4 VENDORPATH\kint-php\kint\src\Parser\Parser.php(636): Kint\Parser\ColorPlugin->parse('5', Object(Kint\Zval\BlobValue), 2)
 5 VENDORPATH\kint-php\kint\src\Parser\Parser.php(297): Kint\Parser\Parser->applyPlugins('5', Object(Kint\Zval\BlobValue), 2)
 6 VENDORPATH\kint-php\kint\src\Parser\Parser.php(142): Kint\Parser\Parser->parseString('5', Object(Kint\Zval\Value))
 7 VENDORPATH\kint-php\kint\src\Parser\Parser.php(387): Kint\Parser\Parser->parse('5', Object(Kint\Zval\Value))
 8 VENDORPATH\kint-php\kint\src\Parser\Parser.php(131): Kint\Parser\Parser->parseArray([...], Object(Kint\Zval\Value))
 9 VENDORPATH\kint-php\kint\src\Parser\Parser.php(387): Kint\Parser\Parser->parse([...], Object(Kint\Zval\Value))
10 VENDORPATH\kint-php\kint\src\Parser\Parser.php(131): Kint\Parser\Parser->parseArray([...], Object(Kint\Zval\Value))
11 VENDORPATH\kint-php\kint\src\Kint.php(285): Kint\Parser\Parser->parse([...], Object(Kint\Zval\Value))
12 VENDORPATH\kint-php\kint\src\Kint.php(268): Kint\Kint->dumpVar([...], Object(Kint\Zval\Value))
13 VENDORPATH\kint-php\kint\src\Kint.php(575): Kint\Kint->dumpAll([...], [...])
14 SYSTEMPATH\Debug\Toolbar.php(112): Kint\Kint::dump([...])
15 SYSTEMPATH\Debug\Toolbar.php(390): CodeIgniter\Debug\Toolbar->run(1786592382.495151, 0.11, Object(CodeIgniter\HTTP\IncomingRequest), Object(CodeIgniter\HTTP\Response))
16 SYSTEMPATH\Filters\DebugToolbar.php(44): CodeIgniter\Debug\Toolbar->prepare(Object(CodeIgniter\HTTP\IncomingRequest), Object(CodeIgniter\HTTP\Response))
17 SYSTEMPATH\Filters\Filters.php(278): CodeIgniter\Filters\DebugToolbar->after(Object(CodeIgniter\HTTP\IncomingRequest), Object(CodeIgniter\HTTP\Response), null)
18 SYSTEMPATH\Filters\Filters.php(364): CodeIgniter\Filters\Filters->runAfter([...])
19 SYSTEMPATH\CodeIgniter.php(416): CodeIgniter\Filters\Filters->runRequired('after')
20 SYSTEMPATH\CodeIgniter.php(377): CodeIgniter\CodeIgniter->runRequiredAfterFilters(Object(CodeIgniter\Filters\Filters))
21 SYSTEMPATH\Boot.php(417): CodeIgniter\CodeIgniter->run()
22 SYSTEMPATH\Boot.php(68): CodeIgniter\Boot::runCodeIgniter(Object(CodeIgniter\CodeIgniter))
23 FCPATH\index.php(56): CodeIgniter\Boot::bootWeb(Object(Config\Paths))
24 SYSTEMPATH\rewrite.php(44): require_once('C:\\Users\\AKU BANGGA JADI IT 2\\Documents\\RafiChandra\\Codeigniter4\\bengkel-salsa-motor\\public\\index.php')
WARNING - 2026-08-13 03:39:42 --> [DEPRECATED] Kint\Zval\Representation\ColorRepresentation::hasAlpha(): Implicitly marking parameter $variant as nullable is deprecated, the explicit nullable type must be used instead in VENDORPATH\kint-php\kint\src\Zval\Representation\ColorRepresentation.php on line 278.
 1 VENDORPATH\composer\ClassLoader.php(576): include('C:\\Users\\AKU BANGGA JADI IT 2\\Documents\\RafiChandra\\Codeigniter4\\bengkel-salsa-motor\\vendor\\codeigniter4\\framework\\system\\Debug\\Exceptions.php')
 2 VENDORPATH\composer\ClassLoader.php(427): {closure:Composer\Autoload\ClassLoader::initializeIncludeClosure():575}('C:\\Users\\AKU BANGGA JADI IT 2\\Documents\\RafiChandra\\Codeigniter4\\bengkel-salsa-motor\\vendor\\composer/../kint-php/kint/src/Zval/Representation/ColorRepresentation.php')
 3 VENDORPATH\kint-php\kint\src\Parser\ColorPlugin.php(53): Composer\Autoload\ClassLoader->loadClass('Kint\\Zval\\Representation\\ColorRepresentation')
 4 VENDORPATH\kint-php\kint\src\Parser\Parser.php(636): Kint\Parser\ColorPlugin->parse('5', Object(Kint\Zval\BlobValue), 2)
 5 VENDORPATH\kint-php\kint\src\Parser\Parser.php(297): Kint\Parser\Parser->applyPlugins('5', Object(Kint\Zval\BlobValue), 2)
 6 VENDORPATH\kint-php\kint\src\Parser\Parser.php(142): Kint\Parser\Parser->parseString('5', Object(Kint\Zval\Value))
 7 VENDORPATH\kint-php\kint\src\Parser\Parser.php(387): Kint\Parser\Parser->parse('5', Object(Kint\Zval\Value))
 8 VENDORPATH\kint-php\kint\src\Parser\Parser.php(131): Kint\Parser\Parser->parseArray([...], Object(Kint\Zval\Value))
 9 VENDORPATH\kint-php\kint\src\Parser\Parser.php(387): Kint\Parser\Parser->parse([...], Object(Kint\Zval\Value))
10 VENDORPATH\kint-php\kint\src\Parser\Parser.php(131): Kint\Parser\Parser->parseArray([...], Object(Kint\Zval\Value))
11 VENDORPATH\kint-php\kint\src\Kint.php(285): Kint\Parser\Parser->parse([...], Object(Kint\Zval\Value))
12 VENDORPATH\kint-php\kint\src\Kint.php(268): Kint\Kint->dumpVar([...], Object(Kint\Zval\Value))
13 VENDORPATH\kint-php\kint\src\Kint.php(575): Kint\Kint->dumpAll([...], [...])
14 SYSTEMPATH\Debug\Toolbar.php(112): Kint\Kint::dump([...])
15 SYSTEMPATH\Debug\Toolbar.php(390): CodeIgniter\Debug\Toolbar->run(1786592382.495151, 0.11, Object(CodeIgniter\HTTP\IncomingRequest), Object(CodeIgniter\HTTP\Response))
16 SYSTEMPATH\Filters\DebugToolbar.php(44): CodeIgniter\Debug\Toolbar->prepare(Object(CodeIgniter\HTTP\IncomingRequest), Object(CodeIgniter\HTTP\Response))
17 SYSTEMPATH\Filters\Filters.php(278): CodeIgniter\Filters\DebugToolbar->after(Object(CodeIgniter\HTTP\IncomingRequest), Object(CodeIgniter\HTTP\Response), null)
18 SYSTEMPATH\Filters\Filters.php(364): CodeIgniter\Filters\Filters->runAfter([...])
19 SYSTEMPATH\CodeIgniter.php(416): CodeIgniter\Filters\Filters->runRequired('after')
20 SYSTEMPATH\CodeIgniter.php(377): CodeIgniter\CodeIgniter->runRequiredAfterFilters(Object(CodeIgniter\Filters\Filters))
21 SYSTEMPATH\Boot.php(417): CodeIgniter\CodeIgniter->run()
22 SYSTEMPATH\Boot.php(68): CodeIgniter\Boot::runCodeIgniter(Object(CodeIgniter\CodeIgniter))
23 FCPATH\index.php(56): CodeIgniter\Boot::bootWeb(Object(Config\Paths))
24 SYSTEMPATH\rewrite.php(44): require_once('C:\\Users\\AKU BANGGA JADI IT 2\\Documents\\RafiChandra\\Codeigniter4\\bengkel-salsa-motor\\public\\index.php')
DEBUG - 2026-08-13 03:41:55 --> Session: Class initialized using 'CodeIgniter\Session\Handlers\FileHandler' driver.
WARNING - 2026-08-13 03:41:55 --> [DEPRECATED] Kint\Parser\Parser::__construct(): Implicitly marking parameter $caller as nullable is deprecated, the explicit nullable type must be used instead in VENDORPATH\kint-php\kint\src\Parser\Parser.php on line 75.
 1 VENDORPATH\composer\ClassLoader.php(576): include('C:\\Users\\AKU BANGGA JADI IT 2\\Documents\\RafiChandra\\Codeigniter4\\bengkel-salsa-motor\\vendor\\codeigniter4\\framework\\system\\Debug\\Exceptions.php')
 2 VENDORPATH\composer\ClassLoader.php(427): {closure:Composer\Autoload\ClassLoader::initializeIncludeClosure():575}('C:\\Users\\AKU BANGGA JADI IT 2\\Documents\\RafiChandra\\Codeigniter4\\bengkel-salsa-motor\\vendor\\composer/../kint-php/kint/src/Parser/Parser.php')
 3 VENDORPATH\kint-php\kint\src\Kint.php(345): Composer\Autoload\ClassLoader->loadClass('Kint\\Parser\\Parser')
 4 VENDORPATH\kint-php\kint\src\Kint.php(560): Kint\Kint::createFromStatics([...])
 5 SYSTEMPATH\Debug\Toolbar.php(112): Kint\Kint::dump([...])
 6 SYSTEMPATH\Debug\Toolbar.php(390): CodeIgniter\Debug\Toolbar->run(1786592515.462246, 0.0658, Object(CodeIgniter\HTTP\IncomingRequest), Object(CodeIgniter\HTTP\Response))
 7 SYSTEMPATH\Filters\DebugToolbar.php(44): CodeIgniter\Debug\Toolbar->prepare(Object(CodeIgniter\HTTP\IncomingRequest), Object(CodeIgniter\HTTP\Response))
 8 SYSTEMPATH\Filters\Filters.php(278): CodeIgniter\Filters\DebugToolbar->after(Object(CodeIgniter\HTTP\IncomingRequest), Object(CodeIgniter\HTTP\Response), null)
 9 SYSTEMPATH\Filters\Filters.php(364): CodeIgniter\Filters\Filters->runAfter([...])
10 SYSTEMPATH\CodeIgniter.php(416): CodeIgniter\Filters\Filters->runRequired('after')
11 SYSTEMPATH\CodeIgniter.php(377): CodeIgniter\CodeIgniter->runRequiredAfterFilters(Object(CodeIgniter\Filters\Filters))
12 SYSTEMPATH\Boot.php(417): CodeIgniter\CodeIgniter->run()
13 SYSTEMPATH\Boot.php(68): CodeIgniter\Boot::runCodeIgniter(Object(CodeIgniter\CodeIgniter))
14 FCPATH\index.php(56): CodeIgniter\Boot::bootWeb(Object(Config\Paths))
15 SYSTEMPATH\rewrite.php(44): require_once('C:\\Users\\AKU BANGGA JADI IT 2\\Documents\\RafiChandra\\Codeigniter4\\bengkel-salsa-motor\\public\\index.php')
WARNING - 2026-08-13 03:41:55 --> [DEPRECATED] Kint\Parser\Parser::setCallerClass(): Implicitly marking parameter $caller as nullable is deprecated, the explicit nullable type must be used instead in VENDORPATH\kint-php\kint\src\Parser\Parser.php on line 86.
 1 VENDORPATH\composer\ClassLoader.php(576): include('C:\\Users\\AKU BANGGA JADI IT 2\\Documents\\RafiChandra\\Codeigniter4\\bengkel-salsa-motor\\vendor\\codeigniter4\\framework\\system\\Debug\\Exceptions.php')
 2 VENDORPATH\composer\ClassLoader.php(427): {closure:Composer\Autoload\ClassLoader::initializeIncludeClosure():575}('C:\\Users\\AKU BANGGA JADI IT 2\\Documents\\RafiChandra\\Codeigniter4\\bengkel-salsa-motor\\vendor\\composer/../kint-php/kint/src/Parser/Parser.php')
 3 VENDORPATH\kint-php\kint\src\Kint.php(345): Composer\Autoload\ClassLoader->loadClass('Kint\\Parser\\Parser')
 4 VENDORPATH\kint-php\kint\src\Kint.php(560): Kint\Kint::createFromStatics([...])
 5 SYSTEMPATH\Debug\Toolbar.php(112): Kint\Kint::dump([...])
 6 SYSTEMPATH\Debug\Toolbar.php(390): CodeIgniter\Debug\Toolbar->run(1786592515.462246, 0.0658, Object(CodeIgniter\HTTP\IncomingRequest), Object(CodeIgniter\HTTP\Response))
 7 SYSTEMPATH\Filters\DebugToolbar.php(44): CodeIgniter\Debug\Toolbar->prepare(Object(CodeIgniter\HTTP\IncomingRequest), Object(CodeIgniter\HTTP\Response))
 8 SYSTEMPATH\Filters\Filters.php(278): CodeIgniter\Filters\DebugToolbar->after(Object(CodeIgniter\HTTP\IncomingRequest), Object(CodeIgniter\HTTP\Response), null)
 9 SYSTEMPATH\Filters\Filters.php(364): CodeIgniter\Filters\Filters->runAfter([...])
10 SYSTEMPATH\CodeIgniter.php(416): CodeIgniter\Filters\Filters->runRequired('after')
11 SYSTEMPATH\CodeIgniter.php(377): CodeIgniter\CodeIgniter->runRequiredAfterFilters(Object(CodeIgniter\Filters\Filters))
12 SYSTEMPATH\Boot.php(417): CodeIgniter\CodeIgniter->run()
13 SYSTEMPATH\Boot.php(68): CodeIgniter\Boot::runCodeIgniter(Object(CodeIgniter\CodeIgniter))
14 FCPATH\index.php(56): CodeIgniter\Boot::bootWeb(Object(Config\Paths))
15 SYSTEMPATH\rewrite.php(44): require_once('C:\\Users\\AKU BANGGA JADI IT 2\\Documents\\RafiChandra\\Codeigniter4\\bengkel-salsa-motor\\public\\index.php')
WARNING - 2026-08-13 03:41:55 --> [DEPRECATED] Kint\Zval\Value::addRepresentation(): Implicitly marking parameter $pos as nullable is deprecated, the explicit nullable type must be used instead in VENDORPATH\kint-php\kint\src\Zval\Value.php on line 65.
 1 VENDORPATH\composer\ClassLoader.php(576): include('C:\\Users\\AKU BANGGA JADI IT 2\\Documents\\RafiChandra\\Codeigniter4\\bengkel-salsa-motor\\vendor\\codeigniter4\\framework\\system\\Debug\\Exceptions.php')
 2 VENDORPATH\composer\ClassLoader.php(427): {closure:Composer\Autoload\ClassLoader::initializeIncludeClosure():575}('C:\\Users\\AKU BANGGA JADI IT 2\\Documents\\RafiChandra\\Codeigniter4\\bengkel-salsa-motor\\vendor\\composer/../kint-php/kint/src/Zval/Value.php')
 3 VENDORPATH\kint-php\kint\src\Kint.php(398): Composer\Autoload\ClassLoader->loadClass('Kint\\Zval\\Value')
 4 VENDORPATH\kint-php\kint\src\Kint.php(574): Kint\Kint::getBasesFromParamInfo([...], 1)
 5 SYSTEMPATH\Debug\Toolbar.php(112): Kint\Kint::dump([...])
 6 SYSTEMPATH\Debug\Toolbar.php(390): CodeIgniter\Debug\Toolbar->run(1786592515.462246, 0.0658, Object(CodeIgniter\HTTP\IncomingRequest), Object(CodeIgniter\HTTP\Response))
 7 SYSTEMPATH\Filters\DebugToolbar.php(44): CodeIgniter\Debug\Toolbar->prepare(Object(CodeIgniter\HTTP\IncomingRequest), Object(CodeIgniter\HTTP\Response))
 8 SYSTEMPATH\Filters\Filters.php(278): CodeIgniter\Filters\DebugToolbar->after(Object(CodeIgniter\HTTP\IncomingRequest), Object(CodeIgniter\HTTP\Response), null)
 9 SYSTEMPATH\Filters\Filters.php(364): CodeIgniter\Filters\Filters->runAfter([...])
10 SYSTEMPATH\CodeIgniter.php(416): CodeIgniter\Filters\Filters->runRequired('after')
11 SYSTEMPATH\CodeIgniter.php(377): CodeIgniter\CodeIgniter->runRequiredAfterFilters(Object(CodeIgniter\Filters\Filters))
12 SYSTEMPATH\Boot.php(417): CodeIgniter\CodeIgniter->run()
13 SYSTEMPATH\Boot.php(68): CodeIgniter\Boot::runCodeIgniter(Object(CodeIgniter\CodeIgniter))
14 FCPATH\index.php(56): CodeIgniter\Boot::bootWeb(Object(Config\Paths))
15 SYSTEMPATH\rewrite.php(44): require_once('C:\\Users\\AKU BANGGA JADI IT 2\\Documents\\RafiChandra\\Codeigniter4\\bengkel-salsa-motor\\public\\index.php')
WARNING - 2026-08-13 03:41:55 --> [DEPRECATED] Kint\Zval\Value::replaceRepresentation(): Implicitly marking parameter $pos as nullable is deprecated, the explicit nullable type must be used instead in VENDORPATH\kint-php\kint\src\Zval\Value.php on line 84.
 1 VENDORPATH\composer\ClassLoader.php(576): include('C:\\Users\\AKU BANGGA JADI IT 2\\Documents\\RafiChandra\\Codeigniter4\\bengkel-salsa-motor\\vendor\\codeigniter4\\framework\\system\\Debug\\Exceptions.php')
 2 VENDORPATH\composer\ClassLoader.php(427): {closure:Composer\Autoload\ClassLoader::initializeIncludeClosure():575}('C:\\Users\\AKU BANGGA JADI IT 2\\Documents\\RafiChandra\\Codeigniter4\\bengkel-salsa-motor\\vendor\\composer/../kint-php/kint/src/Zval/Value.php')
 3 VENDORPATH\kint-php\kint\src\Kint.php(398): Composer\Autoload\ClassLoader->loadClass('Kint\\Zval\\Value')
 4 VENDORPATH\kint-php\kint\src\Kint.php(574): Kint\Kint::getBasesFromParamInfo([...], 1)
 5 SYSTEMPATH\Debug\Toolbar.php(112): Kint\Kint::dump([...])
 6 SYSTEMPATH\Debug\Toolbar.php(390): CodeIgniter\Debug\Toolbar->run(1786592515.462246, 0.0658, Object(CodeIgniter\HTTP\IncomingRequest), Object(CodeIgniter\HTTP\Response))
 7 SYSTEMPATH\Filters\DebugToolbar.php(44): CodeIgniter\Debug\Toolbar->prepare(Object(CodeIgniter\HTTP\IncomingRequest), Object(CodeIgniter\HTTP\Response))
 8 SYSTEMPATH\Filters\Filters.php(278): CodeIgniter\Filters\DebugToolbar->after(Object(CodeIgniter\HTTP\IncomingRequest), Object(CodeIgniter\HTTP\Response), null)
 9 SYSTEMPATH\Filters\Filters.php(364): CodeIgniter\Filters\Filters->runAfter([...])
10 SYSTEMPATH\CodeIgniter.php(416): CodeIgniter\Filters\Filters->runRequired('after')
11 SYSTEMPATH\CodeIgniter.php(377): CodeIgniter\CodeIgniter->runRequiredAfterFilters(Object(CodeIgniter\Filters\Filters))
12 SYSTEMPATH\Boot.php(417): CodeIgniter\CodeIgniter->run()
13 SYSTEMPATH\Boot.php(68): CodeIgniter\Boot::runCodeIgniter(Object(CodeIgniter\CodeIgniter))
14 FCPATH\index.php(56): CodeIgniter\Boot::bootWeb(Object(Config\Paths))
15 SYSTEMPATH\rewrite.php(44): require_once('C:\\Users\\AKU BANGGA JADI IT 2\\Documents\\RafiChandra\\Codeigniter4\\bengkel-salsa-motor\\public\\index.php')
WARNING - 2026-08-13 03:41:55 --> [DEPRECATED] Kint\Zval\Value::blank(): Implicitly marking parameter $name as nullable is deprecated, the explicit nullable type must be used instead in VENDORPATH\kint-php\kint\src\Zval\Value.php on line 237.
 1 VENDORPATH\composer\ClassLoader.php(576): include('C:\\Users\\AKU BANGGA JADI IT 2\\Documents\\RafiChandra\\Codeigniter4\\bengkel-salsa-motor\\vendor\\codeigniter4\\framework\\system\\Debug\\Exceptions.php')
 2 VENDORPATH\composer\ClassLoader.php(427): {closure:Composer\Autoload\ClassLoader::initializeIncludeClosure():575}('C:\\Users\\AKU BANGGA JADI IT 2\\Documents\\RafiChandra\\Codeigniter4\\bengkel-salsa-motor\\vendor\\composer/../kint-php/kint/src/Zval/Value.php')
 3 VENDORPATH\kint-php\kint\src\Kint.php(398): Composer\Autoload\ClassLoader->loadClass('Kint\\Zval\\Value')
 4 VENDORPATH\kint-php\kint\src\Kint.php(574): Kint\Kint::getBasesFromParamInfo([...], 1)
 5 SYSTEMPATH\Debug\Toolbar.php(112): Kint\Kint::dump([...])
 6 SYSTEMPATH\Debug\Toolbar.php(390): CodeIgniter\Debug\Toolbar->run(1786592515.462246, 0.0658, Object(CodeIgniter\HTTP\IncomingRequest), Object(CodeIgniter\HTTP\Response))
 7 SYSTEMPATH\Filters\DebugToolbar.php(44): CodeIgniter\Debug\Toolbar->prepare(Object(CodeIgniter\HTTP\IncomingRequest), Object(CodeIgniter\HTTP\Response))
 8 SYSTEMPATH\Filters\Filters.php(278): CodeIgniter\Filters\DebugToolbar->after(Object(CodeIgniter\HTTP\IncomingRequest), Object(CodeIgniter\HTTP\Response), null)
 9 SYSTEMPATH\Filters\Filters.php(364): CodeIgniter\Filters\Filters->runAfter([...])
10 SYSTEMPATH\CodeIgniter.php(416): CodeIgniter\Filters\Filters->runRequired('after')
11 SYSTEMPATH\CodeIgniter.php(377): CodeIgniter\CodeIgniter->runRequiredAfterFilters(Object(CodeIgniter\Filters\Filters))
12 SYSTEMPATH\Boot.php(417): CodeIgniter\CodeIgniter->run()
13 SYSTEMPATH\Boot.php(68): CodeIgniter\Boot::runCodeIgniter(Object(CodeIgniter\CodeIgniter))
14 FCPATH\index.php(56): CodeIgniter\Boot::bootWeb(Object(Config\Paths))
15 SYSTEMPATH\rewrite.php(44): require_once('C:\\Users\\AKU BANGGA JADI IT 2\\Documents\\RafiChandra\\Codeigniter4\\bengkel-salsa-motor\\public\\index.php')
WARNING - 2026-08-13 03:41:55 --> [DEPRECATED] Kint\Zval\Value::blank(): Implicitly marking parameter $access_path as nullable is deprecated, the explicit nullable type must be used instead in VENDORPATH\kint-php\kint\src\Zval\Value.php on line 237.
 1 VENDORPATH\composer\ClassLoader.php(576): include('C:\\Users\\AKU BANGGA JADI IT 2\\Documents\\RafiChandra\\Codeigniter4\\bengkel-salsa-motor\\vendor\\codeigniter4\\framework\\system\\Debug\\Exceptions.php')
 2 VENDORPATH\composer\ClassLoader.php(427): {closure:Composer\Autoload\ClassLoader::initializeIncludeClosure():575}('C:\\Users\\AKU BANGGA JADI IT 2\\Documents\\RafiChandra\\Codeigniter4\\bengkel-salsa-motor\\vendor\\composer/../kint-php/kint/src/Zval/Value.php')
 3 VENDORPATH\kint-php\kint\src\Kint.php(398): Composer\Autoload\ClassLoader->loadClass('Kint\\Zval\\Value')
 4 VENDORPATH\kint-php\kint\src\Kint.php(574): Kint\Kint::getBasesFromParamInfo([...], 1)
 5 SYSTEMPATH\Debug\Toolbar.php(112): Kint\Kint::dump([...])
 6 SYSTEMPATH\Debug\Toolbar.php(390): CodeIgniter\Debug\Toolbar->run(1786592515.462246, 0.0658, Object(CodeIgniter\HTTP\IncomingRequest), Object(CodeIgniter\HTTP\Response))
 7 SYSTEMPATH\Filters\DebugToolbar.php(44): CodeIgniter\Debug\Toolbar->prepare(Object(CodeIgniter\HTTP\IncomingRequest), Object(CodeIgniter\HTTP\Response))
 8 SYSTEMPATH\Filters\Filters.php(278): CodeIgniter\Filters\DebugToolbar->after(Object(CodeIgniter\HTTP\IncomingRequest), Object(CodeIgniter\HTTP\Response), null)
 9 SYSTEMPATH\Filters\Filters.php(364): CodeIgniter\Filters\Filters->runAfter([...])
10 SYSTEMPATH\CodeIgniter.php(416): CodeIgniter\Filters\Filters->runRequired('after')
11 SYSTEMPATH\CodeIgniter.php(377): CodeIgniter\CodeIgniter->runRequiredAfterFilters(Object(CodeIgniter\Filters\Filters))
12 SYSTEMPATH\Boot.php(417): CodeIgniter\CodeIgniter->run()
13 SYSTEMPATH\Boot.php(68): CodeIgniter\Boot::runCodeIgniter(Object(CodeIgniter\CodeIgniter))
14 FCPATH\index.php(56): CodeIgniter\Boot::bootWeb(Object(Config\Paths))
15 SYSTEMPATH\rewrite.php(44): require_once('C:\\Users\\AKU BANGGA JADI IT 2\\Documents\\RafiChandra\\Codeigniter4\\bengkel-salsa-motor\\public\\index.php')
WARNING - 2026-08-13 03:41:55 --> [DEPRECATED] Kint\Zval\Representation\Representation::__construct(): Implicitly marking parameter $name as nullable is deprecated, the explicit nullable type must be used instead in VENDORPATH\kint-php\kint\src\Zval\Representation\Representation.php on line 39.
 1 VENDORPATH\composer\ClassLoader.php(576): include('C:\\Users\\AKU BANGGA JADI IT 2\\Documents\\RafiChandra\\Codeigniter4\\bengkel-salsa-motor\\vendor\\codeigniter4\\framework\\system\\Debug\\Exceptions.php')
 2 VENDORPATH\composer\ClassLoader.php(427): {closure:Composer\Autoload\ClassLoader::initializeIncludeClosure():575}('C:\\Users\\AKU BANGGA JADI IT 2\\Documents\\RafiChandra\\Codeigniter4\\bengkel-salsa-motor\\vendor\\composer/../kint-php/kint/src/Zval/Representation/Representation.php')
 3 VENDORPATH\kint-php\kint\src\Parser\Parser.php(323): Composer\Autoload\ClassLoader->loadClass('Kint\\Zval\\Representation\\Representation')
 4 VENDORPATH\kint-php\kint\src\Parser\Parser.php(131): Kint\Parser\Parser->parseArray([...], Object(Kint\Zval\Value))
 5 VENDORPATH\kint-php\kint\src\Kint.php(285): Kint\Parser\Parser->parse([...], Object(Kint\Zval\Value))
 6 VENDORPATH\kint-php\kint\src\Kint.php(268): Kint\Kint->dumpVar([...], Object(Kint\Zval\Value))
 7 VENDORPATH\kint-php\kint\src\Kint.php(575): Kint\Kint->dumpAll([...], [...])
 8 SYSTEMPATH\Debug\Toolbar.php(112): Kint\Kint::dump([...])
 9 SYSTEMPATH\Debug\Toolbar.php(390): CodeIgniter\Debug\Toolbar->run(1786592515.462246, 0.0658, Object(CodeIgniter\HTTP\IncomingRequest), Object(CodeIgniter\HTTP\Response))
10 SYSTEMPATH\Filters\DebugToolbar.php(44): CodeIgniter\Debug\Toolbar->prepare(Object(CodeIgniter\HTTP\IncomingRequest), Object(CodeIgniter\HTTP\Response))
11 SYSTEMPATH\Filters\Filters.php(278): CodeIgniter\Filters\DebugToolbar->after(Object(CodeIgniter\HTTP\IncomingRequest), Object(CodeIgniter\HTTP\Response), null)
12 SYSTEMPATH\Filters\Filters.php(364): CodeIgniter\Filters\Filters->runAfter([...])
13 SYSTEMPATH\CodeIgniter.php(416): CodeIgniter\Filters\Filters->runRequired('after')
14 SYSTEMPATH\CodeIgniter.php(377): CodeIgniter\CodeIgniter->runRequiredAfterFilters(Object(CodeIgniter\Filters\Filters))
15 SYSTEMPATH\Boot.php(417): CodeIgniter\CodeIgniter->run()
16 SYSTEMPATH\Boot.php(68): CodeIgniter\Boot::runCodeIgniter(Object(CodeIgniter\CodeIgniter))
17 FCPATH\index.php(56): CodeIgniter\Boot::bootWeb(Object(Config\Paths))
18 SYSTEMPATH\rewrite.php(44): require_once('C:\\Users\\AKU BANGGA JADI IT 2\\Documents\\RafiChandra\\Codeigniter4\\bengkel-salsa-motor\\public\\index.php')
WARNING - 2026-08-13 03:41:55 --> [DEPRECATED] Kint\Zval\BlobValue::substr(): Implicitly marking parameter $length as nullable is deprecated, the explicit nullable type must be used instead in VENDORPATH\kint-php\kint\src\Zval\BlobValue.php on line 144.
 1 VENDORPATH\composer\ClassLoader.php(576): include('C:\\Users\\AKU BANGGA JADI IT 2\\Documents\\RafiChandra\\Codeigniter4\\bengkel-salsa-motor\\vendor\\codeigniter4\\framework\\system\\Debug\\Exceptions.php')
 2 VENDORPATH\composer\ClassLoader.php(427): {closure:Composer\Autoload\ClassLoader::initializeIncludeClosure():575}('C:\\Users\\AKU BANGGA JADI IT 2\\Documents\\RafiChandra\\Codeigniter4\\bengkel-salsa-motor\\vendor\\composer/../kint-php/kint/src/Zval/BlobValue.php')
 3 VENDORPATH\kint-php\kint\src\Parser\Parser.php(285): Composer\Autoload\ClassLoader->loadClass('Kint\\Zval\\BlobValue')
 4 VENDORPATH\kint-php\kint\src\Parser\Parser.php(142): Kint\Parser\Parser->parseString('24', Object(Kint\Zval\Value))
 5 VENDORPATH\kint-php\kint\src\Parser\Parser.php(387): Kint\Parser\Parser->parse('24', Object(Kint\Zval\Value))
 6 VENDORPATH\kint-php\kint\src\Parser\Parser.php(131): Kint\Parser\Parser->parseArray([...], Object(Kint\Zval\Value))
 7 VENDORPATH\kint-php\kint\src\Kint.php(285): Kint\Parser\Parser->parse([...], Object(Kint\Zval\Value))
 8 VENDORPATH\kint-php\kint\src\Kint.php(268): Kint\Kint->dumpVar([...], Object(Kint\Zval\Value))
 9 VENDORPATH\kint-php\kint\src\Kint.php(575): Kint\Kint->dumpAll([...], [...])
10 SYSTEMPATH\Debug\Toolbar.php(112): Kint\Kint::dump([...])
11 SYSTEMPATH\Debug\Toolbar.php(390): CodeIgniter\Debug\Toolbar->run(1786592515.462246, 0.0658, Object(CodeIgniter\HTTP\IncomingRequest), Object(CodeIgniter\HTTP\Response))
12 SYSTEMPATH\Filters\DebugToolbar.php(44): CodeIgniter\Debug\Toolbar->prepare(Object(CodeIgniter\HTTP\IncomingRequest), Object(CodeIgniter\HTTP\Response))
13 SYSTEMPATH\Filters\Filters.php(278): CodeIgniter\Filters\DebugToolbar->after(Object(CodeIgniter\HTTP\IncomingRequest), Object(CodeIgniter\HTTP\Response), null)
14 SYSTEMPATH\Filters\Filters.php(364): CodeIgniter\Filters\Filters->runAfter([...])
15 SYSTEMPATH\CodeIgniter.php(416): CodeIgniter\Filters\Filters->runRequired('after')
16 SYSTEMPATH\CodeIgniter.php(377): CodeIgniter\CodeIgniter->runRequiredAfterFilters(Object(CodeIgniter\Filters\Filters))
17 SYSTEMPATH\Boot.php(417): CodeIgniter\CodeIgniter->run()
18 SYSTEMPATH\Boot.php(68): CodeIgniter\Boot::runCodeIgniter(Object(CodeIgniter\CodeIgniter))
19 FCPATH\index.php(56): CodeIgniter\Boot::bootWeb(Object(Config\Paths))
20 SYSTEMPATH\rewrite.php(44): require_once('C:\\Users\\AKU BANGGA JADI IT 2\\Documents\\RafiChandra\\Codeigniter4\\bengkel-salsa-motor\\public\\index.php')
WARNING - 2026-08-13 03:41:55 --> [DEPRECATED] Kint\Zval\Representation\ColorRepresentation::getColor(): Implicitly marking parameter $variant as nullable is deprecated, the explicit nullable type must be used instead in VENDORPATH\kint-php\kint\src\Zval\Representation\ColorRepresentation.php on line 214.
 1 VENDORPATH\composer\ClassLoader.php(576): include('C:\\Users\\AKU BANGGA JADI IT 2\\Documents\\RafiChandra\\Codeigniter4\\bengkel-salsa-motor\\vendor\\codeigniter4\\framework\\system\\Debug\\Exceptions.php')
 2 VENDORPATH\composer\ClassLoader.php(427): {closure:Composer\Autoload\ClassLoader::initializeIncludeClosure():575}('C:\\Users\\AKU BANGGA JADI IT 2\\Documents\\RafiChandra\\Codeigniter4\\bengkel-salsa-motor\\vendor\\composer/../kint-php/kint/src/Zval/Representation/ColorRepresentation.php')
 3 VENDORPATH\kint-php\kint\src\Parser\ColorPlugin.php(53): Composer\Autoload\ClassLoader->loadClass('Kint\\Zval\\Representation\\ColorRepresentation')
 4 VENDORPATH\kint-php\kint\src\Parser\Parser.php(636): Kint\Parser\ColorPlugin->parse('24', Object(Kint\Zval\BlobValue), 2)
 5 VENDORPATH\kint-php\kint\src\Parser\Parser.php(297): Kint\Parser\Parser->applyPlugins('24', Object(Kint\Zval\BlobValue), 2)
 6 VENDORPATH\kint-php\kint\src\Parser\Parser.php(142): Kint\Parser\Parser->parseString('24', Object(Kint\Zval\Value))
 7 VENDORPATH\kint-php\kint\src\Parser\Parser.php(387): Kint\Parser\Parser->parse('24', Object(Kint\Zval\Value))
 8 VENDORPATH\kint-php\kint\src\Parser\Parser.php(131): Kint\Parser\Parser->parseArray([...], Object(Kint\Zval\Value))
 9 VENDORPATH\kint-php\kint\src\Kint.php(285): Kint\Parser\Parser->parse([...], Object(Kint\Zval\Value))
10 VENDORPATH\kint-php\kint\src\Kint.php(268): Kint\Kint->dumpVar([...], Object(Kint\Zval\Value))
11 VENDORPATH\kint-php\kint\src\Kint.php(575): Kint\Kint->dumpAll([...], [...])
12 SYSTEMPATH\Debug\Toolbar.php(112): Kint\Kint::dump([...])
13 SYSTEMPATH\Debug\Toolbar.php(390): CodeIgniter\Debug\Toolbar->run(1786592515.462246, 0.0658, Object(CodeIgniter\HTTP\IncomingRequest), Object(CodeIgniter\HTTP\Response))
14 SYSTEMPATH\Filters\DebugToolbar.php(44): CodeIgniter\Debug\Toolbar->prepare(Object(CodeIgniter\HTTP\IncomingRequest), Object(CodeIgniter\HTTP\Response))
15 SYSTEMPATH\Filters\Filters.php(278): CodeIgniter\Filters\DebugToolbar->after(Object(CodeIgniter\HTTP\IncomingRequest), Object(CodeIgniter\HTTP\Response), null)
16 SYSTEMPATH\Filters\Filters.php(364): CodeIgniter\Filters\Filters->runAfter([...])
17 SYSTEMPATH\CodeIgniter.php(416): CodeIgniter\Filters\Filters->runRequired('after')
18 SYSTEMPATH\CodeIgniter.php(377): CodeIgniter\CodeIgniter->runRequiredAfterFilters(Object(CodeIgniter\Filters\Filters))
19 SYSTEMPATH\Boot.php(417): CodeIgniter\CodeIgniter->run()
20 SYSTEMPATH\Boot.php(68): CodeIgniter\Boot::runCodeIgniter(Object(CodeIgniter\CodeIgniter))
21 FCPATH\index.php(56): CodeIgniter\Boot::bootWeb(Object(Config\Paths))
22 SYSTEMPATH\rewrite.php(44): require_once('C:\\Users\\AKU BANGGA JADI IT 2\\Documents\\RafiChandra\\Codeigniter4\\bengkel-salsa-motor\\public\\index.php')
WARNING - 2026-08-13 03:41:55 --> [DEPRECATED] Kint\Zval\Representation\ColorRepresentation::hasAlpha(): Implicitly marking parameter $variant as nullable is deprecated, the explicit nullable type must be used instead in VENDORPATH\kint-php\kint\src\Zval\Representation\ColorRepresentation.php on line 278.
 1 VENDORPATH\composer\ClassLoader.php(576): include('C:\\Users\\AKU BANGGA JADI IT 2\\Documents\\RafiChandra\\Codeigniter4\\bengkel-salsa-motor\\vendor\\codeigniter4\\framework\\system\\Debug\\Exceptions.php')
 2 VENDORPATH\composer\ClassLoader.php(427): {closure:Composer\Autoload\ClassLoader::initializeIncludeClosure():575}('C:\\Users\\AKU BANGGA JADI IT 2\\Documents\\RafiChandra\\Codeigniter4\\bengkel-salsa-motor\\vendor\\composer/../kint-php/kint/src/Zval/Representation/ColorRepresentation.php')
 3 VENDORPATH\kint-php\kint\src\Parser\ColorPlugin.php(53): Composer\Autoload\ClassLoader->loadClass('Kint\\Zval\\Representation\\ColorRepresentation')
 4 VENDORPATH\kint-php\kint\src\Parser\Parser.php(636): Kint\Parser\ColorPlugin->parse('24', Object(Kint\Zval\BlobValue), 2)
 5 VENDORPATH\kint-php\kint\src\Parser\Parser.php(297): Kint\Parser\Parser->applyPlugins('24', Object(Kint\Zval\BlobValue), 2)
 6 VENDORPATH\kint-php\kint\src\Parser\Parser.php(142): Kint\Parser\Parser->parseString('24', Object(Kint\Zval\Value))
 7 VENDORPATH\kint-php\kint\src\Parser\Parser.php(387): Kint\Parser\Parser->parse('24', Object(Kint\Zval\Value))
 8 VENDORPATH\kint-php\kint\src\Parser\Parser.php(131): Kint\Parser\Parser->parseArray([...], Object(Kint\Zval\Value))
 9 VENDORPATH\kint-php\kint\src\Kint.php(285): Kint\Parser\Parser->parse([...], Object(Kint\Zval\Value))
10 VENDORPATH\kint-php\kint\src\Kint.php(268): Kint\Kint->dumpVar([...], Object(Kint\Zval\Value))
11 VENDORPATH\kint-php\kint\src\Kint.php(575): Kint\Kint->dumpAll([...], [...])
12 SYSTEMPATH\Debug\Toolbar.php(112): Kint\Kint::dump([...])
13 SYSTEMPATH\Debug\Toolbar.php(390): CodeIgniter\Debug\Toolbar->run(1786592515.462246, 0.0658, Object(CodeIgniter\HTTP\IncomingRequest), Object(CodeIgniter\HTTP\Response))
14 SYSTEMPATH\Filters\DebugToolbar.php(44): CodeIgniter\Debug\Toolbar->prepare(Object(CodeIgniter\HTTP\IncomingRequest), Object(CodeIgniter\HTTP\Response))
15 SYSTEMPATH\Filters\Filters.php(278): CodeIgniter\Filters\DebugToolbar->after(Object(CodeIgniter\HTTP\IncomingRequest), Object(CodeIgniter\HTTP\Response), null)
16 SYSTEMPATH\Filters\Filters.php(364): CodeIgniter\Filters\Filters->runAfter([...])
17 SYSTEMPATH\CodeIgniter.php(416): CodeIgniter\Filters\Filters->runRequired('after')
18 SYSTEMPATH\CodeIgniter.php(377): CodeIgniter\CodeIgniter->runRequiredAfterFilters(Object(CodeIgniter\Filters\Filters))
19 SYSTEMPATH\Boot.php(417): CodeIgniter\CodeIgniter->run()
20 SYSTEMPATH\Boot.php(68): CodeIgniter\Boot::runCodeIgniter(Object(CodeIgniter\CodeIgniter))
21 FCPATH\index.php(56): CodeIgniter\Boot::bootWeb(Object(Config\Paths))
22 SYSTEMPATH\rewrite.php(44): require_once('C:\\Users\\AKU BANGGA JADI IT 2\\Documents\\RafiChandra\\Codeigniter4\\bengkel-salsa-motor\\public\\index.php')
DEBUG - 2026-08-13 03:42:24 --> Session: Class initialized using 'CodeIgniter\Session\Handlers\FileHandler' driver.
DEBUG - 2026-08-13 03:42:24 --> Session: Class initialized using 'CodeIgniter\Session\Handlers\FileHandler' driver.
CRITICAL - 2026-08-13 03:44:32 --> ErrorException: Uncaught ErrorException: Undefined property: Config\Format::$jsonEncodeDepth in C:\Users\AKU BANGGA JADI IT 2\Documents\RafiChandra\Codeigniter4\bengkel-salsa-motor\vendor\codeigniter4\framework\system\Format\JSONFormatter.php:44
Stack trace:
#0 C:\Users\AKU BANGGA JADI IT 2\Documents\RafiChandra\Codeigniter4\bengkel-salsa-motor\vendor\codeigniter4\framework\system\Format\JSONFormatter.php(44): CodeIgniter\Debug\Exceptions->errorHandler(2, 'Undefined prope...', 'C:\\Users\\AKU BA...', 44)
#1 C:\Users\AKU BANGGA JADI IT 2\Documents\RafiChandra\Codeigniter4\bengkel-salsa-motor\vendor\codeigniter4\framework\system\API\ResponseTrait.php(352): CodeIgniter\Format\JSONFormatter->format(Array)
#2 C:\Users\AKU BANGGA JADI IT 2\Documents\RafiChandra\Codeigniter4\bengkel-salsa-motor\vendor\codeigniter4\framework\system\API\ResponseTrait.php(111): CodeIgniter\Debug\ExceptionHandler->format(Array)
#3 C:\Users\AKU BANGGA JADI IT 2\Documents\RafiChandra\Codeigniter4\bengkel-salsa-motor\vendor\codeigniter4\framework\system\Debug\ExceptionHandler.php(95): CodeIgniter\Debug\ExceptionHandler->respond(Array, 404)
#4 C:\Users\AKU BANGGA JADI IT 2\Documents\RafiChandra\Codeigniter4\bengkel-salsa-motor\vendor\codeigniter4\framework\system\Debug\Exceptions.php(151): CodeIgniter\Debug\ExceptionHandler->handle(Object(CodeIgniter\Exceptions\PageNotFoundException), Object(CodeIgniter\HTTP\IncomingRequest), Object(CodeIgniter\HTTP\Response), 404, 1)
#5 [internal function]: CodeIgniter\Debug\Exceptions->exceptionHandler(Object(CodeIgniter\Exceptions\PageNotFoundException))
#6 {main}
  thrown
【Previous Exception】
CodeIgniter\Exceptions\PageNotFoundException
Can't find a route for 'GET: .well-known/appspecific/com.chrome.devtools.json'.
#0 C:\Users\AKU BANGGA JADI IT 2\Documents\RafiChandra\Codeigniter4\bengkel-salsa-motor\vendor\codeigniter4\framework\system\CodeIgniter.php(1024): CodeIgniter\Exceptions\PageNotFoundException::forPageNotFound('Can't find a ro...')
#1 C:\Users\AKU BANGGA JADI IT 2\Documents\RafiChandra\Codeigniter4\bengkel-salsa-motor\vendor\codeigniter4\framework\system\CodeIgniter.php(369): CodeIgniter\CodeIgniter->display404errors(Object(CodeIgniter\Exceptions\PageNotFoundException))
#2 C:\Users\AKU BANGGA JADI IT 2\Documents\RafiChandra\Codeigniter4\bengkel-salsa-motor\vendor\codeigniter4\framework\system\Boot.php(417): CodeIgniter\CodeIgniter->run()
#3 C:\Users\AKU BANGGA JADI IT 2\Documents\RafiChandra\Codeigniter4\bengkel-salsa-motor\vendor\codeigniter4\framework\system\Boot.php(68): CodeIgniter\Boot::runCodeIgniter(Object(CodeIgniter\CodeIgniter))
#4 C:\Users\AKU BANGGA JADI IT 2\Documents\RafiChandra\Codeigniter4\bengkel-salsa-motor\public\index.php(56): CodeIgniter\Boot::bootWeb(Object(Config\Paths))
#5 C:\Users\AKU BANGGA JADI IT 2\Documents\RafiChandra\Codeigniter4\bengkel-salsa-motor\vendor\codeigniter4\framework\system\rewrite.php(44): require_once('C:\\Users\\AKU BA...')
#6 {main}
[Method: GET, Route: .well-known/appspecific/com.chrome.devtools.json]
in SYSTEMPATH\Format\JSONFormatter.php on line 44.
 1 [internal function]: CodeIgniter\Debug\Exceptions->shutdownHandler()
CRITICAL - 2026-08-13 03:44:32 --> ErrorException: Uncaught ErrorException: Undefined property: Config\Format::$jsonEncodeDepth in C:\Users\AKU BANGGA JADI IT 2\Documents\RafiChandra\Codeigniter4\bengkel-salsa-motor\vendor\codeigniter4\framework\system\Format\JSONFormatter.php:44
Stack trace:
#0 C:\Users\AKU BANGGA JADI IT 2\Documents\RafiChandra\Codeigniter4\bengkel-salsa-motor\vendor\codeigniter4\framework\system\Format\JSONFormatter.php(44): CodeIgniter\Debug\Exceptions->errorHandler(2, 'Undefined prope...', 'C:\\Users\\AKU BA...', 44)
#1 C:\Users\AKU BANGGA JADI IT 2\Documents\RafiChandra\Codeigniter4\bengkel-salsa-motor\vendor\codeigniter4\framework\system\API\ResponseTrait.php(352): CodeIgniter\Format\JSONFormatter->format(Array)
#2 C:\Users\AKU BANGGA JADI IT 2\Documents\RafiChandra\Codeigniter4\bengkel-salsa-motor\vendor\codeigniter4\framework\system\API\ResponseTrait.php(111): CodeIgniter\Debug\ExceptionHandler->format(Array)
#3 C:\Users\AKU BANGGA JADI IT 2\Documents\RafiChandra\Codeigniter4\bengkel-salsa-motor\vendor\codeigniter4\framework\system\Debug\ExceptionHandler.php(95): CodeIgniter\Debug\ExceptionHandler->respond(Array, 404)
#4 C:\Users\AKU BANGGA JADI IT 2\Documents\RafiChandra\Codeigniter4\bengkel-salsa-motor\vendor\codeigniter4\framework\system\Debug\Exceptions.php(151): CodeIgniter\Debug\ExceptionHandler->handle(Object(CodeIgniter\Exceptions\PageNotFoundException), Object(CodeIgniter\HTTP\IncomingRequest), Object(CodeIgniter\HTTP\Response), 404, 1)
#5 [internal function]: CodeIgniter\Debug\Exceptions->exceptionHandler(Object(CodeIgniter\Exceptions\PageNotFoundException))
#6 {main}
  thrown
【Previous Exception】
CodeIgniter\Exceptions\PageNotFoundException
Can't find a route for 'GET: assets/js/lib/bootstrap.bundle.min.js.map'.
#0 C:\Users\AKU BANGGA JADI IT 2\Documents\RafiChandra\Codeigniter4\bengkel-salsa-motor\vendor\codeigniter4\framework\system\CodeIgniter.php(1024): CodeIgniter\Exceptions\PageNotFoundException::forPageNotFound('Can't find a ro...')
#1 C:\Users\AKU BANGGA JADI IT 2\Documents\RafiChandra\Codeigniter4\bengkel-salsa-motor\vendor\codeigniter4\framework\system\CodeIgniter.php(369): CodeIgniter\CodeIgniter->display404errors(Object(CodeIgniter\Exceptions\PageNotFoundException))
#2 C:\Users\AKU BANGGA JADI IT 2\Documents\RafiChandra\Codeigniter4\bengkel-salsa-motor\vendor\codeigniter4\framework\system\Boot.php(417): CodeIgniter\CodeIgniter->run()
#3 C:\Users\AKU BANGGA JADI IT 2\Documents\RafiChandra\Codeigniter4\bengkel-salsa-motor\vendor\codeigniter4\framework\system\Boot.php(68): CodeIgniter\Boot::runCodeIgniter(Object(CodeIgniter\CodeIgniter))
#4 C:\Users\AKU BANGGA JADI IT 2\Documents\RafiChandra\Codeigniter4\bengkel-salsa-motor\public\index.php(56): CodeIgniter\Boot::bootWeb(Object(Config\Paths))
#5 C:\Users\AKU BANGGA JADI IT 2\Documents\RafiChandra\Codeigniter4\bengkel-salsa-motor\vendor\codeigniter4\framework\system\rewrite.php(44): require_once('C:\\Users\\AKU BA...')
#6 {main}
[Method: GET, Route: assets/js/lib/bootstrap.bundle.min.js.map]
in SYSTEMPATH\Format\JSONFormatter.php on line 44.
 1 [internal function]: CodeIgniter\Debug\Exceptions->shutdownHandler()
CRITICAL - 2026-08-13 03:44:32 --> ErrorException: Uncaught ErrorException: Undefined property: Config\Format::$jsonEncodeDepth in C:\Users\AKU BANGGA JADI IT 2\Documents\RafiChandra\Codeigniter4\bengkel-salsa-motor\vendor\codeigniter4\framework\system\Format\JSONFormatter.php:44
Stack trace:
#0 C:\Users\AKU BANGGA JADI IT 2\Documents\RafiChandra\Codeigniter4\bengkel-salsa-motor\vendor\codeigniter4\framework\system\Format\JSONFormatter.php(44): CodeIgniter\Debug\Exceptions->errorHandler(2, 'Undefined prope...', 'C:\\Users\\AKU BA...', 44)
#1 C:\Users\AKU BANGGA JADI IT 2\Documents\RafiChandra\Codeigniter4\bengkel-salsa-motor\vendor\codeigniter4\framework\system\API\ResponseTrait.php(352): CodeIgniter\Format\JSONFormatter->format(Array)
#2 C:\Users\AKU BANGGA JADI IT 2\Documents\RafiChandra\Codeigniter4\bengkel-salsa-motor\vendor\codeigniter4\framework\system\API\ResponseTrait.php(111): CodeIgniter\Debug\ExceptionHandler->format(Array)
#3 C:\Users\AKU BANGGA JADI IT 2\Documents\RafiChandra\Codeigniter4\bengkel-salsa-motor\vendor\codeigniter4\framework\system\Debug\ExceptionHandler.php(95): CodeIgniter\Debug\ExceptionHandler->respond(Array, 404)
#4 C:\Users\AKU BANGGA JADI IT 2\Documents\RafiChandra\Codeigniter4\bengkel-salsa-motor\vendor\codeigniter4\framework\system\Debug\Exceptions.php(151): CodeIgniter\Debug\ExceptionHandler->handle(Object(CodeIgniter\Exceptions\PageNotFoundException), Object(CodeIgniter\HTTP\IncomingRequest), Object(CodeIgniter\HTTP\Response), 404, 1)
#5 [internal function]: CodeIgniter\Debug\Exceptions->exceptionHandler(Object(CodeIgniter\Exceptions\PageNotFoundException))
#6 {main}
  thrown
【Previous Exception】
CodeIgniter\Exceptions\PageNotFoundException
Can't find a route for 'GET: assets/css/lib/quill.snow.css.map'.
#0 C:\Users\AKU BANGGA JADI IT 2\Documents\RafiChandra\Codeigniter4\bengkel-salsa-motor\vendor\codeigniter4\framework\system\CodeIgniter.php(1024): CodeIgniter\Exceptions\PageNotFoundException::forPageNotFound('Can't find a ro...')
#1 C:\Users\AKU BANGGA JADI IT 2\Documents\RafiChandra\Codeigniter4\bengkel-salsa-motor\vendor\codeigniter4\framework\system\CodeIgniter.php(369): CodeIgniter\CodeIgniter->display404errors(Object(CodeIgniter\Exceptions\PageNotFoundException))
#2 C:\Users\AKU BANGGA JADI IT 2\Documents\RafiChandra\Codeigniter4\bengkel-salsa-motor\vendor\codeigniter4\framework\system\Boot.php(417): CodeIgniter\CodeIgniter->run()
#3 C:\Users\AKU BANGGA JADI IT 2\Documents\RafiChandra\Codeigniter4\bengkel-salsa-motor\vendor\codeigniter4\framework\system\Boot.php(68): CodeIgniter\Boot::runCodeIgniter(Object(CodeIgniter\CodeIgniter))
#4 C:\Users\AKU BANGGA JADI IT 2\Documents\RafiChandra\Codeigniter4\bengkel-salsa-motor\public\index.php(56): CodeIgniter\Boot::bootWeb(Object(Config\Paths))
#5 C:\Users\AKU BANGGA JADI IT 2\Documents\RafiChandra\Codeigniter4\bengkel-salsa-motor\vendor\codeigniter4\framework\system\rewrite.php(44): require_once('C:\\Users\\AKU BA...')
#6 {main}
[Method: GET, Route: assets/css/lib/quill.snow.css.map]
in SYSTEMPATH\Format\JSONFormatter.php on line 44.
 1 [internal function]: CodeIgniter\Debug\Exceptions->shutdownHandler()
DEBUG - 2026-08-13 03:44:40 --> Session: Class initialized using 'CodeIgniter\Session\Handlers\FileHandler' driver.
DEBUG - 2026-08-13 03:44:40 --> Session: Class initialized using 'CodeIgniter\Session\Handlers\FileHandler' driver.
CRITICAL - 2026-08-13 03:44:40 --> ErrorException: Uncaught ErrorException: Undefined property: Config\Format::$jsonEncodeDepth in C:\Users\AKU BANGGA JADI IT 2\Documents\RafiChandra\Codeigniter4\bengkel-salsa-motor\vendor\codeigniter4\framework\system\Format\JSONFormatter.php:44
Stack trace:
#0 C:\Users\AKU BANGGA JADI IT 2\Documents\RafiChandra\Codeigniter4\bengkel-salsa-motor\vendor\codeigniter4\framework\system\Format\JSONFormatter.php(44): CodeIgniter\Debug\Exceptions->errorHandler(2, 'Undefined prope...', 'C:\\Users\\AKU BA...', 44)
#1 C:\Users\AKU BANGGA JADI IT 2\Documents\RafiChandra\Codeigniter4\bengkel-salsa-motor\vendor\codeigniter4\framework\system\API\ResponseTrait.php(352): CodeIgniter\Format\JSONFormatter->format(Array)
#2 C:\Users\AKU BANGGA JADI IT 2\Documents\RafiChandra\Codeigniter4\bengkel-salsa-motor\vendor\codeigniter4\framework\system\API\ResponseTrait.php(111): CodeIgniter\Debug\ExceptionHandler->format(Array)
#3 C:\Users\AKU BANGGA JADI IT 2\Documents\RafiChandra\Codeigniter4\bengkel-salsa-motor\vendor\codeigniter4\framework\system\Debug\ExceptionHandler.php(95): CodeIgniter\Debug\ExceptionHandler->respond(Array, 404)
#4 C:\Users\AKU BANGGA JADI IT 2\Documents\RafiChandra\Codeigniter4\bengkel-salsa-motor\vendor\codeigniter4\framework\system\Debug\Exceptions.php(151): CodeIgniter\Debug\ExceptionHandler->handle(Object(CodeIgniter\Exceptions\PageNotFoundException), Object(CodeIgniter\HTTP\IncomingRequest), Object(CodeIgniter\HTTP\Response), 404, 1)
#5 [internal function]: CodeIgniter\Debug\Exceptions->exceptionHandler(Object(CodeIgniter\Exceptions\PageNotFoundException))
#6 {main}
  thrown
【Previous Exception】
CodeIgniter\Exceptions\PageNotFoundException
Can't find a route for 'GET: .well-known/appspecific/com.chrome.devtools.json'.
#0 C:\Users\AKU BANGGA JADI IT 2\Documents\RafiChandra\Codeigniter4\bengkel-salsa-motor\vendor\codeigniter4\framework\system\CodeIgniter.php(1024): CodeIgniter\Exceptions\PageNotFoundException::forPageNotFound('Can't find a ro...')
#1 C:\Users\AKU BANGGA JADI IT 2\Documents\RafiChandra\Codeigniter4\bengkel-salsa-motor\vendor\codeigniter4\framework\system\CodeIgniter.php(369): CodeIgniter\CodeIgniter->display404errors(Object(CodeIgniter\Exceptions\PageNotFoundException))
#2 C:\Users\AKU BANGGA JADI IT 2\Documents\RafiChandra\Codeigniter4\bengkel-salsa-motor\vendor\codeigniter4\framework\system\Boot.php(417): CodeIgniter\CodeIgniter->run()
#3 C:\Users\AKU BANGGA JADI IT 2\Documents\RafiChandra\Codeigniter4\bengkel-salsa-motor\vendor\codeigniter4\framework\system\Boot.php(68): CodeIgniter\Boot::runCodeIgniter(Object(CodeIgniter\CodeIgniter))
#4 C:\Users\AKU BANGGA JADI IT 2\Documents\RafiChandra\Codeigniter4\bengkel-salsa-motor\public\index.php(56): CodeIgniter\Boot::bootWeb(Object(Config\Paths))
#5 C:\Users\AKU BANGGA JADI IT 2\Documents\RafiChandra\Codeigniter4\bengkel-salsa-motor\vendor\codeigniter4\framework\system\rewrite.php(44): require_once('C:\\Users\\AKU BA...')
#6 {main}
[Method: GET, Route: .well-known/appspecific/com.chrome.devtools.json]
in SYSTEMPATH\Format\JSONFormatter.php on line 44.
 1 [internal function]: CodeIgniter\Debug\Exceptions->shutdownHandler()
CRITICAL - 2026-08-13 03:44:40 --> ErrorException: Uncaught ErrorException: Undefined property: Config\Format::$jsonEncodeDepth in C:\Users\AKU BANGGA JADI IT 2\Documents\RafiChandra\Codeigniter4\bengkel-salsa-motor\vendor\codeigniter4\framework\system\Format\JSONFormatter.php:44
Stack trace:
#0 C:\Users\AKU BANGGA JADI IT 2\Documents\RafiChandra\Codeigniter4\bengkel-salsa-motor\vendor\codeigniter4\framework\system\Format\JSONFormatter.php(44): CodeIgniter\Debug\Exceptions->errorHandler(2, 'Undefined prope...', 'C:\\Users\\AKU BA...', 44)
#1 C:\Users\AKU BANGGA JADI IT 2\Documents\RafiChandra\Codeigniter4\bengkel-salsa-motor\vendor\codeigniter4\framework\system\API\ResponseTrait.php(352): CodeIgniter\Format\JSONFormatter->format(Array)
#2 C:\Users\AKU BANGGA JADI IT 2\Documents\RafiChandra\Codeigniter4\bengkel-salsa-motor\vendor\codeigniter4\framework\system\API\ResponseTrait.php(111): CodeIgniter\Debug\ExceptionHandler->format(Array)
#3 C:\Users\AKU BANGGA JADI IT 2\Documents\RafiChandra\Codeigniter4\bengkel-salsa-motor\vendor\codeigniter4\framework\system\Debug\ExceptionHandler.php(95): CodeIgniter\Debug\ExceptionHandler->respond(Array, 404)
#4 C:\Users\AKU BANGGA JADI IT 2\Documents\RafiChandra\Codeigniter4\bengkel-salsa-motor\vendor\codeigniter4\framework\system\Debug\Exceptions.php(151): CodeIgniter\Debug\ExceptionHandler->handle(Object(CodeIgniter\Exceptions\PageNotFoundException), Object(CodeIgniter\HTTP\IncomingRequest), Object(CodeIgniter\HTTP\Response), 404, 1)
#5 [internal function]: CodeIgniter\Debug\Exceptions->exceptionHandler(Object(CodeIgniter\Exceptions\PageNotFoundException))
#6 {main}
  thrown
【Previous Exception】
CodeIgniter\Exceptions\PageNotFoundException
Can't find a route for 'GET: assets/css/lib/quill.snow.css.map'.
#0 C:\Users\AKU BANGGA JADI IT 2\Documents\RafiChandra\Codeigniter4\bengkel-salsa-motor\vendor\codeigniter4\framework\system\CodeIgniter.php(1024): CodeIgniter\Exceptions\PageNotFoundException::forPageNotFound('Can't find a ro...')
#1 C:\Users\AKU BANGGA JADI IT 2\Documents\RafiChandra\Codeigniter4\bengkel-salsa-motor\vendor\codeigniter4\framework\system\CodeIgniter.php(369): CodeIgniter\CodeIgniter->display404errors(Object(CodeIgniter\Exceptions\PageNotFoundException))
#2 C:\Users\AKU BANGGA JADI IT 2\Documents\RafiChandra\Codeigniter4\bengkel-salsa-motor\vendor\codeigniter4\framework\system\Boot.php(417): CodeIgniter\CodeIgniter->run()
#3 C:\Users\AKU BANGGA JADI IT 2\Documents\RafiChandra\Codeigniter4\bengkel-salsa-motor\vendor\codeigniter4\framework\system\Boot.php(68): CodeIgniter\Boot::runCodeIgniter(Object(CodeIgniter\CodeIgniter))
#4 C:\Users\AKU BANGGA JADI IT 2\Documents\RafiChandra\Codeigniter4\bengkel-salsa-motor\public\index.php(56): CodeIgniter\Boot::bootWeb(Object(Config\Paths))
#5 C:\Users\AKU BANGGA JADI IT 2\Documents\RafiChandra\Codeigniter4\bengkel-salsa-motor\vendor\codeigniter4\framework\system\rewrite.php(44): require_once('C:\\Users\\AKU BA...')
#6 {main}
[Method: GET, Route: assets/css/lib/quill.snow.css.map]
in SYSTEMPATH\Format\JSONFormatter.php on line 44.
 1 [internal function]: CodeIgniter\Debug\Exceptions->shutdownHandler()
CRITICAL - 2026-08-13 03:44:40 --> ErrorException: Uncaught ErrorException: Undefined property: Config\Format::$jsonEncodeDepth in C:\Users\AKU BANGGA JADI IT 2\Documents\RafiChandra\Codeigniter4\bengkel-salsa-motor\vendor\codeigniter4\framework\system\Format\JSONFormatter.php:44
Stack trace:
#0 C:\Users\AKU BANGGA JADI IT 2\Documents\RafiChandra\Codeigniter4\bengkel-salsa-motor\vendor\codeigniter4\framework\system\Format\JSONFormatter.php(44): CodeIgniter\Debug\Exceptions->errorHandler(2, 'Undefined prope...', 'C:\\Users\\AKU BA...', 44)
#1 C:\Users\AKU BANGGA JADI IT 2\Documents\RafiChandra\Codeigniter4\bengkel-salsa-motor\vendor\codeigniter4\framework\system\API\ResponseTrait.php(352): CodeIgniter\Format\JSONFormatter->format(Array)
#2 C:\Users\AKU BANGGA JADI IT 2\Documents\RafiChandra\Codeigniter4\bengkel-salsa-motor\vendor\codeigniter4\framework\system\API\ResponseTrait.php(111): CodeIgniter\Debug\ExceptionHandler->format(Array)
#3 C:\Users\AKU BANGGA JADI IT 2\Documents\RafiChandra\Codeigniter4\bengkel-salsa-motor\vendor\codeigniter4\framework\system\Debug\ExceptionHandler.php(95): CodeIgniter\Debug\ExceptionHandler->respond(Array, 404)
#4 C:\Users\AKU BANGGA JADI IT 2\Documents\RafiChandra\Codeigniter4\bengkel-salsa-motor\vendor\codeigniter4\framework\system\Debug\Exceptions.php(151): CodeIgniter\Debug\ExceptionHandler->handle(Object(CodeIgniter\Exceptions\PageNotFoundException), Object(CodeIgniter\HTTP\IncomingRequest), Object(CodeIgniter\HTTP\Response), 404, 1)
#5 [internal function]: CodeIgniter\Debug\Exceptions->exceptionHandler(Object(CodeIgniter\Exceptions\PageNotFoundException))
#6 {main}
  thrown
【Previous Exception】
CodeIgniter\Exceptions\PageNotFoundException
Can't find a route for 'GET: assets/js/lib/bootstrap.bundle.min.js.map'.
#0 C:\Users\AKU BANGGA JADI IT 2\Documents\RafiChandra\Codeigniter4\bengkel-salsa-motor\vendor\codeigniter4\framework\system\CodeIgniter.php(1024): CodeIgniter\Exceptions\PageNotFoundException::forPageNotFound('Can't find a ro...')
#1 C:\Users\AKU BANGGA JADI IT 2\Documents\RafiChandra\Codeigniter4\bengkel-salsa-motor\vendor\codeigniter4\framework\system\CodeIgniter.php(369): CodeIgniter\CodeIgniter->display404errors(Object(CodeIgniter\Exceptions\PageNotFoundException))
#2 C:\Users\AKU BANGGA JADI IT 2\Documents\RafiChandra\Codeigniter4\bengkel-salsa-motor\vendor\codeigniter4\framework\system\Boot.php(417): CodeIgniter\CodeIgniter->run()
#3 C:\Users\AKU BANGGA JADI IT 2\Documents\RafiChandra\Codeigniter4\bengkel-salsa-motor\vendor\codeigniter4\framework\system\Boot.php(68): CodeIgniter\Boot::runCodeIgniter(Object(CodeIgniter\CodeIgniter))
#4 C:\Users\AKU BANGGA JADI IT 2\Documents\RafiChandra\Codeigniter4\bengkel-salsa-motor\public\index.php(56): CodeIgniter\Boot::bootWeb(Object(Config\Paths))
#5 C:\Users\AKU BANGGA JADI IT 2\Documents\RafiChandra\Codeigniter4\bengkel-salsa-motor\vendor\codeigniter4\framework\system\rewrite.php(44): require_once('C:\\Users\\AKU BA...')
#6 {main}
[Method: GET, Route: assets/js/lib/bootstrap.bundle.min.js.map]
in SYSTEMPATH\Format\JSONFormatter.php on line 44.
 1 [internal function]: CodeIgniter\Debug\Exceptions->shutdownHandler()
DEBUG - 2026-08-13 03:44:53 --> Session: Class initialized using 'CodeIgniter\Session\Handlers\FileHandler' driver.
DEBUG - 2026-08-13 03:44:53 --> Session: Class initialized using 'CodeIgniter\Session\Handlers\FileHandler' driver.
DEBUG - 2026-08-13 03:44:55 --> Session: Class initialized using 'CodeIgniter\Session\Handlers\FileHandler' driver.
DEBUG - 2026-08-13 03:44:56 --> Session: Class initialized using 'CodeIgniter\Session\Handlers\FileHandler' driver.
DEBUG - 2026-08-13 03:45:16 --> Session: Class initialized using 'CodeIgniter\Session\Handlers\FileHandler' driver.
DEBUG - 2026-08-13 03:45:16 --> Session: Class initialized using 'CodeIgniter\Session\Handlers\FileHandler' driver.
DEBUG - 2026-08-13 03:45:19 --> Session: Class initialized using 'CodeIgniter\Session\Handlers\FileHandler' driver.
DEBUG - 2026-08-13 03:45:19 --> Session: Class initialized using 'CodeIgniter\Session\Handlers\FileHandler' driver.
DEBUG - 2026-08-13 03:45:24 --> Session: Class initialized using 'CodeIgniter\Session\Handlers\FileHandler' driver.
CRITICAL - 2026-08-13 03:45:24 --> Exception: Serialization of 'Closure' is not allowed
[Method: POST, Route: admin/satuan/store]
in [no active file] on line 0.
 1 [internal function]: session_write_close()
DEBUG - 2026-08-13 03:45:29 --> Session: Class initialized using 'CodeIgniter\Session\Handlers\FileHandler' driver.
DEBUG - 2026-08-13 03:45:38 --> Session: Class initialized using 'CodeIgniter\Session\Handlers\FileHandler' driver.
DEBUG - 2026-08-13 03:45:38 --> Session: Class initialized using 'CodeIgniter\Session\Handlers\FileHandler' driver.
DEBUG - 2026-08-13 03:45:45 --> Session: Class initialized using 'CodeIgniter\Session\Handlers\FileHandler' driver.
DEBUG - 2026-08-13 03:45:45 --> Session: Class initialized using 'CodeIgniter\Session\Handlers\FileHandler' driver.
DEBUG - 2026-08-13 03:45:47 --> Session: Class initialized using 'CodeIgniter\Session\Handlers\FileHandler' driver.
DEBUG - 2026-08-13 03:45:47 --> Session: Class initialized using 'CodeIgniter\Session\Handlers\FileHandler' driver.
DEBUG - 2026-08-13 03:45:49 --> Session: Class initialized using 'CodeIgniter\Session\Handlers\FileHandler' driver.
DEBUG - 2026-08-13 03:45:52 --> Session: Class initialized using 'CodeIgniter\Session\Handlers\FileHandler' driver.
CRITICAL - 2026-08-13 03:45:52 --> Exception: Serialization of 'Closure' is not allowed
[Method: POST, Route: admin/satuan/store]
in [no active file] on line 0.
 1 [internal function]: session_write_close()
DEBUG - 2026-08-13 03:46:25 --> Session: Class initialized using 'CodeIgniter\Session\Handlers\FileHandler' driver.
DEBUG - 2026-08-13 03:46:28 --> Session: Class initialized using 'CodeIgniter\Session\Handlers\FileHandler' driver.
CRITICAL - 2026-08-13 03:46:28 --> Exception: Serialization of 'Closure' is not allowed
[Method: POST, Route: admin/kategori/store]
in [no active file] on line 0.
 1 [internal function]: session_write_close()
DEBUG - 2026-08-13 03:46:32 --> Session: Class initialized using 'CodeIgniter\Session\Handlers\FileHandler' driver.
DEBUG - 2026-08-13 03:46:34 --> Session: Class initialized using 'CodeIgniter\Session\Handlers\FileHandler' driver.
DEBUG - 2026-08-13 03:46:36 --> Session: Class initialized using 'CodeIgniter\Session\Handlers\FileHandler' driver.
DEBUG - 2026-08-13 03:46:37 --> Session: Class initialized using 'CodeIgniter\Session\Handlers\FileHandler' driver.
DEBUG - 2026-08-13 03:47:10 --> Session: Class initialized using 'CodeIgniter\Session\Handlers\FileHandler' driver.
DEBUG - 2026-08-13 03:47:14 --> Session: Class initialized using 'CodeIgniter\Session\Handlers\FileHandler' driver.
DEBUG - 2026-08-13 03:47:14 --> Session: Class initialized using 'CodeIgniter\Session\Handlers\FileHandler' driver.
DEBUG - 2026-08-13 03:47:17 --> Session: Class initialized using 'CodeIgniter\Session\Handlers\FileHandler' driver.
DEBUG - 2026-08-13 03:47:19 --> Session: Class initialized using 'CodeIgniter\Session\Handlers\FileHandler' driver.
DEBUG - 2026-08-13 03:47:19 --> Session: Class initialized using 'CodeIgniter\Session\Handlers\FileHandler' driver.
DEBUG - 2026-08-13 03:47:20 --> Session: Class initialized using 'CodeIgniter\Session\Handlers\FileHandler' driver.
DEBUG - 2026-08-13 03:47:20 --> Session: Class initialized using 'CodeIgniter\Session\Handlers\FileHandler' driver.
DEBUG - 2026-08-13 03:47:21 --> Session: Class initialized using 'CodeIgniter\Session\Handlers\FileHandler' driver.
DEBUG - 2026-08-13 03:47:21 --> Session: Class initialized using 'CodeIgniter\Session\Handlers\FileHandler' driver.
DEBUG - 2026-08-13 03:47:23 --> Session: Class initialized using 'CodeIgniter\Session\Handlers\FileHandler' driver.
DEBUG - 2026-08-13 03:47:23 --> Session: Class initialized using 'CodeIgniter\Session\Handlers\FileHandler' driver.
DEBUG - 2026-08-13 03:47:24 --> Session: Class initialized using 'CodeIgniter\Session\Handlers\FileHandler' driver.
DEBUG - 2026-08-13 03:47:24 --> Session: Class initialized using 'CodeIgniter\Session\Handlers\FileHandler' driver.
DEBUG - 2026-08-13 03:47:25 --> Session: Class initialized using 'CodeIgniter\Session\Handlers\FileHandler' driver.
DEBUG - 2026-08-13 03:47:25 --> Session: Class initialized using 'CodeIgniter\Session\Handlers\FileHandler' driver.
DEBUG - 2026-08-13 03:47:26 --> Session: Class initialized using 'CodeIgniter\Session\Handlers\FileHandler' driver.
DEBUG - 2026-08-13 03:47:26 --> Session: Class initialized using 'CodeIgniter\Session\Handlers\FileHandler' driver.
DEBUG - 2026-08-13 03:47:32 --> Session: Class initialized using 'CodeIgniter\Session\Handlers\FileHandler' driver.
DEBUG - 2026-08-13 03:47:32 --> Session: Class initialized using 'CodeIgniter\Session\Handlers\FileHandler' driver.
DEBUG - 2026-08-13 03:48:05 --> Session: Class initialized using 'CodeIgniter\Session\Handlers\FileHandler' driver.
DEBUG - 2026-08-13 03:48:05 --> Session: Class initialized using 'CodeIgniter\Session\Handlers\FileHandler' driver.
DEBUG - 2026-08-13 03:50:15 --> Session: Class initialized using 'CodeIgniter\Session\Handlers\FileHandler' driver.
DEBUG - 2026-08-13 03:50:17 --> Session: Class initialized using 'CodeIgniter\Session\Handlers\FileHandler' driver.
CRITICAL - 2026-08-13 03:50:17 --> ErrorException: Undefined property: Config\Format::$jsonEncodeDepth
[Method: POST, Route: admin/kategori/store]
in SYSTEMPATH\Format\JSONFormatter.php on line 44.
 1 SYSTEMPATH\Format\JSONFormatter.php(44): CodeIgniter\Debug\Exceptions->errorHandler(2, 'Undefined property: Config\\Format::$jsonEncodeDepth', 'C:\\Users\\AKU BANGGA JADI IT 2\\Documents\\RafiChandra\\Codeigniter4\\bengkel-salsa-motor\\vendor\\codeigniter4\\framework\\system\\Format\\JSONFormatter.php', 44)
 2 SYSTEMPATH\HTTP\ResponseTrait.php(252): CodeIgniter\Format\JSONFormatter->format([...])
 3 SYSTEMPATH\HTTP\ResponseTrait.php(178): CodeIgniter\HTTP\Response->formatBody([...], 'json')
 4 APPPATH\Controllers\Kategori.php(47): CodeIgniter\HTTP\Response->setJSON([...])
 5 SYSTEMPATH\CodeIgniter.php(974): App\Controllers\Kategori->store()
 6 SYSTEMPATH\CodeIgniter.php(520): CodeIgniter\CodeIgniter->runController(Object(App\Controllers\Kategori))
 7 SYSTEMPATH\CodeIgniter.php(363): CodeIgniter\CodeIgniter->handleRequest(null, Object(Config\Cache), false)
 8 SYSTEMPATH\Boot.php(417): CodeIgniter\CodeIgniter->run()
 9 SYSTEMPATH\Boot.php(68): CodeIgniter\Boot::runCodeIgniter(Object(CodeIgniter\CodeIgniter))
10 FCPATH\index.php(56): CodeIgniter\Boot::bootWeb(Object(Config\Paths))
11 SYSTEMPATH\rewrite.php(44): require_once('C:\\Users\\AKU BANGGA JADI IT 2\\Documents\\RafiChandra\\Codeigniter4\\bengkel-salsa-motor\\public\\index.php')
CRITICAL - 2026-08-13 03:50:17 --> ErrorException: Uncaught ErrorException: Undefined property: Config\Format::$jsonEncodeDepth in C:\Users\AKU BANGGA JADI IT 2\Documents\RafiChandra\Codeigniter4\bengkel-salsa-motor\vendor\codeigniter4\framework\system\Format\JSONFormatter.php:44
Stack trace:
#0 C:\Users\AKU BANGGA JADI IT 2\Documents\RafiChandra\Codeigniter4\bengkel-salsa-motor\vendor\codeigniter4\framework\system\Format\JSONFormatter.php(44): CodeIgniter\Debug\Exceptions->errorHandler(2, 'Undefined prope...', 'C:\\Users\\AKU BA...', 44)
#1 C:\Users\AKU BANGGA JADI IT 2\Documents\RafiChandra\Codeigniter4\bengkel-salsa-motor\vendor\codeigniter4\framework\system\API\ResponseTrait.php(352): CodeIgniter\Format\JSONFormatter->format(Array)
#2 C:\Users\AKU BANGGA JADI IT 2\Documents\RafiChandra\Codeigniter4\bengkel-salsa-motor\vendor\codeigniter4\framework\system\API\ResponseTrait.php(111): CodeIgniter\Debug\ExceptionHandler->format(Array)
#3 C:\Users\AKU BANGGA JADI IT 2\Documents\RafiChandra\Codeigniter4\bengkel-salsa-motor\vendor\codeigniter4\framework\system\Debug\ExceptionHandler.php(95): CodeIgniter\Debug\ExceptionHandler->respond(Array, 500)
#4 C:\Users\AKU BANGGA JADI IT 2\Documents\RafiChandra\Codeigniter4\bengkel-salsa-motor\vendor\codeigniter4\framework\system\Debug\Exceptions.php(151): CodeIgniter\Debug\ExceptionHandler->handle(Object(ErrorException), Object(CodeIgniter\HTTP\IncomingRequest), Object(CodeIgniter\HTTP\Response), 500, 1)
#5 [internal function]: CodeIgniter\Debug\Exceptions->exceptionHandler(Object(ErrorException))
#6 {main}
  thrown
【Previous Exception】
ErrorException
Undefined property: Config\Format::$jsonEncodeDepth
#0 C:\Users\AKU BANGGA JADI IT 2\Documents\RafiChandra\Codeigniter4\bengkel-salsa-motor\vendor\codeigniter4\framework\system\Format\JSONFormatter.php(44): CodeIgniter\Debug\Exceptions->errorHandler(2, 'Undefined prope...', 'C:\\Users\\AKU BA...', 44)
#1 C:\Users\AKU BANGGA JADI IT 2\Documents\RafiChandra\Codeigniter4\bengkel-salsa-motor\vendor\codeigniter4\framework\system\HTTP\ResponseTrait.php(252): CodeIgniter\Format\JSONFormatter->format(Array)
#2 C:\Users\AKU BANGGA JADI IT 2\Documents\RafiChandra\Codeigniter4\bengkel-salsa-motor\vendor\codeigniter4\framework\system\HTTP\ResponseTrait.php(178): CodeIgniter\HTTP\Response->formatBody(Array, 'json')
#3 C:\Users\AKU BANGGA JADI IT 2\Documents\RafiChandra\Codeigniter4\bengkel-salsa-motor\app\Controllers\Kategori.php(47): CodeIgniter\HTTP\Response->setJSON(Array)
#4 C:\Users\AKU BANGGA JADI IT 2\Documents\RafiChandra\Codeigniter4\bengkel-salsa-motor\vendor\codeigniter4\framework\system\CodeIgniter.php(974): App\Controllers\Kategori->store()
#5 C:\Users\AKU BANGGA JADI IT 2\Documents\RafiChandra\Codeigniter4\bengkel-salsa-motor\vendor\codeigniter4\framework\system\CodeIgniter.php(520): CodeIgniter\CodeIgniter->runController(Object(App\Controllers\Kategori))
#6 C:\Users\AKU BANGGA JADI IT 2\Documents\RafiChandra\Codeigniter4\bengkel-salsa-motor\vendor\codeigniter4\framework\system\CodeIgniter.php(363): CodeIgniter\CodeIgniter->handleRequest(NULL, Object(Config\Cache), false)
#7 C:\Users\AKU BANGGA JADI IT 2\Documents\RafiChandra\Codeigniter4\bengkel-salsa-motor\vendor\codeigniter4\framework\system\Boot.php(417): CodeIgniter\CodeIgniter->run()
#8 C:\Users\AKU BANGGA JADI IT 2\Documents\RafiChandra\Codeigniter4\bengkel-salsa-motor\vendor\codeigniter4\framework\system\Boot.php(68): CodeIgniter\Boot::runCodeIgniter(Object(CodeIgniter\CodeIgniter))
#9 C:\Users\AKU BANGGA JADI IT 2\Documents\RafiChandra\Codeigniter4\bengkel-salsa-motor\public\index.php(56): CodeIgniter\Boot::bootWeb(Object(Config\Paths))
#10 C:\Users\AKU BANGGA JADI IT 2\Documents\RafiChandra\Codeigniter4\bengkel-salsa-motor\vendor\codeigniter4\framework\system\rewrite.php(44): require_once('C:\\Users\\AKU BA...')
#11 {main}
[Method: POST, Route: admin/kategori/store]
in SYSTEMPATH\Format\JSONFormatter.php on line 44.
 1 [internal function]: CodeIgniter\Debug\Exceptions->shutdownHandler()
DEBUG - 2026-08-13 03:50:35 --> Session: Class initialized using 'CodeIgniter\Session\Handlers\FileHandler' driver.
DEBUG - 2026-08-13 03:50:37 --> Session: Class initialized using 'CodeIgniter\Session\Handlers\FileHandler' driver.
CRITICAL - 2026-08-13 03:50:37 --> ErrorException: Undefined property: Config\Format::$jsonEncodeDepth
[Method: POST, Route: admin/satuan/store]
in SYSTEMPATH\Format\JSONFormatter.php on line 44.
 1 SYSTEMPATH\Format\JSONFormatter.php(44): CodeIgniter\Debug\Exceptions->errorHandler(2, 'Undefined property: Config\\Format::$jsonEncodeDepth', 'C:\\Users\\AKU BANGGA JADI IT 2\\Documents\\RafiChandra\\Codeigniter4\\bengkel-salsa-motor\\vendor\\codeigniter4\\framework\\system\\Format\\JSONFormatter.php', 44)
 2 SYSTEMPATH\HTTP\ResponseTrait.php(252): CodeIgniter\Format\JSONFormatter->format([...])
 3 SYSTEMPATH\HTTP\ResponseTrait.php(178): CodeIgniter\HTTP\Response->formatBody([...], 'json')
 4 APPPATH\Controllers\Satuan.php(47): CodeIgniter\HTTP\Response->setJSON([...])
 5 SYSTEMPATH\CodeIgniter.php(974): App\Controllers\Satuan->store()
 6 SYSTEMPATH\CodeIgniter.php(520): CodeIgniter\CodeIgniter->runController(Object(App\Controllers\Satuan))
 7 SYSTEMPATH\CodeIgniter.php(363): CodeIgniter\CodeIgniter->handleRequest(null, Object(Config\Cache), false)
 8 SYSTEMPATH\Boot.php(417): CodeIgniter\CodeIgniter->run()
 9 SYSTEMPATH\Boot.php(68): CodeIgniter\Boot::runCodeIgniter(Object(CodeIgniter\CodeIgniter))
10 FCPATH\index.php(56): CodeIgniter\Boot::bootWeb(Object(Config\Paths))
11 SYSTEMPATH\rewrite.php(44): require_once('C:\\Users\\AKU BANGGA JADI IT 2\\Documents\\RafiChandra\\Codeigniter4\\bengkel-salsa-motor\\public\\index.php')
CRITICAL - 2026-08-13 03:50:37 --> ErrorException: Uncaught ErrorException: Undefined property: Config\Format::$jsonEncodeDepth in C:\Users\AKU BANGGA JADI IT 2\Documents\RafiChandra\Codeigniter4\bengkel-salsa-motor\vendor\codeigniter4\framework\system\Format\JSONFormatter.php:44
Stack trace:
#0 C:\Users\AKU BANGGA JADI IT 2\Documents\RafiChandra\Codeigniter4\bengkel-salsa-motor\vendor\codeigniter4\framework\system\Format\JSONFormatter.php(44): CodeIgniter\Debug\Exceptions->errorHandler(2, 'Undefined prope...', 'C:\\Users\\AKU BA...', 44)
#1 C:\Users\AKU BANGGA JADI IT 2\Documents\RafiChandra\Codeigniter4\bengkel-salsa-motor\vendor\codeigniter4\framework\system\API\ResponseTrait.php(352): CodeIgniter\Format\JSONFormatter->format(Array)
#2 C:\Users\AKU BANGGA JADI IT 2\Documents\RafiChandra\Codeigniter4\bengkel-salsa-motor\vendor\codeigniter4\framework\system\API\ResponseTrait.php(111): CodeIgniter\Debug\ExceptionHandler->format(Array)
#3 C:\Users\AKU BANGGA JADI IT 2\Documents\RafiChandra\Codeigniter4\bengkel-salsa-motor\vendor\codeigniter4\framework\system\Debug\ExceptionHandler.php(95): CodeIgniter\Debug\ExceptionHandler->respond(Array, 500)
#4 C:\Users\AKU BANGGA JADI IT 2\Documents\RafiChandra\Codeigniter4\bengkel-salsa-motor\vendor\codeigniter4\framework\system\Debug\Exceptions.php(151): CodeIgniter\Debug\ExceptionHandler->handle(Object(ErrorException), Object(CodeIgniter\HTTP\IncomingRequest), Object(CodeIgniter\HTTP\Response), 500, 1)
#5 [internal function]: CodeIgniter\Debug\Exceptions->exceptionHandler(Object(ErrorException))
#6 {main}
  thrown
【Previous Exception】
ErrorException
Undefined property: Config\Format::$jsonEncodeDepth
#0 C:\Users\AKU BANGGA JADI IT 2\Documents\RafiChandra\Codeigniter4\bengkel-salsa-motor\vendor\codeigniter4\framework\system\Format\JSONFormatter.php(44): CodeIgniter\Debug\Exceptions->errorHandler(2, 'Undefined prope...', 'C:\\Users\\AKU BA...', 44)
#1 C:\Users\AKU BANGGA JADI IT 2\Documents\RafiChandra\Codeigniter4\bengkel-salsa-motor\vendor\codeigniter4\framework\system\HTTP\ResponseTrait.php(252): CodeIgniter\Format\JSONFormatter->format(Array)
#2 C:\Users\AKU BANGGA JADI IT 2\Documents\RafiChandra\Codeigniter4\bengkel-salsa-motor\vendor\codeigniter4\framework\system\HTTP\ResponseTrait.php(178): CodeIgniter\HTTP\Response->formatBody(Array, 'json')
#3 C:\Users\AKU BANGGA JADI IT 2\Documents\RafiChandra\Codeigniter4\bengkel-salsa-motor\app\Controllers\Satuan.php(47): CodeIgniter\HTTP\Response->setJSON(Array)
#4 C:\Users\AKU BANGGA JADI IT 2\Documents\RafiChandra\Codeigniter4\bengkel-salsa-motor\vendor\codeigniter4\framework\system\CodeIgniter.php(974): App\Controllers\Satuan->store()
#5 C:\Users\AKU BANGGA JADI IT 2\Documents\RafiChandra\Codeigniter4\bengkel-salsa-motor\vendor\codeigniter4\framework\system\CodeIgniter.php(520): CodeIgniter\CodeIgniter->runController(Object(App\Controllers\Satuan))
#6 C:\Users\AKU BANGGA JADI IT 2\Documents\RafiChandra\Codeigniter4\bengkel-salsa-motor\vendor\codeigniter4\framework\system\CodeIgniter.php(363): CodeIgniter\CodeIgniter->handleRequest(NULL, Object(Config\Cache), false)
#7 C:\Users\AKU BANGGA JADI IT 2\Documents\RafiChandra\Codeigniter4\bengkel-salsa-motor\vendor\codeigniter4\framework\system\Boot.php(417): CodeIgniter\CodeIgniter->run()
#8 C:\Users\AKU BANGGA JADI IT 2\Documents\RafiChandra\Codeigniter4\bengkel-salsa-motor\vendor\codeigniter4\framework\system\Boot.php(68): CodeIgniter\Boot::runCodeIgniter(Object(CodeIgniter\CodeIgniter))
#9 C:\Users\AKU BANGGA JADI IT 2\Documents\RafiChandra\Codeigniter4\bengkel-salsa-motor\public\index.php(56): CodeIgniter\Boot::bootWeb(Object(Config\Paths))
#10 C:\Users\AKU BANGGA JADI IT 2\Documents\RafiChandra\Codeigniter4\bengkel-salsa-motor\vendor\codeigniter4\framework\system\rewrite.php(44): require_once('C:\\Users\\AKU BA...')
#11 {main}
[Method: POST, Route: admin/satuan/store]
in SYSTEMPATH\Format\JSONFormatter.php on line 44.
 1 [internal function]: CodeIgniter\Debug\Exceptions->shutdownHandler()
DEBUG - 2026-08-13 04:11:47 --> Session: Class initialized using 'CodeIgniter\Session\Handlers\FileHandler' driver.
DEBUG - 2026-08-13 04:11:52 --> Session: Class initialized using 'CodeIgniter\Session\Handlers\FileHandler' driver.
DEBUG - 2026-08-13 04:11:59 --> Session: Class initialized using 'CodeIgniter\Session\Handlers\FileHandler' driver.
DEBUG - 2026-08-13 04:12:02 --> Session: Class initialized using 'CodeIgniter\Session\Handlers\FileHandler' driver.
DEBUG - 2026-08-13 04:12:04 --> Session: Class initialized using 'CodeIgniter\Session\Handlers\FileHandler' driver.
DEBUG - 2026-08-13 04:12:08 --> Session: Class initialized using 'CodeIgniter\Session\Handlers\FileHandler' driver.
DEBUG - 2026-08-13 04:12:09 --> Session: Class initialized using 'CodeIgniter\Session\Handlers\FileHandler' driver.
DEBUG - 2026-08-13 04:12:56 --> Session: Class initialized using 'CodeIgniter\Session\Handlers\FileHandler' driver.
DEBUG - 2026-08-13 04:14:13 --> Session: Class initialized using 'CodeIgniter\Session\Handlers\FileHandler' driver.
DEBUG - 2026-08-13 04:14:20 --> Session: Class initialized using 'CodeIgniter\Session\Handlers\FileHandler' driver.
DEBUG - 2026-08-13 04:14:37 --> Session: Class initialized using 'CodeIgniter\Session\Handlers\FileHandler' driver.
DEBUG - 2026-08-13 04:14:41 --> Session: Class initialized using 'CodeIgniter\Session\Handlers\FileHandler' driver.
DEBUG - 2026-08-13 04:14:41 --> Session: Class initialized using 'CodeIgniter\Session\Handlers\FileHandler' driver.
DEBUG - 2026-08-13 04:14:47 --> Session: Class initialized using 'CodeIgniter\Session\Handlers\FileHandler' driver.
DEBUG - 2026-08-13 04:14:48 --> Session: Class initialized using 'CodeIgniter\Session\Handlers\FileHandler' driver.
DEBUG - 2026-08-13 04:15:03 --> Session: Class initialized using 'CodeIgniter\Session\Handlers\FileHandler' driver.
DEBUG - 2026-08-13 04:15:09 --> Session: Class initialized using 'CodeIgniter\Session\Handlers\FileHandler' driver.
DEBUG - 2026-08-13 04:15:10 --> Session: Class initialized using 'CodeIgniter\Session\Handlers\FileHandler' driver.
DEBUG - 2026-08-13 04:15:13 --> Session: Class initialized using 'CodeIgniter\Session\Handlers\FileHandler' driver.
DEBUG - 2026-08-13 04:15:15 --> Session: Class initialized using 'CodeIgniter\Session\Handlers\FileHandler' driver.
DEBUG - 2026-08-13 04:15:48 --> Session: Class initialized using 'CodeIgniter\Session\Handlers\FileHandler' driver.
DEBUG - 2026-08-13 04:15:49 --> Session: Class initialized using 'CodeIgniter\Session\Handlers\FileHandler' driver.
DEBUG - 2026-08-13 04:15:50 --> Session: Class initialized using 'CodeIgniter\Session\Handlers\FileHandler' driver.
DEBUG - 2026-08-13 04:16:08 --> Session: Class initialized using 'CodeIgniter\Session\Handlers\FileHandler' driver.
DEBUG - 2026-08-13 04:16:32 --> Session: Class initialized using 'CodeIgniter\Session\Handlers\FileHandler' driver.
DEBUG - 2026-08-13 04:16:33 --> Session: Class initialized using 'CodeIgniter\Session\Handlers\FileHandler' driver.
DEBUG - 2026-08-13 04:16:34 --> Session: Class initialized using 'CodeIgniter\Session\Handlers\FileHandler' driver.
DEBUG - 2026-08-13 04:16:34 --> Session: Class initialized using 'CodeIgniter\Session\Handlers\FileHandler' driver.
DEBUG - 2026-08-13 04:16:35 --> Session: Class initialized using 'CodeIgniter\Session\Handlers\FileHandler' driver.
DEBUG - 2026-08-13 04:16:36 --> Session: Class initialized using 'CodeIgniter\Session\Handlers\FileHandler' driver.
DEBUG - 2026-08-13 04:16:36 --> Session: Class initialized using 'CodeIgniter\Session\Handlers\FileHandler' driver.
DEBUG - 2026-08-13 04:16:37 --> Session: Class initialized using 'CodeIgniter\Session\Handlers\FileHandler' driver.
DEBUG - 2026-08-13 04:16:38 --> Session: Class initialized using 'CodeIgniter\Session\Handlers\FileHandler' driver.
DEBUG - 2026-08-13 04:16:38 --> Session: Class initialized using 'CodeIgniter\Session\Handlers\FileHandler' driver.
DEBUG - 2026-08-13 04:16:39 --> Session: Class initialized using 'CodeIgniter\Session\Handlers\FileHandler' driver.
DEBUG - 2026-08-13 04:16:42 --> Session: Class initialized using 'CodeIgniter\Session\Handlers\FileHandler' driver.
DEBUG - 2026-08-13 04:16:42 --> Session: Class initialized using 'CodeIgniter\Session\Handlers\FileHandler' driver.
DEBUG - 2026-08-13 04:16:43 --> Session: Class initialized using 'CodeIgniter\Session\Handlers\FileHandler' driver.
DEBUG - 2026-08-13 04:16:43 --> Session: Class initialized using 'CodeIgniter\Session\Handlers\FileHandler' driver.
DEBUG - 2026-08-13 04:16:44 --> Session: Class initialized using 'CodeIgniter\Session\Handlers\FileHandler' driver.
DEBUG - 2026-08-13 04:16:46 --> Session: Class initialized using 'CodeIgniter\Session\Handlers\FileHandler' driver.
DEBUG - 2026-08-13 04:17:06 --> Session: Class initialized using 'CodeIgniter\Session\Handlers\FileHandler' driver.
DEBUG - 2026-08-13 04:17:22 --> Session: Class initialized using 'CodeIgniter\Session\Handlers\FileHandler' driver.
DEBUG - 2026-08-13 04:17:26 --> Session: Class initialized using 'CodeIgniter\Session\Handlers\FileHandler' driver.
DEBUG - 2026-08-13 04:17:27 --> Session: Class initialized using 'CodeIgniter\Session\Handlers\FileHandler' driver.
DEBUG - 2026-08-13 04:17:31 --> Session: Class initialized using 'CodeIgniter\Session\Handlers\FileHandler' driver.
DEBUG - 2026-08-13 04:17:32 --> Session: Class initialized using 'CodeIgniter\Session\Handlers\FileHandler' driver.
DEBUG - 2026-08-13 04:17:33 --> Session: Class initialized using 'CodeIgniter\Session\Handlers\FileHandler' driver.
DEBUG - 2026-08-13 04:19:24 --> Session: Class initialized using 'CodeIgniter\Session\Handlers\FileHandler' driver.
CRITICAL - 2026-08-13 04:19:24 --> ErrorException: Undefined variable $kategori
[Method: GET, Route: admin/barang]
in APPPATH\Views\page\content\form\barang\index.php on line 275.
 1 APPPATH\Views\page\content\form\barang\index.php(275): CodeIgniter\Debug\Exceptions->errorHandler(2, 'Undefined variable $kategori', 'C:\\Users\\AKU BANGGA JADI IT 2\\Documents\\RafiChandra\\Codeigniter4\\bengkel-salsa-motor\\app\\Views\\page\\content\\form\\barang\\index.php', 275)
 2 SYSTEMPATH\View\View.php(240): include('C:\\Users\\AKU BANGGA JADI IT 2\\Documents\\RafiChandra\\Codeigniter4\\bengkel-salsa-motor\\app\\Views\\page\\content\\form\\barang\\index.php')
 3 SYSTEMPATH\View\View.php(243): CodeIgniter\View\View->{closure:CodeIgniter\View\View::render():237}()
 4 SYSTEMPATH\Common.php(1268): CodeIgniter\View\View->render('page/content/form/barang/index', [], true)
 5 APPPATH\Controllers\Barang.php(29): view('page/content/form/barang/index', [...])
 6 SYSTEMPATH\CodeIgniter.php(974): App\Controllers\Barang->index()
 7 SYSTEMPATH\CodeIgniter.php(520): CodeIgniter\CodeIgniter->runController(Object(App\Controllers\Barang))
 8 SYSTEMPATH\CodeIgniter.php(363): CodeIgniter\CodeIgniter->handleRequest(null, Object(Config\Cache), false)
 9 SYSTEMPATH\Boot.php(417): CodeIgniter\CodeIgniter->run()
10 SYSTEMPATH\Boot.php(68): CodeIgniter\Boot::runCodeIgniter(Object(CodeIgniter\CodeIgniter))
11 FCPATH\index.php(56): CodeIgniter\Boot::bootWeb(Object(Config\Paths))
12 SYSTEMPATH\rewrite.php(44): require_once('C:\\Users\\AKU BANGGA JADI IT 2\\Documents\\RafiChandra\\Codeigniter4\\bengkel-salsa-motor\\public\\index.php')
DEBUG - 2026-08-13 04:19:25 --> Session: Class initialized using 'CodeIgniter\Session\Handlers\FileHandler' driver.
CRITICAL - 2026-08-13 04:19:25 --> ErrorException: Undefined variable $kategori
[Method: GET, Route: admin/barang]
in APPPATH\Views\page\content\form\barang\index.php on line 275.
 1 APPPATH\Views\page\content\form\barang\index.php(275): CodeIgniter\Debug\Exceptions->errorHandler(2, 'Undefined variable $kategori', 'C:\\Users\\AKU BANGGA JADI IT 2\\Documents\\RafiChandra\\Codeigniter4\\bengkel-salsa-motor\\app\\Views\\page\\content\\form\\barang\\index.php', 275)
 2 SYSTEMPATH\View\View.php(240): include('C:\\Users\\AKU BANGGA JADI IT 2\\Documents\\RafiChandra\\Codeigniter4\\bengkel-salsa-motor\\app\\Views\\page\\content\\form\\barang\\index.php')
 3 SYSTEMPATH\View\View.php(243): CodeIgniter\View\View->{closure:CodeIgniter\View\View::render():237}()
 4 SYSTEMPATH\Common.php(1268): CodeIgniter\View\View->render('page/content/form/barang/index', [], true)
 5 APPPATH\Controllers\Barang.php(29): view('page/content/form/barang/index', [...])
 6 SYSTEMPATH\CodeIgniter.php(974): App\Controllers\Barang->index()
 7 SYSTEMPATH\CodeIgniter.php(520): CodeIgniter\CodeIgniter->runController(Object(App\Controllers\Barang))
 8 SYSTEMPATH\CodeIgniter.php(363): CodeIgniter\CodeIgniter->handleRequest(null, Object(Config\Cache), false)
 9 SYSTEMPATH\Boot.php(417): CodeIgniter\CodeIgniter->run()
10 SYSTEMPATH\Boot.php(68): CodeIgniter\Boot::runCodeIgniter(Object(CodeIgniter\CodeIgniter))
11 FCPATH\index.php(56): CodeIgniter\Boot::bootWeb(Object(Config\Paths))
12 SYSTEMPATH\rewrite.php(44): require_once('C:\\Users\\AKU BANGGA JADI IT 2\\Documents\\RafiChandra\\Codeigniter4\\bengkel-salsa-motor\\public\\index.php')
DEBUG - 2026-08-13 04:19:25 --> Session: Class initialized using 'CodeIgniter\Session\Handlers\FileHandler' driver.
CRITICAL - 2026-08-13 04:19:25 --> ErrorException: Undefined variable $kategori
[Method: GET, Route: admin/barang]
in APPPATH\Views\page\content\form\barang\index.php on line 275.
 1 APPPATH\Views\page\content\form\barang\index.php(275): CodeIgniter\Debug\Exceptions->errorHandler(2, 'Undefined variable $kategori', 'C:\\Users\\AKU BANGGA JADI IT 2\\Documents\\RafiChandra\\Codeigniter4\\bengkel-salsa-motor\\app\\Views\\page\\content\\form\\barang\\index.php', 275)
 2 SYSTEMPATH\View\View.php(240): include('C:\\Users\\AKU BANGGA JADI IT 2\\Documents\\RafiChandra\\Codeigniter4\\bengkel-salsa-motor\\app\\Views\\page\\content\\form\\barang\\index.php')
 3 SYSTEMPATH\View\View.php(243): CodeIgniter\View\View->{closure:CodeIgniter\View\View::render():237}()
 4 SYSTEMPATH\Common.php(1268): CodeIgniter\View\View->render('page/content/form/barang/index', [], true)
 5 APPPATH\Controllers\Barang.php(29): view('page/content/form/barang/index', [...])
 6 SYSTEMPATH\CodeIgniter.php(974): App\Controllers\Barang->index()
 7 SYSTEMPATH\CodeIgniter.php(520): CodeIgniter\CodeIgniter->runController(Object(App\Controllers\Barang))
 8 SYSTEMPATH\CodeIgniter.php(363): CodeIgniter\CodeIgniter->handleRequest(null, Object(Config\Cache), false)
 9 SYSTEMPATH\Boot.php(417): CodeIgniter\CodeIgniter->run()
10 SYSTEMPATH\Boot.php(68): CodeIgniter\Boot::runCodeIgniter(Object(CodeIgniter\CodeIgniter))
11 FCPATH\index.php(56): CodeIgniter\Boot::bootWeb(Object(Config\Paths))
12 SYSTEMPATH\rewrite.php(44): require_once('C:\\Users\\AKU BANGGA JADI IT 2\\Documents\\RafiChandra\\Codeigniter4\\bengkel-salsa-motor\\public\\index.php')
DEBUG - 2026-08-13 04:19:25 --> Session: Class initialized using 'CodeIgniter\Session\Handlers\FileHandler' driver.
CRITICAL - 2026-08-13 04:19:25 --> ErrorException: Undefined variable $kategori
[Method: GET, Route: admin/barang]
in APPPATH\Views\page\content\form\barang\index.php on line 275.
 1 APPPATH\Views\page\content\form\barang\index.php(275): CodeIgniter\Debug\Exceptions->errorHandler(2, 'Undefined variable $kategori', 'C:\\Users\\AKU BANGGA JADI IT 2\\Documents\\RafiChandra\\Codeigniter4\\bengkel-salsa-motor\\app\\Views\\page\\content\\form\\barang\\index.php', 275)
 2 SYSTEMPATH\View\View.php(240): include('C:\\Users\\AKU BANGGA JADI IT 2\\Documents\\RafiChandra\\Codeigniter4\\bengkel-salsa-motor\\app\\Views\\page\\content\\form\\barang\\index.php')
 3 SYSTEMPATH\View\View.php(243): CodeIgniter\View\View->{closure:CodeIgniter\View\View::render():237}()
 4 SYSTEMPATH\Common.php(1268): CodeIgniter\View\View->render('page/content/form/barang/index', [], true)
 5 APPPATH\Controllers\Barang.php(29): view('page/content/form/barang/index', [...])
 6 SYSTEMPATH\CodeIgniter.php(974): App\Controllers\Barang->index()
 7 SYSTEMPATH\CodeIgniter.php(520): CodeIgniter\CodeIgniter->runController(Object(App\Controllers\Barang))
 8 SYSTEMPATH\CodeIgniter.php(363): CodeIgniter\CodeIgniter->handleRequest(null, Object(Config\Cache), false)
 9 SYSTEMPATH\Boot.php(417): CodeIgniter\CodeIgniter->run()
10 SYSTEMPATH\Boot.php(68): CodeIgniter\Boot::runCodeIgniter(Object(CodeIgniter\CodeIgniter))
11 FCPATH\index.php(56): CodeIgniter\Boot::bootWeb(Object(Config\Paths))
12 SYSTEMPATH\rewrite.php(44): require_once('C:\\Users\\AKU BANGGA JADI IT 2\\Documents\\RafiChandra\\Codeigniter4\\bengkel-salsa-motor\\public\\index.php')
DEBUG - 2026-08-13 04:19:25 --> Session: Class initialized using 'CodeIgniter\Session\Handlers\FileHandler' driver.
CRITICAL - 2026-08-13 04:19:25 --> ErrorException: Undefined variable $kategori
[Method: GET, Route: admin/barang]
in APPPATH\Views\page\content\form\barang\index.php on line 275.
 1 APPPATH\Views\page\content\form\barang\index.php(275): CodeIgniter\Debug\Exceptions->errorHandler(2, 'Undefined variable $kategori', 'C:\\Users\\AKU BANGGA JADI IT 2\\Documents\\RafiChandra\\Codeigniter4\\bengkel-salsa-motor\\app\\Views\\page\\content\\form\\barang\\index.php', 275)
 2 SYSTEMPATH\View\View.php(240): include('C:\\Users\\AKU BANGGA JADI IT 2\\Documents\\RafiChandra\\Codeigniter4\\bengkel-salsa-motor\\app\\Views\\page\\content\\form\\barang\\index.php')
 3 SYSTEMPATH\View\View.php(243): CodeIgniter\View\View->{closure:CodeIgniter\View\View::render():237}()
 4 SYSTEMPATH\Common.php(1268): CodeIgniter\View\View->render('page/content/form/barang/index', [], true)
 5 APPPATH\Controllers\Barang.php(29): view('page/content/form/barang/index', [...])
 6 SYSTEMPATH\CodeIgniter.php(974): App\Controllers\Barang->index()
 7 SYSTEMPATH\CodeIgniter.php(520): CodeIgniter\CodeIgniter->runController(Object(App\Controllers\Barang))
 8 SYSTEMPATH\CodeIgniter.php(363): CodeIgniter\CodeIgniter->handleRequest(null, Object(Config\Cache), false)
 9 SYSTEMPATH\Boot.php(417): CodeIgniter\CodeIgniter->run()
10 SYSTEMPATH\Boot.php(68): CodeIgniter\Boot::runCodeIgniter(Object(CodeIgniter\CodeIgniter))
11 FCPATH\index.php(56): CodeIgniter\Boot::bootWeb(Object(Config\Paths))
12 SYSTEMPATH\rewrite.php(44): require_once('C:\\Users\\AKU BANGGA JADI IT 2\\Documents\\RafiChandra\\Codeigniter4\\bengkel-salsa-motor\\public\\index.php')
DEBUG - 2026-08-13 04:19:26 --> Session: Class initialized using 'CodeIgniter\Session\Handlers\FileHandler' driver.
CRITICAL - 2026-08-13 04:19:26 --> ErrorException: Undefined variable $kategori
[Method: GET, Route: admin/barang]
in APPPATH\Views\page\content\form\barang\index.php on line 275.
 1 APPPATH\Views\page\content\form\barang\index.php(275): CodeIgniter\Debug\Exceptions->errorHandler(2, 'Undefined variable $kategori', 'C:\\Users\\AKU BANGGA JADI IT 2\\Documents\\RafiChandra\\Codeigniter4\\bengkel-salsa-motor\\app\\Views\\page\\content\\form\\barang\\index.php', 275)
 2 SYSTEMPATH\View\View.php(240): include('C:\\Users\\AKU BANGGA JADI IT 2\\Documents\\RafiChandra\\Codeigniter4\\bengkel-salsa-motor\\app\\Views\\page\\content\\form\\barang\\index.php')
 3 SYSTEMPATH\View\View.php(243): CodeIgniter\View\View->{closure:CodeIgniter\View\View::render():237}()
 4 SYSTEMPATH\Common.php(1268): CodeIgniter\View\View->render('page/content/form/barang/index', [], true)
 5 APPPATH\Controllers\Barang.php(29): view('page/content/form/barang/index', [...])
 6 SYSTEMPATH\CodeIgniter.php(974): App\Controllers\Barang->index()
 7 SYSTEMPATH\CodeIgniter.php(520): CodeIgniter\CodeIgniter->runController(Object(App\Controllers\Barang))
 8 SYSTEMPATH\CodeIgniter.php(363): CodeIgniter\CodeIgniter->handleRequest(null, Object(Config\Cache), false)
 9 SYSTEMPATH\Boot.php(417): CodeIgniter\CodeIgniter->run()
10 SYSTEMPATH\Boot.php(68): CodeIgniter\Boot::runCodeIgniter(Object(CodeIgniter\CodeIgniter))
11 FCPATH\index.php(56): CodeIgniter\Boot::bootWeb(Object(Config\Paths))
12 SYSTEMPATH\rewrite.php(44): require_once('C:\\Users\\AKU BANGGA JADI IT 2\\Documents\\RafiChandra\\Codeigniter4\\bengkel-salsa-motor\\public\\index.php')
DEBUG - 2026-08-13 04:19:26 --> Session: Class initialized using 'CodeIgniter\Session\Handlers\FileHandler' driver.
CRITICAL - 2026-08-13 04:19:26 --> ErrorException: Undefined variable $kategori
[Method: GET, Route: admin/barang]
in APPPATH\Views\page\content\form\barang\index.php on line 275.
 1 APPPATH\Views\page\content\form\barang\index.php(275): CodeIgniter\Debug\Exceptions->errorHandler(2, 'Undefined variable $kategori', 'C:\\Users\\AKU BANGGA JADI IT 2\\Documents\\RafiChandra\\Codeigniter4\\bengkel-salsa-motor\\app\\Views\\page\\content\\form\\barang\\index.php', 275)
 2 SYSTEMPATH\View\View.php(240): include('C:\\Users\\AKU BANGGA JADI IT 2\\Documents\\RafiChandra\\Codeigniter4\\bengkel-salsa-motor\\app\\Views\\page\\content\\form\\barang\\index.php')
 3 SYSTEMPATH\View\View.php(243): CodeIgniter\View\View->{closure:CodeIgniter\View\View::render():237}()
 4 SYSTEMPATH\Common.php(1268): CodeIgniter\View\View->render('page/content/form/barang/index', [], true)
 5 APPPATH\Controllers\Barang.php(29): view('page/content/form/barang/index', [...])
 6 SYSTEMPATH\CodeIgniter.php(974): App\Controllers\Barang->index()
 7 SYSTEMPATH\CodeIgniter.php(520): CodeIgniter\CodeIgniter->runController(Object(App\Controllers\Barang))
 8 SYSTEMPATH\CodeIgniter.php(363): CodeIgniter\CodeIgniter->handleRequest(null, Object(Config\Cache), false)
 9 SYSTEMPATH\Boot.php(417): CodeIgniter\CodeIgniter->run()
10 SYSTEMPATH\Boot.php(68): CodeIgniter\Boot::runCodeIgniter(Object(CodeIgniter\CodeIgniter))
11 FCPATH\index.php(56): CodeIgniter\Boot::bootWeb(Object(Config\Paths))
12 SYSTEMPATH\rewrite.php(44): require_once('C:\\Users\\AKU BANGGA JADI IT 2\\Documents\\RafiChandra\\Codeigniter4\\bengkel-salsa-motor\\public\\index.php')
DEBUG - 2026-08-13 04:19:26 --> Session: Class initialized using 'CodeIgniter\Session\Handlers\FileHandler' driver.
CRITICAL - 2026-08-13 04:19:26 --> ErrorException: Undefined variable $kategori
[Method: GET, Route: admin/barang]
in APPPATH\Views\page\content\form\barang\index.php on line 275.
 1 APPPATH\Views\page\content\form\barang\index.php(275): CodeIgniter\Debug\Exceptions->errorHandler(2, 'Undefined variable $kategori', 'C:\\Users\\AKU BANGGA JADI IT 2\\Documents\\RafiChandra\\Codeigniter4\\bengkel-salsa-motor\\app\\Views\\page\\content\\form\\barang\\index.php', 275)
 2 SYSTEMPATH\View\View.php(240): include('C:\\Users\\AKU BANGGA JADI IT 2\\Documents\\RafiChandra\\Codeigniter4\\bengkel-salsa-motor\\app\\Views\\page\\content\\form\\barang\\index.php')
 3 SYSTEMPATH\View\View.php(243): CodeIgniter\View\View->{closure:CodeIgniter\View\View::render():237}()
 4 SYSTEMPATH\Common.php(1268): CodeIgniter\View\View->render('page/content/form/barang/index', [], true)
 5 APPPATH\Controllers\Barang.php(29): view('page/content/form/barang/index', [...])
 6 SYSTEMPATH\CodeIgniter.php(974): App\Controllers\Barang->index()
 7 SYSTEMPATH\CodeIgniter.php(520): CodeIgniter\CodeIgniter->runController(Object(App\Controllers\Barang))
 8 SYSTEMPATH\CodeIgniter.php(363): CodeIgniter\CodeIgniter->handleRequest(null, Object(Config\Cache), false)
 9 SYSTEMPATH\Boot.php(417): CodeIgniter\CodeIgniter->run()
10 SYSTEMPATH\Boot.php(68): CodeIgniter\Boot::runCodeIgniter(Object(CodeIgniter\CodeIgniter))
11 FCPATH\index.php(56): CodeIgniter\Boot::bootWeb(Object(Config\Paths))
12 SYSTEMPATH\rewrite.php(44): require_once('C:\\Users\\AKU BANGGA JADI IT 2\\Documents\\RafiChandra\\Codeigniter4\\bengkel-salsa-motor\\public\\index.php')
DEBUG - 2026-08-13 04:19:26 --> Session: Class initialized using 'CodeIgniter\Session\Handlers\FileHandler' driver.
CRITICAL - 2026-08-13 04:19:26 --> ErrorException: Undefined variable $kategori
[Method: GET, Route: admin/barang]
in APPPATH\Views\page\content\form\barang\index.php on line 275.
 1 APPPATH\Views\page\content\form\barang\index.php(275): CodeIgniter\Debug\Exceptions->errorHandler(2, 'Undefined variable $kategori', 'C:\\Users\\AKU BANGGA JADI IT 2\\Documents\\RafiChandra\\Codeigniter4\\bengkel-salsa-motor\\app\\Views\\page\\content\\form\\barang\\index.php', 275)
 2 SYSTEMPATH\View\View.php(240): include('C:\\Users\\AKU BANGGA JADI IT 2\\Documents\\RafiChandra\\Codeigniter4\\bengkel-salsa-motor\\app\\Views\\page\\content\\form\\barang\\index.php')
 3 SYSTEMPATH\View\View.php(243): CodeIgniter\View\View->{closure:CodeIgniter\View\View::render():237}()
 4 SYSTEMPATH\Common.php(1268): CodeIgniter\View\View->render('page/content/form/barang/index', [], true)
 5 APPPATH\Controllers\Barang.php(29): view('page/content/form/barang/index', [...])
 6 SYSTEMPATH\CodeIgniter.php(974): App\Controllers\Barang->index()
 7 SYSTEMPATH\CodeIgniter.php(520): CodeIgniter\CodeIgniter->runController(Object(App\Controllers\Barang))
 8 SYSTEMPATH\CodeIgniter.php(363): CodeIgniter\CodeIgniter->handleRequest(null, Object(Config\Cache), false)
 9 SYSTEMPATH\Boot.php(417): CodeIgniter\CodeIgniter->run()
10 SYSTEMPATH\Boot.php(68): CodeIgniter\Boot::runCodeIgniter(Object(CodeIgniter\CodeIgniter))
11 FCPATH\index.php(56): CodeIgniter\Boot::bootWeb(Object(Config\Paths))
12 SYSTEMPATH\rewrite.php(44): require_once('C:\\Users\\AKU BANGGA JADI IT 2\\Documents\\RafiChandra\\Codeigniter4\\bengkel-salsa-motor\\public\\index.php')
DEBUG - 2026-08-13 04:19:26 --> Session: Class initialized using 'CodeIgniter\Session\Handlers\FileHandler' driver.
CRITICAL - 2026-08-13 04:19:26 --> ErrorException: Undefined variable $kategori
[Method: GET, Route: admin/barang]
in APPPATH\Views\page\content\form\barang\index.php on line 275.
 1 APPPATH\Views\page\content\form\barang\index.php(275): CodeIgniter\Debug\Exceptions->errorHandler(2, 'Undefined variable $kategori', 'C:\\Users\\AKU BANGGA JADI IT 2\\Documents\\RafiChandra\\Codeigniter4\\bengkel-salsa-motor\\app\\Views\\page\\content\\form\\barang\\index.php', 275)
 2 SYSTEMPATH\View\View.php(240): include('C:\\Users\\AKU BANGGA JADI IT 2\\Documents\\RafiChandra\\Codeigniter4\\bengkel-salsa-motor\\app\\Views\\page\\content\\form\\barang\\index.php')
 3 SYSTEMPATH\View\View.php(243): CodeIgniter\View\View->{closure:CodeIgniter\View\View::render():237}()
 4 SYSTEMPATH\Common.php(1268): CodeIgniter\View\View->render('page/content/form/barang/index', [], true)
 5 APPPATH\Controllers\Barang.php(29): view('page/content/form/barang/index', [...])
 6 SYSTEMPATH\CodeIgniter.php(974): App\Controllers\Barang->index()
 7 SYSTEMPATH\CodeIgniter.php(520): CodeIgniter\CodeIgniter->runController(Object(App\Controllers\Barang))
 8 SYSTEMPATH\CodeIgniter.php(363): CodeIgniter\CodeIgniter->handleRequest(null, Object(Config\Cache), false)
 9 SYSTEMPATH\Boot.php(417): CodeIgniter\CodeIgniter->run()
10 SYSTEMPATH\Boot.php(68): CodeIgniter\Boot::runCodeIgniter(Object(CodeIgniter\CodeIgniter))
11 FCPATH\index.php(56): CodeIgniter\Boot::bootWeb(Object(Config\Paths))
12 SYSTEMPATH\rewrite.php(44): require_once('C:\\Users\\AKU BANGGA JADI IT 2\\Documents\\RafiChandra\\Codeigniter4\\bengkel-salsa-motor\\public\\index.php')
DEBUG - 2026-08-13 04:19:27 --> Session: Class initialized using 'CodeIgniter\Session\Handlers\FileHandler' driver.
CRITICAL - 2026-08-13 04:19:27 --> ErrorException: Undefined variable $kategori
[Method: GET, Route: admin/barang]
in APPPATH\Views\page\content\form\barang\index.php on line 275.
 1 APPPATH\Views\page\content\form\barang\index.php(275): CodeIgniter\Debug\Exceptions->errorHandler(2, 'Undefined variable $kategori', 'C:\\Users\\AKU BANGGA JADI IT 2\\Documents\\RafiChandra\\Codeigniter4\\bengkel-salsa-motor\\app\\Views\\page\\content\\form\\barang\\index.php', 275)
 2 SYSTEMPATH\View\View.php(240): include('C:\\Users\\AKU BANGGA JADI IT 2\\Documents\\RafiChandra\\Codeigniter4\\bengkel-salsa-motor\\app\\Views\\page\\content\\form\\barang\\index.php')
 3 SYSTEMPATH\View\View.php(243): CodeIgniter\View\View->{closure:CodeIgniter\View\View::render():237}()
 4 SYSTEMPATH\Common.php(1268): CodeIgniter\View\View->render('page/content/form/barang/index', [], true)
 5 APPPATH\Controllers\Barang.php(29): view('page/content/form/barang/index', [...])
 6 SYSTEMPATH\CodeIgniter.php(974): App\Controllers\Barang->index()
 7 SYSTEMPATH\CodeIgniter.php(520): CodeIgniter\CodeIgniter->runController(Object(App\Controllers\Barang))
 8 SYSTEMPATH\CodeIgniter.php(363): CodeIgniter\CodeIgniter->handleRequest(null, Object(Config\Cache), false)
 9 SYSTEMPATH\Boot.php(417): CodeIgniter\CodeIgniter->run()
10 SYSTEMPATH\Boot.php(68): CodeIgniter\Boot::runCodeIgniter(Object(CodeIgniter\CodeIgniter))
11 FCPATH\index.php(56): CodeIgniter\Boot::bootWeb(Object(Config\Paths))
12 SYSTEMPATH\rewrite.php(44): require_once('C:\\Users\\AKU BANGGA JADI IT 2\\Documents\\RafiChandra\\Codeigniter4\\bengkel-salsa-motor\\public\\index.php')
DEBUG - 2026-08-13 04:19:27 --> Session: Class initialized using 'CodeIgniter\Session\Handlers\FileHandler' driver.
CRITICAL - 2026-08-13 04:19:27 --> ErrorException: Undefined variable $kategori
[Method: GET, Route: admin/barang]
in APPPATH\Views\page\content\form\barang\index.php on line 275.
 1 APPPATH\Views\page\content\form\barang\index.php(275): CodeIgniter\Debug\Exceptions->errorHandler(2, 'Undefined variable $kategori', 'C:\\Users\\AKU BANGGA JADI IT 2\\Documents\\RafiChandra\\Codeigniter4\\bengkel-salsa-motor\\app\\Views\\page\\content\\form\\barang\\index.php', 275)
 2 SYSTEMPATH\View\View.php(240): include('C:\\Users\\AKU BANGGA JADI IT 2\\Documents\\RafiChandra\\Codeigniter4\\bengkel-salsa-motor\\app\\Views\\page\\content\\form\\barang\\index.php')
 3 SYSTEMPATH\View\View.php(243): CodeIgniter\View\View->{closure:CodeIgniter\View\View::render():237}()
 4 SYSTEMPATH\Common.php(1268): CodeIgniter\View\View->render('page/content/form/barang/index', [], true)
 5 APPPATH\Controllers\Barang.php(29): view('page/content/form/barang/index', [...])
 6 SYSTEMPATH\CodeIgniter.php(974): App\Controllers\Barang->index()
 7 SYSTEMPATH\CodeIgniter.php(520): CodeIgniter\CodeIgniter->runController(Object(App\Controllers\Barang))
 8 SYSTEMPATH\CodeIgniter.php(363): CodeIgniter\CodeIgniter->handleRequest(null, Object(Config\Cache), false)
 9 SYSTEMPATH\Boot.php(417): CodeIgniter\CodeIgniter->run()
10 SYSTEMPATH\Boot.php(68): CodeIgniter\Boot::runCodeIgniter(Object(CodeIgniter\CodeIgniter))
11 FCPATH\index.php(56): CodeIgniter\Boot::bootWeb(Object(Config\Paths))
12 SYSTEMPATH\rewrite.php(44): require_once('C:\\Users\\AKU BANGGA JADI IT 2\\Documents\\RafiChandra\\Codeigniter4\\bengkel-salsa-motor\\public\\index.php')
DEBUG - 2026-08-13 04:19:27 --> Session: Class initialized using 'CodeIgniter\Session\Handlers\FileHandler' driver.
CRITICAL - 2026-08-13 04:19:27 --> ErrorException: Undefined variable $kategori
[Method: GET, Route: admin/barang]
in APPPATH\Views\page\content\form\barang\index.php on line 275.
 1 APPPATH\Views\page\content\form\barang\index.php(275): CodeIgniter\Debug\Exceptions->errorHandler(2, 'Undefined variable $kategori', 'C:\\Users\\AKU BANGGA JADI IT 2\\Documents\\RafiChandra\\Codeigniter4\\bengkel-salsa-motor\\app\\Views\\page\\content\\form\\barang\\index.php', 275)
 2 SYSTEMPATH\View\View.php(240): include('C:\\Users\\AKU BANGGA JADI IT 2\\Documents\\RafiChandra\\Codeigniter4\\bengkel-salsa-motor\\app\\Views\\page\\content\\form\\barang\\index.php')
 3 SYSTEMPATH\View\View.php(243): CodeIgniter\View\View->{closure:CodeIgniter\View\View::render():237}()
 4 SYSTEMPATH\Common.php(1268): CodeIgniter\View\View->render('page/content/form/barang/index', [], true)
 5 APPPATH\Controllers\Barang.php(29): view('page/content/form/barang/index', [...])
 6 SYSTEMPATH\CodeIgniter.php(974): App\Controllers\Barang->index()
 7 SYSTEMPATH\CodeIgniter.php(520): CodeIgniter\CodeIgniter->runController(Object(App\Controllers\Barang))
 8 SYSTEMPATH\CodeIgniter.php(363): CodeIgniter\CodeIgniter->handleRequest(null, Object(Config\Cache), false)
 9 SYSTEMPATH\Boot.php(417): CodeIgniter\CodeIgniter->run()
10 SYSTEMPATH\Boot.php(68): CodeIgniter\Boot::runCodeIgniter(Object(CodeIgniter\CodeIgniter))
11 FCPATH\index.php(56): CodeIgniter\Boot::bootWeb(Object(Config\Paths))
12 SYSTEMPATH\rewrite.php(44): require_once('C:\\Users\\AKU BANGGA JADI IT 2\\Documents\\RafiChandra\\Codeigniter4\\bengkel-salsa-motor\\public\\index.php')
DEBUG - 2026-08-13 04:19:27 --> Session: Class initialized using 'CodeIgniter\Session\Handlers\FileHandler' driver.
CRITICAL - 2026-08-13 04:19:27 --> ErrorException: Undefined variable $kategori
[Method: GET, Route: admin/barang]
in APPPATH\Views\page\content\form\barang\index.php on line 275.
 1 APPPATH\Views\page\content\form\barang\index.php(275): CodeIgniter\Debug\Exceptions->errorHandler(2, 'Undefined variable $kategori', 'C:\\Users\\AKU BANGGA JADI IT 2\\Documents\\RafiChandra\\Codeigniter4\\bengkel-salsa-motor\\app\\Views\\page\\content\\form\\barang\\index.php', 275)
 2 SYSTEMPATH\View\View.php(240): include('C:\\Users\\AKU BANGGA JADI IT 2\\Documents\\RafiChandra\\Codeigniter4\\bengkel-salsa-motor\\app\\Views\\page\\content\\form\\barang\\index.php')
 3 SYSTEMPATH\View\View.php(243): CodeIgniter\View\View->{closure:CodeIgniter\View\View::render():237}()
 4 SYSTEMPATH\Common.php(1268): CodeIgniter\View\View->render('page/content/form/barang/index', [], true)
 5 APPPATH\Controllers\Barang.php(29): view('page/content/form/barang/index', [...])
 6 SYSTEMPATH\CodeIgniter.php(974): App\Controllers\Barang->index()
 7 SYSTEMPATH\CodeIgniter.php(520): CodeIgniter\CodeIgniter->runController(Object(App\Controllers\Barang))
 8 SYSTEMPATH\CodeIgniter.php(363): CodeIgniter\CodeIgniter->handleRequest(null, Object(Config\Cache), false)
 9 SYSTEMPATH\Boot.php(417): CodeIgniter\CodeIgniter->run()
10 SYSTEMPATH\Boot.php(68): CodeIgniter\Boot::runCodeIgniter(Object(CodeIgniter\CodeIgniter))
11 FCPATH\index.php(56): CodeIgniter\Boot::bootWeb(Object(Config\Paths))
12 SYSTEMPATH\rewrite.php(44): require_once('C:\\Users\\AKU BANGGA JADI IT 2\\Documents\\RafiChandra\\Codeigniter4\\bengkel-salsa-motor\\public\\index.php')
DEBUG - 2026-08-13 04:19:28 --> Session: Class initialized using 'CodeIgniter\Session\Handlers\FileHandler' driver.
CRITICAL - 2026-08-13 04:19:28 --> ErrorException: Undefined variable $kategori
[Method: GET, Route: admin/barang]
in APPPATH\Views\page\content\form\barang\index.php on line 275.
 1 APPPATH\Views\page\content\form\barang\index.php(275): CodeIgniter\Debug\Exceptions->errorHandler(2, 'Undefined variable $kategori', 'C:\\Users\\AKU BANGGA JADI IT 2\\Documents\\RafiChandra\\Codeigniter4\\bengkel-salsa-motor\\app\\Views\\page\\content\\form\\barang\\index.php', 275)
 2 SYSTEMPATH\View\View.php(240): include('C:\\Users\\AKU BANGGA JADI IT 2\\Documents\\RafiChandra\\Codeigniter4\\bengkel-salsa-motor\\app\\Views\\page\\content\\form\\barang\\index.php')
 3 SYSTEMPATH\View\View.php(243): CodeIgniter\View\View->{closure:CodeIgniter\View\View::render():237}()
 4 SYSTEMPATH\Common.php(1268): CodeIgniter\View\View->render('page/content/form/barang/index', [], true)
 5 APPPATH\Controllers\Barang.php(29): view('page/content/form/barang/index', [...])
 6 SYSTEMPATH\CodeIgniter.php(974): App\Controllers\Barang->index()
 7 SYSTEMPATH\CodeIgniter.php(520): CodeIgniter\CodeIgniter->runController(Object(App\Controllers\Barang))
 8 SYSTEMPATH\CodeIgniter.php(363): CodeIgniter\CodeIgniter->handleRequest(null, Object(Config\Cache), false)
 9 SYSTEMPATH\Boot.php(417): CodeIgniter\CodeIgniter->run()
10 SYSTEMPATH\Boot.php(68): CodeIgniter\Boot::runCodeIgniter(Object(CodeIgniter\CodeIgniter))
11 FCPATH\index.php(56): CodeIgniter\Boot::bootWeb(Object(Config\Paths))
12 SYSTEMPATH\rewrite.php(44): require_once('C:\\Users\\AKU BANGGA JADI IT 2\\Documents\\RafiChandra\\Codeigniter4\\bengkel-salsa-motor\\public\\index.php')
DEBUG - 2026-08-13 04:19:28 --> Session: Class initialized using 'CodeIgniter\Session\Handlers\FileHandler' driver.
CRITICAL - 2026-08-13 04:19:28 --> ErrorException: Undefined variable $kategori
[Method: GET, Route: admin/barang]
in APPPATH\Views\page\content\form\barang\index.php on line 275.
 1 APPPATH\Views\page\content\form\barang\index.php(275): CodeIgniter\Debug\Exceptions->errorHandler(2, 'Undefined variable $kategori', 'C:\\Users\\AKU BANGGA JADI IT 2\\Documents\\RafiChandra\\Codeigniter4\\bengkel-salsa-motor\\app\\Views\\page\\content\\form\\barang\\index.php', 275)
 2 SYSTEMPATH\View\View.php(240): include('C:\\Users\\AKU BANGGA JADI IT 2\\Documents\\RafiChandra\\Codeigniter4\\bengkel-salsa-motor\\app\\Views\\page\\content\\form\\barang\\index.php')
 3 SYSTEMPATH\View\View.php(243): CodeIgniter\View\View->{closure:CodeIgniter\View\View::render():237}()
 4 SYSTEMPATH\Common.php(1268): CodeIgniter\View\View->render('page/content/form/barang/index', [], true)
 5 APPPATH\Controllers\Barang.php(29): view('page/content/form/barang/index', [...])
 6 SYSTEMPATH\CodeIgniter.php(974): App\Controllers\Barang->index()
 7 SYSTEMPATH\CodeIgniter.php(520): CodeIgniter\CodeIgniter->runController(Object(App\Controllers\Barang))
 8 SYSTEMPATH\CodeIgniter.php(363): CodeIgniter\CodeIgniter->handleRequest(null, Object(Config\Cache), false)
 9 SYSTEMPATH\Boot.php(417): CodeIgniter\CodeIgniter->run()
10 SYSTEMPATH\Boot.php(68): CodeIgniter\Boot::runCodeIgniter(Object(CodeIgniter\CodeIgniter))
11 FCPATH\index.php(56): CodeIgniter\Boot::bootWeb(Object(Config\Paths))
12 SYSTEMPATH\rewrite.php(44): require_once('C:\\Users\\AKU BANGGA JADI IT 2\\Documents\\RafiChandra\\Codeigniter4\\bengkel-salsa-motor\\public\\index.php')
DEBUG - 2026-08-13 04:19:28 --> Session: Class initialized using 'CodeIgniter\Session\Handlers\FileHandler' driver.
CRITICAL - 2026-08-13 04:19:28 --> ErrorException: Undefined variable $kategori
[Method: GET, Route: admin/barang]
in APPPATH\Views\page\content\form\barang\index.php on line 275.
 1 APPPATH\Views\page\content\form\barang\index.php(275): CodeIgniter\Debug\Exceptions->errorHandler(2, 'Undefined variable $kategori', 'C:\\Users\\AKU BANGGA JADI IT 2\\Documents\\RafiChandra\\Codeigniter4\\bengkel-salsa-motor\\app\\Views\\page\\content\\form\\barang\\index.php', 275)
 2 SYSTEMPATH\View\View.php(240): include('C:\\Users\\AKU BANGGA JADI IT 2\\Documents\\RafiChandra\\Codeigniter4\\bengkel-salsa-motor\\app\\Views\\page\\content\\form\\barang\\index.php')
 3 SYSTEMPATH\View\View.php(243): CodeIgniter\View\View->{closure:CodeIgniter\View\View::render():237}()
 4 SYSTEMPATH\Common.php(1268): CodeIgniter\View\View->render('page/content/form/barang/index', [], true)
 5 APPPATH\Controllers\Barang.php(29): view('page/content/form/barang/index', [...])
 6 SYSTEMPATH\CodeIgniter.php(974): App\Controllers\Barang->index()
 7 SYSTEMPATH\CodeIgniter.php(520): CodeIgniter\CodeIgniter->runController(Object(App\Controllers\Barang))
 8 SYSTEMPATH\CodeIgniter.php(363): CodeIgniter\CodeIgniter->handleRequest(null, Object(Config\Cache), false)
 9 SYSTEMPATH\Boot.php(417): CodeIgniter\CodeIgniter->run()
10 SYSTEMPATH\Boot.php(68): CodeIgniter\Boot::runCodeIgniter(Object(CodeIgniter\CodeIgniter))
11 FCPATH\index.php(56): CodeIgniter\Boot::bootWeb(Object(Config\Paths))
12 SYSTEMPATH\rewrite.php(44): require_once('C:\\Users\\AKU BANGGA JADI IT 2\\Documents\\RafiChandra\\Codeigniter4\\bengkel-salsa-motor\\public\\index.php')
DEBUG - 2026-08-13 04:19:28 --> Session: Class initialized using 'CodeIgniter\Session\Handlers\FileHandler' driver.
CRITICAL - 2026-08-13 04:19:28 --> ErrorException: Undefined variable $kategori
[Method: GET, Route: admin/barang]
in APPPATH\Views\page\content\form\barang\index.php on line 275.
 1 APPPATH\Views\page\content\form\barang\index.php(275): CodeIgniter\Debug\Exceptions->errorHandler(2, 'Undefined variable $kategori', 'C:\\Users\\AKU BANGGA JADI IT 2\\Documents\\RafiChandra\\Codeigniter4\\bengkel-salsa-motor\\app\\Views\\page\\content\\form\\barang\\index.php', 275)
 2 SYSTEMPATH\View\View.php(240): include('C:\\Users\\AKU BANGGA JADI IT 2\\Documents\\RafiChandra\\Codeigniter4\\bengkel-salsa-motor\\app\\Views\\page\\content\\form\\barang\\index.php')
 3 SYSTEMPATH\View\View.php(243): CodeIgniter\View\View->{closure:CodeIgniter\View\View::render():237}()
 4 SYSTEMPATH\Common.php(1268): CodeIgniter\View\View->render('page/content/form/barang/index', [], true)
 5 APPPATH\Controllers\Barang.php(29): view('page/content/form/barang/index', [...])
 6 SYSTEMPATH\CodeIgniter.php(974): App\Controllers\Barang->index()
 7 SYSTEMPATH\CodeIgniter.php(520): CodeIgniter\CodeIgniter->runController(Object(App\Controllers\Barang))
 8 SYSTEMPATH\CodeIgniter.php(363): CodeIgniter\CodeIgniter->handleRequest(null, Object(Config\Cache), false)
 9 SYSTEMPATH\Boot.php(417): CodeIgniter\CodeIgniter->run()
10 SYSTEMPATH\Boot.php(68): CodeIgniter\Boot::runCodeIgniter(Object(CodeIgniter\CodeIgniter))
11 FCPATH\index.php(56): CodeIgniter\Boot::bootWeb(Object(Config\Paths))
12 SYSTEMPATH\rewrite.php(44): require_once('C:\\Users\\AKU BANGGA JADI IT 2\\Documents\\RafiChandra\\Codeigniter4\\bengkel-salsa-motor\\public\\index.php')
DEBUG - 2026-08-13 04:19:29 --> Session: Class initialized using 'CodeIgniter\Session\Handlers\FileHandler' driver.
CRITICAL - 2026-08-13 04:19:29 --> ErrorException: Undefined variable $kategori
[Method: GET, Route: admin/barang]
in APPPATH\Views\page\content\form\barang\index.php on line 275.
 1 APPPATH\Views\page\content\form\barang\index.php(275): CodeIgniter\Debug\Exceptions->errorHandler(2, 'Undefined variable $kategori', 'C:\\Users\\AKU BANGGA JADI IT 2\\Documents\\RafiChandra\\Codeigniter4\\bengkel-salsa-motor\\app\\Views\\page\\content\\form\\barang\\index.php', 275)
 2 SYSTEMPATH\View\View.php(240): include('C:\\Users\\AKU BANGGA JADI IT 2\\Documents\\RafiChandra\\Codeigniter4\\bengkel-salsa-motor\\app\\Views\\page\\content\\form\\barang\\index.php')
 3 SYSTEMPATH\View\View.php(243): CodeIgniter\View\View->{closure:CodeIgniter\View\View::render():237}()
 4 SYSTEMPATH\Common.php(1268): CodeIgniter\View\View->render('page/content/form/barang/index', [], true)
 5 APPPATH\Controllers\Barang.php(29): view('page/content/form/barang/index', [...])
 6 SYSTEMPATH\CodeIgniter.php(974): App\Controllers\Barang->index()
 7 SYSTEMPATH\CodeIgniter.php(520): CodeIgniter\CodeIgniter->runController(Object(App\Controllers\Barang))
 8 SYSTEMPATH\CodeIgniter.php(363): CodeIgniter\CodeIgniter->handleRequest(null, Object(Config\Cache), false)
 9 SYSTEMPATH\Boot.php(417): CodeIgniter\CodeIgniter->run()
10 SYSTEMPATH\Boot.php(68): CodeIgniter\Boot::runCodeIgniter(Object(CodeIgniter\CodeIgniter))
11 FCPATH\index.php(56): CodeIgniter\Boot::bootWeb(Object(Config\Paths))
12 SYSTEMPATH\rewrite.php(44): require_once('C:\\Users\\AKU BANGGA JADI IT 2\\Documents\\RafiChandra\\Codeigniter4\\bengkel-salsa-motor\\public\\index.php')
DEBUG - 2026-08-13 04:19:29 --> Session: Class initialized using 'CodeIgniter\Session\Handlers\FileHandler' driver.
CRITICAL - 2026-08-13 04:19:29 --> ErrorException: Undefined variable $kategori
[Method: GET, Route: admin/barang]
in APPPATH\Views\page\content\form\barang\index.php on line 275.
 1 APPPATH\Views\page\content\form\barang\index.php(275): CodeIgniter\Debug\Exceptions->errorHandler(2, 'Undefined variable $kategori', 'C:\\Users\\AKU BANGGA JADI IT 2\\Documents\\RafiChandra\\Codeigniter4\\bengkel-salsa-motor\\app\\Views\\page\\content\\form\\barang\\index.php', 275)
 2 SYSTEMPATH\View\View.php(240): include('C:\\Users\\AKU BANGGA JADI IT 2\\Documents\\RafiChandra\\Codeigniter4\\bengkel-salsa-motor\\app\\Views\\page\\content\\form\\barang\\index.php')
 3 SYSTEMPATH\View\View.php(243): CodeIgniter\View\View->{closure:CodeIgniter\View\View::render():237}()
 4 SYSTEMPATH\Common.php(1268): CodeIgniter\View\View->render('page/content/form/barang/index', [], true)
 5 APPPATH\Controllers\Barang.php(29): view('page/content/form/barang/index', [...])
 6 SYSTEMPATH\CodeIgniter.php(974): App\Controllers\Barang->index()
 7 SYSTEMPATH\CodeIgniter.php(520): CodeIgniter\CodeIgniter->runController(Object(App\Controllers\Barang))
 8 SYSTEMPATH\CodeIgniter.php(363): CodeIgniter\CodeIgniter->handleRequest(null, Object(Config\Cache), false)
 9 SYSTEMPATH\Boot.php(417): CodeIgniter\CodeIgniter->run()
10 SYSTEMPATH\Boot.php(68): CodeIgniter\Boot::runCodeIgniter(Object(CodeIgniter\CodeIgniter))
11 FCPATH\index.php(56): CodeIgniter\Boot::bootWeb(Object(Config\Paths))
12 SYSTEMPATH\rewrite.php(44): require_once('C:\\Users\\AKU BANGGA JADI IT 2\\Documents\\RafiChandra\\Codeigniter4\\bengkel-salsa-motor\\public\\index.php')
DEBUG - 2026-08-13 04:19:29 --> Session: Class initialized using 'CodeIgniter\Session\Handlers\FileHandler' driver.
CRITICAL - 2026-08-13 04:19:29 --> ErrorException: Undefined variable $kategori
[Method: GET, Route: admin/barang]
in APPPATH\Views\page\content\form\barang\index.php on line 275.
 1 APPPATH\Views\page\content\form\barang\index.php(275): CodeIgniter\Debug\Exceptions->errorHandler(2, 'Undefined variable $kategori', 'C:\\Users\\AKU BANGGA JADI IT 2\\Documents\\RafiChandra\\Codeigniter4\\bengkel-salsa-motor\\app\\Views\\page\\content\\form\\barang\\index.php', 275)
 2 SYSTEMPATH\View\View.php(240): include('C:\\Users\\AKU BANGGA JADI IT 2\\Documents\\RafiChandra\\Codeigniter4\\bengkel-salsa-motor\\app\\Views\\page\\content\\form\\barang\\index.php')
 3 SYSTEMPATH\View\View.php(243): CodeIgniter\View\View->{closure:CodeIgniter\View\View::render():237}()
 4 SYSTEMPATH\Common.php(1268): CodeIgniter\View\View->render('page/content/form/barang/index', [], true)
 5 APPPATH\Controllers\Barang.php(29): view('page/content/form/barang/index', [...])
 6 SYSTEMPATH\CodeIgniter.php(974): App\Controllers\Barang->index()
 7 SYSTEMPATH\CodeIgniter.php(520): CodeIgniter\CodeIgniter->runController(Object(App\Controllers\Barang))
 8 SYSTEMPATH\CodeIgniter.php(363): CodeIgniter\CodeIgniter->handleRequest(null, Object(Config\Cache), false)
 9 SYSTEMPATH\Boot.php(417): CodeIgniter\CodeIgniter->run()
10 SYSTEMPATH\Boot.php(68): CodeIgniter\Boot::runCodeIgniter(Object(CodeIgniter\CodeIgniter))
11 FCPATH\index.php(56): CodeIgniter\Boot::bootWeb(Object(Config\Paths))
12 SYSTEMPATH\rewrite.php(44): require_once('C:\\Users\\AKU BANGGA JADI IT 2\\Documents\\RafiChandra\\Codeigniter4\\bengkel-salsa-motor\\public\\index.php')
DEBUG - 2026-08-13 04:19:29 --> Session: Class initialized using 'CodeIgniter\Session\Handlers\FileHandler' driver.
CRITICAL - 2026-08-13 04:19:29 --> ErrorException: Undefined variable $kategori
[Method: GET, Route: admin/barang]
in APPPATH\Views\page\content\form\barang\index.php on line 275.
 1 APPPATH\Views\page\content\form\barang\index.php(275): CodeIgniter\Debug\Exceptions->errorHandler(2, 'Undefined variable $kategori', 'C:\\Users\\AKU BANGGA JADI IT 2\\Documents\\RafiChandra\\Codeigniter4\\bengkel-salsa-motor\\app\\Views\\page\\content\\form\\barang\\index.php', 275)
 2 SYSTEMPATH\View\View.php(240): include('C:\\Users\\AKU BANGGA JADI IT 2\\Documents\\RafiChandra\\Codeigniter4\\bengkel-salsa-motor\\app\\Views\\page\\content\\form\\barang\\index.php')
 3 SYSTEMPATH\View\View.php(243): CodeIgniter\View\View->{closure:CodeIgniter\View\View::render():237}()
 4 SYSTEMPATH\Common.php(1268): CodeIgniter\View\View->render('page/content/form/barang/index', [], true)
 5 APPPATH\Controllers\Barang.php(29): view('page/content/form/barang/index', [...])
 6 SYSTEMPATH\CodeIgniter.php(974): App\Controllers\Barang->index()
 7 SYSTEMPATH\CodeIgniter.php(520): CodeIgniter\CodeIgniter->runController(Object(App\Controllers\Barang))
 8 SYSTEMPATH\CodeIgniter.php(363): CodeIgniter\CodeIgniter->handleRequest(null, Object(Config\Cache), false)
 9 SYSTEMPATH\Boot.php(417): CodeIgniter\CodeIgniter->run()
10 SYSTEMPATH\Boot.php(68): CodeIgniter\Boot::runCodeIgniter(Object(CodeIgniter\CodeIgniter))
11 FCPATH\index.php(56): CodeIgniter\Boot::bootWeb(Object(Config\Paths))
12 SYSTEMPATH\rewrite.php(44): require_once('C:\\Users\\AKU BANGGA JADI IT 2\\Documents\\RafiChandra\\Codeigniter4\\bengkel-salsa-motor\\public\\index.php')
DEBUG - 2026-08-13 04:19:30 --> Session: Class initialized using 'CodeIgniter\Session\Handlers\FileHandler' driver.
CRITICAL - 2026-08-13 04:19:30 --> ErrorException: Undefined variable $kategori
[Method: GET, Route: admin/barang]
in APPPATH\Views\page\content\form\barang\index.php on line 275.
 1 APPPATH\Views\page\content\form\barang\index.php(275): CodeIgniter\Debug\Exceptions->errorHandler(2, 'Undefined variable $kategori', 'C:\\Users\\AKU BANGGA JADI IT 2\\Documents\\RafiChandra\\Codeigniter4\\bengkel-salsa-motor\\app\\Views\\page\\content\\form\\barang\\index.php', 275)
 2 SYSTEMPATH\View\View.php(240): include('C:\\Users\\AKU BANGGA JADI IT 2\\Documents\\RafiChandra\\Codeigniter4\\bengkel-salsa-motor\\app\\Views\\page\\content\\form\\barang\\index.php')
 3 SYSTEMPATH\View\View.php(243): CodeIgniter\View\View->{closure:CodeIgniter\View\View::render():237}()
 4 SYSTEMPATH\Common.php(1268): CodeIgniter\View\View->render('page/content/form/barang/index', [], true)
 5 APPPATH\Controllers\Barang.php(29): view('page/content/form/barang/index', [...])
 6 SYSTEMPATH\CodeIgniter.php(974): App\Controllers\Barang->index()
 7 SYSTEMPATH\CodeIgniter.php(520): CodeIgniter\CodeIgniter->runController(Object(App\Controllers\Barang))
 8 SYSTEMPATH\CodeIgniter.php(363): CodeIgniter\CodeIgniter->handleRequest(null, Object(Config\Cache), false)
 9 SYSTEMPATH\Boot.php(417): CodeIgniter\CodeIgniter->run()
10 SYSTEMPATH\Boot.php(68): CodeIgniter\Boot::runCodeIgniter(Object(CodeIgniter\CodeIgniter))
11 FCPATH\index.php(56): CodeIgniter\Boot::bootWeb(Object(Config\Paths))
12 SYSTEMPATH\rewrite.php(44): require_once('C:\\Users\\AKU BANGGA JADI IT 2\\Documents\\RafiChandra\\Codeigniter4\\bengkel-salsa-motor\\public\\index.php')
DEBUG - 2026-08-13 04:19:30 --> Session: Class initialized using 'CodeIgniter\Session\Handlers\FileHandler' driver.
CRITICAL - 2026-08-13 04:19:30 --> ErrorException: Undefined variable $kategori
[Method: GET, Route: admin/barang]
in APPPATH\Views\page\content\form\barang\index.php on line 275.
 1 APPPATH\Views\page\content\form\barang\index.php(275): CodeIgniter\Debug\Exceptions->errorHandler(2, 'Undefined variable $kategori', 'C:\\Users\\AKU BANGGA JADI IT 2\\Documents\\RafiChandra\\Codeigniter4\\bengkel-salsa-motor\\app\\Views\\page\\content\\form\\barang\\index.php', 275)
 2 SYSTEMPATH\View\View.php(240): include('C:\\Users\\AKU BANGGA JADI IT 2\\Documents\\RafiChandra\\Codeigniter4\\bengkel-salsa-motor\\app\\Views\\page\\content\\form\\barang\\index.php')
 3 SYSTEMPATH\View\View.php(243): CodeIgniter\View\View->{closure:CodeIgniter\View\View::render():237}()
 4 SYSTEMPATH\Common.php(1268): CodeIgniter\View\View->render('page/content/form/barang/index', [], true)
 5 APPPATH\Controllers\Barang.php(29): view('page/content/form/barang/index', [...])
 6 SYSTEMPATH\CodeIgniter.php(974): App\Controllers\Barang->index()
 7 SYSTEMPATH\CodeIgniter.php(520): CodeIgniter\CodeIgniter->runController(Object(App\Controllers\Barang))
 8 SYSTEMPATH\CodeIgniter.php(363): CodeIgniter\CodeIgniter->handleRequest(null, Object(Config\Cache), false)
 9 SYSTEMPATH\Boot.php(417): CodeIgniter\CodeIgniter->run()
10 SYSTEMPATH\Boot.php(68): CodeIgniter\Boot::runCodeIgniter(Object(CodeIgniter\CodeIgniter))
11 FCPATH\index.php(56): CodeIgniter\Boot::bootWeb(Object(Config\Paths))
12 SYSTEMPATH\rewrite.php(44): require_once('C:\\Users\\AKU BANGGA JADI IT 2\\Documents\\RafiChandra\\Codeigniter4\\bengkel-salsa-motor\\public\\index.php')
DEBUG - 2026-08-13 04:19:30 --> Session: Class initialized using 'CodeIgniter\Session\Handlers\FileHandler' driver.
CRITICAL - 2026-08-13 04:19:30 --> ErrorException: Undefined variable $kategori
[Method: GET, Route: admin/barang]
in APPPATH\Views\page\content\form\barang\index.php on line 275.
 1 APPPATH\Views\page\content\form\barang\index.php(275): CodeIgniter\Debug\Exceptions->errorHandler(2, 'Undefined variable $kategori', 'C:\\Users\\AKU BANGGA JADI IT 2\\Documents\\RafiChandra\\Codeigniter4\\bengkel-salsa-motor\\app\\Views\\page\\content\\form\\barang\\index.php', 275)
 2 SYSTEMPATH\View\View.php(240): include('C:\\Users\\AKU BANGGA JADI IT 2\\Documents\\RafiChandra\\Codeigniter4\\bengkel-salsa-motor\\app\\Views\\page\\content\\form\\barang\\index.php')
 3 SYSTEMPATH\View\View.php(243): CodeIgniter\View\View->{closure:CodeIgniter\View\View::render():237}()
 4 SYSTEMPATH\Common.php(1268): CodeIgniter\View\View->render('page/content/form/barang/index', [], true)
 5 APPPATH\Controllers\Barang.php(29): view('page/content/form/barang/index', [...])
 6 SYSTEMPATH\CodeIgniter.php(974): App\Controllers\Barang->index()
 7 SYSTEMPATH\CodeIgniter.php(520): CodeIgniter\CodeIgniter->runController(Object(App\Controllers\Barang))
 8 SYSTEMPATH\CodeIgniter.php(363): CodeIgniter\CodeIgniter->handleRequest(null, Object(Config\Cache), false)
 9 SYSTEMPATH\Boot.php(417): CodeIgniter\CodeIgniter->run()
10 SYSTEMPATH\Boot.php(68): CodeIgniter\Boot::runCodeIgniter(Object(CodeIgniter\CodeIgniter))
11 FCPATH\index.php(56): CodeIgniter\Boot::bootWeb(Object(Config\Paths))
12 SYSTEMPATH\rewrite.php(44): require_once('C:\\Users\\AKU BANGGA JADI IT 2\\Documents\\RafiChandra\\Codeigniter4\\bengkel-salsa-motor\\public\\index.php')
DEBUG - 2026-08-13 04:19:30 --> Session: Class initialized using 'CodeIgniter\Session\Handlers\FileHandler' driver.
CRITICAL - 2026-08-13 04:19:30 --> ErrorException: Undefined variable $kategori
[Method: GET, Route: admin/barang]
in APPPATH\Views\page\content\form\barang\index.php on line 275.
 1 APPPATH\Views\page\content\form\barang\index.php(275): CodeIgniter\Debug\Exceptions->errorHandler(2, 'Undefined variable $kategori', 'C:\\Users\\AKU BANGGA JADI IT 2\\Documents\\RafiChandra\\Codeigniter4\\bengkel-salsa-motor\\app\\Views\\page\\content\\form\\barang\\index.php', 275)
 2 SYSTEMPATH\View\View.php(240): include('C:\\Users\\AKU BANGGA JADI IT 2\\Documents\\RafiChandra\\Codeigniter4\\bengkel-salsa-motor\\app\\Views\\page\\content\\form\\barang\\index.php')
 3 SYSTEMPATH\View\View.php(243): CodeIgniter\View\View->{closure:CodeIgniter\View\View::render():237}()
 4 SYSTEMPATH\Common.php(1268): CodeIgniter\View\View->render('page/content/form/barang/index', [], true)
 5 APPPATH\Controllers\Barang.php(29): view('page/content/form/barang/index', [...])
 6 SYSTEMPATH\CodeIgniter.php(974): App\Controllers\Barang->index()
 7 SYSTEMPATH\CodeIgniter.php(520): CodeIgniter\CodeIgniter->runController(Object(App\Controllers\Barang))
 8 SYSTEMPATH\CodeIgniter.php(363): CodeIgniter\CodeIgniter->handleRequest(null, Object(Config\Cache), false)
 9 SYSTEMPATH\Boot.php(417): CodeIgniter\CodeIgniter->run()
10 SYSTEMPATH\Boot.php(68): CodeIgniter\Boot::runCodeIgniter(Object(CodeIgniter\CodeIgniter))
11 FCPATH\index.php(56): CodeIgniter\Boot::bootWeb(Object(Config\Paths))
12 SYSTEMPATH\rewrite.php(44): require_once('C:\\Users\\AKU BANGGA JADI IT 2\\Documents\\RafiChandra\\Codeigniter4\\bengkel-salsa-motor\\public\\index.php')
DEBUG - 2026-08-13 04:19:31 --> Session: Class initialized using 'CodeIgniter\Session\Handlers\FileHandler' driver.
CRITICAL - 2026-08-13 04:19:31 --> ErrorException: Undefined variable $kategori
[Method: GET, Route: admin/barang]
in APPPATH\Views\page\content\form\barang\index.php on line 275.
 1 APPPATH\Views\page\content\form\barang\index.php(275): CodeIgniter\Debug\Exceptions->errorHandler(2, 'Undefined variable $kategori', 'C:\\Users\\AKU BANGGA JADI IT 2\\Documents\\RafiChandra\\Codeigniter4\\bengkel-salsa-motor\\app\\Views\\page\\content\\form\\barang\\index.php', 275)
 2 SYSTEMPATH\View\View.php(240): include('C:\\Users\\AKU BANGGA JADI IT 2\\Documents\\RafiChandra\\Codeigniter4\\bengkel-salsa-motor\\app\\Views\\page\\content\\form\\barang\\index.php')
 3 SYSTEMPATH\View\View.php(243): CodeIgniter\View\View->{closure:CodeIgniter\View\View::render():237}()
 4 SYSTEMPATH\Common.php(1268): CodeIgniter\View\View->render('page/content/form/barang/index', [], true)
 5 APPPATH\Controllers\Barang.php(29): view('page/content/form/barang/index', [...])
 6 SYSTEMPATH\CodeIgniter.php(974): App\Controllers\Barang->index()
 7 SYSTEMPATH\CodeIgniter.php(520): CodeIgniter\CodeIgniter->runController(Object(App\Controllers\Barang))
 8 SYSTEMPATH\CodeIgniter.php(363): CodeIgniter\CodeIgniter->handleRequest(null, Object(Config\Cache), false)
 9 SYSTEMPATH\Boot.php(417): CodeIgniter\CodeIgniter->run()
10 SYSTEMPATH\Boot.php(68): CodeIgniter\Boot::runCodeIgniter(Object(CodeIgniter\CodeIgniter))
11 FCPATH\index.php(56): CodeIgniter\Boot::bootWeb(Object(Config\Paths))
12 SYSTEMPATH\rewrite.php(44): require_once('C:\\Users\\AKU BANGGA JADI IT 2\\Documents\\RafiChandra\\Codeigniter4\\bengkel-salsa-motor\\public\\index.php')
DEBUG - 2026-08-13 04:19:31 --> Session: Class initialized using 'CodeIgniter\Session\Handlers\FileHandler' driver.
CRITICAL - 2026-08-13 04:19:31 --> ErrorException: Undefined variable $kategori
[Method: GET, Route: admin/barang]
in APPPATH\Views\page\content\form\barang\index.php on line 275.
 1 APPPATH\Views\page\content\form\barang\index.php(275): CodeIgniter\Debug\Exceptions->errorHandler(2, 'Undefined variable $kategori', 'C:\\Users\\AKU BANGGA JADI IT 2\\Documents\\RafiChandra\\Codeigniter4\\bengkel-salsa-motor\\app\\Views\\page\\content\\form\\barang\\index.php', 275)
 2 SYSTEMPATH\View\View.php(240): include('C:\\Users\\AKU BANGGA JADI IT 2\\Documents\\RafiChandra\\Codeigniter4\\bengkel-salsa-motor\\app\\Views\\page\\content\\form\\barang\\index.php')
 3 SYSTEMPATH\View\View.php(243): CodeIgniter\View\View->{closure:CodeIgniter\View\View::render():237}()
 4 SYSTEMPATH\Common.php(1268): CodeIgniter\View\View->render('page/content/form/barang/index', [], true)
 5 APPPATH\Controllers\Barang.php(29): view('page/content/form/barang/index', [...])
 6 SYSTEMPATH\CodeIgniter.php(974): App\Controllers\Barang->index()
 7 SYSTEMPATH\CodeIgniter.php(520): CodeIgniter\CodeIgniter->runController(Object(App\Controllers\Barang))
 8 SYSTEMPATH\CodeIgniter.php(363): CodeIgniter\CodeIgniter->handleRequest(null, Object(Config\Cache), false)
 9 SYSTEMPATH\Boot.php(417): CodeIgniter\CodeIgniter->run()
10 SYSTEMPATH\Boot.php(68): CodeIgniter\Boot::runCodeIgniter(Object(CodeIgniter\CodeIgniter))
11 FCPATH\index.php(56): CodeIgniter\Boot::bootWeb(Object(Config\Paths))
12 SYSTEMPATH\rewrite.php(44): require_once('C:\\Users\\AKU BANGGA JADI IT 2\\Documents\\RafiChandra\\Codeigniter4\\bengkel-salsa-motor\\public\\index.php')
DEBUG - 2026-08-13 04:19:31 --> Session: Class initialized using 'CodeIgniter\Session\Handlers\FileHandler' driver.
CRITICAL - 2026-08-13 04:19:31 --> ErrorException: Undefined variable $kategori
[Method: GET, Route: admin/barang]
in APPPATH\Views\page\content\form\barang\index.php on line 275.
 1 APPPATH\Views\page\content\form\barang\index.php(275): CodeIgniter\Debug\Exceptions->errorHandler(2, 'Undefined variable $kategori', 'C:\\Users\\AKU BANGGA JADI IT 2\\Documents\\RafiChandra\\Codeigniter4\\bengkel-salsa-motor\\app\\Views\\page\\content\\form\\barang\\index.php', 275)
 2 SYSTEMPATH\View\View.php(240): include('C:\\Users\\AKU BANGGA JADI IT 2\\Documents\\RafiChandra\\Codeigniter4\\bengkel-salsa-motor\\app\\Views\\page\\content\\form\\barang\\index.php')
 3 SYSTEMPATH\View\View.php(243): CodeIgniter\View\View->{closure:CodeIgniter\View\View::render():237}()
 4 SYSTEMPATH\Common.php(1268): CodeIgniter\View\View->render('page/content/form/barang/index', [], true)
 5 APPPATH\Controllers\Barang.php(29): view('page/content/form/barang/index', [...])
 6 SYSTEMPATH\CodeIgniter.php(974): App\Controllers\Barang->index()
 7 SYSTEMPATH\CodeIgniter.php(520): CodeIgniter\CodeIgniter->runController(Object(App\Controllers\Barang))
 8 SYSTEMPATH\CodeIgniter.php(363): CodeIgniter\CodeIgniter->handleRequest(null, Object(Config\Cache), false)
 9 SYSTEMPATH\Boot.php(417): CodeIgniter\CodeIgniter->run()
10 SYSTEMPATH\Boot.php(68): CodeIgniter\Boot::runCodeIgniter(Object(CodeIgniter\CodeIgniter))
11 FCPATH\index.php(56): CodeIgniter\Boot::bootWeb(Object(Config\Paths))
12 SYSTEMPATH\rewrite.php(44): require_once('C:\\Users\\AKU BANGGA JADI IT 2\\Documents\\RafiChandra\\Codeigniter4\\bengkel-salsa-motor\\public\\index.php')
DEBUG - 2026-08-13 04:19:32 --> Session: Class initialized using 'CodeIgniter\Session\Handlers\FileHandler' driver.
CRITICAL - 2026-08-13 04:19:32 --> ErrorException: Undefined variable $kategori
[Method: GET, Route: admin/barang]
in APPPATH\Views\page\content\form\barang\index.php on line 275.
 1 APPPATH\Views\page\content\form\barang\index.php(275): CodeIgniter\Debug\Exceptions->errorHandler(2, 'Undefined variable $kategori', 'C:\\Users\\AKU BANGGA JADI IT 2\\Documents\\RafiChandra\\Codeigniter4\\bengkel-salsa-motor\\app\\Views\\page\\content\\form\\barang\\index.php', 275)
 2 SYSTEMPATH\View\View.php(240): include('C:\\Users\\AKU BANGGA JADI IT 2\\Documents\\RafiChandra\\Codeigniter4\\bengkel-salsa-motor\\app\\Views\\page\\content\\form\\barang\\index.php')
 3 SYSTEMPATH\View\View.php(243): CodeIgniter\View\View->{closure:CodeIgniter\View\View::render():237}()
 4 SYSTEMPATH\Common.php(1268): CodeIgniter\View\View->render('page/content/form/barang/index', [], true)
 5 APPPATH\Controllers\Barang.php(29): view('page/content/form/barang/index', [...])
 6 SYSTEMPATH\CodeIgniter.php(974): App\Controllers\Barang->index()
 7 SYSTEMPATH\CodeIgniter.php(520): CodeIgniter\CodeIgniter->runController(Object(App\Controllers\Barang))
 8 SYSTEMPATH\CodeIgniter.php(363): CodeIgniter\CodeIgniter->handleRequest(null, Object(Config\Cache), false)
 9 SYSTEMPATH\Boot.php(417): CodeIgniter\CodeIgniter->run()
10 SYSTEMPATH\Boot.php(68): CodeIgniter\Boot::runCodeIgniter(Object(CodeIgniter\CodeIgniter))
11 FCPATH\index.php(56): CodeIgniter\Boot::bootWeb(Object(Config\Paths))
12 SYSTEMPATH\rewrite.php(44): require_once('C:\\Users\\AKU BANGGA JADI IT 2\\Documents\\RafiChandra\\Codeigniter4\\bengkel-salsa-motor\\public\\index.php')
DEBUG - 2026-08-13 04:19:32 --> Session: Class initialized using 'CodeIgniter\Session\Handlers\FileHandler' driver.
CRITICAL - 2026-08-13 04:19:32 --> ErrorException: Undefined variable $kategori
[Method: GET, Route: admin/barang]
in APPPATH\Views\page\content\form\barang\index.php on line 275.
 1 APPPATH\Views\page\content\form\barang\index.php(275): CodeIgniter\Debug\Exceptions->errorHandler(2, 'Undefined variable $kategori', 'C:\\Users\\AKU BANGGA JADI IT 2\\Documents\\RafiChandra\\Codeigniter4\\bengkel-salsa-motor\\app\\Views\\page\\content\\form\\barang\\index.php', 275)
 2 SYSTEMPATH\View\View.php(240): include('C:\\Users\\AKU BANGGA JADI IT 2\\Documents\\RafiChandra\\Codeigniter4\\bengkel-salsa-motor\\app\\Views\\page\\content\\form\\barang\\index.php')
 3 SYSTEMPATH\View\View.php(243): CodeIgniter\View\View->{closure:CodeIgniter\View\View::render():237}()
 4 SYSTEMPATH\Common.php(1268): CodeIgniter\View\View->render('page/content/form/barang/index', [], true)
 5 APPPATH\Controllers\Barang.php(29): view('page/content/form/barang/index', [...])
 6 SYSTEMPATH\CodeIgniter.php(974): App\Controllers\Barang->index()
 7 SYSTEMPATH\CodeIgniter.php(520): CodeIgniter\CodeIgniter->runController(Object(App\Controllers\Barang))
 8 SYSTEMPATH\CodeIgniter.php(363): CodeIgniter\CodeIgniter->handleRequest(null, Object(Config\Cache), false)
 9 SYSTEMPATH\Boot.php(417): CodeIgniter\CodeIgniter->run()
10 SYSTEMPATH\Boot.php(68): CodeIgniter\Boot::runCodeIgniter(Object(CodeIgniter\CodeIgniter))
11 FCPATH\index.php(56): CodeIgniter\Boot::bootWeb(Object(Config\Paths))
12 SYSTEMPATH\rewrite.php(44): require_once('C:\\Users\\AKU BANGGA JADI IT 2\\Documents\\RafiChandra\\Codeigniter4\\bengkel-salsa-motor\\public\\index.php')
DEBUG - 2026-08-13 04:19:32 --> Session: Class initialized using 'CodeIgniter\Session\Handlers\FileHandler' driver.
CRITICAL - 2026-08-13 04:19:32 --> ErrorException: Undefined variable $kategori
[Method: GET, Route: admin/barang]
in APPPATH\Views\page\content\form\barang\index.php on line 275.
 1 APPPATH\Views\page\content\form\barang\index.php(275): CodeIgniter\Debug\Exceptions->errorHandler(2, 'Undefined variable $kategori', 'C:\\Users\\AKU BANGGA JADI IT 2\\Documents\\RafiChandra\\Codeigniter4\\bengkel-salsa-motor\\app\\Views\\page\\content\\form\\barang\\index.php', 275)
 2 SYSTEMPATH\View\View.php(240): include('C:\\Users\\AKU BANGGA JADI IT 2\\Documents\\RafiChandra\\Codeigniter4\\bengkel-salsa-motor\\app\\Views\\page\\content\\form\\barang\\index.php')
 3 SYSTEMPATH\View\View.php(243): CodeIgniter\View\View->{closure:CodeIgniter\View\View::render():237}()
 4 SYSTEMPATH\Common.php(1268): CodeIgniter\View\View->render('page/content/form/barang/index', [], true)
 5 APPPATH\Controllers\Barang.php(29): view('page/content/form/barang/index', [...])
 6 SYSTEMPATH\CodeIgniter.php(974): App\Controllers\Barang->index()
 7 SYSTEMPATH\CodeIgniter.php(520): CodeIgniter\CodeIgniter->runController(Object(App\Controllers\Barang))
 8 SYSTEMPATH\CodeIgniter.php(363): CodeIgniter\CodeIgniter->handleRequest(null, Object(Config\Cache), false)
 9 SYSTEMPATH\Boot.php(417): CodeIgniter\CodeIgniter->run()
10 SYSTEMPATH\Boot.php(68): CodeIgniter\Boot::runCodeIgniter(Object(CodeIgniter\CodeIgniter))
11 FCPATH\index.php(56): CodeIgniter\Boot::bootWeb(Object(Config\Paths))
12 SYSTEMPATH\rewrite.php(44): require_once('C:\\Users\\AKU BANGGA JADI IT 2\\Documents\\RafiChandra\\Codeigniter4\\bengkel-salsa-motor\\public\\index.php')
DEBUG - 2026-08-13 04:19:32 --> Session: Class initialized using 'CodeIgniter\Session\Handlers\FileHandler' driver.
CRITICAL - 2026-08-13 04:19:32 --> ErrorException: Undefined variable $kategori
[Method: GET, Route: admin/barang]
in APPPATH\Views\page\content\form\barang\index.php on line 275.
 1 APPPATH\Views\page\content\form\barang\index.php(275): CodeIgniter\Debug\Exceptions->errorHandler(2, 'Undefined variable $kategori', 'C:\\Users\\AKU BANGGA JADI IT 2\\Documents\\RafiChandra\\Codeigniter4\\bengkel-salsa-motor\\app\\Views\\page\\content\\form\\barang\\index.php', 275)
 2 SYSTEMPATH\View\View.php(240): include('C:\\Users\\AKU BANGGA JADI IT 2\\Documents\\RafiChandra\\Codeigniter4\\bengkel-salsa-motor\\app\\Views\\page\\content\\form\\barang\\index.php')
 3 SYSTEMPATH\View\View.php(243): CodeIgniter\View\View->{closure:CodeIgniter\View\View::render():237}()
 4 SYSTEMPATH\Common.php(1268): CodeIgniter\View\View->render('page/content/form/barang/index', [], true)
 5 APPPATH\Controllers\Barang.php(29): view('page/content/form/barang/index', [...])
 6 SYSTEMPATH\CodeIgniter.php(974): App\Controllers\Barang->index()
 7 SYSTEMPATH\CodeIgniter.php(520): CodeIgniter\CodeIgniter->runController(Object(App\Controllers\Barang))
 8 SYSTEMPATH\CodeIgniter.php(363): CodeIgniter\CodeIgniter->handleRequest(null, Object(Config\Cache), false)
 9 SYSTEMPATH\Boot.php(417): CodeIgniter\CodeIgniter->run()
10 SYSTEMPATH\Boot.php(68): CodeIgniter\Boot::runCodeIgniter(Object(CodeIgniter\CodeIgniter))
11 FCPATH\index.php(56): CodeIgniter\Boot::bootWeb(Object(Config\Paths))
12 SYSTEMPATH\rewrite.php(44): require_once('C:\\Users\\AKU BANGGA JADI IT 2\\Documents\\RafiChandra\\Codeigniter4\\bengkel-salsa-motor\\public\\index.php')
DEBUG - 2026-08-13 04:19:33 --> Session: Class initialized using 'CodeIgniter\Session\Handlers\FileHandler' driver.
CRITICAL - 2026-08-13 04:19:33 --> ErrorException: Undefined variable $kategori
[Method: GET, Route: admin/barang]
in APPPATH\Views\page\content\form\barang\index.php on line 275.
 1 APPPATH\Views\page\content\form\barang\index.php(275): CodeIgniter\Debug\Exceptions->errorHandler(2, 'Undefined variable $kategori', 'C:\\Users\\AKU BANGGA JADI IT 2\\Documents\\RafiChandra\\Codeigniter4\\bengkel-salsa-motor\\app\\Views\\page\\content\\form\\barang\\index.php', 275)
 2 SYSTEMPATH\View\View.php(240): include('C:\\Users\\AKU BANGGA JADI IT 2\\Documents\\RafiChandra\\Codeigniter4\\bengkel-salsa-motor\\app\\Views\\page\\content\\form\\barang\\index.php')
 3 SYSTEMPATH\View\View.php(243): CodeIgniter\View\View->{closure:CodeIgniter\View\View::render():237}()
 4 SYSTEMPATH\Common.php(1268): CodeIgniter\View\View->render('page/content/form/barang/index', [], true)
 5 APPPATH\Controllers\Barang.php(29): view('page/content/form/barang/index', [...])
 6 SYSTEMPATH\CodeIgniter.php(974): App\Controllers\Barang->index()
 7 SYSTEMPATH\CodeIgniter.php(520): CodeIgniter\CodeIgniter->runController(Object(App\Controllers\Barang))
 8 SYSTEMPATH\CodeIgniter.php(363): CodeIgniter\CodeIgniter->handleRequest(null, Object(Config\Cache), false)
 9 SYSTEMPATH\Boot.php(417): CodeIgniter\CodeIgniter->run()
10 SYSTEMPATH\Boot.php(68): CodeIgniter\Boot::runCodeIgniter(Object(CodeIgniter\CodeIgniter))
11 FCPATH\index.php(56): CodeIgniter\Boot::bootWeb(Object(Config\Paths))
12 SYSTEMPATH\rewrite.php(44): require_once('C:\\Users\\AKU BANGGA JADI IT 2\\Documents\\RafiChandra\\Codeigniter4\\bengkel-salsa-motor\\public\\index.php')
DEBUG - 2026-08-13 04:19:33 --> Session: Class initialized using 'CodeIgniter\Session\Handlers\FileHandler' driver.
CRITICAL - 2026-08-13 04:19:33 --> ErrorException: Undefined variable $kategori
[Method: GET, Route: admin/barang]
in APPPATH\Views\page\content\form\barang\index.php on line 275.
 1 APPPATH\Views\page\content\form\barang\index.php(275): CodeIgniter\Debug\Exceptions->errorHandler(2, 'Undefined variable $kategori', 'C:\\Users\\AKU BANGGA JADI IT 2\\Documents\\RafiChandra\\Codeigniter4\\bengkel-salsa-motor\\app\\Views\\page\\content\\form\\barang\\index.php', 275)
 2 SYSTEMPATH\View\View.php(240): include('C:\\Users\\AKU BANGGA JADI IT 2\\Documents\\RafiChandra\\Codeigniter4\\bengkel-salsa-motor\\app\\Views\\page\\content\\form\\barang\\index.php')
 3 SYSTEMPATH\View\View.php(243): CodeIgniter\View\View->{closure:CodeIgniter\View\View::render():237}()
 4 SYSTEMPATH\Common.php(1268): CodeIgniter\View\View->render('page/content/form/barang/index', [], true)
 5 APPPATH\Controllers\Barang.php(29): view('page/content/form/barang/index', [...])
 6 SYSTEMPATH\CodeIgniter.php(974): App\Controllers\Barang->index()
 7 SYSTEMPATH\CodeIgniter.php(520): CodeIgniter\CodeIgniter->runController(Object(App\Controllers\Barang))
 8 SYSTEMPATH\CodeIgniter.php(363): CodeIgniter\CodeIgniter->handleRequest(null, Object(Config\Cache), false)
 9 SYSTEMPATH\Boot.php(417): CodeIgniter\CodeIgniter->run()
10 SYSTEMPATH\Boot.php(68): CodeIgniter\Boot::runCodeIgniter(Object(CodeIgniter\CodeIgniter))
11 FCPATH\index.php(56): CodeIgniter\Boot::bootWeb(Object(Config\Paths))
12 SYSTEMPATH\rewrite.php(44): require_once('C:\\Users\\AKU BANGGA JADI IT 2\\Documents\\RafiChandra\\Codeigniter4\\bengkel-salsa-motor\\public\\index.php')
DEBUG - 2026-08-13 04:19:33 --> Session: Class initialized using 'CodeIgniter\Session\Handlers\FileHandler' driver.
CRITICAL - 2026-08-13 04:19:33 --> ErrorException: Undefined variable $kategori
[Method: GET, Route: admin/barang]
in APPPATH\Views\page\content\form\barang\index.php on line 275.
 1 APPPATH\Views\page\content\form\barang\index.php(275): CodeIgniter\Debug\Exceptions->errorHandler(2, 'Undefined variable $kategori', 'C:\\Users\\AKU BANGGA JADI IT 2\\Documents\\RafiChandra\\Codeigniter4\\bengkel-salsa-motor\\app\\Views\\page\\content\\form\\barang\\index.php', 275)
 2 SYSTEMPATH\View\View.php(240): include('C:\\Users\\AKU BANGGA JADI IT 2\\Documents\\RafiChandra\\Codeigniter4\\bengkel-salsa-motor\\app\\Views\\page\\content\\form\\barang\\index.php')
 3 SYSTEMPATH\View\View.php(243): CodeIgniter\View\View->{closure:CodeIgniter\View\View::render():237}()
 4 SYSTEMPATH\Common.php(1268): CodeIgniter\View\View->render('page/content/form/barang/index', [], true)
 5 APPPATH\Controllers\Barang.php(29): view('page/content/form/barang/index', [...])
 6 SYSTEMPATH\CodeIgniter.php(974): App\Controllers\Barang->index()
 7 SYSTEMPATH\CodeIgniter.php(520): CodeIgniter\CodeIgniter->runController(Object(App\Controllers\Barang))
 8 SYSTEMPATH\CodeIgniter.php(363): CodeIgniter\CodeIgniter->handleRequest(null, Object(Config\Cache), false)
 9 SYSTEMPATH\Boot.php(417): CodeIgniter\CodeIgniter->run()
10 SYSTEMPATH\Boot.php(68): CodeIgniter\Boot::runCodeIgniter(Object(CodeIgniter\CodeIgniter))
11 FCPATH\index.php(56): CodeIgniter\Boot::bootWeb(Object(Config\Paths))
12 SYSTEMPATH\rewrite.php(44): require_once('C:\\Users\\AKU BANGGA JADI IT 2\\Documents\\RafiChandra\\Codeigniter4\\bengkel-salsa-motor\\public\\index.php')
DEBUG - 2026-08-13 04:19:33 --> Session: Class initialized using 'CodeIgniter\Session\Handlers\FileHandler' driver.
CRITICAL - 2026-08-13 04:19:33 --> ErrorException: Undefined variable $kategori
[Method: GET, Route: admin/barang]
in APPPATH\Views\page\content\form\barang\index.php on line 275.
 1 APPPATH\Views\page\content\form\barang\index.php(275): CodeIgniter\Debug\Exceptions->errorHandler(2, 'Undefined variable $kategori', 'C:\\Users\\AKU BANGGA JADI IT 2\\Documents\\RafiChandra\\Codeigniter4\\bengkel-salsa-motor\\app\\Views\\page\\content\\form\\barang\\index.php', 275)
 2 SYSTEMPATH\View\View.php(240): include('C:\\Users\\AKU BANGGA JADI IT 2\\Documents\\RafiChandra\\Codeigniter4\\bengkel-salsa-motor\\app\\Views\\page\\content\\form\\barang\\index.php')
 3 SYSTEMPATH\View\View.php(243): CodeIgniter\View\View->{closure:CodeIgniter\View\View::render():237}()
 4 SYSTEMPATH\Common.php(1268): CodeIgniter\View\View->render('page/content/form/barang/index', [], true)
 5 APPPATH\Controllers\Barang.php(29): view('page/content/form/barang/index', [...])
 6 SYSTEMPATH\CodeIgniter.php(974): App\Controllers\Barang->index()
 7 SYSTEMPATH\CodeIgniter.php(520): CodeIgniter\CodeIgniter->runController(Object(App\Controllers\Barang))
 8 SYSTEMPATH\CodeIgniter.php(363): CodeIgniter\CodeIgniter->handleRequest(null, Object(Config\Cache), false)
 9 SYSTEMPATH\Boot.php(417): CodeIgniter\CodeIgniter->run()
10 SYSTEMPATH\Boot.php(68): CodeIgniter\Boot::runCodeIgniter(Object(CodeIgniter\CodeIgniter))
11 FCPATH\index.php(56): CodeIgniter\Boot::bootWeb(Object(Config\Paths))
12 SYSTEMPATH\rewrite.php(44): require_once('C:\\Users\\AKU BANGGA JADI IT 2\\Documents\\RafiChandra\\Codeigniter4\\bengkel-salsa-motor\\public\\index.php')
DEBUG - 2026-08-13 04:19:34 --> Session: Class initialized using 'CodeIgniter\Session\Handlers\FileHandler' driver.
CRITICAL - 2026-08-13 04:19:34 --> ErrorException: Undefined variable $kategori
[Method: GET, Route: admin/barang]
in APPPATH\Views\page\content\form\barang\index.php on line 275.
 1 APPPATH\Views\page\content\form\barang\index.php(275): CodeIgniter\Debug\Exceptions->errorHandler(2, 'Undefined variable $kategori', 'C:\\Users\\AKU BANGGA JADI IT 2\\Documents\\RafiChandra\\Codeigniter4\\bengkel-salsa-motor\\app\\Views\\page\\content\\form\\barang\\index.php', 275)
 2 SYSTEMPATH\View\View.php(240): include('C:\\Users\\AKU BANGGA JADI IT 2\\Documents\\RafiChandra\\Codeigniter4\\bengkel-salsa-motor\\app\\Views\\page\\content\\form\\barang\\index.php')
 3 SYSTEMPATH\View\View.php(243): CodeIgniter\View\View->{closure:CodeIgniter\View\View::render():237}()
 4 SYSTEMPATH\Common.php(1268): CodeIgniter\View\View->render('page/content/form/barang/index', [], true)
 5 APPPATH\Controllers\Barang.php(29): view('page/content/form/barang/index', [...])
 6 SYSTEMPATH\CodeIgniter.php(974): App\Controllers\Barang->index()
 7 SYSTEMPATH\CodeIgniter.php(520): CodeIgniter\CodeIgniter->runController(Object(App\Controllers\Barang))
 8 SYSTEMPATH\CodeIgniter.php(363): CodeIgniter\CodeIgniter->handleRequest(null, Object(Config\Cache), false)
 9 SYSTEMPATH\Boot.php(417): CodeIgniter\CodeIgniter->run()
10 SYSTEMPATH\Boot.php(68): CodeIgniter\Boot::runCodeIgniter(Object(CodeIgniter\CodeIgniter))
11 FCPATH\index.php(56): CodeIgniter\Boot::bootWeb(Object(Config\Paths))
12 SYSTEMPATH\rewrite.php(44): require_once('C:\\Users\\AKU BANGGA JADI IT 2\\Documents\\RafiChandra\\Codeigniter4\\bengkel-salsa-motor\\public\\index.php')
DEBUG - 2026-08-13 04:19:34 --> Session: Class initialized using 'CodeIgniter\Session\Handlers\FileHandler' driver.
CRITICAL - 2026-08-13 04:19:34 --> ErrorException: Undefined variable $kategori
[Method: GET, Route: admin/barang]
in APPPATH\Views\page\content\form\barang\index.php on line 275.
 1 APPPATH\Views\page\content\form\barang\index.php(275): CodeIgniter\Debug\Exceptions->errorHandler(2, 'Undefined variable $kategori', 'C:\\Users\\AKU BANGGA JADI IT 2\\Documents\\RafiChandra\\Codeigniter4\\bengkel-salsa-motor\\app\\Views\\page\\content\\form\\barang\\index.php', 275)
 2 SYSTEMPATH\View\View.php(240): include('C:\\Users\\AKU BANGGA JADI IT 2\\Documents\\RafiChandra\\Codeigniter4\\bengkel-salsa-motor\\app\\Views\\page\\content\\form\\barang\\index.php')
 3 SYSTEMPATH\View\View.php(243): CodeIgniter\View\View->{closure:CodeIgniter\View\View::render():237}()
 4 SYSTEMPATH\Common.php(1268): CodeIgniter\View\View->render('page/content/form/barang/index', [], true)
 5 APPPATH\Controllers\Barang.php(29): view('page/content/form/barang/index', [...])
 6 SYSTEMPATH\CodeIgniter.php(974): App\Controllers\Barang->index()
 7 SYSTEMPATH\CodeIgniter.php(520): CodeIgniter\CodeIgniter->runController(Object(App\Controllers\Barang))
 8 SYSTEMPATH\CodeIgniter.php(363): CodeIgniter\CodeIgniter->handleRequest(null, Object(Config\Cache), false)
 9 SYSTEMPATH\Boot.php(417): CodeIgniter\CodeIgniter->run()
10 SYSTEMPATH\Boot.php(68): CodeIgniter\Boot::runCodeIgniter(Object(CodeIgniter\CodeIgniter))
11 FCPATH\index.php(56): CodeIgniter\Boot::bootWeb(Object(Config\Paths))
12 SYSTEMPATH\rewrite.php(44): require_once('C:\\Users\\AKU BANGGA JADI IT 2\\Documents\\RafiChandra\\Codeigniter4\\bengkel-salsa-motor\\public\\index.php')
DEBUG - 2026-08-13 04:19:34 --> Session: Class initialized using 'CodeIgniter\Session\Handlers\FileHandler' driver.
CRITICAL - 2026-08-13 04:19:34 --> ErrorException: Undefined variable $kategori
[Method: GET, Route: admin/barang]
in APPPATH\Views\page\content\form\barang\index.php on line 275.
 1 APPPATH\Views\page\content\form\barang\index.php(275): CodeIgniter\Debug\Exceptions->errorHandler(2, 'Undefined variable $kategori', 'C:\\Users\\AKU BANGGA JADI IT 2\\Documents\\RafiChandra\\Codeigniter4\\bengkel-salsa-motor\\app\\Views\\page\\content\\form\\barang\\index.php', 275)
 2 SYSTEMPATH\View\View.php(240): include('C:\\Users\\AKU BANGGA JADI IT 2\\Documents\\RafiChandra\\Codeigniter4\\bengkel-salsa-motor\\app\\Views\\page\\content\\form\\barang\\index.php')
 3 SYSTEMPATH\View\View.php(243): CodeIgniter\View\View->{closure:CodeIgniter\View\View::render():237}()
 4 SYSTEMPATH\Common.php(1268): CodeIgniter\View\View->render('page/content/form/barang/index', [], true)
 5 APPPATH\Controllers\Barang.php(29): view('page/content/form/barang/index', [...])
 6 SYSTEMPATH\CodeIgniter.php(974): App\Controllers\Barang->index()
 7 SYSTEMPATH\CodeIgniter.php(520): CodeIgniter\CodeIgniter->runController(Object(App\Controllers\Barang))
 8 SYSTEMPATH\CodeIgniter.php(363): CodeIgniter\CodeIgniter->handleRequest(null, Object(Config\Cache), false)
 9 SYSTEMPATH\Boot.php(417): CodeIgniter\CodeIgniter->run()
10 SYSTEMPATH\Boot.php(68): CodeIgniter\Boot::runCodeIgniter(Object(CodeIgniter\CodeIgniter))
11 FCPATH\index.php(56): CodeIgniter\Boot::bootWeb(Object(Config\Paths))
12 SYSTEMPATH\rewrite.php(44): require_once('C:\\Users\\AKU BANGGA JADI IT 2\\Documents\\RafiChandra\\Codeigniter4\\bengkel-salsa-motor\\public\\index.php')
DEBUG - 2026-08-13 04:19:34 --> Session: Class initialized using 'CodeIgniter\Session\Handlers\FileHandler' driver.
CRITICAL - 2026-08-13 04:19:34 --> ErrorException: Undefined variable $kategori
[Method: GET, Route: admin/barang]
in APPPATH\Views\page\content\form\barang\index.php on line 275.
 1 APPPATH\Views\page\content\form\barang\index.php(275): CodeIgniter\Debug\Exceptions->errorHandler(2, 'Undefined variable $kategori', 'C:\\Users\\AKU BANGGA JADI IT 2\\Documents\\RafiChandra\\Codeigniter4\\bengkel-salsa-motor\\app\\Views\\page\\content\\form\\barang\\index.php', 275)
 2 SYSTEMPATH\View\View.php(240): include('C:\\Users\\AKU BANGGA JADI IT 2\\Documents\\RafiChandra\\Codeigniter4\\bengkel-salsa-motor\\app\\Views\\page\\content\\form\\barang\\index.php')
 3 SYSTEMPATH\View\View.php(243): CodeIgniter\View\View->{closure:CodeIgniter\View\View::render():237}()
 4 SYSTEMPATH\Common.php(1268): CodeIgniter\View\View->render('page/content/form/barang/index', [], true)
 5 APPPATH\Controllers\Barang.php(29): view('page/content/form/barang/index', [...])
 6 SYSTEMPATH\CodeIgniter.php(974): App\Controllers\Barang->index()
 7 SYSTEMPATH\CodeIgniter.php(520): CodeIgniter\CodeIgniter->runController(Object(App\Controllers\Barang))
 8 SYSTEMPATH\CodeIgniter.php(363): CodeIgniter\CodeIgniter->handleRequest(null, Object(Config\Cache), false)
 9 SYSTEMPATH\Boot.php(417): CodeIgniter\CodeIgniter->run()
10 SYSTEMPATH\Boot.php(68): CodeIgniter\Boot::runCodeIgniter(Object(CodeIgniter\CodeIgniter))
11 FCPATH\index.php(56): CodeIgniter\Boot::bootWeb(Object(Config\Paths))
12 SYSTEMPATH\rewrite.php(44): require_once('C:\\Users\\AKU BANGGA JADI IT 2\\Documents\\RafiChandra\\Codeigniter4\\bengkel-salsa-motor\\public\\index.php')
DEBUG - 2026-08-13 04:19:34 --> Session: Class initialized using 'CodeIgniter\Session\Handlers\FileHandler' driver.
CRITICAL - 2026-08-13 04:19:35 --> ErrorException: Undefined variable $kategori
[Method: GET, Route: admin/barang]
in APPPATH\Views\page\content\form\barang\index.php on line 275.
 1 APPPATH\Views\page\content\form\barang\index.php(275): CodeIgniter\Debug\Exceptions->errorHandler(2, 'Undefined variable $kategori', 'C:\\Users\\AKU BANGGA JADI IT 2\\Documents\\RafiChandra\\Codeigniter4\\bengkel-salsa-motor\\app\\Views\\page\\content\\form\\barang\\index.php', 275)
 2 SYSTEMPATH\View\View.php(240): include('C:\\Users\\AKU BANGGA JADI IT 2\\Documents\\RafiChandra\\Codeigniter4\\bengkel-salsa-motor\\app\\Views\\page\\content\\form\\barang\\index.php')
 3 SYSTEMPATH\View\View.php(243): CodeIgniter\View\View->{closure:CodeIgniter\View\View::render():237}()
 4 SYSTEMPATH\Common.php(1268): CodeIgniter\View\View->render('page/content/form/barang/index', [], true)
 5 APPPATH\Controllers\Barang.php(29): view('page/content/form/barang/index', [...])
 6 SYSTEMPATH\CodeIgniter.php(974): App\Controllers\Barang->index()
 7 SYSTEMPATH\CodeIgniter.php(520): CodeIgniter\CodeIgniter->runController(Object(App\Controllers\Barang))
 8 SYSTEMPATH\CodeIgniter.php(363): CodeIgniter\CodeIgniter->handleRequest(null, Object(Config\Cache), false)
 9 SYSTEMPATH\Boot.php(417): CodeIgniter\CodeIgniter->run()
10 SYSTEMPATH\Boot.php(68): CodeIgniter\Boot::runCodeIgniter(Object(CodeIgniter\CodeIgniter))
11 FCPATH\index.php(56): CodeIgniter\Boot::bootWeb(Object(Config\Paths))
12 SYSTEMPATH\rewrite.php(44): require_once('C:\\Users\\AKU BANGGA JADI IT 2\\Documents\\RafiChandra\\Codeigniter4\\bengkel-salsa-motor\\public\\index.php')
DEBUG - 2026-08-13 04:19:35 --> Session: Class initialized using 'CodeIgniter\Session\Handlers\FileHandler' driver.
CRITICAL - 2026-08-13 04:19:35 --> ErrorException: Undefined variable $kategori
[Method: GET, Route: admin/barang]
in APPPATH\Views\page\content\form\barang\index.php on line 275.
 1 APPPATH\Views\page\content\form\barang\index.php(275): CodeIgniter\Debug\Exceptions->errorHandler(2, 'Undefined variable $kategori', 'C:\\Users\\AKU BANGGA JADI IT 2\\Documents\\RafiChandra\\Codeigniter4\\bengkel-salsa-motor\\app\\Views\\page\\content\\form\\barang\\index.php', 275)
 2 SYSTEMPATH\View\View.php(240): include('C:\\Users\\AKU BANGGA JADI IT 2\\Documents\\RafiChandra\\Codeigniter4\\bengkel-salsa-motor\\app\\Views\\page\\content\\form\\barang\\index.php')
 3 SYSTEMPATH\View\View.php(243): CodeIgniter\View\View->{closure:CodeIgniter\View\View::render():237}()
 4 SYSTEMPATH\Common.php(1268): CodeIgniter\View\View->render('page/content/form/barang/index', [], true)
 5 APPPATH\Controllers\Barang.php(29): view('page/content/form/barang/index', [...])
 6 SYSTEMPATH\CodeIgniter.php(974): App\Controllers\Barang->index()
 7 SYSTEMPATH\CodeIgniter.php(520): CodeIgniter\CodeIgniter->runController(Object(App\Controllers\Barang))
 8 SYSTEMPATH\CodeIgniter.php(363): CodeIgniter\CodeIgniter->handleRequest(null, Object(Config\Cache), false)
 9 SYSTEMPATH\Boot.php(417): CodeIgniter\CodeIgniter->run()
10 SYSTEMPATH\Boot.php(68): CodeIgniter\Boot::runCodeIgniter(Object(CodeIgniter\CodeIgniter))
11 FCPATH\index.php(56): CodeIgniter\Boot::bootWeb(Object(Config\Paths))
12 SYSTEMPATH\rewrite.php(44): require_once('C:\\Users\\AKU BANGGA JADI IT 2\\Documents\\RafiChandra\\Codeigniter4\\bengkel-salsa-motor\\public\\index.php')
DEBUG - 2026-08-13 04:19:35 --> Session: Class initialized using 'CodeIgniter\Session\Handlers\FileHandler' driver.
CRITICAL - 2026-08-13 04:19:35 --> ErrorException: Undefined variable $kategori
[Method: GET, Route: admin/barang]
in APPPATH\Views\page\content\form\barang\index.php on line 275.
 1 APPPATH\Views\page\content\form\barang\index.php(275): CodeIgniter\Debug\Exceptions->errorHandler(2, 'Undefined variable $kategori', 'C:\\Users\\AKU BANGGA JADI IT 2\\Documents\\RafiChandra\\Codeigniter4\\bengkel-salsa-motor\\app\\Views\\page\\content\\form\\barang\\index.php', 275)
 2 SYSTEMPATH\View\View.php(240): include('C:\\Users\\AKU BANGGA JADI IT 2\\Documents\\RafiChandra\\Codeigniter4\\bengkel-salsa-motor\\app\\Views\\page\\content\\form\\barang\\index.php')
 3 SYSTEMPATH\View\View.php(243): CodeIgniter\View\View->{closure:CodeIgniter\View\View::render():237}()
 4 SYSTEMPATH\Common.php(1268): CodeIgniter\View\View->render('page/content/form/barang/index', [], true)
 5 APPPATH\Controllers\Barang.php(29): view('page/content/form/barang/index', [...])
 6 SYSTEMPATH\CodeIgniter.php(974): App\Controllers\Barang->index()
 7 SYSTEMPATH\CodeIgniter.php(520): CodeIgniter\CodeIgniter->runController(Object(App\Controllers\Barang))
 8 SYSTEMPATH\CodeIgniter.php(363): CodeIgniter\CodeIgniter->handleRequest(null, Object(Config\Cache), false)
 9 SYSTEMPATH\Boot.php(417): CodeIgniter\CodeIgniter->run()
10 SYSTEMPATH\Boot.php(68): CodeIgniter\Boot::runCodeIgniter(Object(CodeIgniter\CodeIgniter))
11 FCPATH\index.php(56): CodeIgniter\Boot::bootWeb(Object(Config\Paths))
12 SYSTEMPATH\rewrite.php(44): require_once('C:\\Users\\AKU BANGGA JADI IT 2\\Documents\\RafiChandra\\Codeigniter4\\bengkel-salsa-motor\\public\\index.php')
DEBUG - 2026-08-13 04:19:36 --> Session: Class initialized using 'CodeIgniter\Session\Handlers\FileHandler' driver.
CRITICAL - 2026-08-13 04:19:36 --> ErrorException: Undefined variable $kategori
[Method: GET, Route: admin/barang]
in APPPATH\Views\page\content\form\barang\index.php on line 275.
 1 APPPATH\Views\page\content\form\barang\index.php(275): CodeIgniter\Debug\Exceptions->errorHandler(2, 'Undefined variable $kategori', 'C:\\Users\\AKU BANGGA JADI IT 2\\Documents\\RafiChandra\\Codeigniter4\\bengkel-salsa-motor\\app\\Views\\page\\content\\form\\barang\\index.php', 275)
 2 SYSTEMPATH\View\View.php(240): include('C:\\Users\\AKU BANGGA JADI IT 2\\Documents\\RafiChandra\\Codeigniter4\\bengkel-salsa-motor\\app\\Views\\page\\content\\form\\barang\\index.php')
 3 SYSTEMPATH\View\View.php(243): CodeIgniter\View\View->{closure:CodeIgniter\View\View::render():237}()
 4 SYSTEMPATH\Common.php(1268): CodeIgniter\View\View->render('page/content/form/barang/index', [], true)
 5 APPPATH\Controllers\Barang.php(29): view('page/content/form/barang/index', [...])
 6 SYSTEMPATH\CodeIgniter.php(974): App\Controllers\Barang->index()
 7 SYSTEMPATH\CodeIgniter.php(520): CodeIgniter\CodeIgniter->runController(Object(App\Controllers\Barang))
 8 SYSTEMPATH\CodeIgniter.php(363): CodeIgniter\CodeIgniter->handleRequest(null, Object(Config\Cache), false)
 9 SYSTEMPATH\Boot.php(417): CodeIgniter\CodeIgniter->run()
10 SYSTEMPATH\Boot.php(68): CodeIgniter\Boot::runCodeIgniter(Object(CodeIgniter\CodeIgniter))
11 FCPATH\index.php(56): CodeIgniter\Boot::bootWeb(Object(Config\Paths))
12 SYSTEMPATH\rewrite.php(44): require_once('C:\\Users\\AKU BANGGA JADI IT 2\\Documents\\RafiChandra\\Codeigniter4\\bengkel-salsa-motor\\public\\index.php')
DEBUG - 2026-08-13 04:19:36 --> Session: Class initialized using 'CodeIgniter\Session\Handlers\FileHandler' driver.
CRITICAL - 2026-08-13 04:19:36 --> ErrorException: Undefined variable $kategori
[Method: GET, Route: admin/barang]
in APPPATH\Views\page\content\form\barang\index.php on line 275.
 1 APPPATH\Views\page\content\form\barang\index.php(275): CodeIgniter\Debug\Exceptions->errorHandler(2, 'Undefined variable $kategori', 'C:\\Users\\AKU BANGGA JADI IT 2\\Documents\\RafiChandra\\Codeigniter4\\bengkel-salsa-motor\\app\\Views\\page\\content\\form\\barang\\index.php', 275)
 2 SYSTEMPATH\View\View.php(240): include('C:\\Users\\AKU BANGGA JADI IT 2\\Documents\\RafiChandra\\Codeigniter4\\bengkel-salsa-motor\\app\\Views\\page\\content\\form\\barang\\index.php')
 3 SYSTEMPATH\View\View.php(243): CodeIgniter\View\View->{closure:CodeIgniter\View\View::render():237}()
 4 SYSTEMPATH\Common.php(1268): CodeIgniter\View\View->render('page/content/form/barang/index', [], true)
 5 APPPATH\Controllers\Barang.php(29): view('page/content/form/barang/index', [...])
 6 SYSTEMPATH\CodeIgniter.php(974): App\Controllers\Barang->index()
 7 SYSTEMPATH\CodeIgniter.php(520): CodeIgniter\CodeIgniter->runController(Object(App\Controllers\Barang))
 8 SYSTEMPATH\CodeIgniter.php(363): CodeIgniter\CodeIgniter->handleRequest(null, Object(Config\Cache), false)
 9 SYSTEMPATH\Boot.php(417): CodeIgniter\CodeIgniter->run()
10 SYSTEMPATH\Boot.php(68): CodeIgniter\Boot::runCodeIgniter(Object(CodeIgniter\CodeIgniter))
11 FCPATH\index.php(56): CodeIgniter\Boot::bootWeb(Object(Config\Paths))
12 SYSTEMPATH\rewrite.php(44): require_once('C:\\Users\\AKU BANGGA JADI IT 2\\Documents\\RafiChandra\\Codeigniter4\\bengkel-salsa-motor\\public\\index.php')
DEBUG - 2026-08-13 04:19:36 --> Session: Class initialized using 'CodeIgniter\Session\Handlers\FileHandler' driver.
CRITICAL - 2026-08-13 04:19:36 --> ErrorException: Undefined variable $kategori
[Method: GET, Route: admin/barang]
in APPPATH\Views\page\content\form\barang\index.php on line 275.
 1 APPPATH\Views\page\content\form\barang\index.php(275): CodeIgniter\Debug\Exceptions->errorHandler(2, 'Undefined variable $kategori', 'C:\\Users\\AKU BANGGA JADI IT 2\\Documents\\RafiChandra\\Codeigniter4\\bengkel-salsa-motor\\app\\Views\\page\\content\\form\\barang\\index.php', 275)
 2 SYSTEMPATH\View\View.php(240): include('C:\\Users\\AKU BANGGA JADI IT 2\\Documents\\RafiChandra\\Codeigniter4\\bengkel-salsa-motor\\app\\Views\\page\\content\\form\\barang\\index.php')
 3 SYSTEMPATH\View\View.php(243): CodeIgniter\View\View->{closure:CodeIgniter\View\View::render():237}()
 4 SYSTEMPATH\Common.php(1268): CodeIgniter\View\View->render('page/content/form/barang/index', [], true)
 5 APPPATH\Controllers\Barang.php(29): view('page/content/form/barang/index', [...])
 6 SYSTEMPATH\CodeIgniter.php(974): App\Controllers\Barang->index()
 7 SYSTEMPATH\CodeIgniter.php(520): CodeIgniter\CodeIgniter->runController(Object(App\Controllers\Barang))
 8 SYSTEMPATH\CodeIgniter.php(363): CodeIgniter\CodeIgniter->handleRequest(null, Object(Config\Cache), false)
 9 SYSTEMPATH\Boot.php(417): CodeIgniter\CodeIgniter->run()
10 SYSTEMPATH\Boot.php(68): CodeIgniter\Boot::runCodeIgniter(Object(CodeIgniter\CodeIgniter))
11 FCPATH\index.php(56): CodeIgniter\Boot::bootWeb(Object(Config\Paths))
12 SYSTEMPATH\rewrite.php(44): require_once('C:\\Users\\AKU BANGGA JADI IT 2\\Documents\\RafiChandra\\Codeigniter4\\bengkel-salsa-motor\\public\\index.php')
DEBUG - 2026-08-13 04:19:36 --> Session: Class initialized using 'CodeIgniter\Session\Handlers\FileHandler' driver.
CRITICAL - 2026-08-13 04:19:36 --> ErrorException: Undefined variable $kategori
[Method: GET, Route: admin/barang]
in APPPATH\Views\page\content\form\barang\index.php on line 275.
 1 APPPATH\Views\page\content\form\barang\index.php(275): CodeIgniter\Debug\Exceptions->errorHandler(2, 'Undefined variable $kategori', 'C:\\Users\\AKU BANGGA JADI IT 2\\Documents\\RafiChandra\\Codeigniter4\\bengkel-salsa-motor\\app\\Views\\page\\content\\form\\barang\\index.php', 275)
 2 SYSTEMPATH\View\View.php(240): include('C:\\Users\\AKU BANGGA JADI IT 2\\Documents\\RafiChandra\\Codeigniter4\\bengkel-salsa-motor\\app\\Views\\page\\content\\form\\barang\\index.php')
 3 SYSTEMPATH\View\View.php(243): CodeIgniter\View\View->{closure:CodeIgniter\View\View::render():237}()
 4 SYSTEMPATH\Common.php(1268): CodeIgniter\View\View->render('page/content/form/barang/index', [], true)
 5 APPPATH\Controllers\Barang.php(29): view('page/content/form/barang/index', [...])
 6 SYSTEMPATH\CodeIgniter.php(974): App\Controllers\Barang->index()
 7 SYSTEMPATH\CodeIgniter.php(520): CodeIgniter\CodeIgniter->runController(Object(App\Controllers\Barang))
 8 SYSTEMPATH\CodeIgniter.php(363): CodeIgniter\CodeIgniter->handleRequest(null, Object(Config\Cache), false)
 9 SYSTEMPATH\Boot.php(417): CodeIgniter\CodeIgniter->run()
10 SYSTEMPATH\Boot.php(68): CodeIgniter\Boot::runCodeIgniter(Object(CodeIgniter\CodeIgniter))
11 FCPATH\index.php(56): CodeIgniter\Boot::bootWeb(Object(Config\Paths))
12 SYSTEMPATH\rewrite.php(44): require_once('C:\\Users\\AKU BANGGA JADI IT 2\\Documents\\RafiChandra\\Codeigniter4\\bengkel-salsa-motor\\public\\index.php')
DEBUG - 2026-08-13 04:19:37 --> Session: Class initialized using 'CodeIgniter\Session\Handlers\FileHandler' driver.
CRITICAL - 2026-08-13 04:19:37 --> ErrorException: Undefined variable $kategori
[Method: GET, Route: admin/barang]
in APPPATH\Views\page\content\form\barang\index.php on line 275.
 1 APPPATH\Views\page\content\form\barang\index.php(275): CodeIgniter\Debug\Exceptions->errorHandler(2, 'Undefined variable $kategori', 'C:\\Users\\AKU BANGGA JADI IT 2\\Documents\\RafiChandra\\Codeigniter4\\bengkel-salsa-motor\\app\\Views\\page\\content\\form\\barang\\index.php', 275)
 2 SYSTEMPATH\View\View.php(240): include('C:\\Users\\AKU BANGGA JADI IT 2\\Documents\\RafiChandra\\Codeigniter4\\bengkel-salsa-motor\\app\\Views\\page\\content\\form\\barang\\index.php')
 3 SYSTEMPATH\View\View.php(243): CodeIgniter\View\View->{closure:CodeIgniter\View\View::render():237}()
 4 SYSTEMPATH\Common.php(1268): CodeIgniter\View\View->render('page/content/form/barang/index', [], true)
 5 APPPATH\Controllers\Barang.php(29): view('page/content/form/barang/index', [...])
 6 SYSTEMPATH\CodeIgniter.php(974): App\Controllers\Barang->index()
 7 SYSTEMPATH\CodeIgniter.php(520): CodeIgniter\CodeIgniter->runController(Object(App\Controllers\Barang))
 8 SYSTEMPATH\CodeIgniter.php(363): CodeIgniter\CodeIgniter->handleRequest(null, Object(Config\Cache), false)
 9 SYSTEMPATH\Boot.php(417): CodeIgniter\CodeIgniter->run()
10 SYSTEMPATH\Boot.php(68): CodeIgniter\Boot::runCodeIgniter(Object(CodeIgniter\CodeIgniter))
11 FCPATH\index.php(56): CodeIgniter\Boot::bootWeb(Object(Config\Paths))
12 SYSTEMPATH\rewrite.php(44): require_once('C:\\Users\\AKU BANGGA JADI IT 2\\Documents\\RafiChandra\\Codeigniter4\\bengkel-salsa-motor\\public\\index.php')
DEBUG - 2026-08-13 04:19:37 --> Session: Class initialized using 'CodeIgniter\Session\Handlers\FileHandler' driver.
CRITICAL - 2026-08-13 04:19:37 --> ErrorException: Undefined variable $kategori
[Method: GET, Route: admin/barang]
in APPPATH\Views\page\content\form\barang\index.php on line 275.
 1 APPPATH\Views\page\content\form\barang\index.php(275): CodeIgniter\Debug\Exceptions->errorHandler(2, 'Undefined variable $kategori', 'C:\\Users\\AKU BANGGA JADI IT 2\\Documents\\RafiChandra\\Codeigniter4\\bengkel-salsa-motor\\app\\Views\\page\\content\\form\\barang\\index.php', 275)
 2 SYSTEMPATH\View\View.php(240): include('C:\\Users\\AKU BANGGA JADI IT 2\\Documents\\RafiChandra\\Codeigniter4\\bengkel-salsa-motor\\app\\Views\\page\\content\\form\\barang\\index.php')
 3 SYSTEMPATH\View\View.php(243): CodeIgniter\View\View->{closure:CodeIgniter\View\View::render():237}()
 4 SYSTEMPATH\Common.php(1268): CodeIgniter\View\View->render('page/content/form/barang/index', [], true)
 5 APPPATH\Controllers\Barang.php(29): view('page/content/form/barang/index', [...])
 6 SYSTEMPATH\CodeIgniter.php(974): App\Controllers\Barang->index()
 7 SYSTEMPATH\CodeIgniter.php(520): CodeIgniter\CodeIgniter->runController(Object(App\Controllers\Barang))
 8 SYSTEMPATH\CodeIgniter.php(363): CodeIgniter\CodeIgniter->handleRequest(null, Object(Config\Cache), false)
 9 SYSTEMPATH\Boot.php(417): CodeIgniter\CodeIgniter->run()
10 SYSTEMPATH\Boot.php(68): CodeIgniter\Boot::runCodeIgniter(Object(CodeIgniter\CodeIgniter))
11 FCPATH\index.php(56): CodeIgniter\Boot::bootWeb(Object(Config\Paths))
12 SYSTEMPATH\rewrite.php(44): require_once('C:\\Users\\AKU BANGGA JADI IT 2\\Documents\\RafiChandra\\Codeigniter4\\bengkel-salsa-motor\\public\\index.php')
DEBUG - 2026-08-13 04:19:37 --> Session: Class initialized using 'CodeIgniter\Session\Handlers\FileHandler' driver.
CRITICAL - 2026-08-13 04:19:37 --> ErrorException: Undefined variable $kategori
[Method: GET, Route: admin/barang]
in APPPATH\Views\page\content\form\barang\index.php on line 275.
 1 APPPATH\Views\page\content\form\barang\index.php(275): CodeIgniter\Debug\Exceptions->errorHandler(2, 'Undefined variable $kategori', 'C:\\Users\\AKU BANGGA JADI IT 2\\Documents\\RafiChandra\\Codeigniter4\\bengkel-salsa-motor\\app\\Views\\page\\content\\form\\barang\\index.php', 275)
 2 SYSTEMPATH\View\View.php(240): include('C:\\Users\\AKU BANGGA JADI IT 2\\Documents\\RafiChandra\\Codeigniter4\\bengkel-salsa-motor\\app\\Views\\page\\content\\form\\barang\\index.php')
 3 SYSTEMPATH\View\View.php(243): CodeIgniter\View\View->{closure:CodeIgniter\View\View::render():237}()
 4 SYSTEMPATH\Common.php(1268): CodeIgniter\View\View->render('page/content/form/barang/index', [], true)
 5 APPPATH\Controllers\Barang.php(29): view('page/content/form/barang/index', [...])
 6 SYSTEMPATH\CodeIgniter.php(974): App\Controllers\Barang->index()
 7 SYSTEMPATH\CodeIgniter.php(520): CodeIgniter\CodeIgniter->runController(Object(App\Controllers\Barang))
 8 SYSTEMPATH\CodeIgniter.php(363): CodeIgniter\CodeIgniter->handleRequest(null, Object(Config\Cache), false)
 9 SYSTEMPATH\Boot.php(417): CodeIgniter\CodeIgniter->run()
10 SYSTEMPATH\Boot.php(68): CodeIgniter\Boot::runCodeIgniter(Object(CodeIgniter\CodeIgniter))
11 FCPATH\index.php(56): CodeIgniter\Boot::bootWeb(Object(Config\Paths))
12 SYSTEMPATH\rewrite.php(44): require_once('C:\\Users\\AKU BANGGA JADI IT 2\\Documents\\RafiChandra\\Codeigniter4\\bengkel-salsa-motor\\public\\index.php')
DEBUG - 2026-08-13 04:19:38 --> Session: Class initialized using 'CodeIgniter\Session\Handlers\FileHandler' driver.
CRITICAL - 2026-08-13 04:19:38 --> ErrorException: Undefined variable $kategori
[Method: GET, Route: admin/barang]
in APPPATH\Views\page\content\form\barang\index.php on line 275.
 1 APPPATH\Views\page\content\form\barang\index.php(275): CodeIgniter\Debug\Exceptions->errorHandler(2, 'Undefined variable $kategori', 'C:\\Users\\AKU BANGGA JADI IT 2\\Documents\\RafiChandra\\Codeigniter4\\bengkel-salsa-motor\\app\\Views\\page\\content\\form\\barang\\index.php', 275)
 2 SYSTEMPATH\View\View.php(240): include('C:\\Users\\AKU BANGGA JADI IT 2\\Documents\\RafiChandra\\Codeigniter4\\bengkel-salsa-motor\\app\\Views\\page\\content\\form\\barang\\index.php')
 3 SYSTEMPATH\View\View.php(243): CodeIgniter\View\View->{closure:CodeIgniter\View\View::render():237}()
 4 SYSTEMPATH\Common.php(1268): CodeIgniter\View\View->render('page/content/form/barang/index', [], true)
 5 APPPATH\Controllers\Barang.php(29): view('page/content/form/barang/index', [...])
 6 SYSTEMPATH\CodeIgniter.php(974): App\Controllers\Barang->index()
 7 SYSTEMPATH\CodeIgniter.php(520): CodeIgniter\CodeIgniter->runController(Object(App\Controllers\Barang))
 8 SYSTEMPATH\CodeIgniter.php(363): CodeIgniter\CodeIgniter->handleRequest(null, Object(Config\Cache), false)
 9 SYSTEMPATH\Boot.php(417): CodeIgniter\CodeIgniter->run()
10 SYSTEMPATH\Boot.php(68): CodeIgniter\Boot::runCodeIgniter(Object(CodeIgniter\CodeIgniter))
11 FCPATH\index.php(56): CodeIgniter\Boot::bootWeb(Object(Config\Paths))
12 SYSTEMPATH\rewrite.php(44): require_once('C:\\Users\\AKU BANGGA JADI IT 2\\Documents\\RafiChandra\\Codeigniter4\\bengkel-salsa-motor\\public\\index.php')
DEBUG - 2026-08-13 04:19:38 --> Session: Class initialized using 'CodeIgniter\Session\Handlers\FileHandler' driver.
CRITICAL - 2026-08-13 04:19:38 --> ErrorException: Undefined variable $kategori
[Method: GET, Route: admin/barang]
in APPPATH\Views\page\content\form\barang\index.php on line 275.
 1 APPPATH\Views\page\content\form\barang\index.php(275): CodeIgniter\Debug\Exceptions->errorHandler(2, 'Undefined variable $kategori', 'C:\\Users\\AKU BANGGA JADI IT 2\\Documents\\RafiChandra\\Codeigniter4\\bengkel-salsa-motor\\app\\Views\\page\\content\\form\\barang\\index.php', 275)
 2 SYSTEMPATH\View\View.php(240): include('C:\\Users\\AKU BANGGA JADI IT 2\\Documents\\RafiChandra\\Codeigniter4\\bengkel-salsa-motor\\app\\Views\\page\\content\\form\\barang\\index.php')
 3 SYSTEMPATH\View\View.php(243): CodeIgniter\View\View->{closure:CodeIgniter\View\View::render():237}()
 4 SYSTEMPATH\Common.php(1268): CodeIgniter\View\View->render('page/content/form/barang/index', [], true)
 5 APPPATH\Controllers\Barang.php(29): view('page/content/form/barang/index', [...])
 6 SYSTEMPATH\CodeIgniter.php(974): App\Controllers\Barang->index()
 7 SYSTEMPATH\CodeIgniter.php(520): CodeIgniter\CodeIgniter->runController(Object(App\Controllers\Barang))
 8 SYSTEMPATH\CodeIgniter.php(363): CodeIgniter\CodeIgniter->handleRequest(null, Object(Config\Cache), false)
 9 SYSTEMPATH\Boot.php(417): CodeIgniter\CodeIgniter->run()
10 SYSTEMPATH\Boot.php(68): CodeIgniter\Boot::runCodeIgniter(Object(CodeIgniter\CodeIgniter))
11 FCPATH\index.php(56): CodeIgniter\Boot::bootWeb(Object(Config\Paths))
12 SYSTEMPATH\rewrite.php(44): require_once('C:\\Users\\AKU BANGGA JADI IT 2\\Documents\\RafiChandra\\Codeigniter4\\bengkel-salsa-motor\\public\\index.php')
DEBUG - 2026-08-13 04:19:38 --> Session: Class initialized using 'CodeIgniter\Session\Handlers\FileHandler' driver.
CRITICAL - 2026-08-13 04:19:38 --> ErrorException: Undefined variable $kategori
[Method: GET, Route: admin/barang]
in APPPATH\Views\page\content\form\barang\index.php on line 275.
 1 APPPATH\Views\page\content\form\barang\index.php(275): CodeIgniter\Debug\Exceptions->errorHandler(2, 'Undefined variable $kategori', 'C:\\Users\\AKU BANGGA JADI IT 2\\Documents\\RafiChandra\\Codeigniter4\\bengkel-salsa-motor\\app\\Views\\page\\content\\form\\barang\\index.php', 275)
 2 SYSTEMPATH\View\View.php(240): include('C:\\Users\\AKU BANGGA JADI IT 2\\Documents\\RafiChandra\\Codeigniter4\\bengkel-salsa-motor\\app\\Views\\page\\content\\form\\barang\\index.php')
 3 SYSTEMPATH\View\View.php(243): CodeIgniter\View\View->{closure:CodeIgniter\View\View::render():237}()
 4 SYSTEMPATH\Common.php(1268): CodeIgniter\View\View->render('page/content/form/barang/index', [], true)
 5 APPPATH\Controllers\Barang.php(29): view('page/content/form/barang/index', [...])
 6 SYSTEMPATH\CodeIgniter.php(974): App\Controllers\Barang->index()
 7 SYSTEMPATH\CodeIgniter.php(520): CodeIgniter\CodeIgniter->runController(Object(App\Controllers\Barang))
 8 SYSTEMPATH\CodeIgniter.php(363): CodeIgniter\CodeIgniter->handleRequest(null, Object(Config\Cache), false)
 9 SYSTEMPATH\Boot.php(417): CodeIgniter\CodeIgniter->run()
10 SYSTEMPATH\Boot.php(68): CodeIgniter\Boot::runCodeIgniter(Object(CodeIgniter\CodeIgniter))
11 FCPATH\index.php(56): CodeIgniter\Boot::bootWeb(Object(Config\Paths))
12 SYSTEMPATH\rewrite.php(44): require_once('C:\\Users\\AKU BANGGA JADI IT 2\\Documents\\RafiChandra\\Codeigniter4\\bengkel-salsa-motor\\public\\index.php')
DEBUG - 2026-08-13 04:19:38 --> Session: Class initialized using 'CodeIgniter\Session\Handlers\FileHandler' driver.
CRITICAL - 2026-08-13 04:19:38 --> ErrorException: Undefined variable $kategori
[Method: GET, Route: admin/barang]
in APPPATH\Views\page\content\form\barang\index.php on line 275.
 1 APPPATH\Views\page\content\form\barang\index.php(275): CodeIgniter\Debug\Exceptions->errorHandler(2, 'Undefined variable $kategori', 'C:\\Users\\AKU BANGGA JADI IT 2\\Documents\\RafiChandra\\Codeigniter4\\bengkel-salsa-motor\\app\\Views\\page\\content\\form\\barang\\index.php', 275)
 2 SYSTEMPATH\View\View.php(240): include('C:\\Users\\AKU BANGGA JADI IT 2\\Documents\\RafiChandra\\Codeigniter4\\bengkel-salsa-motor\\app\\Views\\page\\content\\form\\barang\\index.php')
 3 SYSTEMPATH\View\View.php(243): CodeIgniter\View\View->{closure:CodeIgniter\View\View::render():237}()
 4 SYSTEMPATH\Common.php(1268): CodeIgniter\View\View->render('page/content/form/barang/index', [], true)
 5 APPPATH\Controllers\Barang.php(29): view('page/content/form/barang/index', [...])
 6 SYSTEMPATH\CodeIgniter.php(974): App\Controllers\Barang->index()
 7 SYSTEMPATH\CodeIgniter.php(520): CodeIgniter\CodeIgniter->runController(Object(App\Controllers\Barang))
 8 SYSTEMPATH\CodeIgniter.php(363): CodeIgniter\CodeIgniter->handleRequest(null, Object(Config\Cache), false)
 9 SYSTEMPATH\Boot.php(417): CodeIgniter\CodeIgniter->run()
10 SYSTEMPATH\Boot.php(68): CodeIgniter\Boot::runCodeIgniter(Object(CodeIgniter\CodeIgniter))
11 FCPATH\index.php(56): CodeIgniter\Boot::bootWeb(Object(Config\Paths))
12 SYSTEMPATH\rewrite.php(44): require_once('C:\\Users\\AKU BANGGA JADI IT 2\\Documents\\RafiChandra\\Codeigniter4\\bengkel-salsa-motor\\public\\index.php')
DEBUG - 2026-08-13 04:19:38 --> Session: Class initialized using 'CodeIgniter\Session\Handlers\FileHandler' driver.
CRITICAL - 2026-08-13 04:19:38 --> ErrorException: Undefined variable $kategori
[Method: GET, Route: admin/barang]
in APPPATH\Views\page\content\form\barang\index.php on line 275.
 1 APPPATH\Views\page\content\form\barang\index.php(275): CodeIgniter\Debug\Exceptions->errorHandler(2, 'Undefined variable $kategori', 'C:\\Users\\AKU BANGGA JADI IT 2\\Documents\\RafiChandra\\Codeigniter4\\bengkel-salsa-motor\\app\\Views\\page\\content\\form\\barang\\index.php', 275)
 2 SYSTEMPATH\View\View.php(240): include('C:\\Users\\AKU BANGGA JADI IT 2\\Documents\\RafiChandra\\Codeigniter4\\bengkel-salsa-motor\\app\\Views\\page\\content\\form\\barang\\index.php')
 3 SYSTEMPATH\View\View.php(243): CodeIgniter\View\View->{closure:CodeIgniter\View\View::render():237}()
 4 SYSTEMPATH\Common.php(1268): CodeIgniter\View\View->render('page/content/form/barang/index', [], true)
 5 APPPATH\Controllers\Barang.php(29): view('page/content/form/barang/index', [...])
 6 SYSTEMPATH\CodeIgniter.php(974): App\Controllers\Barang->index()
 7 SYSTEMPATH\CodeIgniter.php(520): CodeIgniter\CodeIgniter->runController(Object(App\Controllers\Barang))
 8 SYSTEMPATH\CodeIgniter.php(363): CodeIgniter\CodeIgniter->handleRequest(null, Object(Config\Cache), false)
 9 SYSTEMPATH\Boot.php(417): CodeIgniter\CodeIgniter->run()
10 SYSTEMPATH\Boot.php(68): CodeIgniter\Boot::runCodeIgniter(Object(CodeIgniter\CodeIgniter))
11 FCPATH\index.php(56): CodeIgniter\Boot::bootWeb(Object(Config\Paths))
12 SYSTEMPATH\rewrite.php(44): require_once('C:\\Users\\AKU BANGGA JADI IT 2\\Documents\\RafiChandra\\Codeigniter4\\bengkel-salsa-motor\\public\\index.php')
DEBUG - 2026-08-13 04:19:39 --> Session: Class initialized using 'CodeIgniter\Session\Handlers\FileHandler' driver.
CRITICAL - 2026-08-13 04:19:39 --> ErrorException: Undefined variable $kategori
[Method: GET, Route: admin/barang]
in APPPATH\Views\page\content\form\barang\index.php on line 275.
 1 APPPATH\Views\page\content\form\barang\index.php(275): CodeIgniter\Debug\Exceptions->errorHandler(2, 'Undefined variable $kategori', 'C:\\Users\\AKU BANGGA JADI IT 2\\Documents\\RafiChandra\\Codeigniter4\\bengkel-salsa-motor\\app\\Views\\page\\content\\form\\barang\\index.php', 275)
 2 SYSTEMPATH\View\View.php(240): include('C:\\Users\\AKU BANGGA JADI IT 2\\Documents\\RafiChandra\\Codeigniter4\\bengkel-salsa-motor\\app\\Views\\page\\content\\form\\barang\\index.php')
 3 SYSTEMPATH\View\View.php(243): CodeIgniter\View\View->{closure:CodeIgniter\View\View::render():237}()
 4 SYSTEMPATH\Common.php(1268): CodeIgniter\View\View->render('page/content/form/barang/index', [], true)
 5 APPPATH\Controllers\Barang.php(29): view('page/content/form/barang/index', [...])
 6 SYSTEMPATH\CodeIgniter.php(974): App\Controllers\Barang->index()
 7 SYSTEMPATH\CodeIgniter.php(520): CodeIgniter\CodeIgniter->runController(Object(App\Controllers\Barang))
 8 SYSTEMPATH\CodeIgniter.php(363): CodeIgniter\CodeIgniter->handleRequest(null, Object(Config\Cache), false)
 9 SYSTEMPATH\Boot.php(417): CodeIgniter\CodeIgniter->run()
10 SYSTEMPATH\Boot.php(68): CodeIgniter\Boot::runCodeIgniter(Object(CodeIgniter\CodeIgniter))
11 FCPATH\index.php(56): CodeIgniter\Boot::bootWeb(Object(Config\Paths))
12 SYSTEMPATH\rewrite.php(44): require_once('C:\\Users\\AKU BANGGA JADI IT 2\\Documents\\RafiChandra\\Codeigniter4\\bengkel-salsa-motor\\public\\index.php')
DEBUG - 2026-08-13 04:19:39 --> Session: Class initialized using 'CodeIgniter\Session\Handlers\FileHandler' driver.
CRITICAL - 2026-08-13 04:19:39 --> ErrorException: Undefined variable $kategori
[Method: GET, Route: admin/barang]
in APPPATH\Views\page\content\form\barang\index.php on line 275.
 1 APPPATH\Views\page\content\form\barang\index.php(275): CodeIgniter\Debug\Exceptions->errorHandler(2, 'Undefined variable $kategori', 'C:\\Users\\AKU BANGGA JADI IT 2\\Documents\\RafiChandra\\Codeigniter4\\bengkel-salsa-motor\\app\\Views\\page\\content\\form\\barang\\index.php', 275)
 2 SYSTEMPATH\View\View.php(240): include('C:\\Users\\AKU BANGGA JADI IT 2\\Documents\\RafiChandra\\Codeigniter4\\bengkel-salsa-motor\\app\\Views\\page\\content\\form\\barang\\index.php')
 3 SYSTEMPATH\View\View.php(243): CodeIgniter\View\View->{closure:CodeIgniter\View\View::render():237}()
 4 SYSTEMPATH\Common.php(1268): CodeIgniter\View\View->render('page/content/form/barang/index', [], true)
 5 APPPATH\Controllers\Barang.php(29): view('page/content/form/barang/index', [...])
 6 SYSTEMPATH\CodeIgniter.php(974): App\Controllers\Barang->index()
 7 SYSTEMPATH\CodeIgniter.php(520): CodeIgniter\CodeIgniter->runController(Object(App\Controllers\Barang))
 8 SYSTEMPATH\CodeIgniter.php(363): CodeIgniter\CodeIgniter->handleRequest(null, Object(Config\Cache), false)
 9 SYSTEMPATH\Boot.php(417): CodeIgniter\CodeIgniter->run()
10 SYSTEMPATH\Boot.php(68): CodeIgniter\Boot::runCodeIgniter(Object(CodeIgniter\CodeIgniter))
11 FCPATH\index.php(56): CodeIgniter\Boot::bootWeb(Object(Config\Paths))
12 SYSTEMPATH\rewrite.php(44): require_once('C:\\Users\\AKU BANGGA JADI IT 2\\Documents\\RafiChandra\\Codeigniter4\\bengkel-salsa-motor\\public\\index.php')
DEBUG - 2026-08-13 04:19:39 --> Session: Class initialized using 'CodeIgniter\Session\Handlers\FileHandler' driver.
CRITICAL - 2026-08-13 04:19:39 --> ErrorException: Undefined variable $kategori
[Method: GET, Route: admin/barang]
in APPPATH\Views\page\content\form\barang\index.php on line 275.
 1 APPPATH\Views\page\content\form\barang\index.php(275): CodeIgniter\Debug\Exceptions->errorHandler(2, 'Undefined variable $kategori', 'C:\\Users\\AKU BANGGA JADI IT 2\\Documents\\RafiChandra\\Codeigniter4\\bengkel-salsa-motor\\app\\Views\\page\\content\\form\\barang\\index.php', 275)
 2 SYSTEMPATH\View\View.php(240): include('C:\\Users\\AKU BANGGA JADI IT 2\\Documents\\RafiChandra\\Codeigniter4\\bengkel-salsa-motor\\app\\Views\\page\\content\\form\\barang\\index.php')
 3 SYSTEMPATH\View\View.php(243): CodeIgniter\View\View->{closure:CodeIgniter\View\View::render():237}()
 4 SYSTEMPATH\Common.php(1268): CodeIgniter\View\View->render('page/content/form/barang/index', [], true)
 5 APPPATH\Controllers\Barang.php(29): view('page/content/form/barang/index', [...])
 6 SYSTEMPATH\CodeIgniter.php(974): App\Controllers\Barang->index()
 7 SYSTEMPATH\CodeIgniter.php(520): CodeIgniter\CodeIgniter->runController(Object(App\Controllers\Barang))
 8 SYSTEMPATH\CodeIgniter.php(363): CodeIgniter\CodeIgniter->handleRequest(null, Object(Config\Cache), false)
 9 SYSTEMPATH\Boot.php(417): CodeIgniter\CodeIgniter->run()
10 SYSTEMPATH\Boot.php(68): CodeIgniter\Boot::runCodeIgniter(Object(CodeIgniter\CodeIgniter))
11 FCPATH\index.php(56): CodeIgniter\Boot::bootWeb(Object(Config\Paths))
12 SYSTEMPATH\rewrite.php(44): require_once('C:\\Users\\AKU BANGGA JADI IT 2\\Documents\\RafiChandra\\Codeigniter4\\bengkel-salsa-motor\\public\\index.php')
DEBUG - 2026-08-13 04:19:39 --> Session: Class initialized using 'CodeIgniter\Session\Handlers\FileHandler' driver.
CRITICAL - 2026-08-13 04:19:39 --> ErrorException: Undefined variable $kategori
[Method: GET, Route: admin/barang]
in APPPATH\Views\page\content\form\barang\index.php on line 275.
 1 APPPATH\Views\page\content\form\barang\index.php(275): CodeIgniter\Debug\Exceptions->errorHandler(2, 'Undefined variable $kategori', 'C:\\Users\\AKU BANGGA JADI IT 2\\Documents\\RafiChandra\\Codeigniter4\\bengkel-salsa-motor\\app\\Views\\page\\content\\form\\barang\\index.php', 275)
 2 SYSTEMPATH\View\View.php(240): include('C:\\Users\\AKU BANGGA JADI IT 2\\Documents\\RafiChandra\\Codeigniter4\\bengkel-salsa-motor\\app\\Views\\page\\content\\form\\barang\\index.php')
 3 SYSTEMPATH\View\View.php(243): CodeIgniter\View\View->{closure:CodeIgniter\View\View::render():237}()
 4 SYSTEMPATH\Common.php(1268): CodeIgniter\View\View->render('page/content/form/barang/index', [], true)
 5 APPPATH\Controllers\Barang.php(29): view('page/content/form/barang/index', [...])
 6 SYSTEMPATH\CodeIgniter.php(974): App\Controllers\Barang->index()
 7 SYSTEMPATH\CodeIgniter.php(520): CodeIgniter\CodeIgniter->runController(Object(App\Controllers\Barang))
 8 SYSTEMPATH\CodeIgniter.php(363): CodeIgniter\CodeIgniter->handleRequest(null, Object(Config\Cache), false)
 9 SYSTEMPATH\Boot.php(417): CodeIgniter\CodeIgniter->run()
10 SYSTEMPATH\Boot.php(68): CodeIgniter\Boot::runCodeIgniter(Object(CodeIgniter\CodeIgniter))
11 FCPATH\index.php(56): CodeIgniter\Boot::bootWeb(Object(Config\Paths))
12 SYSTEMPATH\rewrite.php(44): require_once('C:\\Users\\AKU BANGGA JADI IT 2\\Documents\\RafiChandra\\Codeigniter4\\bengkel-salsa-motor\\public\\index.php')
DEBUG - 2026-08-13 04:19:40 --> Session: Class initialized using 'CodeIgniter\Session\Handlers\FileHandler' driver.
CRITICAL - 2026-08-13 04:19:40 --> ErrorException: Undefined variable $kategori
[Method: GET, Route: admin/barang]
in APPPATH\Views\page\content\form\barang\index.php on line 275.
 1 APPPATH\Views\page\content\form\barang\index.php(275): CodeIgniter\Debug\Exceptions->errorHandler(2, 'Undefined variable $kategori', 'C:\\Users\\AKU BANGGA JADI IT 2\\Documents\\RafiChandra\\Codeigniter4\\bengkel-salsa-motor\\app\\Views\\page\\content\\form\\barang\\index.php', 275)
 2 SYSTEMPATH\View\View.php(240): include('C:\\Users\\AKU BANGGA JADI IT 2\\Documents\\RafiChandra\\Codeigniter4\\bengkel-salsa-motor\\app\\Views\\page\\content\\form\\barang\\index.php')
 3 SYSTEMPATH\View\View.php(243): CodeIgniter\View\View->{closure:CodeIgniter\View\View::render():237}()
 4 SYSTEMPATH\Common.php(1268): CodeIgniter\View\View->render('page/content/form/barang/index', [], true)
 5 APPPATH\Controllers\Barang.php(29): view('page/content/form/barang/index', [...])
 6 SYSTEMPATH\CodeIgniter.php(974): App\Controllers\Barang->index()
 7 SYSTEMPATH\CodeIgniter.php(520): CodeIgniter\CodeIgniter->runController(Object(App\Controllers\Barang))
 8 SYSTEMPATH\CodeIgniter.php(363): CodeIgniter\CodeIgniter->handleRequest(null, Object(Config\Cache), false)
 9 SYSTEMPATH\Boot.php(417): CodeIgniter\CodeIgniter->run()
10 SYSTEMPATH\Boot.php(68): CodeIgniter\Boot::runCodeIgniter(Object(CodeIgniter\CodeIgniter))
11 FCPATH\index.php(56): CodeIgniter\Boot::bootWeb(Object(Config\Paths))
12 SYSTEMPATH\rewrite.php(44): require_once('C:\\Users\\AKU BANGGA JADI IT 2\\Documents\\RafiChandra\\Codeigniter4\\bengkel-salsa-motor\\public\\index.php')
DEBUG - 2026-08-13 04:19:40 --> Session: Class initialized using 'CodeIgniter\Session\Handlers\FileHandler' driver.
CRITICAL - 2026-08-13 04:19:40 --> ErrorException: Undefined variable $kategori
[Method: GET, Route: admin/barang]
in APPPATH\Views\page\content\form\barang\index.php on line 275.
 1 APPPATH\Views\page\content\form\barang\index.php(275): CodeIgniter\Debug\Exceptions->errorHandler(2, 'Undefined variable $kategori', 'C:\\Users\\AKU BANGGA JADI IT 2\\Documents\\RafiChandra\\Codeigniter4\\bengkel-salsa-motor\\app\\Views\\page\\content\\form\\barang\\index.php', 275)
 2 SYSTEMPATH\View\View.php(240): include('C:\\Users\\AKU BANGGA JADI IT 2\\Documents\\RafiChandra\\Codeigniter4\\bengkel-salsa-motor\\app\\Views\\page\\content\\form\\barang\\index.php')
 3 SYSTEMPATH\View\View.php(243): CodeIgniter\View\View->{closure:CodeIgniter\View\View::render():237}()
 4 SYSTEMPATH\Common.php(1268): CodeIgniter\View\View->render('page/content/form/barang/index', [], true)
 5 APPPATH\Controllers\Barang.php(29): view('page/content/form/barang/index', [...])
 6 SYSTEMPATH\CodeIgniter.php(974): App\Controllers\Barang->index()
 7 SYSTEMPATH\CodeIgniter.php(520): CodeIgniter\CodeIgniter->runController(Object(App\Controllers\Barang))
 8 SYSTEMPATH\CodeIgniter.php(363): CodeIgniter\CodeIgniter->handleRequest(null, Object(Config\Cache), false)
 9 SYSTEMPATH\Boot.php(417): CodeIgniter\CodeIgniter->run()
10 SYSTEMPATH\Boot.php(68): CodeIgniter\Boot::runCodeIgniter(Object(CodeIgniter\CodeIgniter))
11 FCPATH\index.php(56): CodeIgniter\Boot::bootWeb(Object(Config\Paths))
12 SYSTEMPATH\rewrite.php(44): require_once('C:\\Users\\AKU BANGGA JADI IT 2\\Documents\\RafiChandra\\Codeigniter4\\bengkel-salsa-motor\\public\\index.php')
DEBUG - 2026-08-13 04:19:40 --> Session: Class initialized using 'CodeIgniter\Session\Handlers\FileHandler' driver.
CRITICAL - 2026-08-13 04:19:40 --> ErrorException: Undefined variable $kategori
[Method: GET, Route: admin/barang]
in APPPATH\Views\page\content\form\barang\index.php on line 275.
 1 APPPATH\Views\page\content\form\barang\index.php(275): CodeIgniter\Debug\Exceptions->errorHandler(2, 'Undefined variable $kategori', 'C:\\Users\\AKU BANGGA JADI IT 2\\Documents\\RafiChandra\\Codeigniter4\\bengkel-salsa-motor\\app\\Views\\page\\content\\form\\barang\\index.php', 275)
 2 SYSTEMPATH\View\View.php(240): include('C:\\Users\\AKU BANGGA JADI IT 2\\Documents\\RafiChandra\\Codeigniter4\\bengkel-salsa-motor\\app\\Views\\page\\content\\form\\barang\\index.php')
 3 SYSTEMPATH\View\View.php(243): CodeIgniter\View\View->{closure:CodeIgniter\View\View::render():237}()
 4 SYSTEMPATH\Common.php(1268): CodeIgniter\View\View->render('page/content/form/barang/index', [], true)
 5 APPPATH\Controllers\Barang.php(29): view('page/content/form/barang/index', [...])
 6 SYSTEMPATH\CodeIgniter.php(974): App\Controllers\Barang->index()
 7 SYSTEMPATH\CodeIgniter.php(520): CodeIgniter\CodeIgniter->runController(Object(App\Controllers\Barang))
 8 SYSTEMPATH\CodeIgniter.php(363): CodeIgniter\CodeIgniter->handleRequest(null, Object(Config\Cache), false)
 9 SYSTEMPATH\Boot.php(417): CodeIgniter\CodeIgniter->run()
10 SYSTEMPATH\Boot.php(68): CodeIgniter\Boot::runCodeIgniter(Object(CodeIgniter\CodeIgniter))
11 FCPATH\index.php(56): CodeIgniter\Boot::bootWeb(Object(Config\Paths))
12 SYSTEMPATH\rewrite.php(44): require_once('C:\\Users\\AKU BANGGA JADI IT 2\\Documents\\RafiChandra\\Codeigniter4\\bengkel-salsa-motor\\public\\index.php')
DEBUG - 2026-08-13 04:19:40 --> Session: Class initialized using 'CodeIgniter\Session\Handlers\FileHandler' driver.
CRITICAL - 2026-08-13 04:19:40 --> ErrorException: Undefined variable $kategori
[Method: GET, Route: admin/barang]
in APPPATH\Views\page\content\form\barang\index.php on line 275.
 1 APPPATH\Views\page\content\form\barang\index.php(275): CodeIgniter\Debug\Exceptions->errorHandler(2, 'Undefined variable $kategori', 'C:\\Users\\AKU BANGGA JADI IT 2\\Documents\\RafiChandra\\Codeigniter4\\bengkel-salsa-motor\\app\\Views\\page\\content\\form\\barang\\index.php', 275)
 2 SYSTEMPATH\View\View.php(240): include('C:\\Users\\AKU BANGGA JADI IT 2\\Documents\\RafiChandra\\Codeigniter4\\bengkel-salsa-motor\\app\\Views\\page\\content\\form\\barang\\index.php')
 3 SYSTEMPATH\View\View.php(243): CodeIgniter\View\View->{closure:CodeIgniter\View\View::render():237}()
 4 SYSTEMPATH\Common.php(1268): CodeIgniter\View\View->render('page/content/form/barang/index', [], true)
 5 APPPATH\Controllers\Barang.php(29): view('page/content/form/barang/index', [...])
 6 SYSTEMPATH\CodeIgniter.php(974): App\Controllers\Barang->index()
 7 SYSTEMPATH\CodeIgniter.php(520): CodeIgniter\CodeIgniter->runController(Object(App\Controllers\Barang))
 8 SYSTEMPATH\CodeIgniter.php(363): CodeIgniter\CodeIgniter->handleRequest(null, Object(Config\Cache), false)
 9 SYSTEMPATH\Boot.php(417): CodeIgniter\CodeIgniter->run()
10 SYSTEMPATH\Boot.php(68): CodeIgniter\Boot::runCodeIgniter(Object(CodeIgniter\CodeIgniter))
11 FCPATH\index.php(56): CodeIgniter\Boot::bootWeb(Object(Config\Paths))
12 SYSTEMPATH\rewrite.php(44): require_once('C:\\Users\\AKU BANGGA JADI IT 2\\Documents\\RafiChandra\\Codeigniter4\\bengkel-salsa-motor\\public\\index.php')
DEBUG - 2026-08-13 04:19:41 --> Session: Class initialized using 'CodeIgniter\Session\Handlers\FileHandler' driver.
CRITICAL - 2026-08-13 04:19:41 --> ErrorException: Undefined variable $kategori
[Method: GET, Route: admin/barang]
in APPPATH\Views\page\content\form\barang\index.php on line 275.
 1 APPPATH\Views\page\content\form\barang\index.php(275): CodeIgniter\Debug\Exceptions->errorHandler(2, 'Undefined variable $kategori', 'C:\\Users\\AKU BANGGA JADI IT 2\\Documents\\RafiChandra\\Codeigniter4\\bengkel-salsa-motor\\app\\Views\\page\\content\\form\\barang\\index.php', 275)
 2 SYSTEMPATH\View\View.php(240): include('C:\\Users\\AKU BANGGA JADI IT 2\\Documents\\RafiChandra\\Codeigniter4\\bengkel-salsa-motor\\app\\Views\\page\\content\\form\\barang\\index.php')
 3 SYSTEMPATH\View\View.php(243): CodeIgniter\View\View->{closure:CodeIgniter\View\View::render():237}()
 4 SYSTEMPATH\Common.php(1268): CodeIgniter\View\View->render('page/content/form/barang/index', [], true)
 5 APPPATH\Controllers\Barang.php(29): view('page/content/form/barang/index', [...])
 6 SYSTEMPATH\CodeIgniter.php(974): App\Controllers\Barang->index()
 7 SYSTEMPATH\CodeIgniter.php(520): CodeIgniter\CodeIgniter->runController(Object(App\Controllers\Barang))
 8 SYSTEMPATH\CodeIgniter.php(363): CodeIgniter\CodeIgniter->handleRequest(null, Object(Config\Cache), false)
 9 SYSTEMPATH\Boot.php(417): CodeIgniter\CodeIgniter->run()
10 SYSTEMPATH\Boot.php(68): CodeIgniter\Boot::runCodeIgniter(Object(CodeIgniter\CodeIgniter))
11 FCPATH\index.php(56): CodeIgniter\Boot::bootWeb(Object(Config\Paths))
12 SYSTEMPATH\rewrite.php(44): require_once('C:\\Users\\AKU BANGGA JADI IT 2\\Documents\\RafiChandra\\Codeigniter4\\bengkel-salsa-motor\\public\\index.php')
DEBUG - 2026-08-13 04:19:41 --> Session: Class initialized using 'CodeIgniter\Session\Handlers\FileHandler' driver.
CRITICAL - 2026-08-13 04:19:41 --> ErrorException: Undefined variable $kategori
[Method: GET, Route: admin/barang]
in APPPATH\Views\page\content\form\barang\index.php on line 275.
 1 APPPATH\Views\page\content\form\barang\index.php(275): CodeIgniter\Debug\Exceptions->errorHandler(2, 'Undefined variable $kategori', 'C:\\Users\\AKU BANGGA JADI IT 2\\Documents\\RafiChandra\\Codeigniter4\\bengkel-salsa-motor\\app\\Views\\page\\content\\form\\barang\\index.php', 275)
 2 SYSTEMPATH\View\View.php(240): include('C:\\Users\\AKU BANGGA JADI IT 2\\Documents\\RafiChandra\\Codeigniter4\\bengkel-salsa-motor\\app\\Views\\page\\content\\form\\barang\\index.php')
 3 SYSTEMPATH\View\View.php(243): CodeIgniter\View\View->{closure:CodeIgniter\View\View::render():237}()
 4 SYSTEMPATH\Common.php(1268): CodeIgniter\View\View->render('page/content/form/barang/index', [], true)
 5 APPPATH\Controllers\Barang.php(29): view('page/content/form/barang/index', [...])
 6 SYSTEMPATH\CodeIgniter.php(974): App\Controllers\Barang->index()
 7 SYSTEMPATH\CodeIgniter.php(520): CodeIgniter\CodeIgniter->runController(Object(App\Controllers\Barang))
 8 SYSTEMPATH\CodeIgniter.php(363): CodeIgniter\CodeIgniter->handleRequest(null, Object(Config\Cache), false)
 9 SYSTEMPATH\Boot.php(417): CodeIgniter\CodeIgniter->run()
10 SYSTEMPATH\Boot.php(68): CodeIgniter\Boot::runCodeIgniter(Object(CodeIgniter\CodeIgniter))
11 FCPATH\index.php(56): CodeIgniter\Boot::bootWeb(Object(Config\Paths))
12 SYSTEMPATH\rewrite.php(44): require_once('C:\\Users\\AKU BANGGA JADI IT 2\\Documents\\RafiChandra\\Codeigniter4\\bengkel-salsa-motor\\public\\index.php')
DEBUG - 2026-08-13 04:19:41 --> Session: Class initialized using 'CodeIgniter\Session\Handlers\FileHandler' driver.
CRITICAL - 2026-08-13 04:19:41 --> ErrorException: Undefined variable $kategori
[Method: GET, Route: admin/barang]
in APPPATH\Views\page\content\form\barang\index.php on line 275.
 1 APPPATH\Views\page\content\form\barang\index.php(275): CodeIgniter\Debug\Exceptions->errorHandler(2, 'Undefined variable $kategori', 'C:\\Users\\AKU BANGGA JADI IT 2\\Documents\\RafiChandra\\Codeigniter4\\bengkel-salsa-motor\\app\\Views\\page\\content\\form\\barang\\index.php', 275)
 2 SYSTEMPATH\View\View.php(240): include('C:\\Users\\AKU BANGGA JADI IT 2\\Documents\\RafiChandra\\Codeigniter4\\bengkel-salsa-motor\\app\\Views\\page\\content\\form\\barang\\index.php')
 3 SYSTEMPATH\View\View.php(243): CodeIgniter\View\View->{closure:CodeIgniter\View\View::render():237}()
 4 SYSTEMPATH\Common.php(1268): CodeIgniter\View\View->render('page/content/form/barang/index', [], true)
 5 APPPATH\Controllers\Barang.php(29): view('page/content/form/barang/index', [...])
 6 SYSTEMPATH\CodeIgniter.php(974): App\Controllers\Barang->index()
 7 SYSTEMPATH\CodeIgniter.php(520): CodeIgniter\CodeIgniter->runController(Object(App\Controllers\Barang))
 8 SYSTEMPATH\CodeIgniter.php(363): CodeIgniter\CodeIgniter->handleRequest(null, Object(Config\Cache), false)
 9 SYSTEMPATH\Boot.php(417): CodeIgniter\CodeIgniter->run()
10 SYSTEMPATH\Boot.php(68): CodeIgniter\Boot::runCodeIgniter(Object(CodeIgniter\CodeIgniter))
11 FCPATH\index.php(56): CodeIgniter\Boot::bootWeb(Object(Config\Paths))
12 SYSTEMPATH\rewrite.php(44): require_once('C:\\Users\\AKU BANGGA JADI IT 2\\Documents\\RafiChandra\\Codeigniter4\\bengkel-salsa-motor\\public\\index.php')
DEBUG - 2026-08-13 04:19:46 --> Session: Class initialized using 'CodeIgniter\Session\Handlers\FileHandler' driver.
DEBUG - 2026-08-13 04:19:47 --> Session: Class initialized using 'CodeIgniter\Session\Handlers\FileHandler' driver.
DEBUG - 2026-08-13 04:20:04 --> Session: Class initialized using 'CodeIgniter\Session\Handlers\FileHandler' driver.
DEBUG - 2026-08-13 04:20:54 --> Session: Class initialized using 'CodeIgniter\Session\Handlers\FileHandler' driver.
DEBUG - 2026-08-13 04:20:59 --> Session: Class initialized using 'CodeIgniter\Session\Handlers\FileHandler' driver.
DEBUG - 2026-08-13 04:21:07 --> Session: Class initialized using 'CodeIgniter\Session\Handlers\FileHandler' driver.
DEBUG - 2026-08-13 04:21:28 --> Session: Class initialized using 'CodeIgniter\Session\Handlers\FileHandler' driver.
DEBUG - 2026-08-13 04:21:42 --> Session: Class initialized using 'CodeIgniter\Session\Handlers\FileHandler' driver.
DEBUG - 2026-08-13 04:21:43 --> Session: Class initialized using 'CodeIgniter\Session\Handlers\FileHandler' driver.
DEBUG - 2026-08-13 04:22:31 --> Session: Class initialized using 'CodeIgniter\Session\Handlers\FileHandler' driver.
DEBUG - 2026-08-13 04:23:08 --> Session: Class initialized using 'CodeIgniter\Session\Handlers\FileHandler' driver.
DEBUG - 2026-08-13 04:23:15 --> Session: Class initialized using 'CodeIgniter\Session\Handlers\FileHandler' driver.
DEBUG - 2026-08-13 04:24:41 --> Session: Class initialized using 'CodeIgniter\Session\Handlers\FileHandler' driver.
DEBUG - 2026-08-13 04:24:44 --> Session: Class initialized using 'CodeIgniter\Session\Handlers\FileHandler' driver.
DEBUG - 2026-08-13 04:24:46 --> Session: Class initialized using 'CodeIgniter\Session\Handlers\FileHandler' driver.
DEBUG - 2026-08-13 04:24:49 --> Session: Class initialized using 'CodeIgniter\Session\Handlers\FileHandler' driver.
DEBUG - 2026-08-13 04:24:50 --> Session: Class initialized using 'CodeIgniter\Session\Handlers\FileHandler' driver.
DEBUG - 2026-08-13 04:24:52 --> Session: Class initialized using 'CodeIgniter\Session\Handlers\FileHandler' driver.
DEBUG - 2026-08-13 04:25:37 --> Session: Class initialized using 'CodeIgniter\Session\Handlers\FileHandler' driver.
DEBUG - 2026-08-13 04:25:37 --> Session: Class initialized using 'CodeIgniter\Session\Handlers\FileHandler' driver.
ERROR - 2026-08-13 04:58:29 --> Unknown column 'estimasi_waktu' in 'field list'
in SYSTEMPATH\Database\MySQLi\Connection.php on line 300.
 1 SYSTEMPATH\Database\MySQLi\Connection.php(300): mysqli->query('INSERT INTO `servis` (`Biaya`, `Jenis_servis`, `Keterangan`, `created_at`, `estimasi_waktu`, `kodeservis`, `updated_at`)
VALUES (45000,\'Servis Rutin / Ringan\',\'Pembersihan karburator/throttle body, cek busi, oli, dan tekanan angin ban\',\'2026-08-13 04:58:29\',30,\'SRV0000001\',\'2026-08-13 04:58:29\'), (85000,\'Servis Lengkap + Clean CVT\',\'Pembersihan mangkok CVT, v-belt, roller, ganti grease, dan tune up injeksi\',\'2026-08-13 04:58:29\',60,\'SRV0000002\',\'2026-08-13 04:58:29\'), (20000,\'Ganti Oli & Cek Pengereman\',\'Jasa penggantian oli mesin/gardan + penyetelan rem depan belakang\',\'2026-08-13 04:58:29\',15,\'SRV0000003\',\'2026-08-13 04:58:29\'), (60000,\'Tune Up Injeksi & Reset ECU\',\'Diagnosa injeksi via scanner, pembersihan injector, dan reset ECU/TP\',\'2026-08-13 04:58:29\',45,\'SRV0000004\',\'2026-08-13 04:58:29\'), (250000,\'Overhaul / Turun Mesin\',\'Servis berat pembongkaran mesin, skir klep, ganti ring piston/piston kit\',\'2026-08-13 04:58:29\',240,\'SRV0000005\',\'2026-08-13 04:58:29\')', 0)
 2 SYSTEMPATH\Database\BaseConnection.php(908): CodeIgniter\Database\MySQLi\Connection->execute('INSERT INTO `servis` (`Biaya`, `Jenis_servis`, `Keterangan`, `created_at`, `estimasi_waktu`, `kodeservis`, `updated_at`)
VALUES (45000,\'Servis Rutin / Ringan\',\'Pembersihan karburator/throttle body, cek busi, oli, dan tekanan angin ban\',\'2026-08-13 04:58:29\',30,\'SRV0000001\',\'2026-08-13 04:58:29\'), (85000,\'Servis Lengkap + Clean CVT\',\'Pembersihan mangkok CVT, v-belt, roller, ganti grease, dan tune up injeksi\',\'2026-08-13 04:58:29\',60,\'SRV0000002\',\'2026-08-13 04:58:29\'), (20000,\'Ganti Oli & Cek Pengereman\',\'Jasa penggantian oli mesin/gardan + penyetelan rem depan belakang\',\'2026-08-13 04:58:29\',15,\'SRV0000003\',\'2026-08-13 04:58:29\'), (60000,\'Tune Up Injeksi & Reset ECU\',\'Diagnosa injeksi via scanner, pembersihan injector, dan reset ECU/TP\',\'2026-08-13 04:58:29\',45,\'SRV0000004\',\'2026-08-13 04:58:29\'), (250000,\'Overhaul / Turun Mesin\',\'Servis berat pembongkaran mesin, skir klep, ganti ring piston/piston kit\',\'2026-08-13 04:58:29\',240,\'SRV0000005\',\'2026-08-13 04:58:29\')')
 3 SYSTEMPATH\Database\BaseConnection.php(825): CodeIgniter\Database\BaseConnection->simpleQuery('INSERT INTO `servis` (`Biaya`, `Jenis_servis`, `Keterangan`, `created_at`, `estimasi_waktu`, `kodeservis`, `updated_at`)
VALUES (45000,\'Servis Rutin / Ringan\',\'Pembersihan karburator/throttle body, cek busi, oli, dan tekanan angin ban\',\'2026-08-13 04:58:29\',30,\'SRV0000001\',\'2026-08-13 04:58:29\'), (85000,\'Servis Lengkap + Clean CVT\',\'Pembersihan mangkok CVT, v-belt, roller, ganti grease, dan tune up injeksi\',\'2026-08-13 04:58:29\',60,\'SRV0000002\',\'2026-08-13 04:58:29\'), (20000,\'Ganti Oli & Cek Pengereman\',\'Jasa penggantian oli mesin/gardan + penyetelan rem depan belakang\',\'2026-08-13 04:58:29\',15,\'SRV0000003\',\'2026-08-13 04:58:29\'), (60000,\'Tune Up Injeksi & Reset ECU\',\'Diagnosa injeksi via scanner, pembersihan injector, dan reset ECU/TP\',\'2026-08-13 04:58:29\',45,\'SRV0000004\',\'2026-08-13 04:58:29\'), (250000,\'Overhaul / Turun Mesin\',\'Servis berat pembongkaran mesin, skir klep, ganti ring piston/piston kit\',\'2026-08-13 04:58:29\',240,\'SRV0000005\',\'2026-08-13 04:58:29\')')
 4 SYSTEMPATH\Database\BaseBuilder.php(1851): CodeIgniter\Database\BaseConnection->query('INSERT INTO `servis` (`Biaya`, `Jenis_servis`, `Keterangan`, `created_at`, `estimasi_waktu`, `kodeservis`, `updated_at`)
VALUES (45000,\'Servis Rutin / Ringan\',\'Pembersihan karburator/throttle body, cek busi, oli, dan tekanan angin ban\',\'2026-08-13 04:58:29\',30,\'SRV0000001\',\'2026-08-13 04:58:29\'), (85000,\'Servis Lengkap + Clean CVT\',\'Pembersihan mangkok CVT, v-belt, roller, ganti grease, dan tune up injeksi\',\'2026-08-13 04:58:29\',60,\'SRV0000002\',\'2026-08-13 04:58:29\'), (20000,\'Ganti Oli & Cek Pengereman\',\'Jasa penggantian oli mesin/gardan + penyetelan rem depan belakang\',\'2026-08-13 04:58:29\',15,\'SRV0000003\',\'2026-08-13 04:58:29\'), (60000,\'Tune Up Injeksi & Reset ECU\',\'Diagnosa injeksi via scanner, pembersihan injector, dan reset ECU/TP\',\'2026-08-13 04:58:29\',45,\'SRV0000004\',\'2026-08-13 04:58:29\'), (250000,\'Overhaul / Turun Mesin\',\'Servis berat pembongkaran mesin, skir klep, ganti ring piston/piston kit\',\'2026-08-13 04:58:29\',240,\'SRV0000005\',\'2026-08-13 04:58:29\')', null, false)
 5 SYSTEMPATH\Database\BaseBuilder.php(2240): CodeIgniter\Database\BaseBuilder->batchExecute('_insertBatch', 100)
 6 APPPATH\Database\Seeds\ServisSeeder.php(59): CodeIgniter\Database\BaseBuilder->insertBatch([...])
 7 SYSTEMPATH\Database\Seeder.php(155): App\Database\Seeds\ServisSeeder->run()
 8 SYSTEMPATH\Commands\Database\Seed.php(79): CodeIgniter\Database\Seeder->call('App\\Database\\Seeds\\ServisSeeder')
 9 SYSTEMPATH\CLI\Commands.php(72): CodeIgniter\Commands\Database\Seed->run([])
10 SYSTEMPATH\CLI\Console.php(47): CodeIgniter\CLI\Commands->run('db:seed', [...])
11 SYSTEMPATH\Boot.php(444): CodeIgniter\CLI\Console->run()
12 SYSTEMPATH\Boot.php(166): CodeIgniter\Boot::runCommand(Object(CodeIgniter\CLI\Console))
13 ROOTPATH\spark(84): CodeIgniter\Boot::bootSpark(Object(Config\Paths))
DEBUG - 2026-08-13 04:59:17 --> Session: Class initialized using 'CodeIgniter\Session\Handlers\FileHandler' driver.
DEBUG - 2026-08-13 04:59:19 --> Session: Class initialized using 'CodeIgniter\Session\Handlers\FileHandler' driver.
CRITICAL - 2026-08-13 04:59:19 --> ErrorException: Undefined array key "Jenis_servis"
[Method: GET, Route: admin/servis]
in APPPATH\Views\page\content\form\servis\index.php on line 110.
 1 APPPATH\Views\page\content\form\servis\index.php(110): CodeIgniter\Debug\Exceptions->errorHandler(2, 'Undefined array key "Jenis_servis"', 'C:\\Users\\AKU BANGGA JADI IT 2\\Documents\\RafiChandra\\Codeigniter4\\bengkel-salsa-motor\\app\\Views\\page\\content\\form\\servis\\index.php', 110)
 2 SYSTEMPATH\View\View.php(240): include('C:\\Users\\AKU BANGGA JADI IT 2\\Documents\\RafiChandra\\Codeigniter4\\bengkel-salsa-motor\\app\\Views\\page\\content\\form\\servis\\index.php')
 3 SYSTEMPATH\View\View.php(243): CodeIgniter\View\View->{closure:CodeIgniter\View\View::render():237}()
 4 SYSTEMPATH\Common.php(1268): CodeIgniter\View\View->render('page/content/form/servis/index', [], true)
 5 APPPATH\Controllers\Servis.php(23): view('page/content/form/servis/index', [...])
 6 SYSTEMPATH\CodeIgniter.php(974): App\Controllers\Servis->index()
 7 SYSTEMPATH\CodeIgniter.php(520): CodeIgniter\CodeIgniter->runController(Object(App\Controllers\Servis))
 8 SYSTEMPATH\CodeIgniter.php(363): CodeIgniter\CodeIgniter->handleRequest(null, Object(Config\Cache), false)
 9 SYSTEMPATH\Boot.php(417): CodeIgniter\CodeIgniter->run()
10 SYSTEMPATH\Boot.php(68): CodeIgniter\Boot::runCodeIgniter(Object(CodeIgniter\CodeIgniter))
11 FCPATH\index.php(56): CodeIgniter\Boot::bootWeb(Object(Config\Paths))
12 SYSTEMPATH\rewrite.php(44): require_once('C:\\Users\\AKU BANGGA JADI IT 2\\Documents\\RafiChandra\\Codeigniter4\\bengkel-salsa-motor\\public\\index.php')
DEBUG - 2026-08-13 04:59:27 --> Session: Class initialized using 'CodeIgniter\Session\Handlers\FileHandler' driver.
CRITICAL - 2026-08-13 04:59:27 --> ErrorException: Undefined array key "Jenis_servis"
[Method: GET, Route: admin/servis]
in APPPATH\Views\page\content\form\servis\index.php on line 110.
 1 APPPATH\Views\page\content\form\servis\index.php(110): CodeIgniter\Debug\Exceptions->errorHandler(2, 'Undefined array key "Jenis_servis"', 'C:\\Users\\AKU BANGGA JADI IT 2\\Documents\\RafiChandra\\Codeigniter4\\bengkel-salsa-motor\\app\\Views\\page\\content\\form\\servis\\index.php', 110)
 2 SYSTEMPATH\View\View.php(240): include('C:\\Users\\AKU BANGGA JADI IT 2\\Documents\\RafiChandra\\Codeigniter4\\bengkel-salsa-motor\\app\\Views\\page\\content\\form\\servis\\index.php')
 3 SYSTEMPATH\View\View.php(243): CodeIgniter\View\View->{closure:CodeIgniter\View\View::render():237}()
 4 SYSTEMPATH\Common.php(1268): CodeIgniter\View\View->render('page/content/form/servis/index', [], true)
 5 APPPATH\Controllers\Servis.php(23): view('page/content/form/servis/index', [...])
 6 SYSTEMPATH\CodeIgniter.php(974): App\Controllers\Servis->index()
 7 SYSTEMPATH\CodeIgniter.php(520): CodeIgniter\CodeIgniter->runController(Object(App\Controllers\Servis))
 8 SYSTEMPATH\CodeIgniter.php(363): CodeIgniter\CodeIgniter->handleRequest(null, Object(Config\Cache), false)
 9 SYSTEMPATH\Boot.php(417): CodeIgniter\CodeIgniter->run()
10 SYSTEMPATH\Boot.php(68): CodeIgniter\Boot::runCodeIgniter(Object(CodeIgniter\CodeIgniter))
11 FCPATH\index.php(56): CodeIgniter\Boot::bootWeb(Object(Config\Paths))
12 SYSTEMPATH\rewrite.php(44): require_once('C:\\Users\\AKU BANGGA JADI IT 2\\Documents\\RafiChandra\\Codeigniter4\\bengkel-salsa-motor\\public\\index.php')
DEBUG - 2026-08-13 05:00:12 --> Session: Class initialized using 'CodeIgniter\Session\Handlers\FileHandler' driver.
DEBUG - 2026-08-13 05:00:42 --> Session: Class initialized using 'CodeIgniter\Session\Handlers\FileHandler' driver.
DEBUG - 2026-08-13 05:00:43 --> Session: Class initialized using 'CodeIgniter\Session\Handlers\FileHandler' driver.
DEBUG - 2026-08-13 05:00:44 --> Session: Class initialized using 'CodeIgniter\Session\Handlers\FileHandler' driver.
DEBUG - 2026-08-13 05:00:45 --> Session: Class initialized using 'CodeIgniter\Session\Handlers\FileHandler' driver.
DEBUG - 2026-08-13 05:00:48 --> Session: Class initialized using 'CodeIgniter\Session\Handlers\FileHandler' driver.
DEBUG - 2026-08-13 05:00:49 --> Session: Class initialized using 'CodeIgniter\Session\Handlers\FileHandler' driver.
DEBUG - 2026-08-13 05:00:49 --> Session: Class initialized using 'CodeIgniter\Session\Handlers\FileHandler' driver.
DEBUG - 2026-08-13 05:00:49 --> Session: Class initialized using 'CodeIgniter\Session\Handlers\FileHandler' driver.
DEBUG - 2026-08-13 05:00:49 --> Session: Class initialized using 'CodeIgniter\Session\Handlers\FileHandler' driver.
DEBUG - 2026-08-13 05:00:50 --> Session: Class initialized using 'CodeIgniter\Session\Handlers\FileHandler' driver.
DEBUG - 2026-08-13 05:00:55 --> Session: Class initialized using 'CodeIgniter\Session\Handlers\FileHandler' driver.
DEBUG - 2026-08-13 06:50:37 --> Session: Class initialized using 'CodeIgniter\Session\Handlers\FileHandler' driver.
DEBUG - 2026-08-13 06:50:39 --> Session: Class initialized using 'CodeIgniter\Session\Handlers\FileHandler' driver.
DEBUG - 2026-08-13 06:52:15 --> Session: Class initialized using 'CodeIgniter\Session\Handlers\FileHandler' driver.
DEBUG - 2026-08-13 06:52:26 --> Session: Class initialized using 'CodeIgniter\Session\Handlers\FileHandler' driver.
DEBUG - 2026-08-13 06:55:53 --> Session: Class initialized using 'CodeIgniter\Session\Handlers\FileHandler' driver.
DEBUG - 2026-08-13 06:55:56 --> Session: Class initialized using 'CodeIgniter\Session\Handlers\FileHandler' driver.
DEBUG - 2026-08-13 06:55:58 --> Session: Class initialized using 'CodeIgniter\Session\Handlers\FileHandler' driver.
DEBUG - 2026-08-13 06:55:59 --> Session: Class initialized using 'CodeIgniter\Session\Handlers\FileHandler' driver.
DEBUG - 2026-08-13 06:56:00 --> Session: Class initialized using 'CodeIgniter\Session\Handlers\FileHandler' driver.
DEBUG - 2026-08-13 06:56:03 --> Session: Class initialized using 'CodeIgniter\Session\Handlers\FileHandler' driver.
DEBUG - 2026-08-13 06:56:44 --> Session: Class initialized using 'CodeIgniter\Session\Handlers\FileHandler' driver.
DEBUG - 2026-08-13 06:56:54 --> Session: Class initialized using 'CodeIgniter\Session\Handlers\FileHandler' driver.
DEBUG - 2026-08-13 06:56:54 --> Session: Class initialized using 'CodeIgniter\Session\Handlers\FileHandler' driver.
DEBUG - 2026-08-13 06:57:03 --> Session: Class initialized using 'CodeIgniter\Session\Handlers\FileHandler' driver.
DEBUG - 2026-08-13 06:57:04 --> Session: Class initialized using 'CodeIgniter\Session\Handlers\FileHandler' driver.
DEBUG - 2026-08-13 06:57:11 --> Session: Class initialized using 'CodeIgniter\Session\Handlers\FileHandler' driver.
DEBUG - 2026-08-13 06:57:11 --> Session: Class initialized using 'CodeIgniter\Session\Handlers\FileHandler' driver.
DEBUG - 2026-08-13 06:57:13 --> Session: Class initialized using 'CodeIgniter\Session\Handlers\FileHandler' driver.
DEBUG - 2026-08-13 06:57:41 --> Session: Class initialized using 'CodeIgniter\Session\Handlers\FileHandler' driver.
ERROR - 2026-08-13 06:57:41 --> Table 'db_salsamotor.barangmasuk' doesn't exist
in SYSTEMPATH\Database\MySQLi\Connection.php on line 300.
 1 SYSTEMPATH\Database\MySQLi\Connection.php(300): mysqli->query('SELECT *
FROM `barangmasuk`
ORDER BY `created_at` DESC', 0)
 2 SYSTEMPATH\Database\BaseConnection.php(908): CodeIgniter\Database\MySQLi\Connection->execute('SELECT *
FROM `barangmasuk`
ORDER BY `created_at` DESC')
 3 SYSTEMPATH\Database\BaseConnection.php(825): CodeIgniter\Database\BaseConnection->simpleQuery('SELECT *
FROM `barangmasuk`
ORDER BY `created_at` DESC')
 4 SYSTEMPATH\Database\BaseBuilder.php(1659): CodeIgniter\Database\BaseConnection->query('SELECT *
FROM `barangmasuk`
ORDER BY `created_at` DESC', [], false)
 5 SYSTEMPATH\Model.php(255): CodeIgniter\Database\BaseBuilder->get()
 6 SYSTEMPATH\BaseModel.php(676): CodeIgniter\Model->doFindAll(0, 0)
 7 APPPATH\Controllers\BarangMasuk.php(36): CodeIgniter\BaseModel->findAll()
 8 SYSTEMPATH\CodeIgniter.php(974): App\Controllers\BarangMasuk->index()
 9 SYSTEMPATH\CodeIgniter.php(520): CodeIgniter\CodeIgniter->runController(Object(App\Controllers\BarangMasuk))
10 SYSTEMPATH\CodeIgniter.php(363): CodeIgniter\CodeIgniter->handleRequest(null, Object(Config\Cache), false)
11 SYSTEMPATH\Boot.php(417): CodeIgniter\CodeIgniter->run()
12 SYSTEMPATH\Boot.php(68): CodeIgniter\Boot::runCodeIgniter(Object(CodeIgniter\CodeIgniter))
13 FCPATH\index.php(56): CodeIgniter\Boot::bootWeb(Object(Config\Paths))
14 SYSTEMPATH\rewrite.php(44): require_once('C:\\Users\\AKU BANGGA JADI IT 2\\Documents\\RafiChandra\\Codeigniter4\\bengkel-salsa-motor\\public\\index.php')
CRITICAL - 2026-08-13 06:57:41 --> CodeIgniter\Database\Exceptions\DatabaseException: Table 'db_salsamotor.barangmasuk' doesn't exist
[Method: GET, Route: admin/barangmasuk]
in SYSTEMPATH\Database\BaseConnection.php on line 863.
 1 SYSTEMPATH\Database\BaseBuilder.php(1659): CodeIgniter\Database\BaseConnection->query('SELECT *
FROM `barangmasuk`
ORDER BY `created_at` DESC', [], false)
 2 SYSTEMPATH\Model.php(255): CodeIgniter\Database\BaseBuilder->get()
 3 SYSTEMPATH\BaseModel.php(676): CodeIgniter\Model->doFindAll(0, 0)
 4 APPPATH\Controllers\BarangMasuk.php(36): CodeIgniter\BaseModel->findAll()
 5 SYSTEMPATH\CodeIgniter.php(974): App\Controllers\BarangMasuk->index()
 6 SYSTEMPATH\CodeIgniter.php(520): CodeIgniter\CodeIgniter->runController(Object(App\Controllers\BarangMasuk))
 7 SYSTEMPATH\CodeIgniter.php(363): CodeIgniter\CodeIgniter->handleRequest(null, Object(Config\Cache), false)
 8 SYSTEMPATH\Boot.php(417): CodeIgniter\CodeIgniter->run()
 9 SYSTEMPATH\Boot.php(68): CodeIgniter\Boot::runCodeIgniter(Object(CodeIgniter\CodeIgniter))
10 FCPATH\index.php(56): CodeIgniter\Boot::bootWeb(Object(Config\Paths))
11 SYSTEMPATH\rewrite.php(44): require_once('C:\\Users\\AKU BANGGA JADI IT 2\\Documents\\RafiChandra\\Codeigniter4\\bengkel-salsa-motor\\public\\index.php')
CRITICAL - 2026-08-13 06:57:41 --> [Caused by] CodeIgniter\Database\Exceptions\DatabaseException: Table 'db_salsamotor.barangmasuk' doesn't exist
in SYSTEMPATH\Database\MySQLi\Connection.php on line 310.
 1 SYSTEMPATH\Database\BaseConnection.php(908): CodeIgniter\Database\MySQLi\Connection->execute('SELECT *
FROM `barangmasuk`
ORDER BY `created_at` DESC')
 2 SYSTEMPATH\Database\BaseConnection.php(825): CodeIgniter\Database\BaseConnection->simpleQuery('SELECT *
FROM `barangmasuk`
ORDER BY `created_at` DESC')
 3 SYSTEMPATH\Database\BaseBuilder.php(1659): CodeIgniter\Database\BaseConnection->query('SELECT *
FROM `barangmasuk`
ORDER BY `created_at` DESC', [], false)
 4 SYSTEMPATH\Model.php(255): CodeIgniter\Database\BaseBuilder->get()
 5 SYSTEMPATH\BaseModel.php(676): CodeIgniter\Model->doFindAll(0, 0)
 6 APPPATH\Controllers\BarangMasuk.php(36): CodeIgniter\BaseModel->findAll()
 7 SYSTEMPATH\CodeIgniter.php(974): App\Controllers\BarangMasuk->index()
 8 SYSTEMPATH\CodeIgniter.php(520): CodeIgniter\CodeIgniter->runController(Object(App\Controllers\BarangMasuk))
 9 SYSTEMPATH\CodeIgniter.php(363): CodeIgniter\CodeIgniter->handleRequest(null, Object(Config\Cache), false)
10 SYSTEMPATH\Boot.php(417): CodeIgniter\CodeIgniter->run()
11 SYSTEMPATH\Boot.php(68): CodeIgniter\Boot::runCodeIgniter(Object(CodeIgniter\CodeIgniter))
12 FCPATH\index.php(56): CodeIgniter\Boot::bootWeb(Object(Config\Paths))
13 SYSTEMPATH\rewrite.php(44): require_once('C:\\Users\\AKU BANGGA JADI IT 2\\Documents\\RafiChandra\\Codeigniter4\\bengkel-salsa-motor\\public\\index.php')
CRITICAL - 2026-08-13 06:57:41 --> [Caused by] mysqli_sql_exception: Table 'db_salsamotor.barangmasuk' doesn't exist
in SYSTEMPATH\Database\MySQLi\Connection.php on line 300.
 1 SYSTEMPATH\Database\MySQLi\Connection.php(300): mysqli->query('SELECT *
FROM `barangmasuk`
ORDER BY `created_at` DESC', 0)
 2 SYSTEMPATH\Database\BaseConnection.php(908): CodeIgniter\Database\MySQLi\Connection->execute('SELECT *
FROM `barangmasuk`
ORDER BY `created_at` DESC')
 3 SYSTEMPATH\Database\BaseConnection.php(825): CodeIgniter\Database\BaseConnection->simpleQuery('SELECT *
FROM `barangmasuk`
ORDER BY `created_at` DESC')
 4 SYSTEMPATH\Database\BaseBuilder.php(1659): CodeIgniter\Database\BaseConnection->query('SELECT *
FROM `barangmasuk`
ORDER BY `created_at` DESC', [], false)
 5 SYSTEMPATH\Model.php(255): CodeIgniter\Database\BaseBuilder->get()
 6 SYSTEMPATH\BaseModel.php(676): CodeIgniter\Model->doFindAll(0, 0)
 7 APPPATH\Controllers\BarangMasuk.php(36): CodeIgniter\BaseModel->findAll()
 8 SYSTEMPATH\CodeIgniter.php(974): App\Controllers\BarangMasuk->index()
 9 SYSTEMPATH\CodeIgniter.php(520): CodeIgniter\CodeIgniter->runController(Object(App\Controllers\BarangMasuk))
10 SYSTEMPATH\CodeIgniter.php(363): CodeIgniter\CodeIgniter->handleRequest(null, Object(Config\Cache), false)
11 SYSTEMPATH\Boot.php(417): CodeIgniter\CodeIgniter->run()
12 SYSTEMPATH\Boot.php(68): CodeIgniter\Boot::runCodeIgniter(Object(CodeIgniter\CodeIgniter))
13 FCPATH\index.php(56): CodeIgniter\Boot::bootWeb(Object(Config\Paths))
14 SYSTEMPATH\rewrite.php(44): require_once('C:\\Users\\AKU BANGGA JADI IT 2\\Documents\\RafiChandra\\Codeigniter4\\bengkel-salsa-motor\\public\\index.php')
DEBUG - 2026-08-13 06:57:46 --> Session: Class initialized using 'CodeIgniter\Session\Handlers\FileHandler' driver.
ERROR - 2026-08-13 06:57:46 --> Table 'db_salsamotor.barangmasuk' doesn't exist
in SYSTEMPATH\Database\MySQLi\Connection.php on line 300.
 1 SYSTEMPATH\Database\MySQLi\Connection.php(300): mysqli->query('SELECT *
FROM `barangmasuk`
ORDER BY `created_at` DESC', 0)
 2 SYSTEMPATH\Database\BaseConnection.php(908): CodeIgniter\Database\MySQLi\Connection->execute('SELECT *
FROM `barangmasuk`
ORDER BY `created_at` DESC')
 3 SYSTEMPATH\Database\BaseConnection.php(825): CodeIgniter\Database\BaseConnection->simpleQuery('SELECT *
FROM `barangmasuk`
ORDER BY `created_at` DESC')
 4 SYSTEMPATH\Database\BaseBuilder.php(1659): CodeIgniter\Database\BaseConnection->query('SELECT *
FROM `barangmasuk`
ORDER BY `created_at` DESC', [], false)
 5 SYSTEMPATH\Model.php(255): CodeIgniter\Database\BaseBuilder->get()
 6 SYSTEMPATH\BaseModel.php(676): CodeIgniter\Model->doFindAll(0, 0)
 7 APPPATH\Controllers\BarangMasuk.php(36): CodeIgniter\BaseModel->findAll()
 8 SYSTEMPATH\CodeIgniter.php(974): App\Controllers\BarangMasuk->index()
 9 SYSTEMPATH\CodeIgniter.php(520): CodeIgniter\CodeIgniter->runController(Object(App\Controllers\BarangMasuk))
10 SYSTEMPATH\CodeIgniter.php(363): CodeIgniter\CodeIgniter->handleRequest(null, Object(Config\Cache), false)
11 SYSTEMPATH\Boot.php(417): CodeIgniter\CodeIgniter->run()
12 SYSTEMPATH\Boot.php(68): CodeIgniter\Boot::runCodeIgniter(Object(CodeIgniter\CodeIgniter))
13 FCPATH\index.php(56): CodeIgniter\Boot::bootWeb(Object(Config\Paths))
14 SYSTEMPATH\rewrite.php(44): require_once('C:\\Users\\AKU BANGGA JADI IT 2\\Documents\\RafiChandra\\Codeigniter4\\bengkel-salsa-motor\\public\\index.php')
CRITICAL - 2026-08-13 06:57:46 --> CodeIgniter\Database\Exceptions\DatabaseException: Table 'db_salsamotor.barangmasuk' doesn't exist
[Method: GET, Route: admin/barangmasuk]
in SYSTEMPATH\Database\BaseConnection.php on line 863.
 1 SYSTEMPATH\Database\BaseBuilder.php(1659): CodeIgniter\Database\BaseConnection->query('SELECT *
FROM `barangmasuk`
ORDER BY `created_at` DESC', [], false)
 2 SYSTEMPATH\Model.php(255): CodeIgniter\Database\BaseBuilder->get()
 3 SYSTEMPATH\BaseModel.php(676): CodeIgniter\Model->doFindAll(0, 0)
 4 APPPATH\Controllers\BarangMasuk.php(36): CodeIgniter\BaseModel->findAll()
 5 SYSTEMPATH\CodeIgniter.php(974): App\Controllers\BarangMasuk->index()
 6 SYSTEMPATH\CodeIgniter.php(520): CodeIgniter\CodeIgniter->runController(Object(App\Controllers\BarangMasuk))
 7 SYSTEMPATH\CodeIgniter.php(363): CodeIgniter\CodeIgniter->handleRequest(null, Object(Config\Cache), false)
 8 SYSTEMPATH\Boot.php(417): CodeIgniter\CodeIgniter->run()
 9 SYSTEMPATH\Boot.php(68): CodeIgniter\Boot::runCodeIgniter(Object(CodeIgniter\CodeIgniter))
10 FCPATH\index.php(56): CodeIgniter\Boot::bootWeb(Object(Config\Paths))
11 SYSTEMPATH\rewrite.php(44): require_once('C:\\Users\\AKU BANGGA JADI IT 2\\Documents\\RafiChandra\\Codeigniter4\\bengkel-salsa-motor\\public\\index.php')
CRITICAL - 2026-08-13 06:57:46 --> [Caused by] CodeIgniter\Database\Exceptions\DatabaseException: Table 'db_salsamotor.barangmasuk' doesn't exist
in SYSTEMPATH\Database\MySQLi\Connection.php on line 310.
 1 SYSTEMPATH\Database\BaseConnection.php(908): CodeIgniter\Database\MySQLi\Connection->execute('SELECT *
FROM `barangmasuk`
ORDER BY `created_at` DESC')
 2 SYSTEMPATH\Database\BaseConnection.php(825): CodeIgniter\Database\BaseConnection->simpleQuery('SELECT *
FROM `barangmasuk`
ORDER BY `created_at` DESC')
 3 SYSTEMPATH\Database\BaseBuilder.php(1659): CodeIgniter\Database\BaseConnection->query('SELECT *
FROM `barangmasuk`
ORDER BY `created_at` DESC', [], false)
 4 SYSTEMPATH\Model.php(255): CodeIgniter\Database\BaseBuilder->get()
 5 SYSTEMPATH\BaseModel.php(676): CodeIgniter\Model->doFindAll(0, 0)
 6 APPPATH\Controllers\BarangMasuk.php(36): CodeIgniter\BaseModel->findAll()
 7 SYSTEMPATH\CodeIgniter.php(974): App\Controllers\BarangMasuk->index()
 8 SYSTEMPATH\CodeIgniter.php(520): CodeIgniter\CodeIgniter->runController(Object(App\Controllers\BarangMasuk))
 9 SYSTEMPATH\CodeIgniter.php(363): CodeIgniter\CodeIgniter->handleRequest(null, Object(Config\Cache), false)
10 SYSTEMPATH\Boot.php(417): CodeIgniter\CodeIgniter->run()
11 SYSTEMPATH\Boot.php(68): CodeIgniter\Boot::runCodeIgniter(Object(CodeIgniter\CodeIgniter))
12 FCPATH\index.php(56): CodeIgniter\Boot::bootWeb(Object(Config\Paths))
13 SYSTEMPATH\rewrite.php(44): require_once('C:\\Users\\AKU BANGGA JADI IT 2\\Documents\\RafiChandra\\Codeigniter4\\bengkel-salsa-motor\\public\\index.php')
CRITICAL - 2026-08-13 06:57:46 --> [Caused by] mysqli_sql_exception: Table 'db_salsamotor.barangmasuk' doesn't exist
in SYSTEMPATH\Database\MySQLi\Connection.php on line 300.
 1 SYSTEMPATH\Database\MySQLi\Connection.php(300): mysqli->query('SELECT *
FROM `barangmasuk`
ORDER BY `created_at` DESC', 0)
 2 SYSTEMPATH\Database\BaseConnection.php(908): CodeIgniter\Database\MySQLi\Connection->execute('SELECT *
FROM `barangmasuk`
ORDER BY `created_at` DESC')
 3 SYSTEMPATH\Database\BaseConnection.php(825): CodeIgniter\Database\BaseConnection->simpleQuery('SELECT *
FROM `barangmasuk`
ORDER BY `created_at` DESC')
 4 SYSTEMPATH\Database\BaseBuilder.php(1659): CodeIgniter\Database\BaseConnection->query('SELECT *
FROM `barangmasuk`
ORDER BY `created_at` DESC', [], false)
 5 SYSTEMPATH\Model.php(255): CodeIgniter\Database\BaseBuilder->get()
 6 SYSTEMPATH\BaseModel.php(676): CodeIgniter\Model->doFindAll(0, 0)
 7 APPPATH\Controllers\BarangMasuk.php(36): CodeIgniter\BaseModel->findAll()
 8 SYSTEMPATH\CodeIgniter.php(974): App\Controllers\BarangMasuk->index()
 9 SYSTEMPATH\CodeIgniter.php(520): CodeIgniter\CodeIgniter->runController(Object(App\Controllers\BarangMasuk))
10 SYSTEMPATH\CodeIgniter.php(363): CodeIgniter\CodeIgniter->handleRequest(null, Object(Config\Cache), false)
11 SYSTEMPATH\Boot.php(417): CodeIgniter\CodeIgniter->run()
12 SYSTEMPATH\Boot.php(68): CodeIgniter\Boot::runCodeIgniter(Object(CodeIgniter\CodeIgniter))
13 FCPATH\index.php(56): CodeIgniter\Boot::bootWeb(Object(Config\Paths))
14 SYSTEMPATH\rewrite.php(44): require_once('C:\\Users\\AKU BANGGA JADI IT 2\\Documents\\RafiChandra\\Codeigniter4\\bengkel-salsa-motor\\public\\index.php')
DEBUG - 2026-08-13 06:57:47 --> Session: Class initialized using 'CodeIgniter\Session\Handlers\FileHandler' driver.
DEBUG - 2026-08-13 06:57:50 --> Session: Class initialized using 'CodeIgniter\Session\Handlers\FileHandler' driver.
DEBUG - 2026-08-13 06:57:52 --> Session: Class initialized using 'CodeIgniter\Session\Handlers\FileHandler' driver.
DEBUG - 2026-08-13 06:57:56 --> Session: Class initialized using 'CodeIgniter\Session\Handlers\FileHandler' driver.
DEBUG - 2026-08-13 06:57:59 --> Session: Class initialized using 'CodeIgniter\Session\Handlers\FileHandler' driver.
DEBUG - 2026-08-13 06:58:00 --> Session: Class initialized using 'CodeIgniter\Session\Handlers\FileHandler' driver.
DEBUG - 2026-08-13 07:00:22 --> Session: Class initialized using 'CodeIgniter\Session\Handlers\FileHandler' driver.
DEBUG - 2026-08-13 07:00:27 --> Session: Class initialized using 'CodeIgniter\Session\Handlers\FileHandler' driver.
DEBUG - 2026-08-13 07:00:28 --> Session: Class initialized using 'CodeIgniter\Session\Handlers\FileHandler' driver.
DEBUG - 2026-08-13 07:01:06 --> Session: Class initialized using 'CodeIgniter\Session\Handlers\FileHandler' driver.
DEBUG - 2026-08-13 07:01:09 --> Session: Class initialized using 'CodeIgniter\Session\Handlers\FileHandler' driver.
DEBUG - 2026-08-13 07:01:13 --> Session: Class initialized using 'CodeIgniter\Session\Handlers\FileHandler' driver.
DEBUG - 2026-08-13 07:01:13 --> Session: Class initialized using 'CodeIgniter\Session\Handlers\FileHandler' driver.
DEBUG - 2026-08-13 07:01:19 --> Session: Class initialized using 'CodeIgniter\Session\Handlers\FileHandler' driver.
DEBUG - 2026-08-13 07:02:00 --> Session: Class initialized using 'CodeIgniter\Session\Handlers\FileHandler' driver.
DEBUG - 2026-08-13 07:02:00 --> Session: Class initialized using 'CodeIgniter\Session\Handlers\FileHandler' driver.
DEBUG - 2026-08-13 07:02:23 --> Session: Class initialized using 'CodeIgniter\Session\Handlers\FileHandler' driver.
DEBUG - 2026-08-13 07:02:23 --> Session: Class initialized using 'CodeIgniter\Session\Handlers\FileHandler' driver.
DEBUG - 2026-08-13 07:18:51 --> Session: Class initialized using 'CodeIgniter\Session\Handlers\FileHandler' driver.
DEBUG - 2026-08-13 07:18:52 --> Session: Class initialized using 'CodeIgniter\Session\Handlers\FileHandler' driver.
DEBUG - 2026-08-13 07:20:18 --> Session: Class initialized using 'CodeIgniter\Session\Handlers\FileHandler' driver.
DEBUG - 2026-08-13 07:20:18 --> Session: Class initialized using 'CodeIgniter\Session\Handlers\FileHandler' driver.
DEBUG - 2026-08-13 07:20:55 --> Session: Class initialized using 'CodeIgniter\Session\Handlers\FileHandler' driver.
DEBUG - 2026-08-13 07:20:55 --> Session: Class initialized using 'CodeIgniter\Session\Handlers\FileHandler' driver.
DEBUG - 2026-08-13 07:21:00 --> Session: Class initialized using 'CodeIgniter\Session\Handlers\FileHandler' driver.
DEBUG - 2026-08-13 07:21:00 --> Session: Class initialized using 'CodeIgniter\Session\Handlers\FileHandler' driver.
DEBUG - 2026-08-13 07:21:11 --> Session: Class initialized using 'CodeIgniter\Session\Handlers\FileHandler' driver.
DEBUG - 2026-08-13 07:21:11 --> Session: Class initialized using 'CodeIgniter\Session\Handlers\FileHandler' driver.
DEBUG - 2026-08-13 07:21:15 --> Session: Class initialized using 'CodeIgniter\Session\Handlers\FileHandler' driver.
DEBUG - 2026-08-13 07:21:15 --> Session: Class initialized using 'CodeIgniter\Session\Handlers\FileHandler' driver.
DEBUG - 2026-08-13 07:21:21 --> Session: Class initialized using 'CodeIgniter\Session\Handlers\FileHandler' driver.
DEBUG - 2026-08-13 07:21:21 --> Session: Class initialized using 'CodeIgniter\Session\Handlers\FileHandler' driver.
DEBUG - 2026-08-13 07:21:27 --> Session: Class initialized using 'CodeIgniter\Session\Handlers\FileHandler' driver.
DEBUG - 2026-08-13 07:21:29 --> Session: Class initialized using 'CodeIgniter\Session\Handlers\FileHandler' driver.
DEBUG - 2026-08-13 07:29:23 --> Session: Class initialized using 'CodeIgniter\Session\Handlers\FileHandler' driver.
DEBUG - 2026-08-13 07:29:27 --> Session: Class initialized using 'CodeIgniter\Session\Handlers\FileHandler' driver.
DEBUG - 2026-08-13 07:29:32 --> Session: Class initialized using 'CodeIgniter\Session\Handlers\FileHandler' driver.
DEBUG - 2026-08-13 07:29:32 --> Session: Class initialized using 'CodeIgniter\Session\Handlers\FileHandler' driver.
DEBUG - 2026-08-13 07:29:41 --> Session: Class initialized using 'CodeIgniter\Session\Handlers\FileHandler' driver.
DEBUG - 2026-08-13 07:29:46 --> Session: Class initialized using 'CodeIgniter\Session\Handlers\FileHandler' driver.
DEBUG - 2026-08-13 07:29:47 --> Session: Class initialized using 'CodeIgniter\Session\Handlers\FileHandler' driver.
DEBUG - 2026-08-13 07:29:50 --> Session: Class initialized using 'CodeIgniter\Session\Handlers\FileHandler' driver.
DEBUG - 2026-08-13 07:29:50 --> Session: Class initialized using 'CodeIgniter\Session\Handlers\FileHandler' driver.
DEBUG - 2026-08-13 07:29:52 --> Session: Class initialized using 'CodeIgniter\Session\Handlers\FileHandler' driver.
DEBUG - 2026-08-13 07:29:54 --> Session: Class initialized using 'CodeIgniter\Session\Handlers\FileHandler' driver.
DEBUG - 2026-08-13 07:29:54 --> Session: Class initialized using 'CodeIgniter\Session\Handlers\FileHandler' driver.
DEBUG - 2026-08-13 07:30:07 --> Session: Class initialized using 'CodeIgniter\Session\Handlers\FileHandler' driver.
DEBUG - 2026-08-13 07:30:09 --> Session: Class initialized using 'CodeIgniter\Session\Handlers\FileHandler' driver.
DEBUG - 2026-08-13 07:30:12 --> Session: Class initialized using 'CodeIgniter\Session\Handlers\FileHandler' driver.
DEBUG - 2026-08-13 07:30:59 --> Session: Class initialized using 'CodeIgniter\Session\Handlers\FileHandler' driver.
DEBUG - 2026-08-13 07:31:02 --> Session: Class initialized using 'CodeIgniter\Session\Handlers\FileHandler' driver.
DEBUG - 2026-08-13 07:32:15 --> Session: Class initialized using 'CodeIgniter\Session\Handlers\FileHandler' driver.
DEBUG - 2026-08-13 07:32:17 --> Session: Class initialized using 'CodeIgniter\Session\Handlers\FileHandler' driver.
DEBUG - 2026-08-13 07:32:17 --> Session: Class initialized using 'CodeIgniter\Session\Handlers\FileHandler' driver.
DEBUG - 2026-08-13 07:32:20 --> Session: Class initialized using 'CodeIgniter\Session\Handlers\FileHandler' driver.
DEBUG - 2026-08-13 07:32:22 --> Session: Class initialized using 'CodeIgniter\Session\Handlers\FileHandler' driver.
DEBUG - 2026-08-13 07:33:12 --> Session: Class initialized using 'CodeIgniter\Session\Handlers\FileHandler' driver.
DEBUG - 2026-08-13 07:33:12 --> Session: Class initialized using 'CodeIgniter\Session\Handlers\FileHandler' driver.
DEBUG - 2026-08-13 07:33:39 --> Session: Class initialized using 'CodeIgniter\Session\Handlers\FileHandler' driver.
DEBUG - 2026-08-13 07:33:40 --> Session: Class initialized using 'CodeIgniter\Session\Handlers\FileHandler' driver.
DEBUG - 2026-08-13 07:33:51 --> Session: Class initialized using 'CodeIgniter\Session\Handlers\FileHandler' driver.
DEBUG - 2026-08-13 07:33:51 --> Session: Class initialized using 'CodeIgniter\Session\Handlers\FileHandler' driver.
DEBUG - 2026-08-13 07:33:56 --> Session: Class initialized using 'CodeIgniter\Session\Handlers\FileHandler' driver.
DEBUG - 2026-08-13 07:33:58 --> Session: Class initialized using 'CodeIgniter\Session\Handlers\FileHandler' driver.
DEBUG - 2026-08-13 07:34:03 --> Session: Class initialized using 'CodeIgniter\Session\Handlers\FileHandler' driver.
DEBUG - 2026-08-13 07:34:11 --> Session: Class initialized using 'CodeIgniter\Session\Handlers\FileHandler' driver.
DEBUG - 2026-08-13 07:34:11 --> Session: Class initialized using 'CodeIgniter\Session\Handlers\FileHandler' driver.
DEBUG - 2026-08-13 07:34:15 --> Session: Class initialized using 'CodeIgniter\Session\Handlers\FileHandler' driver.
DEBUG - 2026-08-13 07:34:15 --> Session: Class initialized using 'CodeIgniter\Session\Handlers\FileHandler' driver.
DEBUG - 2026-08-13 07:34:25 --> Session: Class initialized using 'CodeIgniter\Session\Handlers\FileHandler' driver.
DEBUG - 2026-08-13 07:34:25 --> Session: Class initialized using 'CodeIgniter\Session\Handlers\FileHandler' driver.
DEBUG - 2026-08-13 07:34:26 --> Session: Class initialized using 'CodeIgniter\Session\Handlers\FileHandler' driver.
DEBUG - 2026-08-13 07:34:28 --> Session: Class initialized using 'CodeIgniter\Session\Handlers\FileHandler' driver.
DEBUG - 2026-08-13 07:34:32 --> Session: Class initialized using 'CodeIgniter\Session\Handlers\FileHandler' driver.
DEBUG - 2026-08-13 07:35:16 --> Session: Class initialized using 'CodeIgniter\Session\Handlers\FileHandler' driver.
DEBUG - 2026-08-13 07:35:20 --> Session: Class initialized using 'CodeIgniter\Session\Handlers\FileHandler' driver.
DEBUG - 2026-08-13 07:35:33 --> Session: Class initialized using 'CodeIgniter\Session\Handlers\FileHandler' driver.
DEBUG - 2026-08-13 07:35:35 --> Session: Class initialized using 'CodeIgniter\Session\Handlers\FileHandler' driver.
DEBUG - 2026-08-13 07:35:36 --> Session: Class initialized using 'CodeIgniter\Session\Handlers\FileHandler' driver.
DEBUG - 2026-08-13 07:35:38 --> Session: Class initialized using 'CodeIgniter\Session\Handlers\FileHandler' driver.
DEBUG - 2026-08-13 07:35:43 --> Session: Class initialized using 'CodeIgniter\Session\Handlers\FileHandler' driver.
DEBUG - 2026-08-13 07:35:49 --> Session: Class initialized using 'CodeIgniter\Session\Handlers\FileHandler' driver.
DEBUG - 2026-08-13 07:37:21 --> Session: Class initialized using 'CodeIgniter\Session\Handlers\FileHandler' driver.
DEBUG - 2026-08-13 07:37:25 --> Session: Class initialized using 'CodeIgniter\Session\Handlers\FileHandler' driver.
DEBUG - 2026-08-13 07:39:17 --> Session: Class initialized using 'CodeIgniter\Session\Handlers\FileHandler' driver.
DEBUG - 2026-08-13 07:39:58 --> Session: Class initialized using 'CodeIgniter\Session\Handlers\FileHandler' driver.
DEBUG - 2026-08-13 07:40:06 --> Session: Class initialized using 'CodeIgniter\Session\Handlers\FileHandler' driver.
DEBUG - 2026-08-13 07:40:52 --> Session: Class initialized using 'CodeIgniter\Session\Handlers\FileHandler' driver.
DEBUG - 2026-08-13 07:41:05 --> Session: Class initialized using 'CodeIgniter\Session\Handlers\FileHandler' driver.
DEBUG - 2026-08-13 07:43:09 --> Session: Class initialized using 'CodeIgniter\Session\Handlers\FileHandler' driver.
DEBUG - 2026-08-13 07:43:11 --> Session: Class initialized using 'CodeIgniter\Session\Handlers\FileHandler' driver.
DEBUG - 2026-08-13 07:43:11 --> Session: Class initialized using 'CodeIgniter\Session\Handlers\FileHandler' driver.
DEBUG - 2026-08-13 07:43:13 --> Session: Class initialized using 'CodeIgniter\Session\Handlers\FileHandler' driver.
DEBUG - 2026-08-13 07:43:29 --> Session: Class initialized using 'CodeIgniter\Session\Handlers\FileHandler' driver.
DEBUG - 2026-08-13 07:43:32 --> Session: Class initialized using 'CodeIgniter\Session\Handlers\FileHandler' driver.
DEBUG - 2026-08-13 07:45:27 --> Session: Class initialized using 'CodeIgniter\Session\Handlers\FileHandler' driver.
DEBUG - 2026-08-13 07:45:32 --> Session: Class initialized using 'CodeIgniter\Session\Handlers\FileHandler' driver.
DEBUG - 2026-08-13 07:45:48 --> Session: Class initialized using 'CodeIgniter\Session\Handlers\FileHandler' driver.
DEBUG - 2026-08-13 07:45:49 --> Session: Class initialized using 'CodeIgniter\Session\Handlers\FileHandler' driver.
DEBUG - 2026-08-13 07:45:51 --> Session: Class initialized using 'CodeIgniter\Session\Handlers\FileHandler' driver.
DEBUG - 2026-08-13 07:46:11 --> Session: Class initialized using 'CodeIgniter\Session\Handlers\FileHandler' driver.
DEBUG - 2026-08-13 07:46:12 --> Session: Class initialized using 'CodeIgniter\Session\Handlers\FileHandler' driver.
ERROR - 2026-08-13 07:46:12 --> Table 'db_salsamotor.penjualan' doesn't exist
in SYSTEMPATH\Database\MySQLi\Connection.php on line 300.
 1 SYSTEMPATH\Database\MySQLi\Connection.php(300): mysqli->query('SELECT *
FROM `penjualan`
ORDER BY `created_at` DESC', 0)
 2 SYSTEMPATH\Database\BaseConnection.php(908): CodeIgniter\Database\MySQLi\Connection->execute('SELECT *
FROM `penjualan`
ORDER BY `created_at` DESC')
 3 SYSTEMPATH\Database\BaseConnection.php(825): CodeIgniter\Database\BaseConnection->simpleQuery('SELECT *
FROM `penjualan`
ORDER BY `created_at` DESC')
 4 SYSTEMPATH\Database\BaseBuilder.php(1659): CodeIgniter\Database\BaseConnection->query('SELECT *
FROM `penjualan`
ORDER BY `created_at` DESC', [], false)
 5 SYSTEMPATH\Model.php(255): CodeIgniter\Database\BaseBuilder->get()
 6 SYSTEMPATH\BaseModel.php(676): CodeIgniter\Model->doFindAll(0, 0)
 7 APPPATH\Controllers\Penjualan.php(36): CodeIgniter\BaseModel->findAll()
 8 SYSTEMPATH\CodeIgniter.php(974): App\Controllers\Penjualan->index()
 9 SYSTEMPATH\CodeIgniter.php(520): CodeIgniter\CodeIgniter->runController(Object(App\Controllers\Penjualan))
10 SYSTEMPATH\CodeIgniter.php(363): CodeIgniter\CodeIgniter->handleRequest(null, Object(Config\Cache), false)
11 SYSTEMPATH\Boot.php(417): CodeIgniter\CodeIgniter->run()
12 SYSTEMPATH\Boot.php(68): CodeIgniter\Boot::runCodeIgniter(Object(CodeIgniter\CodeIgniter))
13 FCPATH\index.php(56): CodeIgniter\Boot::bootWeb(Object(Config\Paths))
14 SYSTEMPATH\rewrite.php(44): require_once('C:\\Users\\AKU BANGGA JADI IT 2\\Documents\\RafiChandra\\Codeigniter4\\bengkel-salsa-motor\\public\\index.php')
CRITICAL - 2026-08-13 07:46:12 --> CodeIgniter\Database\Exceptions\DatabaseException: Table 'db_salsamotor.penjualan' doesn't exist
[Method: GET, Route: admin/penjualan]
in SYSTEMPATH\Database\BaseConnection.php on line 863.
 1 SYSTEMPATH\Database\BaseBuilder.php(1659): CodeIgniter\Database\BaseConnection->query('SELECT *
FROM `penjualan`
ORDER BY `created_at` DESC', [], false)
 2 SYSTEMPATH\Model.php(255): CodeIgniter\Database\BaseBuilder->get()
 3 SYSTEMPATH\BaseModel.php(676): CodeIgniter\Model->doFindAll(0, 0)
 4 APPPATH\Controllers\Penjualan.php(36): CodeIgniter\BaseModel->findAll()
 5 SYSTEMPATH\CodeIgniter.php(974): App\Controllers\Penjualan->index()
 6 SYSTEMPATH\CodeIgniter.php(520): CodeIgniter\CodeIgniter->runController(Object(App\Controllers\Penjualan))
 7 SYSTEMPATH\CodeIgniter.php(363): CodeIgniter\CodeIgniter->handleRequest(null, Object(Config\Cache), false)
 8 SYSTEMPATH\Boot.php(417): CodeIgniter\CodeIgniter->run()
 9 SYSTEMPATH\Boot.php(68): CodeIgniter\Boot::runCodeIgniter(Object(CodeIgniter\CodeIgniter))
10 FCPATH\index.php(56): CodeIgniter\Boot::bootWeb(Object(Config\Paths))
11 SYSTEMPATH\rewrite.php(44): require_once('C:\\Users\\AKU BANGGA JADI IT 2\\Documents\\RafiChandra\\Codeigniter4\\bengkel-salsa-motor\\public\\index.php')
CRITICAL - 2026-08-13 07:46:12 --> [Caused by] CodeIgniter\Database\Exceptions\DatabaseException: Table 'db_salsamotor.penjualan' doesn't exist
in SYSTEMPATH\Database\MySQLi\Connection.php on line 310.
 1 SYSTEMPATH\Database\BaseConnection.php(908): CodeIgniter\Database\MySQLi\Connection->execute('SELECT *
FROM `penjualan`
ORDER BY `created_at` DESC')
 2 SYSTEMPATH\Database\BaseConnection.php(825): CodeIgniter\Database\BaseConnection->simpleQuery('SELECT *
FROM `penjualan`
ORDER BY `created_at` DESC')
 3 SYSTEMPATH\Database\BaseBuilder.php(1659): CodeIgniter\Database\BaseConnection->query('SELECT *
FROM `penjualan`
ORDER BY `created_at` DESC', [], false)
 4 SYSTEMPATH\Model.php(255): CodeIgniter\Database\BaseBuilder->get()
 5 SYSTEMPATH\BaseModel.php(676): CodeIgniter\Model->doFindAll(0, 0)
 6 APPPATH\Controllers\Penjualan.php(36): CodeIgniter\BaseModel->findAll()
 7 SYSTEMPATH\CodeIgniter.php(974): App\Controllers\Penjualan->index()
 8 SYSTEMPATH\CodeIgniter.php(520): CodeIgniter\CodeIgniter->runController(Object(App\Controllers\Penjualan))
 9 SYSTEMPATH\CodeIgniter.php(363): CodeIgniter\CodeIgniter->handleRequest(null, Object(Config\Cache), false)
10 SYSTEMPATH\Boot.php(417): CodeIgniter\CodeIgniter->run()
11 SYSTEMPATH\Boot.php(68): CodeIgniter\Boot::runCodeIgniter(Object(CodeIgniter\CodeIgniter))
12 FCPATH\index.php(56): CodeIgniter\Boot::bootWeb(Object(Config\Paths))
13 SYSTEMPATH\rewrite.php(44): require_once('C:\\Users\\AKU BANGGA JADI IT 2\\Documents\\RafiChandra\\Codeigniter4\\bengkel-salsa-motor\\public\\index.php')
CRITICAL - 2026-08-13 07:46:12 --> [Caused by] mysqli_sql_exception: Table 'db_salsamotor.penjualan' doesn't exist
in SYSTEMPATH\Database\MySQLi\Connection.php on line 300.
 1 SYSTEMPATH\Database\MySQLi\Connection.php(300): mysqli->query('SELECT *
FROM `penjualan`
ORDER BY `created_at` DESC', 0)
 2 SYSTEMPATH\Database\BaseConnection.php(908): CodeIgniter\Database\MySQLi\Connection->execute('SELECT *
FROM `penjualan`
ORDER BY `created_at` DESC')
 3 SYSTEMPATH\Database\BaseConnection.php(825): CodeIgniter\Database\BaseConnection->simpleQuery('SELECT *
FROM `penjualan`
ORDER BY `created_at` DESC')
 4 SYSTEMPATH\Database\BaseBuilder.php(1659): CodeIgniter\Database\BaseConnection->query('SELECT *
FROM `penjualan`
ORDER BY `created_at` DESC', [], false)
 5 SYSTEMPATH\Model.php(255): CodeIgniter\Database\BaseBuilder->get()
 6 SYSTEMPATH\BaseModel.php(676): CodeIgniter\Model->doFindAll(0, 0)
 7 APPPATH\Controllers\Penjualan.php(36): CodeIgniter\BaseModel->findAll()
 8 SYSTEMPATH\CodeIgniter.php(974): App\Controllers\Penjualan->index()
 9 SYSTEMPATH\CodeIgniter.php(520): CodeIgniter\CodeIgniter->runController(Object(App\Controllers\Penjualan))
10 SYSTEMPATH\CodeIgniter.php(363): CodeIgniter\CodeIgniter->handleRequest(null, Object(Config\Cache), false)
11 SYSTEMPATH\Boot.php(417): CodeIgniter\CodeIgniter->run()
12 SYSTEMPATH\Boot.php(68): CodeIgniter\Boot::runCodeIgniter(Object(CodeIgniter\CodeIgniter))
13 FCPATH\index.php(56): CodeIgniter\Boot::bootWeb(Object(Config\Paths))
14 SYSTEMPATH\rewrite.php(44): require_once('C:\\Users\\AKU BANGGA JADI IT 2\\Documents\\RafiChandra\\Codeigniter4\\bengkel-salsa-motor\\public\\index.php')
DEBUG - 2026-08-13 07:46:31 --> Session: Class initialized using 'CodeIgniter\Session\Handlers\FileHandler' driver.
ERROR - 2026-08-13 07:46:31 --> Table 'db_salsamotor.penjualan' doesn't exist
in SYSTEMPATH\Database\MySQLi\Connection.php on line 300.
 1 SYSTEMPATH\Database\MySQLi\Connection.php(300): mysqli->query('SELECT *
FROM `penjualan`
ORDER BY `created_at` DESC', 0)
 2 SYSTEMPATH\Database\BaseConnection.php(908): CodeIgniter\Database\MySQLi\Connection->execute('SELECT *
FROM `penjualan`
ORDER BY `created_at` DESC')
 3 SYSTEMPATH\Database\BaseConnection.php(825): CodeIgniter\Database\BaseConnection->simpleQuery('SELECT *
FROM `penjualan`
ORDER BY `created_at` DESC')
 4 SYSTEMPATH\Database\BaseBuilder.php(1659): CodeIgniter\Database\BaseConnection->query('SELECT *
FROM `penjualan`
ORDER BY `created_at` DESC', [], false)
 5 SYSTEMPATH\Model.php(255): CodeIgniter\Database\BaseBuilder->get()
 6 SYSTEMPATH\BaseModel.php(676): CodeIgniter\Model->doFindAll(0, 0)
 7 APPPATH\Controllers\Penjualan.php(36): CodeIgniter\BaseModel->findAll()
 8 SYSTEMPATH\CodeIgniter.php(974): App\Controllers\Penjualan->index()
 9 SYSTEMPATH\CodeIgniter.php(520): CodeIgniter\CodeIgniter->runController(Object(App\Controllers\Penjualan))
10 SYSTEMPATH\CodeIgniter.php(363): CodeIgniter\CodeIgniter->handleRequest(null, Object(Config\Cache), false)
11 SYSTEMPATH\Boot.php(417): CodeIgniter\CodeIgniter->run()
12 SYSTEMPATH\Boot.php(68): CodeIgniter\Boot::runCodeIgniter(Object(CodeIgniter\CodeIgniter))
13 FCPATH\index.php(56): CodeIgniter\Boot::bootWeb(Object(Config\Paths))
14 SYSTEMPATH\rewrite.php(44): require_once('C:\\Users\\AKU BANGGA JADI IT 2\\Documents\\RafiChandra\\Codeigniter4\\bengkel-salsa-motor\\public\\index.php')
CRITICAL - 2026-08-13 07:46:31 --> CodeIgniter\Database\Exceptions\DatabaseException: Table 'db_salsamotor.penjualan' doesn't exist
[Method: GET, Route: admin/penjualan]
in SYSTEMPATH\Database\BaseConnection.php on line 863.
 1 SYSTEMPATH\Database\BaseBuilder.php(1659): CodeIgniter\Database\BaseConnection->query('SELECT *
FROM `penjualan`
ORDER BY `created_at` DESC', [], false)
 2 SYSTEMPATH\Model.php(255): CodeIgniter\Database\BaseBuilder->get()
 3 SYSTEMPATH\BaseModel.php(676): CodeIgniter\Model->doFindAll(0, 0)
 4 APPPATH\Controllers\Penjualan.php(36): CodeIgniter\BaseModel->findAll()
 5 SYSTEMPATH\CodeIgniter.php(974): App\Controllers\Penjualan->index()
 6 SYSTEMPATH\CodeIgniter.php(520): CodeIgniter\CodeIgniter->runController(Object(App\Controllers\Penjualan))
 7 SYSTEMPATH\CodeIgniter.php(363): CodeIgniter\CodeIgniter->handleRequest(null, Object(Config\Cache), false)
 8 SYSTEMPATH\Boot.php(417): CodeIgniter\CodeIgniter->run()
 9 SYSTEMPATH\Boot.php(68): CodeIgniter\Boot::runCodeIgniter(Object(CodeIgniter\CodeIgniter))
10 FCPATH\index.php(56): CodeIgniter\Boot::bootWeb(Object(Config\Paths))
11 SYSTEMPATH\rewrite.php(44): require_once('C:\\Users\\AKU BANGGA JADI IT 2\\Documents\\RafiChandra\\Codeigniter4\\bengkel-salsa-motor\\public\\index.php')
CRITICAL - 2026-08-13 07:46:31 --> [Caused by] CodeIgniter\Database\Exceptions\DatabaseException: Table 'db_salsamotor.penjualan' doesn't exist
in SYSTEMPATH\Database\MySQLi\Connection.php on line 310.
 1 SYSTEMPATH\Database\BaseConnection.php(908): CodeIgniter\Database\MySQLi\Connection->execute('SELECT *
FROM `penjualan`
ORDER BY `created_at` DESC')
 2 SYSTEMPATH\Database\BaseConnection.php(825): CodeIgniter\Database\BaseConnection->simpleQuery('SELECT *
FROM `penjualan`
ORDER BY `created_at` DESC')
 3 SYSTEMPATH\Database\BaseBuilder.php(1659): CodeIgniter\Database\BaseConnection->query('SELECT *
FROM `penjualan`
ORDER BY `created_at` DESC', [], false)
 4 SYSTEMPATH\Model.php(255): CodeIgniter\Database\BaseBuilder->get()
 5 SYSTEMPATH\BaseModel.php(676): CodeIgniter\Model->doFindAll(0, 0)
 6 APPPATH\Controllers\Penjualan.php(36): CodeIgniter\BaseModel->findAll()
 7 SYSTEMPATH\CodeIgniter.php(974): App\Controllers\Penjualan->index()
 8 SYSTEMPATH\CodeIgniter.php(520): CodeIgniter\CodeIgniter->runController(Object(App\Controllers\Penjualan))
 9 SYSTEMPATH\CodeIgniter.php(363): CodeIgniter\CodeIgniter->handleRequest(null, Object(Config\Cache), false)
10 SYSTEMPATH\Boot.php(417): CodeIgniter\CodeIgniter->run()
11 SYSTEMPATH\Boot.php(68): CodeIgniter\Boot::runCodeIgniter(Object(CodeIgniter\CodeIgniter))
12 FCPATH\index.php(56): CodeIgniter\Boot::bootWeb(Object(Config\Paths))
13 SYSTEMPATH\rewrite.php(44): require_once('C:\\Users\\AKU BANGGA JADI IT 2\\Documents\\RafiChandra\\Codeigniter4\\bengkel-salsa-motor\\public\\index.php')
CRITICAL - 2026-08-13 07:46:31 --> [Caused by] mysqli_sql_exception: Table 'db_salsamotor.penjualan' doesn't exist
in SYSTEMPATH\Database\MySQLi\Connection.php on line 300.
 1 SYSTEMPATH\Database\MySQLi\Connection.php(300): mysqli->query('SELECT *
FROM `penjualan`
ORDER BY `created_at` DESC', 0)
 2 SYSTEMPATH\Database\BaseConnection.php(908): CodeIgniter\Database\MySQLi\Connection->execute('SELECT *
FROM `penjualan`
ORDER BY `created_at` DESC')
 3 SYSTEMPATH\Database\BaseConnection.php(825): CodeIgniter\Database\BaseConnection->simpleQuery('SELECT *
FROM `penjualan`
ORDER BY `created_at` DESC')
 4 SYSTEMPATH\Database\BaseBuilder.php(1659): CodeIgniter\Database\BaseConnection->query('SELECT *
FROM `penjualan`
ORDER BY `created_at` DESC', [], false)
 5 SYSTEMPATH\Model.php(255): CodeIgniter\Database\BaseBuilder->get()
 6 SYSTEMPATH\BaseModel.php(676): CodeIgniter\Model->doFindAll(0, 0)
 7 APPPATH\Controllers\Penjualan.php(36): CodeIgniter\BaseModel->findAll()
 8 SYSTEMPATH\CodeIgniter.php(974): App\Controllers\Penjualan->index()
 9 SYSTEMPATH\CodeIgniter.php(520): CodeIgniter\CodeIgniter->runController(Object(App\Controllers\Penjualan))
10 SYSTEMPATH\CodeIgniter.php(363): CodeIgniter\CodeIgniter->handleRequest(null, Object(Config\Cache), false)
11 SYSTEMPATH\Boot.php(417): CodeIgniter\CodeIgniter->run()
12 SYSTEMPATH\Boot.php(68): CodeIgniter\Boot::runCodeIgniter(Object(CodeIgniter\CodeIgniter))
13 FCPATH\index.php(56): CodeIgniter\Boot::bootWeb(Object(Config\Paths))
14 SYSTEMPATH\rewrite.php(44): require_once('C:\\Users\\AKU BANGGA JADI IT 2\\Documents\\RafiChandra\\Codeigniter4\\bengkel-salsa-motor\\public\\index.php')
DEBUG - 2026-08-13 07:46:49 --> Session: Class initialized using 'CodeIgniter\Session\Handlers\FileHandler' driver.
DEBUG - 2026-08-13 07:46:52 --> Session: Class initialized using 'CodeIgniter\Session\Handlers\FileHandler' driver.
DEBUG - 2026-08-13 07:46:58 --> Session: Class initialized using 'CodeIgniter\Session\Handlers\FileHandler' driver.
DEBUG - 2026-08-13 07:47:00 --> Session: Class initialized using 'CodeIgniter\Session\Handlers\FileHandler' driver.
DEBUG - 2026-08-13 07:47:03 --> Session: Class initialized using 'CodeIgniter\Session\Handlers\FileHandler' driver.
DEBUG - 2026-08-13 07:47:03 --> Session: Class initialized using 'CodeIgniter\Session\Handlers\FileHandler' driver.
DEBUG - 2026-08-13 07:47:12 --> Session: Class initialized using 'CodeIgniter\Session\Handlers\FileHandler' driver.
DEBUG - 2026-08-13 07:47:12 --> Session: Class initialized using 'CodeIgniter\Session\Handlers\FileHandler' driver.
DEBUG - 2026-08-13 07:47:16 --> Session: Class initialized using 'CodeIgniter\Session\Handlers\FileHandler' driver.
DEBUG - 2026-08-13 07:47:16 --> Session: Class initialized using 'CodeIgniter\Session\Handlers\FileHandler' driver.
DEBUG - 2026-08-13 07:48:03 --> Session: Class initialized using 'CodeIgniter\Session\Handlers\FileHandler' driver.
DEBUG - 2026-08-13 07:48:03 --> Session: Class initialized using 'CodeIgniter\Session\Handlers\FileHandler' driver.
DEBUG - 2026-08-13 07:48:17 --> Session: Class initialized using 'CodeIgniter\Session\Handlers\FileHandler' driver.
DEBUG - 2026-08-13 07:48:19 --> Session: Class initialized using 'CodeIgniter\Session\Handlers\FileHandler' driver.
DEBUG - 2026-08-13 07:48:19 --> Session: Class initialized using 'CodeIgniter\Session\Handlers\FileHandler' driver.
DEBUG - 2026-08-13 07:48:49 --> Session: Class initialized using 'CodeIgniter\Session\Handlers\FileHandler' driver.
DEBUG - 2026-08-13 07:48:52 --> Session: Class initialized using 'CodeIgniter\Session\Handlers\FileHandler' driver.
DEBUG - 2026-08-13 07:49:29 --> Session: Class initialized using 'CodeIgniter\Session\Handlers\FileHandler' driver.
DEBUG - 2026-08-13 07:49:29 --> Session: Class initialized using 'CodeIgniter\Session\Handlers\FileHandler' driver.
DEBUG - 2026-08-13 07:49:50 --> Session: Class initialized using 'CodeIgniter\Session\Handlers\FileHandler' driver.
DEBUG - 2026-08-13 07:49:50 --> Session: Class initialized using 'CodeIgniter\Session\Handlers\FileHandler' driver.
DEBUG - 2026-08-13 07:50:05 --> Session: Class initialized using 'CodeIgniter\Session\Handlers\FileHandler' driver.
DEBUG - 2026-08-13 07:50:05 --> Session: Class initialized using 'CodeIgniter\Session\Handlers\FileHandler' driver.
DEBUG - 2026-08-13 07:50:13 --> Session: Class initialized using 'CodeIgniter\Session\Handlers\FileHandler' driver.
DEBUG - 2026-08-13 07:50:14 --> Session: Class initialized using 'CodeIgniter\Session\Handlers\FileHandler' driver.
DEBUG - 2026-08-13 07:50:21 --> Session: Class initialized using 'CodeIgniter\Session\Handlers\FileHandler' driver.
DEBUG - 2026-08-13 07:50:21 --> Session: Class initialized using 'CodeIgniter\Session\Handlers\FileHandler' driver.
DEBUG - 2026-08-13 07:50:24 --> Session: Class initialized using 'CodeIgniter\Session\Handlers\FileHandler' driver.
DEBUG - 2026-08-13 07:50:24 --> Session: Class initialized using 'CodeIgniter\Session\Handlers\FileHandler' driver.
DEBUG - 2026-08-13 07:50:36 --> Session: Class initialized using 'CodeIgniter\Session\Handlers\FileHandler' driver.
DEBUG - 2026-08-13 07:50:36 --> Session: Class initialized using 'CodeIgniter\Session\Handlers\FileHandler' driver.
DEBUG - 2026-08-13 07:50:40 --> Session: Class initialized using 'CodeIgniter\Session\Handlers\FileHandler' driver.
DEBUG - 2026-08-13 07:50:40 --> Session: Class initialized using 'CodeIgniter\Session\Handlers\FileHandler' driver.
DEBUG - 2026-08-13 07:51:01 --> Session: Class initialized using 'CodeIgniter\Session\Handlers\FileHandler' driver.
DEBUG - 2026-08-13 07:51:01 --> Session: Class initialized using 'CodeIgniter\Session\Handlers\FileHandler' driver.
DEBUG - 2026-08-13 07:51:02 --> Session: Class initialized using 'CodeIgniter\Session\Handlers\FileHandler' driver.
DEBUG - 2026-08-13 07:51:03 --> Session: Class initialized using 'CodeIgniter\Session\Handlers\FileHandler' driver.
DEBUG - 2026-08-13 07:51:03 --> Session: Class initialized using 'CodeIgniter\Session\Handlers\FileHandler' driver.
DEBUG - 2026-08-13 07:51:43 --> Session: Class initialized using 'CodeIgniter\Session\Handlers\FileHandler' driver.
DEBUG - 2026-08-13 07:51:43 --> Session: Class initialized using 'CodeIgniter\Session\Handlers\FileHandler' driver.
DEBUG - 2026-08-13 07:52:01 --> Session: Class initialized using 'CodeIgniter\Session\Handlers\FileHandler' driver.
DEBUG - 2026-08-13 07:52:03 --> Session: Class initialized using 'CodeIgniter\Session\Handlers\FileHandler' driver.
DEBUG - 2026-08-13 07:52:04 --> Session: Class initialized using 'CodeIgniter\Session\Handlers\FileHandler' driver.
DEBUG - 2026-08-13 07:54:03 --> Session: Class initialized using 'CodeIgniter\Session\Handlers\FileHandler' driver.
DEBUG - 2026-08-13 07:54:03 --> Session: Class initialized using 'CodeIgniter\Session\Handlers\FileHandler' driver.
DEBUG - 2026-08-13 07:55:18 --> Session: Class initialized using 'CodeIgniter\Session\Handlers\FileHandler' driver.
DEBUG - 2026-08-13 07:56:52 --> Session: Class initialized using 'CodeIgniter\Session\Handlers\FileHandler' driver.
DEBUG - 2026-08-13 07:56:54 --> Session: Class initialized using 'CodeIgniter\Session\Handlers\FileHandler' driver.
DEBUG - 2026-08-13 07:58:58 --> Session: Class initialized using 'CodeIgniter\Session\Handlers\FileHandler' driver.
DEBUG - 2026-08-13 07:58:59 --> Session: Class initialized using 'CodeIgniter\Session\Handlers\FileHandler' driver.
DEBUG - 2026-08-13 07:59:00 --> Session: Class initialized using 'CodeIgniter\Session\Handlers\FileHandler' driver.
DEBUG - 2026-08-13 07:59:01 --> Session: Class initialized using 'CodeIgniter\Session\Handlers\FileHandler' driver.
DEBUG - 2026-08-13 07:59:20 --> Session: Class initialized using 'CodeIgniter\Session\Handlers\FileHandler' driver.
DEBUG - 2026-08-13 07:59:21 --> Session: Class initialized using 'CodeIgniter\Session\Handlers\FileHandler' driver.
DEBUG - 2026-08-13 07:59:39 --> Session: Class initialized using 'CodeIgniter\Session\Handlers\FileHandler' driver.
DEBUG - 2026-08-13 07:59:39 --> Session: Class initialized using 'CodeIgniter\Session\Handlers\FileHandler' driver.
DEBUG - 2026-08-13 07:59:44 --> Session: Class initialized using 'CodeIgniter\Session\Handlers\FileHandler' driver.
DEBUG - 2026-08-13 07:59:44 --> Session: Class initialized using 'CodeIgniter\Session\Handlers\FileHandler' driver.
DEBUG - 2026-08-13 07:59:47 --> Session: Class initialized using 'CodeIgniter\Session\Handlers\FileHandler' driver.
DEBUG - 2026-08-13 07:59:48 --> Session: Class initialized using 'CodeIgniter\Session\Handlers\FileHandler' driver.
DEBUG - 2026-08-13 07:59:51 --> Session: Class initialized using 'CodeIgniter\Session\Handlers\FileHandler' driver.
DEBUG - 2026-08-13 07:59:58 --> Session: Class initialized using 'CodeIgniter\Session\Handlers\FileHandler' driver.
DEBUG - 2026-08-13 08:00:10 --> Session: Class initialized using 'CodeIgniter\Session\Handlers\FileHandler' driver.
DEBUG - 2026-08-13 08:00:13 --> Session: Class initialized using 'CodeIgniter\Session\Handlers\FileHandler' driver.
DEBUG - 2026-08-13 08:00:55 --> Session: Class initialized using 'CodeIgniter\Session\Handlers\FileHandler' driver.
DEBUG - 2026-08-13 08:01:05 --> Session: Class initialized using 'CodeIgniter\Session\Handlers\FileHandler' driver.
DEBUG - 2026-08-13 08:01:05 --> Session: Class initialized using 'CodeIgniter\Session\Handlers\FileHandler' driver.
DEBUG - 2026-08-13 08:01:13 --> Session: Class initialized using 'CodeIgniter\Session\Handlers\FileHandler' driver.
DEBUG - 2026-08-13 08:01:21 --> Session: Class initialized using 'CodeIgniter\Session\Handlers\FileHandler' driver.
DEBUG - 2026-08-13 08:01:23 --> Session: Class initialized using 'CodeIgniter\Session\Handlers\FileHandler' driver.
DEBUG - 2026-08-13 08:01:27 --> Session: Class initialized using 'CodeIgniter\Session\Handlers\FileHandler' driver.
DEBUG - 2026-08-13 08:01:34 --> Session: Class initialized using 'CodeIgniter\Session\Handlers\FileHandler' driver.
DEBUG - 2026-08-13 08:01:34 --> Session: Class initialized using 'CodeIgniter\Session\Handlers\FileHandler' driver.
DEBUG - 2026-08-13 08:01:44 --> Session: Class initialized using 'CodeIgniter\Session\Handlers\FileHandler' driver.
DEBUG - 2026-08-13 08:01:44 --> Session: Class initialized using 'CodeIgniter\Session\Handlers\FileHandler' driver.
DEBUG - 2026-08-13 08:01:46 --> Session: Class initialized using 'CodeIgniter\Session\Handlers\FileHandler' driver.
DEBUG - 2026-08-13 08:03:32 --> Session: Class initialized using 'CodeIgniter\Session\Handlers\FileHandler' driver.
DEBUG - 2026-08-13 08:03:33 --> Session: Class initialized using 'CodeIgniter\Session\Handlers\FileHandler' driver.
DEBUG - 2026-08-13 08:03:46 --> Session: Class initialized using 'CodeIgniter\Session\Handlers\FileHandler' driver.
DEBUG - 2026-08-13 08:03:47 --> Session: Class initialized using 'CodeIgniter\Session\Handlers\FileHandler' driver.
DEBUG - 2026-08-13 08:04:02 --> Session: Class initialized using 'CodeIgniter\Session\Handlers\FileHandler' driver.
DEBUG - 2026-08-13 08:04:02 --> Session: Class initialized using 'CodeIgniter\Session\Handlers\FileHandler' driver.
DEBUG - 2026-08-13 08:04:08 --> Session: Class initialized using 'CodeIgniter\Session\Handlers\FileHandler' driver.
DEBUG - 2026-08-13 08:04:14 --> Session: Class initialized using 'CodeIgniter\Session\Handlers\FileHandler' driver.
DEBUG - 2026-08-13 08:04:16 --> Session: Class initialized using 'CodeIgniter\Session\Handlers\FileHandler' driver.
DEBUG - 2026-08-13 08:04:22 --> Session: Class initialized using 'CodeIgniter\Session\Handlers\FileHandler' driver.
DEBUG - 2026-08-13 08:04:25 --> Session: Class initialized using 'CodeIgniter\Session\Handlers\FileHandler' driver.
DEBUG - 2026-08-13 08:07:08 --> Session: Class initialized using 'CodeIgniter\Session\Handlers\FileHandler' driver.
DEBUG - 2026-08-13 08:07:08 --> Session: Class initialized using 'CodeIgniter\Session\Handlers\FileHandler' driver.
DEBUG - 2026-08-13 08:07:31 --> Session: Class initialized using 'CodeIgniter\Session\Handlers\FileHandler' driver.
DEBUG - 2026-08-13 08:07:33 --> Session: Class initialized using 'CodeIgniter\Session\Handlers\FileHandler' driver.
DEBUG - 2026-08-13 08:07:33 --> Session: Class initialized using 'CodeIgniter\Session\Handlers\FileHandler' driver.
DEBUG - 2026-08-13 08:07:40 --> Session: Class initialized using 'CodeIgniter\Session\Handlers\FileHandler' driver.
DEBUG - 2026-08-13 08:07:40 --> Session: Class initialized using 'CodeIgniter\Session\Handlers\FileHandler' driver.
DEBUG - 2026-08-13 08:07:43 --> Session: Class initialized using 'CodeIgniter\Session\Handlers\FileHandler' driver.
DEBUG - 2026-08-13 08:07:43 --> Session: Class initialized using 'CodeIgniter\Session\Handlers\FileHandler' driver.
DEBUG - 2026-08-13 08:07:50 --> Session: Class initialized using 'CodeIgniter\Session\Handlers\FileHandler' driver.
DEBUG - 2026-08-13 08:07:51 --> Session: Class initialized using 'CodeIgniter\Session\Handlers\FileHandler' driver.
DEBUG - 2026-08-13 08:07:56 --> Session: Class initialized using 'CodeIgniter\Session\Handlers\FileHandler' driver.
DEBUG - 2026-08-13 08:07:56 --> Session: Class initialized using 'CodeIgniter\Session\Handlers\FileHandler' driver.
DEBUG - 2026-08-13 08:07:59 --> Session: Class initialized using 'CodeIgniter\Session\Handlers\FileHandler' driver.
DEBUG - 2026-08-13 08:08:07 --> Session: Class initialized using 'CodeIgniter\Session\Handlers\FileHandler' driver.
DEBUG - 2026-08-13 08:08:27 --> Session: Class initialized using 'CodeIgniter\Session\Handlers\FileHandler' driver.
DEBUG - 2026-08-13 08:09:46 --> Session: Class initialized using 'CodeIgniter\Session\Handlers\FileHandler' driver.
DEBUG - 2026-08-13 08:09:50 --> Session: Class initialized using 'CodeIgniter\Session\Handlers\FileHandler' driver.
DEBUG - 2026-08-13 08:09:52 --> Session: Class initialized using 'CodeIgniter\Session\Handlers\FileHandler' driver.
DEBUG - 2026-08-13 08:09:52 --> Session: Class initialized using 'CodeIgniter\Session\Handlers\FileHandler' driver.
DEBUG - 2026-08-13 08:13:21 --> Session: Class initialized using 'CodeIgniter\Session\Handlers\FileHandler' driver.
DEBUG - 2026-08-13 08:13:21 --> Session: Class initialized using 'CodeIgniter\Session\Handlers\FileHandler' driver.
DEBUG - 2026-08-13 08:13:23 --> Session: Class initialized using 'CodeIgniter\Session\Handlers\FileHandler' driver.
DEBUG - 2026-08-13 08:13:25 --> Session: Class initialized using 'CodeIgniter\Session\Handlers\FileHandler' driver.
DEBUG - 2026-08-13 08:13:37 --> Session: Class initialized using 'CodeIgniter\Session\Handlers\FileHandler' driver.
DEBUG - 2026-08-13 08:14:20 --> Session: Class initialized using 'CodeIgniter\Session\Handlers\FileHandler' driver.
DEBUG - 2026-08-13 08:14:24 --> Session: Class initialized using 'CodeIgniter\Session\Handlers\FileHandler' driver.
DEBUG - 2026-08-13 08:14:33 --> Session: Class initialized using 'CodeIgniter\Session\Handlers\FileHandler' driver.
DEBUG - 2026-08-13 08:14:35 --> Session: Class initialized using 'CodeIgniter\Session\Handlers\FileHandler' driver.
DEBUG - 2026-08-13 08:16:09 --> Session: Class initialized using 'CodeIgniter\Session\Handlers\FileHandler' driver.
DEBUG - 2026-08-13 08:16:15 --> Session: Class initialized using 'CodeIgniter\Session\Handlers\FileHandler' driver.
DEBUG - 2026-08-13 08:16:21 --> Session: Class initialized using 'CodeIgniter\Session\Handlers\FileHandler' driver.
DEBUG - 2026-08-13 08:16:23 --> Session: Class initialized using 'CodeIgniter\Session\Handlers\FileHandler' driver.
DEBUG - 2026-08-13 08:16:23 --> Session: Class initialized using 'CodeIgniter\Session\Handlers\FileHandler' driver.
DEBUG - 2026-08-13 08:16:29 --> Session: Class initialized using 'CodeIgniter\Session\Handlers\FileHandler' driver.
DEBUG - 2026-08-13 08:16:31 --> Session: Class initialized using 'CodeIgniter\Session\Handlers\FileHandler' driver.
DEBUG - 2026-08-13 08:16:36 --> Session: Class initialized using 'CodeIgniter\Session\Handlers\FileHandler' driver.
DEBUG - 2026-08-13 08:16:37 --> Session: Class initialized using 'CodeIgniter\Session\Handlers\FileHandler' driver.
DEBUG - 2026-08-13 08:17:36 --> Session: Class initialized using 'CodeIgniter\Session\Handlers\FileHandler' driver.
DEBUG - 2026-08-13 08:17:41 --> Session: Class initialized using 'CodeIgniter\Session\Handlers\FileHandler' driver.
DEBUG - 2026-08-13 08:17:41 --> Session: Class initialized using 'CodeIgniter\Session\Handlers\FileHandler' driver.
DEBUG - 2026-08-13 08:17:48 --> Session: Class initialized using 'CodeIgniter\Session\Handlers\FileHandler' driver.
DEBUG - 2026-08-13 08:17:48 --> Session: Class initialized using 'CodeIgniter\Session\Handlers\FileHandler' driver.
DEBUG - 2026-08-13 08:17:50 --> Session: Class initialized using 'CodeIgniter\Session\Handlers\FileHandler' driver.
DEBUG - 2026-08-13 08:17:50 --> Session: Class initialized using 'CodeIgniter\Session\Handlers\FileHandler' driver.
DEBUG - 2026-08-13 08:17:53 --> Session: Class initialized using 'CodeIgniter\Session\Handlers\FileHandler' driver.
DEBUG - 2026-08-13 08:17:54 --> Session: Class initialized using 'CodeIgniter\Session\Handlers\FileHandler' driver.
DEBUG - 2026-08-13 08:17:59 --> Session: Class initialized using 'CodeIgniter\Session\Handlers\FileHandler' driver.
DEBUG - 2026-08-13 08:18:03 --> Session: Class initialized using 'CodeIgniter\Session\Handlers\FileHandler' driver.
DEBUG - 2026-08-13 08:18:05 --> Session: Class initialized using 'CodeIgniter\Session\Handlers\FileHandler' driver.
DEBUG - 2026-08-13 08:18:07 --> Session: Class initialized using 'CodeIgniter\Session\Handlers\FileHandler' driver.
DEBUG - 2026-08-13 08:18:22 --> Session: Class initialized using 'CodeIgniter\Session\Handlers\FileHandler' driver.
DEBUG - 2026-08-13 08:20:20 --> Session: Class initialized using 'CodeIgniter\Session\Handlers\FileHandler' driver.
DEBUG - 2026-08-13 08:20:25 --> Session: Class initialized using 'CodeIgniter\Session\Handlers\FileHandler' driver.
DEBUG - 2026-08-13 08:20:28 --> Session: Class initialized using 'CodeIgniter\Session\Handlers\FileHandler' driver.
DEBUG - 2026-08-13 08:20:29 --> Session: Class initialized using 'CodeIgniter\Session\Handlers\FileHandler' driver.
DEBUG - 2026-08-13 08:20:34 --> Session: Class initialized using 'CodeIgniter\Session\Handlers\FileHandler' driver.
DEBUG - 2026-08-13 08:20:34 --> Session: Class initialized using 'CodeIgniter\Session\Handlers\FileHandler' driver.
DEBUG - 2026-08-13 08:20:35 --> Session: Class initialized using 'CodeIgniter\Session\Handlers\FileHandler' driver.
DEBUG - 2026-08-13 08:22:17 --> Session: Class initialized using 'CodeIgniter\Session\Handlers\FileHandler' driver.
DEBUG - 2026-08-13 08:23:08 --> Session: Class initialized using 'CodeIgniter\Session\Handlers\FileHandler' driver.
DEBUG - 2026-08-13 08:24:30 --> Session: Class initialized using 'CodeIgniter\Session\Handlers\FileHandler' driver.
DEBUG - 2026-08-13 08:24:57 --> Session: Class initialized using 'CodeIgniter\Session\Handlers\FileHandler' driver.
DEBUG - 2026-08-13 08:25:34 --> Session: Class initialized using 'CodeIgniter\Session\Handlers\FileHandler' driver.
DEBUG - 2026-08-13 08:25:35 --> Session: Class initialized using 'CodeIgniter\Session\Handlers\FileHandler' driver.
DEBUG - 2026-08-13 08:25:38 --> Session: Class initialized using 'CodeIgniter\Session\Handlers\FileHandler' driver.
ERROR - 2026-08-13 08:25:38 --> Unknown column 'satuan.id' in 'on clause'
in SYSTEMPATH\Database\MySQLi\Connection.php on line 300.
 1 SYSTEMPATH\Database\MySQLi\Connection.php(300): mysqli->query('SELECT `detail_transaksi_servis`.*, `servis`.`jenis_servis`, `barang`.`nama_barng`, `satuan`.`nama_satuan`
FROM `detail_transaksi_servis`
LEFT JOIN `servis` ON `servis`.`kodeservis` = `detail_transaksi_servis`.`detserviskode`
LEFT JOIN `barang` ON `barang`.`kode` = `detail_transaksi_servis`.`detailbrgkode`
LEFT JOIN `satuan` ON `satuan`.`id` = `barang`.`satuanid`
WHERE `detail_transaksi_servis`.`detfaktur` = \'SV-20260813-002\'', 0)
 2 SYSTEMPATH\Database\BaseConnection.php(908): CodeIgniter\Database\MySQLi\Connection->execute('SELECT `detail_transaksi_servis`.*, `servis`.`jenis_servis`, `barang`.`nama_barng`, `satuan`.`nama_satuan`
FROM `detail_transaksi_servis`
LEFT JOIN `servis` ON `servis`.`kodeservis` = `detail_transaksi_servis`.`detserviskode`
LEFT JOIN `barang` ON `barang`.`kode` = `detail_transaksi_servis`.`detailbrgkode`
LEFT JOIN `satuan` ON `satuan`.`id` = `barang`.`satuanid`
WHERE `detail_transaksi_servis`.`detfaktur` = \'SV-20260813-002\'')
 3 SYSTEMPATH\Database\BaseConnection.php(825): CodeIgniter\Database\BaseConnection->simpleQuery('SELECT `detail_transaksi_servis`.*, `servis`.`jenis_servis`, `barang`.`nama_barng`, `satuan`.`nama_satuan`
FROM `detail_transaksi_servis`
LEFT JOIN `servis` ON `servis`.`kodeservis` = `detail_transaksi_servis`.`detserviskode`
LEFT JOIN `barang` ON `barang`.`kode` = `detail_transaksi_servis`.`detailbrgkode`
LEFT JOIN `satuan` ON `satuan`.`id` = `barang`.`satuanid`
WHERE `detail_transaksi_servis`.`detfaktur` = \'SV-20260813-002\'')
 4 SYSTEMPATH\Database\BaseBuilder.php(1659): CodeIgniter\Database\BaseConnection->query('SELECT `detail_transaksi_servis`.*, `servis`.`jenis_servis`, `barang`.`nama_barng`, `satuan`.`nama_satuan`
FROM `detail_transaksi_servis`
LEFT JOIN `servis` ON `servis`.`kodeservis` = `detail_transaksi_servis`.`detserviskode`
LEFT JOIN `barang` ON `barang`.`kode` = `detail_transaksi_servis`.`detailbrgkode`
LEFT JOIN `satuan` ON `satuan`.`id` = `barang`.`satuanid`
WHERE `detail_transaksi_servis`.`detfaktur` = :detail_transaksi_servis.detfaktur:', [...], false)
 5 SYSTEMPATH\Model.php(255): CodeIgniter\Database\BaseBuilder->get()
 6 SYSTEMPATH\BaseModel.php(676): CodeIgniter\Model->doFindAll(0, 0)
 7 APPPATH\Models\DetailTransaksiServisModel.php(31): CodeIgniter\BaseModel->findAll()
 8 APPPATH\Controllers\TransaksiServis.php(345): App\Models\DetailTransaksiServisModel->getDetailWithInfo('SV-20260813-002')
 9 SYSTEMPATH\CodeIgniter.php(974): App\Controllers\TransaksiServis->show('SV-20260813-002')
10 SYSTEMPATH\CodeIgniter.php(520): CodeIgniter\CodeIgniter->runController(Object(App\Controllers\TransaksiServis))
11 SYSTEMPATH\CodeIgniter.php(363): CodeIgniter\CodeIgniter->handleRequest(null, Object(Config\Cache), false)
12 SYSTEMPATH\Boot.php(417): CodeIgniter\CodeIgniter->run()
13 SYSTEMPATH\Boot.php(68): CodeIgniter\Boot::runCodeIgniter(Object(CodeIgniter\CodeIgniter))
14 FCPATH\index.php(56): CodeIgniter\Boot::bootWeb(Object(Config\Paths))
15 SYSTEMPATH\rewrite.php(44): require_once('C:\\Users\\AKU BANGGA JADI IT 2\\Documents\\RafiChandra\\Codeigniter4\\bengkel-salsa-motor\\public\\index.php')
CRITICAL - 2026-08-13 08:25:38 --> CodeIgniter\Database\Exceptions\DatabaseException: Unknown column 'satuan.id' in 'on clause'
[Method: GET, Route: admin/transaksiservis/show/SV-20260813-002]
in SYSTEMPATH\Database\BaseConnection.php on line 863.
 1 SYSTEMPATH\Database\BaseBuilder.php(1659): CodeIgniter\Database\BaseConnection->query('SELECT `detail_transaksi_servis`.*, `servis`.`jenis_servis`, `barang`.`nama_barng`, `satuan`.`nama_satuan`
FROM `detail_transaksi_servis`
LEFT JOIN `servis` ON `servis`.`kodeservis` = `detail_transaksi_servis`.`detserviskode`
LEFT JOIN `barang` ON `barang`.`kode` = `detail_transaksi_servis`.`detailbrgkode`
LEFT JOIN `satuan` ON `satuan`.`id` = `barang`.`satuanid`
WHERE `detail_transaksi_servis`.`detfaktur` = :detail_transaksi_servis.detfaktur:', [...], false)
 2 SYSTEMPATH\Model.php(255): CodeIgniter\Database\BaseBuilder->get()
 3 SYSTEMPATH\BaseModel.php(676): CodeIgniter\Model->doFindAll(0, 0)
 4 APPPATH\Models\DetailTransaksiServisModel.php(31): CodeIgniter\BaseModel->findAll()
 5 APPPATH\Controllers\TransaksiServis.php(345): App\Models\DetailTransaksiServisModel->getDetailWithInfo('SV-20260813-002')
 6 SYSTEMPATH\CodeIgniter.php(974): App\Controllers\TransaksiServis->show('SV-20260813-002')
 7 SYSTEMPATH\CodeIgniter.php(520): CodeIgniter\CodeIgniter->runController(Object(App\Controllers\TransaksiServis))
 8 SYSTEMPATH\CodeIgniter.php(363): CodeIgniter\CodeIgniter->handleRequest(null, Object(Config\Cache), false)
 9 SYSTEMPATH\Boot.php(417): CodeIgniter\CodeIgniter->run()
10 SYSTEMPATH\Boot.php(68): CodeIgniter\Boot::runCodeIgniter(Object(CodeIgniter\CodeIgniter))
11 FCPATH\index.php(56): CodeIgniter\Boot::bootWeb(Object(Config\Paths))
12 SYSTEMPATH\rewrite.php(44): require_once('C:\\Users\\AKU BANGGA JADI IT 2\\Documents\\RafiChandra\\Codeigniter4\\bengkel-salsa-motor\\public\\index.php')
CRITICAL - 2026-08-13 08:25:38 --> [Caused by] CodeIgniter\Database\Exceptions\DatabaseException: Unknown column 'satuan.id' in 'on clause'
in SYSTEMPATH\Database\MySQLi\Connection.php on line 310.
 1 SYSTEMPATH\Database\BaseConnection.php(908): CodeIgniter\Database\MySQLi\Connection->execute('SELECT `detail_transaksi_servis`.*, `servis`.`jenis_servis`, `barang`.`nama_barng`, `satuan`.`nama_satuan`
FROM `detail_transaksi_servis`
LEFT JOIN `servis` ON `servis`.`kodeservis` = `detail_transaksi_servis`.`detserviskode`
LEFT JOIN `barang` ON `barang`.`kode` = `detail_transaksi_servis`.`detailbrgkode`
LEFT JOIN `satuan` ON `satuan`.`id` = `barang`.`satuanid`
WHERE `detail_transaksi_servis`.`detfaktur` = \'SV-20260813-002\'')
 2 SYSTEMPATH\Database\BaseConnection.php(825): CodeIgniter\Database\BaseConnection->simpleQuery('SELECT `detail_transaksi_servis`.*, `servis`.`jenis_servis`, `barang`.`nama_barng`, `satuan`.`nama_satuan`
FROM `detail_transaksi_servis`
LEFT JOIN `servis` ON `servis`.`kodeservis` = `detail_transaksi_servis`.`detserviskode`
LEFT JOIN `barang` ON `barang`.`kode` = `detail_transaksi_servis`.`detailbrgkode`
LEFT JOIN `satuan` ON `satuan`.`id` = `barang`.`satuanid`
WHERE `detail_transaksi_servis`.`detfaktur` = \'SV-20260813-002\'')
 3 SYSTEMPATH\Database\BaseBuilder.php(1659): CodeIgniter\Database\BaseConnection->query('SELECT `detail_transaksi_servis`.*, `servis`.`jenis_servis`, `barang`.`nama_barng`, `satuan`.`nama_satuan`
FROM `detail_transaksi_servis`
LEFT JOIN `servis` ON `servis`.`kodeservis` = `detail_transaksi_servis`.`detserviskode`
LEFT JOIN `barang` ON `barang`.`kode` = `detail_transaksi_servis`.`detailbrgkode`
LEFT JOIN `satuan` ON `satuan`.`id` = `barang`.`satuanid`
WHERE `detail_transaksi_servis`.`detfaktur` = :detail_transaksi_servis.detfaktur:', [...], false)
 4 SYSTEMPATH\Model.php(255): CodeIgniter\Database\BaseBuilder->get()
 5 SYSTEMPATH\BaseModel.php(676): CodeIgniter\Model->doFindAll(0, 0)
 6 APPPATH\Models\DetailTransaksiServisModel.php(31): CodeIgniter\BaseModel->findAll()
 7 APPPATH\Controllers\TransaksiServis.php(345): App\Models\DetailTransaksiServisModel->getDetailWithInfo('SV-20260813-002')
 8 SYSTEMPATH\CodeIgniter.php(974): App\Controllers\TransaksiServis->show('SV-20260813-002')
 9 SYSTEMPATH\CodeIgniter.php(520): CodeIgniter\CodeIgniter->runController(Object(App\Controllers\TransaksiServis))
10 SYSTEMPATH\CodeIgniter.php(363): CodeIgniter\CodeIgniter->handleRequest(null, Object(Config\Cache), false)
11 SYSTEMPATH\Boot.php(417): CodeIgniter\CodeIgniter->run()
12 SYSTEMPATH\Boot.php(68): CodeIgniter\Boot::runCodeIgniter(Object(CodeIgniter\CodeIgniter))
13 FCPATH\index.php(56): CodeIgniter\Boot::bootWeb(Object(Config\Paths))
14 SYSTEMPATH\rewrite.php(44): require_once('C:\\Users\\AKU BANGGA JADI IT 2\\Documents\\RafiChandra\\Codeigniter4\\bengkel-salsa-motor\\public\\index.php')
CRITICAL - 2026-08-13 08:25:38 --> [Caused by] mysqli_sql_exception: Unknown column 'satuan.id' in 'on clause'
in SYSTEMPATH\Database\MySQLi\Connection.php on line 300.
 1 SYSTEMPATH\Database\MySQLi\Connection.php(300): mysqli->query('SELECT `detail_transaksi_servis`.*, `servis`.`jenis_servis`, `barang`.`nama_barng`, `satuan`.`nama_satuan`
FROM `detail_transaksi_servis`
LEFT JOIN `servis` ON `servis`.`kodeservis` = `detail_transaksi_servis`.`detserviskode`
LEFT JOIN `barang` ON `barang`.`kode` = `detail_transaksi_servis`.`detailbrgkode`
LEFT JOIN `satuan` ON `satuan`.`id` = `barang`.`satuanid`
WHERE `detail_transaksi_servis`.`detfaktur` = \'SV-20260813-002\'', 0)
 2 SYSTEMPATH\Database\BaseConnection.php(908): CodeIgniter\Database\MySQLi\Connection->execute('SELECT `detail_transaksi_servis`.*, `servis`.`jenis_servis`, `barang`.`nama_barng`, `satuan`.`nama_satuan`
FROM `detail_transaksi_servis`
LEFT JOIN `servis` ON `servis`.`kodeservis` = `detail_transaksi_servis`.`detserviskode`
LEFT JOIN `barang` ON `barang`.`kode` = `detail_transaksi_servis`.`detailbrgkode`
LEFT JOIN `satuan` ON `satuan`.`id` = `barang`.`satuanid`
WHERE `detail_transaksi_servis`.`detfaktur` = \'SV-20260813-002\'')
 3 SYSTEMPATH\Database\BaseConnection.php(825): CodeIgniter\Database\BaseConnection->simpleQuery('SELECT `detail_transaksi_servis`.*, `servis`.`jenis_servis`, `barang`.`nama_barng`, `satuan`.`nama_satuan`
FROM `detail_transaksi_servis`
LEFT JOIN `servis` ON `servis`.`kodeservis` = `detail_transaksi_servis`.`detserviskode`
LEFT JOIN `barang` ON `barang`.`kode` = `detail_transaksi_servis`.`detailbrgkode`
LEFT JOIN `satuan` ON `satuan`.`id` = `barang`.`satuanid`
WHERE `detail_transaksi_servis`.`detfaktur` = \'SV-20260813-002\'')
 4 SYSTEMPATH\Database\BaseBuilder.php(1659): CodeIgniter\Database\BaseConnection->query('SELECT `detail_transaksi_servis`.*, `servis`.`jenis_servis`, `barang`.`nama_barng`, `satuan`.`nama_satuan`
FROM `detail_transaksi_servis`
LEFT JOIN `servis` ON `servis`.`kodeservis` = `detail_transaksi_servis`.`detserviskode`
LEFT JOIN `barang` ON `barang`.`kode` = `detail_transaksi_servis`.`detailbrgkode`
LEFT JOIN `satuan` ON `satuan`.`id` = `barang`.`satuanid`
WHERE `detail_transaksi_servis`.`detfaktur` = :detail_transaksi_servis.detfaktur:', [...], false)
 5 SYSTEMPATH\Model.php(255): CodeIgniter\Database\BaseBuilder->get()
 6 SYSTEMPATH\BaseModel.php(676): CodeIgniter\Model->doFindAll(0, 0)
 7 APPPATH\Models\DetailTransaksiServisModel.php(31): CodeIgniter\BaseModel->findAll()
 8 APPPATH\Controllers\TransaksiServis.php(345): App\Models\DetailTransaksiServisModel->getDetailWithInfo('SV-20260813-002')
 9 SYSTEMPATH\CodeIgniter.php(974): App\Controllers\TransaksiServis->show('SV-20260813-002')
10 SYSTEMPATH\CodeIgniter.php(520): CodeIgniter\CodeIgniter->runController(Object(App\Controllers\TransaksiServis))
11 SYSTEMPATH\CodeIgniter.php(363): CodeIgniter\CodeIgniter->handleRequest(null, Object(Config\Cache), false)
12 SYSTEMPATH\Boot.php(417): CodeIgniter\CodeIgniter->run()
13 SYSTEMPATH\Boot.php(68): CodeIgniter\Boot::runCodeIgniter(Object(CodeIgniter\CodeIgniter))
14 FCPATH\index.php(56): CodeIgniter\Boot::bootWeb(Object(Config\Paths))
15 SYSTEMPATH\rewrite.php(44): require_once('C:\\Users\\AKU BANGGA JADI IT 2\\Documents\\RafiChandra\\Codeigniter4\\bengkel-salsa-motor\\public\\index.php')
DEBUG - 2026-08-13 08:25:40 --> Session: Class initialized using 'CodeIgniter\Session\Handlers\FileHandler' driver.
DEBUG - 2026-08-13 08:25:41 --> Session: Class initialized using 'CodeIgniter\Session\Handlers\FileHandler' driver.
DEBUG - 2026-08-13 08:25:41 --> Session: Class initialized using 'CodeIgniter\Session\Handlers\FileHandler' driver.
CRITICAL - 2026-08-13 08:25:42 --> ErrorException: Undefined array key "username"
[Method: GET, Route: admin/transaksiservis/create]
in APPPATH\Views\page\content\form\transaksiservis\create.php on line 249.
 1 APPPATH\Views\page\content\form\transaksiservis\create.php(249): CodeIgniter\Debug\Exceptions->errorHandler(2, 'Undefined array key "username"', 'C:\\Users\\AKU BANGGA JADI IT 2\\Documents\\RafiChandra\\Codeigniter4\\bengkel-salsa-motor\\app\\Views\\page\\content\\form\\transaksiservis\\create.php', 249)
 2 SYSTEMPATH\View\View.php(240): include('C:\\Users\\AKU BANGGA JADI IT 2\\Documents\\RafiChandra\\Codeigniter4\\bengkel-salsa-motor\\app\\Views\\page\\content\\form\\transaksiservis\\create.php')
 3 SYSTEMPATH\View\View.php(243): CodeIgniter\View\View->{closure:CodeIgniter\View\View::render():237}()
 4 SYSTEMPATH\Common.php(1268): CodeIgniter\View\View->render('page/content/form/transaksiservis/create', [], true)
 5 APPPATH\Controllers\TransaksiServis.php(91): view('page/content/form/transaksiservis/create', [...])
 6 SYSTEMPATH\CodeIgniter.php(974): App\Controllers\TransaksiServis->create()
 7 SYSTEMPATH\CodeIgniter.php(520): CodeIgniter\CodeIgniter->runController(Object(App\Controllers\TransaksiServis))
 8 SYSTEMPATH\CodeIgniter.php(363): CodeIgniter\CodeIgniter->handleRequest(null, Object(Config\Cache), false)
 9 SYSTEMPATH\Boot.php(417): CodeIgniter\CodeIgniter->run()
10 SYSTEMPATH\Boot.php(68): CodeIgniter\Boot::runCodeIgniter(Object(CodeIgniter\CodeIgniter))
11 FCPATH\index.php(56): CodeIgniter\Boot::bootWeb(Object(Config\Paths))
12 SYSTEMPATH\rewrite.php(44): require_once('C:\\Users\\AKU BANGGA JADI IT 2\\Documents\\RafiChandra\\Codeigniter4\\bengkel-salsa-motor\\public\\index.php')
DEBUG - 2026-08-13 08:25:44 --> Session: Class initialized using 'CodeIgniter\Session\Handlers\FileHandler' driver.
DEBUG - 2026-08-13 08:25:52 --> Session: Class initialized using 'CodeIgniter\Session\Handlers\FileHandler' driver.
CRITICAL - 2026-08-13 08:25:52 --> ErrorException: Undefined array key "username"
[Method: GET, Route: admin/transaksiservis/create]
in APPPATH\Views\page\content\form\transaksiservis\create.php on line 249.
 1 APPPATH\Views\page\content\form\transaksiservis\create.php(249): CodeIgniter\Debug\Exceptions->errorHandler(2, 'Undefined array key "username"', 'C:\\Users\\AKU BANGGA JADI IT 2\\Documents\\RafiChandra\\Codeigniter4\\bengkel-salsa-motor\\app\\Views\\page\\content\\form\\transaksiservis\\create.php', 249)
 2 SYSTEMPATH\View\View.php(240): include('C:\\Users\\AKU BANGGA JADI IT 2\\Documents\\RafiChandra\\Codeigniter4\\bengkel-salsa-motor\\app\\Views\\page\\content\\form\\transaksiservis\\create.php')
 3 SYSTEMPATH\View\View.php(243): CodeIgniter\View\View->{closure:CodeIgniter\View\View::render():237}()
 4 SYSTEMPATH\Common.php(1268): CodeIgniter\View\View->render('page/content/form/transaksiservis/create', [], true)
 5 APPPATH\Controllers\TransaksiServis.php(91): view('page/content/form/transaksiservis/create', [...])
 6 SYSTEMPATH\CodeIgniter.php(974): App\Controllers\TransaksiServis->create()
 7 SYSTEMPATH\CodeIgniter.php(520): CodeIgniter\CodeIgniter->runController(Object(App\Controllers\TransaksiServis))
 8 SYSTEMPATH\CodeIgniter.php(363): CodeIgniter\CodeIgniter->handleRequest(null, Object(Config\Cache), false)
 9 SYSTEMPATH\Boot.php(417): CodeIgniter\CodeIgniter->run()
10 SYSTEMPATH\Boot.php(68): CodeIgniter\Boot::runCodeIgniter(Object(CodeIgniter\CodeIgniter))
11 FCPATH\index.php(56): CodeIgniter\Boot::bootWeb(Object(Config\Paths))
12 SYSTEMPATH\rewrite.php(44): require_once('C:\\Users\\AKU BANGGA JADI IT 2\\Documents\\RafiChandra\\Codeigniter4\\bengkel-salsa-motor\\public\\index.php')
DEBUG - 2026-08-13 08:25:58 --> Session: Class initialized using 'CodeIgniter\Session\Handlers\FileHandler' driver.
DEBUG - 2026-08-13 08:26:10 --> Session: Class initialized using 'CodeIgniter\Session\Handlers\FileHandler' driver.
DEBUG - 2026-08-13 08:26:12 --> Session: Class initialized using 'CodeIgniter\Session\Handlers\FileHandler' driver.
DEBUG - 2026-08-13 08:26:12 --> Session: Class initialized using 'CodeIgniter\Session\Handlers\FileHandler' driver.
DEBUG - 2026-08-13 08:26:14 --> Session: Class initialized using 'CodeIgniter\Session\Handlers\FileHandler' driver.
DEBUG - 2026-08-13 08:26:18 --> Session: Class initialized using 'CodeIgniter\Session\Handlers\FileHandler' driver.
DEBUG - 2026-08-13 08:26:20 --> Session: Class initialized using 'CodeIgniter\Session\Handlers\FileHandler' driver.
CRITICAL - 2026-08-13 08:26:20 --> ErrorException: Undefined array key "username"
[Method: GET, Route: admin/transaksiservis/create]
in APPPATH\Views\page\content\form\transaksiservis\create.php on line 249.
 1 APPPATH\Views\page\content\form\transaksiservis\create.php(249): CodeIgniter\Debug\Exceptions->errorHandler(2, 'Undefined array key "username"', 'C:\\Users\\AKU BANGGA JADI IT 2\\Documents\\RafiChandra\\Codeigniter4\\bengkel-salsa-motor\\app\\Views\\page\\content\\form\\transaksiservis\\create.php', 249)
 2 SYSTEMPATH\View\View.php(240): include('C:\\Users\\AKU BANGGA JADI IT 2\\Documents\\RafiChandra\\Codeigniter4\\bengkel-salsa-motor\\app\\Views\\page\\content\\form\\transaksiservis\\create.php')
 3 SYSTEMPATH\View\View.php(243): CodeIgniter\View\View->{closure:CodeIgniter\View\View::render():237}()
 4 SYSTEMPATH\Common.php(1268): CodeIgniter\View\View->render('page/content/form/transaksiservis/create', [], true)
 5 APPPATH\Controllers\TransaksiServis.php(91): view('page/content/form/transaksiservis/create', [...])
 6 SYSTEMPATH\CodeIgniter.php(974): App\Controllers\TransaksiServis->create()
 7 SYSTEMPATH\CodeIgniter.php(520): CodeIgniter\CodeIgniter->runController(Object(App\Controllers\TransaksiServis))
 8 SYSTEMPATH\CodeIgniter.php(363): CodeIgniter\CodeIgniter->handleRequest(null, Object(Config\Cache), false)
 9 SYSTEMPATH\Boot.php(417): CodeIgniter\CodeIgniter->run()
10 SYSTEMPATH\Boot.php(68): CodeIgniter\Boot::runCodeIgniter(Object(CodeIgniter\CodeIgniter))
11 FCPATH\index.php(56): CodeIgniter\Boot::bootWeb(Object(Config\Paths))
12 SYSTEMPATH\rewrite.php(44): require_once('C:\\Users\\AKU BANGGA JADI IT 2\\Documents\\RafiChandra\\Codeigniter4\\bengkel-salsa-motor\\public\\index.php')
DEBUG - 2026-08-13 08:26:46 --> Session: Class initialized using 'CodeIgniter\Session\Handlers\FileHandler' driver.
CRITICAL - 2026-08-13 08:26:46 --> ErrorException: Undefined array key "username"
[Method: GET, Route: admin/transaksiservis/create]
in APPPATH\Views\page\content\form\transaksiservis\create.php on line 249.
 1 APPPATH\Views\page\content\form\transaksiservis\create.php(249): CodeIgniter\Debug\Exceptions->errorHandler(2, 'Undefined array key "username"', 'C:\\Users\\AKU BANGGA JADI IT 2\\Documents\\RafiChandra\\Codeigniter4\\bengkel-salsa-motor\\app\\Views\\page\\content\\form\\transaksiservis\\create.php', 249)
 2 SYSTEMPATH\View\View.php(240): include('C:\\Users\\AKU BANGGA JADI IT 2\\Documents\\RafiChandra\\Codeigniter4\\bengkel-salsa-motor\\app\\Views\\page\\content\\form\\transaksiservis\\create.php')
 3 SYSTEMPATH\View\View.php(243): CodeIgniter\View\View->{closure:CodeIgniter\View\View::render():237}()
 4 SYSTEMPATH\Common.php(1268): CodeIgniter\View\View->render('page/content/form/transaksiservis/create', [], true)
 5 APPPATH\Controllers\TransaksiServis.php(91): view('page/content/form/transaksiservis/create', [...])
 6 SYSTEMPATH\CodeIgniter.php(974): App\Controllers\TransaksiServis->create()
 7 SYSTEMPATH\CodeIgniter.php(520): CodeIgniter\CodeIgniter->runController(Object(App\Controllers\TransaksiServis))
 8 SYSTEMPATH\CodeIgniter.php(363): CodeIgniter\CodeIgniter->handleRequest(null, Object(Config\Cache), false)
 9 SYSTEMPATH\Boot.php(417): CodeIgniter\CodeIgniter->run()
10 SYSTEMPATH\Boot.php(68): CodeIgniter\Boot::runCodeIgniter(Object(CodeIgniter\CodeIgniter))
11 FCPATH\index.php(56): CodeIgniter\Boot::bootWeb(Object(Config\Paths))
12 SYSTEMPATH\rewrite.php(44): require_once('C:\\Users\\AKU BANGGA JADI IT 2\\Documents\\RafiChandra\\Codeigniter4\\bengkel-salsa-motor\\public\\index.php')
DEBUG - 2026-08-13 08:26:56 --> Session: Class initialized using 'CodeIgniter\Session\Handlers\FileHandler' driver.
CRITICAL - 2026-08-13 08:26:56 --> ErrorException: Undefined array key "username"
[Method: GET, Route: admin/transaksiservis/create]
in APPPATH\Views\page\content\form\transaksiservis\create.php on line 249.
 1 APPPATH\Views\page\content\form\transaksiservis\create.php(249): CodeIgniter\Debug\Exceptions->errorHandler(2, 'Undefined array key "username"', 'C:\\Users\\AKU BANGGA JADI IT 2\\Documents\\RafiChandra\\Codeigniter4\\bengkel-salsa-motor\\app\\Views\\page\\content\\form\\transaksiservis\\create.php', 249)
 2 SYSTEMPATH\View\View.php(240): include('C:\\Users\\AKU BANGGA JADI IT 2\\Documents\\RafiChandra\\Codeigniter4\\bengkel-salsa-motor\\app\\Views\\page\\content\\form\\transaksiservis\\create.php')
 3 SYSTEMPATH\View\View.php(243): CodeIgniter\View\View->{closure:CodeIgniter\View\View::render():237}()
 4 SYSTEMPATH\Common.php(1268): CodeIgniter\View\View->render('page/content/form/transaksiservis/create', [], true)
 5 APPPATH\Controllers\TransaksiServis.php(91): view('page/content/form/transaksiservis/create', [...])
 6 SYSTEMPATH\CodeIgniter.php(974): App\Controllers\TransaksiServis->create()
 7 SYSTEMPATH\CodeIgniter.php(520): CodeIgniter\CodeIgniter->runController(Object(App\Controllers\TransaksiServis))
 8 SYSTEMPATH\CodeIgniter.php(363): CodeIgniter\CodeIgniter->handleRequest(null, Object(Config\Cache), false)
 9 SYSTEMPATH\Boot.php(417): CodeIgniter\CodeIgniter->run()
10 SYSTEMPATH\Boot.php(68): CodeIgniter\Boot::runCodeIgniter(Object(CodeIgniter\CodeIgniter))
11 FCPATH\index.php(56): CodeIgniter\Boot::bootWeb(Object(Config\Paths))
12 SYSTEMPATH\rewrite.php(44): require_once('C:\\Users\\AKU BANGGA JADI IT 2\\Documents\\RafiChandra\\Codeigniter4\\bengkel-salsa-motor\\public\\index.php')
DEBUG - 2026-08-13 08:26:56 --> Session: Class initialized using 'CodeIgniter\Session\Handlers\FileHandler' driver.
CRITICAL - 2026-08-13 08:26:56 --> ErrorException: Undefined array key "username"
[Method: GET, Route: admin/transaksiservis/create]
in APPPATH\Views\page\content\form\transaksiservis\create.php on line 249.
 1 APPPATH\Views\page\content\form\transaksiservis\create.php(249): CodeIgniter\Debug\Exceptions->errorHandler(2, 'Undefined array key "username"', 'C:\\Users\\AKU BANGGA JADI IT 2\\Documents\\RafiChandra\\Codeigniter4\\bengkel-salsa-motor\\app\\Views\\page\\content\\form\\transaksiservis\\create.php', 249)
 2 SYSTEMPATH\View\View.php(240): include('C:\\Users\\AKU BANGGA JADI IT 2\\Documents\\RafiChandra\\Codeigniter4\\bengkel-salsa-motor\\app\\Views\\page\\content\\form\\transaksiservis\\create.php')
 3 SYSTEMPATH\View\View.php(243): CodeIgniter\View\View->{closure:CodeIgniter\View\View::render():237}()
 4 SYSTEMPATH\Common.php(1268): CodeIgniter\View\View->render('page/content/form/transaksiservis/create', [], true)
 5 APPPATH\Controllers\TransaksiServis.php(91): view('page/content/form/transaksiservis/create', [...])
 6 SYSTEMPATH\CodeIgniter.php(974): App\Controllers\TransaksiServis->create()
 7 SYSTEMPATH\CodeIgniter.php(520): CodeIgniter\CodeIgniter->runController(Object(App\Controllers\TransaksiServis))
 8 SYSTEMPATH\CodeIgniter.php(363): CodeIgniter\CodeIgniter->handleRequest(null, Object(Config\Cache), false)
 9 SYSTEMPATH\Boot.php(417): CodeIgniter\CodeIgniter->run()
10 SYSTEMPATH\Boot.php(68): CodeIgniter\Boot::runCodeIgniter(Object(CodeIgniter\CodeIgniter))
11 FCPATH\index.php(56): CodeIgniter\Boot::bootWeb(Object(Config\Paths))
12 SYSTEMPATH\rewrite.php(44): require_once('C:\\Users\\AKU BANGGA JADI IT 2\\Documents\\RafiChandra\\Codeigniter4\\bengkel-salsa-motor\\public\\index.php')
DEBUG - 2026-08-13 08:26:57 --> Session: Class initialized using 'CodeIgniter\Session\Handlers\FileHandler' driver.
CRITICAL - 2026-08-13 08:26:57 --> ErrorException: Undefined array key "username"
[Method: GET, Route: admin/transaksiservis/create]
in APPPATH\Views\page\content\form\transaksiservis\create.php on line 249.
 1 APPPATH\Views\page\content\form\transaksiservis\create.php(249): CodeIgniter\Debug\Exceptions->errorHandler(2, 'Undefined array key "username"', 'C:\\Users\\AKU BANGGA JADI IT 2\\Documents\\RafiChandra\\Codeigniter4\\bengkel-salsa-motor\\app\\Views\\page\\content\\form\\transaksiservis\\create.php', 249)
 2 SYSTEMPATH\View\View.php(240): include('C:\\Users\\AKU BANGGA JADI IT 2\\Documents\\RafiChandra\\Codeigniter4\\bengkel-salsa-motor\\app\\Views\\page\\content\\form\\transaksiservis\\create.php')
 3 SYSTEMPATH\View\View.php(243): CodeIgniter\View\View->{closure:CodeIgniter\View\View::render():237}()
 4 SYSTEMPATH\Common.php(1268): CodeIgniter\View\View->render('page/content/form/transaksiservis/create', [], true)
 5 APPPATH\Controllers\TransaksiServis.php(91): view('page/content/form/transaksiservis/create', [...])
 6 SYSTEMPATH\CodeIgniter.php(974): App\Controllers\TransaksiServis->create()
 7 SYSTEMPATH\CodeIgniter.php(520): CodeIgniter\CodeIgniter->runController(Object(App\Controllers\TransaksiServis))
 8 SYSTEMPATH\CodeIgniter.php(363): CodeIgniter\CodeIgniter->handleRequest(null, Object(Config\Cache), false)
 9 SYSTEMPATH\Boot.php(417): CodeIgniter\CodeIgniter->run()
10 SYSTEMPATH\Boot.php(68): CodeIgniter\Boot::runCodeIgniter(Object(CodeIgniter\CodeIgniter))
11 FCPATH\index.php(56): CodeIgniter\Boot::bootWeb(Object(Config\Paths))
12 SYSTEMPATH\rewrite.php(44): require_once('C:\\Users\\AKU BANGGA JADI IT 2\\Documents\\RafiChandra\\Codeigniter4\\bengkel-salsa-motor\\public\\index.php')
DEBUG - 2026-08-13 08:26:57 --> Session: Class initialized using 'CodeIgniter\Session\Handlers\FileHandler' driver.
CRITICAL - 2026-08-13 08:26:57 --> ErrorException: Undefined array key "username"
[Method: GET, Route: admin/transaksiservis/create]
in APPPATH\Views\page\content\form\transaksiservis\create.php on line 249.
 1 APPPATH\Views\page\content\form\transaksiservis\create.php(249): CodeIgniter\Debug\Exceptions->errorHandler(2, 'Undefined array key "username"', 'C:\\Users\\AKU BANGGA JADI IT 2\\Documents\\RafiChandra\\Codeigniter4\\bengkel-salsa-motor\\app\\Views\\page\\content\\form\\transaksiservis\\create.php', 249)
 2 SYSTEMPATH\View\View.php(240): include('C:\\Users\\AKU BANGGA JADI IT 2\\Documents\\RafiChandra\\Codeigniter4\\bengkel-salsa-motor\\app\\Views\\page\\content\\form\\transaksiservis\\create.php')
 3 SYSTEMPATH\View\View.php(243): CodeIgniter\View\View->{closure:CodeIgniter\View\View::render():237}()
 4 SYSTEMPATH\Common.php(1268): CodeIgniter\View\View->render('page/content/form/transaksiservis/create', [], true)
 5 APPPATH\Controllers\TransaksiServis.php(91): view('page/content/form/transaksiservis/create', [...])
 6 SYSTEMPATH\CodeIgniter.php(974): App\Controllers\TransaksiServis->create()
 7 SYSTEMPATH\CodeIgniter.php(520): CodeIgniter\CodeIgniter->runController(Object(App\Controllers\TransaksiServis))
 8 SYSTEMPATH\CodeIgniter.php(363): CodeIgniter\CodeIgniter->handleRequest(null, Object(Config\Cache), false)
 9 SYSTEMPATH\Boot.php(417): CodeIgniter\CodeIgniter->run()
10 SYSTEMPATH\Boot.php(68): CodeIgniter\Boot::runCodeIgniter(Object(CodeIgniter\CodeIgniter))
11 FCPATH\index.php(56): CodeIgniter\Boot::bootWeb(Object(Config\Paths))
12 SYSTEMPATH\rewrite.php(44): require_once('C:\\Users\\AKU BANGGA JADI IT 2\\Documents\\RafiChandra\\Codeigniter4\\bengkel-salsa-motor\\public\\index.php')
DEBUG - 2026-08-13 08:26:57 --> Session: Class initialized using 'CodeIgniter\Session\Handlers\FileHandler' driver.
CRITICAL - 2026-08-13 08:26:57 --> ErrorException: Undefined array key "username"
[Method: GET, Route: admin/transaksiservis/create]
in APPPATH\Views\page\content\form\transaksiservis\create.php on line 249.
 1 APPPATH\Views\page\content\form\transaksiservis\create.php(249): CodeIgniter\Debug\Exceptions->errorHandler(2, 'Undefined array key "username"', 'C:\\Users\\AKU BANGGA JADI IT 2\\Documents\\RafiChandra\\Codeigniter4\\bengkel-salsa-motor\\app\\Views\\page\\content\\form\\transaksiservis\\create.php', 249)
 2 SYSTEMPATH\View\View.php(240): include('C:\\Users\\AKU BANGGA JADI IT 2\\Documents\\RafiChandra\\Codeigniter4\\bengkel-salsa-motor\\app\\Views\\page\\content\\form\\transaksiservis\\create.php')
 3 SYSTEMPATH\View\View.php(243): CodeIgniter\View\View->{closure:CodeIgniter\View\View::render():237}()
 4 SYSTEMPATH\Common.php(1268): CodeIgniter\View\View->render('page/content/form/transaksiservis/create', [], true)
 5 APPPATH\Controllers\TransaksiServis.php(91): view('page/content/form/transaksiservis/create', [...])
 6 SYSTEMPATH\CodeIgniter.php(974): App\Controllers\TransaksiServis->create()
 7 SYSTEMPATH\CodeIgniter.php(520): CodeIgniter\CodeIgniter->runController(Object(App\Controllers\TransaksiServis))
 8 SYSTEMPATH\CodeIgniter.php(363): CodeIgniter\CodeIgniter->handleRequest(null, Object(Config\Cache), false)
 9 SYSTEMPATH\Boot.php(417): CodeIgniter\CodeIgniter->run()
10 SYSTEMPATH\Boot.php(68): CodeIgniter\Boot::runCodeIgniter(Object(CodeIgniter\CodeIgniter))
11 FCPATH\index.php(56): CodeIgniter\Boot::bootWeb(Object(Config\Paths))
12 SYSTEMPATH\rewrite.php(44): require_once('C:\\Users\\AKU BANGGA JADI IT 2\\Documents\\RafiChandra\\Codeigniter4\\bengkel-salsa-motor\\public\\index.php')
DEBUG - 2026-08-13 08:26:57 --> Session: Class initialized using 'CodeIgniter\Session\Handlers\FileHandler' driver.
CRITICAL - 2026-08-13 08:26:57 --> ErrorException: Undefined array key "username"
[Method: GET, Route: admin/transaksiservis/create]
in APPPATH\Views\page\content\form\transaksiservis\create.php on line 249.
 1 APPPATH\Views\page\content\form\transaksiservis\create.php(249): CodeIgniter\Debug\Exceptions->errorHandler(2, 'Undefined array key "username"', 'C:\\Users\\AKU BANGGA JADI IT 2\\Documents\\RafiChandra\\Codeigniter4\\bengkel-salsa-motor\\app\\Views\\page\\content\\form\\transaksiservis\\create.php', 249)
 2 SYSTEMPATH\View\View.php(240): include('C:\\Users\\AKU BANGGA JADI IT 2\\Documents\\RafiChandra\\Codeigniter4\\bengkel-salsa-motor\\app\\Views\\page\\content\\form\\transaksiservis\\create.php')
 3 SYSTEMPATH\View\View.php(243): CodeIgniter\View\View->{closure:CodeIgniter\View\View::render():237}()
 4 SYSTEMPATH\Common.php(1268): CodeIgniter\View\View->render('page/content/form/transaksiservis/create', [], true)
 5 APPPATH\Controllers\TransaksiServis.php(91): view('page/content/form/transaksiservis/create', [...])
 6 SYSTEMPATH\CodeIgniter.php(974): App\Controllers\TransaksiServis->create()
 7 SYSTEMPATH\CodeIgniter.php(520): CodeIgniter\CodeIgniter->runController(Object(App\Controllers\TransaksiServis))
 8 SYSTEMPATH\CodeIgniter.php(363): CodeIgniter\CodeIgniter->handleRequest(null, Object(Config\Cache), false)
 9 SYSTEMPATH\Boot.php(417): CodeIgniter\CodeIgniter->run()
10 SYSTEMPATH\Boot.php(68): CodeIgniter\Boot::runCodeIgniter(Object(CodeIgniter\CodeIgniter))
11 FCPATH\index.php(56): CodeIgniter\Boot::bootWeb(Object(Config\Paths))
12 SYSTEMPATH\rewrite.php(44): require_once('C:\\Users\\AKU BANGGA JADI IT 2\\Documents\\RafiChandra\\Codeigniter4\\bengkel-salsa-motor\\public\\index.php')
DEBUG - 2026-08-13 08:26:58 --> Session: Class initialized using 'CodeIgniter\Session\Handlers\FileHandler' driver.
CRITICAL - 2026-08-13 08:26:58 --> ErrorException: Undefined array key "username"
[Method: GET, Route: admin/transaksiservis/create]
in APPPATH\Views\page\content\form\transaksiservis\create.php on line 249.
 1 APPPATH\Views\page\content\form\transaksiservis\create.php(249): CodeIgniter\Debug\Exceptions->errorHandler(2, 'Undefined array key "username"', 'C:\\Users\\AKU BANGGA JADI IT 2\\Documents\\RafiChandra\\Codeigniter4\\bengkel-salsa-motor\\app\\Views\\page\\content\\form\\transaksiservis\\create.php', 249)
 2 SYSTEMPATH\View\View.php(240): include('C:\\Users\\AKU BANGGA JADI IT 2\\Documents\\RafiChandra\\Codeigniter4\\bengkel-salsa-motor\\app\\Views\\page\\content\\form\\transaksiservis\\create.php')
 3 SYSTEMPATH\View\View.php(243): CodeIgniter\View\View->{closure:CodeIgniter\View\View::render():237}()
 4 SYSTEMPATH\Common.php(1268): CodeIgniter\View\View->render('page/content/form/transaksiservis/create', [], true)
 5 APPPATH\Controllers\TransaksiServis.php(91): view('page/content/form/transaksiservis/create', [...])
 6 SYSTEMPATH\CodeIgniter.php(974): App\Controllers\TransaksiServis->create()
 7 SYSTEMPATH\CodeIgniter.php(520): CodeIgniter\CodeIgniter->runController(Object(App\Controllers\TransaksiServis))
 8 SYSTEMPATH\CodeIgniter.php(363): CodeIgniter\CodeIgniter->handleRequest(null, Object(Config\Cache), false)
 9 SYSTEMPATH\Boot.php(417): CodeIgniter\CodeIgniter->run()
10 SYSTEMPATH\Boot.php(68): CodeIgniter\Boot::runCodeIgniter(Object(CodeIgniter\CodeIgniter))
11 FCPATH\index.php(56): CodeIgniter\Boot::bootWeb(Object(Config\Paths))
12 SYSTEMPATH\rewrite.php(44): require_once('C:\\Users\\AKU BANGGA JADI IT 2\\Documents\\RafiChandra\\Codeigniter4\\bengkel-salsa-motor\\public\\index.php')
DEBUG - 2026-08-13 08:26:58 --> Session: Class initialized using 'CodeIgniter\Session\Handlers\FileHandler' driver.
CRITICAL - 2026-08-13 08:26:58 --> ErrorException: Undefined array key "username"
[Method: GET, Route: admin/transaksiservis/create]
in APPPATH\Views\page\content\form\transaksiservis\create.php on line 249.
 1 APPPATH\Views\page\content\form\transaksiservis\create.php(249): CodeIgniter\Debug\Exceptions->errorHandler(2, 'Undefined array key "username"', 'C:\\Users\\AKU BANGGA JADI IT 2\\Documents\\RafiChandra\\Codeigniter4\\bengkel-salsa-motor\\app\\Views\\page\\content\\form\\transaksiservis\\create.php', 249)
 2 SYSTEMPATH\View\View.php(240): include('C:\\Users\\AKU BANGGA JADI IT 2\\Documents\\RafiChandra\\Codeigniter4\\bengkel-salsa-motor\\app\\Views\\page\\content\\form\\transaksiservis\\create.php')
 3 SYSTEMPATH\View\View.php(243): CodeIgniter\View\View->{closure:CodeIgniter\View\View::render():237}()
 4 SYSTEMPATH\Common.php(1268): CodeIgniter\View\View->render('page/content/form/transaksiservis/create', [], true)
 5 APPPATH\Controllers\TransaksiServis.php(91): view('page/content/form/transaksiservis/create', [...])
 6 SYSTEMPATH\CodeIgniter.php(974): App\Controllers\TransaksiServis->create()
 7 SYSTEMPATH\CodeIgniter.php(520): CodeIgniter\CodeIgniter->runController(Object(App\Controllers\TransaksiServis))
 8 SYSTEMPATH\CodeIgniter.php(363): CodeIgniter\CodeIgniter->handleRequest(null, Object(Config\Cache), false)
 9 SYSTEMPATH\Boot.php(417): CodeIgniter\CodeIgniter->run()
10 SYSTEMPATH\Boot.php(68): CodeIgniter\Boot::runCodeIgniter(Object(CodeIgniter\CodeIgniter))
11 FCPATH\index.php(56): CodeIgniter\Boot::bootWeb(Object(Config\Paths))
12 SYSTEMPATH\rewrite.php(44): require_once('C:\\Users\\AKU BANGGA JADI IT 2\\Documents\\RafiChandra\\Codeigniter4\\bengkel-salsa-motor\\public\\index.php')
DEBUG - 2026-08-13 08:26:58 --> Session: Class initialized using 'CodeIgniter\Session\Handlers\FileHandler' driver.
CRITICAL - 2026-08-13 08:26:58 --> ErrorException: Undefined array key "username"
[Method: GET, Route: admin/transaksiservis/create]
in APPPATH\Views\page\content\form\transaksiservis\create.php on line 249.
 1 APPPATH\Views\page\content\form\transaksiservis\create.php(249): CodeIgniter\Debug\Exceptions->errorHandler(2, 'Undefined array key "username"', 'C:\\Users\\AKU BANGGA JADI IT 2\\Documents\\RafiChandra\\Codeigniter4\\bengkel-salsa-motor\\app\\Views\\page\\content\\form\\transaksiservis\\create.php', 249)
 2 SYSTEMPATH\View\View.php(240): include('C:\\Users\\AKU BANGGA JADI IT 2\\Documents\\RafiChandra\\Codeigniter4\\bengkel-salsa-motor\\app\\Views\\page\\content\\form\\transaksiservis\\create.php')
 3 SYSTEMPATH\View\View.php(243): CodeIgniter\View\View->{closure:CodeIgniter\View\View::render():237}()
 4 SYSTEMPATH\Common.php(1268): CodeIgniter\View\View->render('page/content/form/transaksiservis/create', [], true)
 5 APPPATH\Controllers\TransaksiServis.php(91): view('page/content/form/transaksiservis/create', [...])
 6 SYSTEMPATH\CodeIgniter.php(974): App\Controllers\TransaksiServis->create()
 7 SYSTEMPATH\CodeIgniter.php(520): CodeIgniter\CodeIgniter->runController(Object(App\Controllers\TransaksiServis))
 8 SYSTEMPATH\CodeIgniter.php(363): CodeIgniter\CodeIgniter->handleRequest(null, Object(Config\Cache), false)
 9 SYSTEMPATH\Boot.php(417): CodeIgniter\CodeIgniter->run()
10 SYSTEMPATH\Boot.php(68): CodeIgniter\Boot::runCodeIgniter(Object(CodeIgniter\CodeIgniter))
11 FCPATH\index.php(56): CodeIgniter\Boot::bootWeb(Object(Config\Paths))
12 SYSTEMPATH\rewrite.php(44): require_once('C:\\Users\\AKU BANGGA JADI IT 2\\Documents\\RafiChandra\\Codeigniter4\\bengkel-salsa-motor\\public\\index.php')
DEBUG - 2026-08-13 08:26:58 --> Session: Class initialized using 'CodeIgniter\Session\Handlers\FileHandler' driver.
CRITICAL - 2026-08-13 08:26:58 --> ErrorException: Undefined array key "username"
[Method: GET, Route: admin/transaksiservis/create]
in APPPATH\Views\page\content\form\transaksiservis\create.php on line 249.
 1 APPPATH\Views\page\content\form\transaksiservis\create.php(249): CodeIgniter\Debug\Exceptions->errorHandler(2, 'Undefined array key "username"', 'C:\\Users\\AKU BANGGA JADI IT 2\\Documents\\RafiChandra\\Codeigniter4\\bengkel-salsa-motor\\app\\Views\\page\\content\\form\\transaksiservis\\create.php', 249)
 2 SYSTEMPATH\View\View.php(240): include('C:\\Users\\AKU BANGGA JADI IT 2\\Documents\\RafiChandra\\Codeigniter4\\bengkel-salsa-motor\\app\\Views\\page\\content\\form\\transaksiservis\\create.php')
 3 SYSTEMPATH\View\View.php(243): CodeIgniter\View\View->{closure:CodeIgniter\View\View::render():237}()
 4 SYSTEMPATH\Common.php(1268): CodeIgniter\View\View->render('page/content/form/transaksiservis/create', [], true)
 5 APPPATH\Controllers\TransaksiServis.php(91): view('page/content/form/transaksiservis/create', [...])
 6 SYSTEMPATH\CodeIgniter.php(974): App\Controllers\TransaksiServis->create()
 7 SYSTEMPATH\CodeIgniter.php(520): CodeIgniter\CodeIgniter->runController(Object(App\Controllers\TransaksiServis))
 8 SYSTEMPATH\CodeIgniter.php(363): CodeIgniter\CodeIgniter->handleRequest(null, Object(Config\Cache), false)
 9 SYSTEMPATH\Boot.php(417): CodeIgniter\CodeIgniter->run()
10 SYSTEMPATH\Boot.php(68): CodeIgniter\Boot::runCodeIgniter(Object(CodeIgniter\CodeIgniter))
11 FCPATH\index.php(56): CodeIgniter\Boot::bootWeb(Object(Config\Paths))
12 SYSTEMPATH\rewrite.php(44): require_once('C:\\Users\\AKU BANGGA JADI IT 2\\Documents\\RafiChandra\\Codeigniter4\\bengkel-salsa-motor\\public\\index.php')
DEBUG - 2026-08-13 08:26:59 --> Session: Class initialized using 'CodeIgniter\Session\Handlers\FileHandler' driver.
CRITICAL - 2026-08-13 08:26:59 --> ErrorException: Undefined array key "username"
[Method: GET, Route: admin/transaksiservis/create]
in APPPATH\Views\page\content\form\transaksiservis\create.php on line 249.
 1 APPPATH\Views\page\content\form\transaksiservis\create.php(249): CodeIgniter\Debug\Exceptions->errorHandler(2, 'Undefined array key "username"', 'C:\\Users\\AKU BANGGA JADI IT 2\\Documents\\RafiChandra\\Codeigniter4\\bengkel-salsa-motor\\app\\Views\\page\\content\\form\\transaksiservis\\create.php', 249)
 2 SYSTEMPATH\View\View.php(240): include('C:\\Users\\AKU BANGGA JADI IT 2\\Documents\\RafiChandra\\Codeigniter4\\bengkel-salsa-motor\\app\\Views\\page\\content\\form\\transaksiservis\\create.php')
 3 SYSTEMPATH\View\View.php(243): CodeIgniter\View\View->{closure:CodeIgniter\View\View::render():237}()
 4 SYSTEMPATH\Common.php(1268): CodeIgniter\View\View->render('page/content/form/transaksiservis/create', [], true)
 5 APPPATH\Controllers\TransaksiServis.php(91): view('page/content/form/transaksiservis/create', [...])
 6 SYSTEMPATH\CodeIgniter.php(974): App\Controllers\TransaksiServis->create()
 7 SYSTEMPATH\CodeIgniter.php(520): CodeIgniter\CodeIgniter->runController(Object(App\Controllers\TransaksiServis))
 8 SYSTEMPATH\CodeIgniter.php(363): CodeIgniter\CodeIgniter->handleRequest(null, Object(Config\Cache), false)
 9 SYSTEMPATH\Boot.php(417): CodeIgniter\CodeIgniter->run()
10 SYSTEMPATH\Boot.php(68): CodeIgniter\Boot::runCodeIgniter(Object(CodeIgniter\CodeIgniter))
11 FCPATH\index.php(56): CodeIgniter\Boot::bootWeb(Object(Config\Paths))
12 SYSTEMPATH\rewrite.php(44): require_once('C:\\Users\\AKU BANGGA JADI IT 2\\Documents\\RafiChandra\\Codeigniter4\\bengkel-salsa-motor\\public\\index.php')
DEBUG - 2026-08-13 08:26:59 --> Session: Class initialized using 'CodeIgniter\Session\Handlers\FileHandler' driver.
CRITICAL - 2026-08-13 08:26:59 --> ErrorException: Undefined array key "username"
[Method: GET, Route: admin/transaksiservis/create]
in APPPATH\Views\page\content\form\transaksiservis\create.php on line 249.
 1 APPPATH\Views\page\content\form\transaksiservis\create.php(249): CodeIgniter\Debug\Exceptions->errorHandler(2, 'Undefined array key "username"', 'C:\\Users\\AKU BANGGA JADI IT 2\\Documents\\RafiChandra\\Codeigniter4\\bengkel-salsa-motor\\app\\Views\\page\\content\\form\\transaksiservis\\create.php', 249)
 2 SYSTEMPATH\View\View.php(240): include('C:\\Users\\AKU BANGGA JADI IT 2\\Documents\\RafiChandra\\Codeigniter4\\bengkel-salsa-motor\\app\\Views\\page\\content\\form\\transaksiservis\\create.php')
 3 SYSTEMPATH\View\View.php(243): CodeIgniter\View\View->{closure:CodeIgniter\View\View::render():237}()
 4 SYSTEMPATH\Common.php(1268): CodeIgniter\View\View->render('page/content/form/transaksiservis/create', [], true)
 5 APPPATH\Controllers\TransaksiServis.php(91): view('page/content/form/transaksiservis/create', [...])
 6 SYSTEMPATH\CodeIgniter.php(974): App\Controllers\TransaksiServis->create()
 7 SYSTEMPATH\CodeIgniter.php(520): CodeIgniter\CodeIgniter->runController(Object(App\Controllers\TransaksiServis))
 8 SYSTEMPATH\CodeIgniter.php(363): CodeIgniter\CodeIgniter->handleRequest(null, Object(Config\Cache), false)
 9 SYSTEMPATH\Boot.php(417): CodeIgniter\CodeIgniter->run()
10 SYSTEMPATH\Boot.php(68): CodeIgniter\Boot::runCodeIgniter(Object(CodeIgniter\CodeIgniter))
11 FCPATH\index.php(56): CodeIgniter\Boot::bootWeb(Object(Config\Paths))
12 SYSTEMPATH\rewrite.php(44): require_once('C:\\Users\\AKU BANGGA JADI IT 2\\Documents\\RafiChandra\\Codeigniter4\\bengkel-salsa-motor\\public\\index.php')
DEBUG - 2026-08-13 08:26:59 --> Session: Class initialized using 'CodeIgniter\Session\Handlers\FileHandler' driver.
CRITICAL - 2026-08-13 08:26:59 --> ErrorException: Undefined array key "username"
[Method: GET, Route: admin/transaksiservis/create]
in APPPATH\Views\page\content\form\transaksiservis\create.php on line 249.
 1 APPPATH\Views\page\content\form\transaksiservis\create.php(249): CodeIgniter\Debug\Exceptions->errorHandler(2, 'Undefined array key "username"', 'C:\\Users\\AKU BANGGA JADI IT 2\\Documents\\RafiChandra\\Codeigniter4\\bengkel-salsa-motor\\app\\Views\\page\\content\\form\\transaksiservis\\create.php', 249)
 2 SYSTEMPATH\View\View.php(240): include('C:\\Users\\AKU BANGGA JADI IT 2\\Documents\\RafiChandra\\Codeigniter4\\bengkel-salsa-motor\\app\\Views\\page\\content\\form\\transaksiservis\\create.php')
 3 SYSTEMPATH\View\View.php(243): CodeIgniter\View\View->{closure:CodeIgniter\View\View::render():237}()
 4 SYSTEMPATH\Common.php(1268): CodeIgniter\View\View->render('page/content/form/transaksiservis/create', [], true)
 5 APPPATH\Controllers\TransaksiServis.php(91): view('page/content/form/transaksiservis/create', [...])
 6 SYSTEMPATH\CodeIgniter.php(974): App\Controllers\TransaksiServis->create()
 7 SYSTEMPATH\CodeIgniter.php(520): CodeIgniter\CodeIgniter->runController(Object(App\Controllers\TransaksiServis))
 8 SYSTEMPATH\CodeIgniter.php(363): CodeIgniter\CodeIgniter->handleRequest(null, Object(Config\Cache), false)
 9 SYSTEMPATH\Boot.php(417): CodeIgniter\CodeIgniter->run()
10 SYSTEMPATH\Boot.php(68): CodeIgniter\Boot::runCodeIgniter(Object(CodeIgniter\CodeIgniter))
11 FCPATH\index.php(56): CodeIgniter\Boot::bootWeb(Object(Config\Paths))
12 SYSTEMPATH\rewrite.php(44): require_once('C:\\Users\\AKU BANGGA JADI IT 2\\Documents\\RafiChandra\\Codeigniter4\\bengkel-salsa-motor\\public\\index.php')
DEBUG - 2026-08-13 08:27:07 --> Session: Class initialized using 'CodeIgniter\Session\Handlers\FileHandler' driver.
CRITICAL - 2026-08-13 08:27:07 --> ErrorException: Undefined array key "nama_kategori"
[Method: GET, Route: admin/transaksiservis/create]
in APPPATH\Views\page\content\form\transaksiservis\create.php on line 304.
 1 APPPATH\Views\page\content\form\transaksiservis\create.php(304): CodeIgniter\Debug\Exceptions->errorHandler(2, 'Undefined array key "nama_kategori"', 'C:\\Users\\AKU BANGGA JADI IT 2\\Documents\\RafiChandra\\Codeigniter4\\bengkel-salsa-motor\\app\\Views\\page\\content\\form\\transaksiservis\\create.php', 304)
 2 SYSTEMPATH\View\View.php(240): include('C:\\Users\\AKU BANGGA JADI IT 2\\Documents\\RafiChandra\\Codeigniter4\\bengkel-salsa-motor\\app\\Views\\page\\content\\form\\transaksiservis\\create.php')
 3 SYSTEMPATH\View\View.php(243): CodeIgniter\View\View->{closure:CodeIgniter\View\View::render():237}()
 4 SYSTEMPATH\Common.php(1268): CodeIgniter\View\View->render('page/content/form/transaksiservis/create', [], true)
 5 APPPATH\Controllers\TransaksiServis.php(91): view('page/content/form/transaksiservis/create', [...])
 6 SYSTEMPATH\CodeIgniter.php(974): App\Controllers\TransaksiServis->create()
 7 SYSTEMPATH\CodeIgniter.php(520): CodeIgniter\CodeIgniter->runController(Object(App\Controllers\TransaksiServis))
 8 SYSTEMPATH\CodeIgniter.php(363): CodeIgniter\CodeIgniter->handleRequest(null, Object(Config\Cache), false)
 9 SYSTEMPATH\Boot.php(417): CodeIgniter\CodeIgniter->run()
10 SYSTEMPATH\Boot.php(68): CodeIgniter\Boot::runCodeIgniter(Object(CodeIgniter\CodeIgniter))
11 FCPATH\index.php(56): CodeIgniter\Boot::bootWeb(Object(Config\Paths))
12 SYSTEMPATH\rewrite.php(44): require_once('C:\\Users\\AKU BANGGA JADI IT 2\\Documents\\RafiChandra\\Codeigniter4\\bengkel-salsa-motor\\public\\index.php')
DEBUG - 2026-08-13 08:27:08 --> Session: Class initialized using 'CodeIgniter\Session\Handlers\FileHandler' driver.
CRITICAL - 2026-08-13 08:27:08 --> ErrorException: Undefined array key "nama_kategori"
[Method: GET, Route: admin/transaksiservis/create]
in APPPATH\Views\page\content\form\transaksiservis\create.php on line 304.
 1 APPPATH\Views\page\content\form\transaksiservis\create.php(304): CodeIgniter\Debug\Exceptions->errorHandler(2, 'Undefined array key "nama_kategori"', 'C:\\Users\\AKU BANGGA JADI IT 2\\Documents\\RafiChandra\\Codeigniter4\\bengkel-salsa-motor\\app\\Views\\page\\content\\form\\transaksiservis\\create.php', 304)
 2 SYSTEMPATH\View\View.php(240): include('C:\\Users\\AKU BANGGA JADI IT 2\\Documents\\RafiChandra\\Codeigniter4\\bengkel-salsa-motor\\app\\Views\\page\\content\\form\\transaksiservis\\create.php')
 3 SYSTEMPATH\View\View.php(243): CodeIgniter\View\View->{closure:CodeIgniter\View\View::render():237}()
 4 SYSTEMPATH\Common.php(1268): CodeIgniter\View\View->render('page/content/form/transaksiservis/create', [], true)
 5 APPPATH\Controllers\TransaksiServis.php(91): view('page/content/form/transaksiservis/create', [...])
 6 SYSTEMPATH\CodeIgniter.php(974): App\Controllers\TransaksiServis->create()
 7 SYSTEMPATH\CodeIgniter.php(520): CodeIgniter\CodeIgniter->runController(Object(App\Controllers\TransaksiServis))
 8 SYSTEMPATH\CodeIgniter.php(363): CodeIgniter\CodeIgniter->handleRequest(null, Object(Config\Cache), false)
 9 SYSTEMPATH\Boot.php(417): CodeIgniter\CodeIgniter->run()
10 SYSTEMPATH\Boot.php(68): CodeIgniter\Boot::runCodeIgniter(Object(CodeIgniter\CodeIgniter))
11 FCPATH\index.php(56): CodeIgniter\Boot::bootWeb(Object(Config\Paths))
12 SYSTEMPATH\rewrite.php(44): require_once('C:\\Users\\AKU BANGGA JADI IT 2\\Documents\\RafiChandra\\Codeigniter4\\bengkel-salsa-motor\\public\\index.php')
DEBUG - 2026-08-13 08:27:08 --> Session: Class initialized using 'CodeIgniter\Session\Handlers\FileHandler' driver.
CRITICAL - 2026-08-13 08:27:08 --> ErrorException: Undefined array key "nama_kategori"
[Method: GET, Route: admin/transaksiservis/create]
in APPPATH\Views\page\content\form\transaksiservis\create.php on line 304.
 1 APPPATH\Views\page\content\form\transaksiservis\create.php(304): CodeIgniter\Debug\Exceptions->errorHandler(2, 'Undefined array key "nama_kategori"', 'C:\\Users\\AKU BANGGA JADI IT 2\\Documents\\RafiChandra\\Codeigniter4\\bengkel-salsa-motor\\app\\Views\\page\\content\\form\\transaksiservis\\create.php', 304)
 2 SYSTEMPATH\View\View.php(240): include('C:\\Users\\AKU BANGGA JADI IT 2\\Documents\\RafiChandra\\Codeigniter4\\bengkel-salsa-motor\\app\\Views\\page\\content\\form\\transaksiservis\\create.php')
 3 SYSTEMPATH\View\View.php(243): CodeIgniter\View\View->{closure:CodeIgniter\View\View::render():237}()
 4 SYSTEMPATH\Common.php(1268): CodeIgniter\View\View->render('page/content/form/transaksiservis/create', [], true)
 5 APPPATH\Controllers\TransaksiServis.php(91): view('page/content/form/transaksiservis/create', [...])
 6 SYSTEMPATH\CodeIgniter.php(974): App\Controllers\TransaksiServis->create()
 7 SYSTEMPATH\CodeIgniter.php(520): CodeIgniter\CodeIgniter->runController(Object(App\Controllers\TransaksiServis))
 8 SYSTEMPATH\CodeIgniter.php(363): CodeIgniter\CodeIgniter->handleRequest(null, Object(Config\Cache), false)
 9 SYSTEMPATH\Boot.php(417): CodeIgniter\CodeIgniter->run()
10 SYSTEMPATH\Boot.php(68): CodeIgniter\Boot::runCodeIgniter(Object(CodeIgniter\CodeIgniter))
11 FCPATH\index.php(56): CodeIgniter\Boot::bootWeb(Object(Config\Paths))
12 SYSTEMPATH\rewrite.php(44): require_once('C:\\Users\\AKU BANGGA JADI IT 2\\Documents\\RafiChandra\\Codeigniter4\\bengkel-salsa-motor\\public\\index.php')
DEBUG - 2026-08-13 08:27:09 --> Session: Class initialized using 'CodeIgniter\Session\Handlers\FileHandler' driver.
CRITICAL - 2026-08-13 08:27:09 --> ErrorException: Undefined array key "nama_kategori"
[Method: GET, Route: admin/transaksiservis/create]
in APPPATH\Views\page\content\form\transaksiservis\create.php on line 304.
 1 APPPATH\Views\page\content\form\transaksiservis\create.php(304): CodeIgniter\Debug\Exceptions->errorHandler(2, 'Undefined array key "nama_kategori"', 'C:\\Users\\AKU BANGGA JADI IT 2\\Documents\\RafiChandra\\Codeigniter4\\bengkel-salsa-motor\\app\\Views\\page\\content\\form\\transaksiservis\\create.php', 304)
 2 SYSTEMPATH\View\View.php(240): include('C:\\Users\\AKU BANGGA JADI IT 2\\Documents\\RafiChandra\\Codeigniter4\\bengkel-salsa-motor\\app\\Views\\page\\content\\form\\transaksiservis\\create.php')
 3 SYSTEMPATH\View\View.php(243): CodeIgniter\View\View->{closure:CodeIgniter\View\View::render():237}()
 4 SYSTEMPATH\Common.php(1268): CodeIgniter\View\View->render('page/content/form/transaksiservis/create', [], true)
 5 APPPATH\Controllers\TransaksiServis.php(91): view('page/content/form/transaksiservis/create', [...])
 6 SYSTEMPATH\CodeIgniter.php(974): App\Controllers\TransaksiServis->create()
 7 SYSTEMPATH\CodeIgniter.php(520): CodeIgniter\CodeIgniter->runController(Object(App\Controllers\TransaksiServis))
 8 SYSTEMPATH\CodeIgniter.php(363): CodeIgniter\CodeIgniter->handleRequest(null, Object(Config\Cache), false)
 9 SYSTEMPATH\Boot.php(417): CodeIgniter\CodeIgniter->run()
10 SYSTEMPATH\Boot.php(68): CodeIgniter\Boot::runCodeIgniter(Object(CodeIgniter\CodeIgniter))
11 FCPATH\index.php(56): CodeIgniter\Boot::bootWeb(Object(Config\Paths))
12 SYSTEMPATH\rewrite.php(44): require_once('C:\\Users\\AKU BANGGA JADI IT 2\\Documents\\RafiChandra\\Codeigniter4\\bengkel-salsa-motor\\public\\index.php')
DEBUG - 2026-08-13 08:27:09 --> Session: Class initialized using 'CodeIgniter\Session\Handlers\FileHandler' driver.
CRITICAL - 2026-08-13 08:27:09 --> ErrorException: Undefined array key "nama_kategori"
[Method: GET, Route: admin/transaksiservis/create]
in APPPATH\Views\page\content\form\transaksiservis\create.php on line 304.
 1 APPPATH\Views\page\content\form\transaksiservis\create.php(304): CodeIgniter\Debug\Exceptions->errorHandler(2, 'Undefined array key "nama_kategori"', 'C:\\Users\\AKU BANGGA JADI IT 2\\Documents\\RafiChandra\\Codeigniter4\\bengkel-salsa-motor\\app\\Views\\page\\content\\form\\transaksiservis\\create.php', 304)
 2 SYSTEMPATH\View\View.php(240): include('C:\\Users\\AKU BANGGA JADI IT 2\\Documents\\RafiChandra\\Codeigniter4\\bengkel-salsa-motor\\app\\Views\\page\\content\\form\\transaksiservis\\create.php')
 3 SYSTEMPATH\View\View.php(243): CodeIgniter\View\View->{closure:CodeIgniter\View\View::render():237}()
 4 SYSTEMPATH\Common.php(1268): CodeIgniter\View\View->render('page/content/form/transaksiservis/create', [], true)
 5 APPPATH\Controllers\TransaksiServis.php(91): view('page/content/form/transaksiservis/create', [...])
 6 SYSTEMPATH\CodeIgniter.php(974): App\Controllers\TransaksiServis->create()
 7 SYSTEMPATH\CodeIgniter.php(520): CodeIgniter\CodeIgniter->runController(Object(App\Controllers\TransaksiServis))
 8 SYSTEMPATH\CodeIgniter.php(363): CodeIgniter\CodeIgniter->handleRequest(null, Object(Config\Cache), false)
 9 SYSTEMPATH\Boot.php(417): CodeIgniter\CodeIgniter->run()
10 SYSTEMPATH\Boot.php(68): CodeIgniter\Boot::runCodeIgniter(Object(CodeIgniter\CodeIgniter))
11 FCPATH\index.php(56): CodeIgniter\Boot::bootWeb(Object(Config\Paths))
12 SYSTEMPATH\rewrite.php(44): require_once('C:\\Users\\AKU BANGGA JADI IT 2\\Documents\\RafiChandra\\Codeigniter4\\bengkel-salsa-motor\\public\\index.php')
DEBUG - 2026-08-13 08:27:09 --> Session: Class initialized using 'CodeIgniter\Session\Handlers\FileHandler' driver.
CRITICAL - 2026-08-13 08:27:09 --> ErrorException: Undefined array key "nama_kategori"
[Method: GET, Route: admin/transaksiservis/create]
in APPPATH\Views\page\content\form\transaksiservis\create.php on line 304.
 1 APPPATH\Views\page\content\form\transaksiservis\create.php(304): CodeIgniter\Debug\Exceptions->errorHandler(2, 'Undefined array key "nama_kategori"', 'C:\\Users\\AKU BANGGA JADI IT 2\\Documents\\RafiChandra\\Codeigniter4\\bengkel-salsa-motor\\app\\Views\\page\\content\\form\\transaksiservis\\create.php', 304)
 2 SYSTEMPATH\View\View.php(240): include('C:\\Users\\AKU BANGGA JADI IT 2\\Documents\\RafiChandra\\Codeigniter4\\bengkel-salsa-motor\\app\\Views\\page\\content\\form\\transaksiservis\\create.php')
 3 SYSTEMPATH\View\View.php(243): CodeIgniter\View\View->{closure:CodeIgniter\View\View::render():237}()
 4 SYSTEMPATH\Common.php(1268): CodeIgniter\View\View->render('page/content/form/transaksiservis/create', [], true)
 5 APPPATH\Controllers\TransaksiServis.php(91): view('page/content/form/transaksiservis/create', [...])
 6 SYSTEMPATH\CodeIgniter.php(974): App\Controllers\TransaksiServis->create()
 7 SYSTEMPATH\CodeIgniter.php(520): CodeIgniter\CodeIgniter->runController(Object(App\Controllers\TransaksiServis))
 8 SYSTEMPATH\CodeIgniter.php(363): CodeIgniter\CodeIgniter->handleRequest(null, Object(Config\Cache), false)
 9 SYSTEMPATH\Boot.php(417): CodeIgniter\CodeIgniter->run()
10 SYSTEMPATH\Boot.php(68): CodeIgniter\Boot::runCodeIgniter(Object(CodeIgniter\CodeIgniter))
11 FCPATH\index.php(56): CodeIgniter\Boot::bootWeb(Object(Config\Paths))
12 SYSTEMPATH\rewrite.php(44): require_once('C:\\Users\\AKU BANGGA JADI IT 2\\Documents\\RafiChandra\\Codeigniter4\\bengkel-salsa-motor\\public\\index.php')
DEBUG - 2026-08-13 08:27:09 --> Session: Class initialized using 'CodeIgniter\Session\Handlers\FileHandler' driver.
CRITICAL - 2026-08-13 08:27:09 --> ErrorException: Undefined array key "nama_kategori"
[Method: GET, Route: admin/transaksiservis/create]
in APPPATH\Views\page\content\form\transaksiservis\create.php on line 304.
 1 APPPATH\Views\page\content\form\transaksiservis\create.php(304): CodeIgniter\Debug\Exceptions->errorHandler(2, 'Undefined array key "nama_kategori"', 'C:\\Users\\AKU BANGGA JADI IT 2\\Documents\\RafiChandra\\Codeigniter4\\bengkel-salsa-motor\\app\\Views\\page\\content\\form\\transaksiservis\\create.php', 304)
 2 SYSTEMPATH\View\View.php(240): include('C:\\Users\\AKU BANGGA JADI IT 2\\Documents\\RafiChandra\\Codeigniter4\\bengkel-salsa-motor\\app\\Views\\page\\content\\form\\transaksiservis\\create.php')
 3 SYSTEMPATH\View\View.php(243): CodeIgniter\View\View->{closure:CodeIgniter\View\View::render():237}()
 4 SYSTEMPATH\Common.php(1268): CodeIgniter\View\View->render('page/content/form/transaksiservis/create', [], true)
 5 APPPATH\Controllers\TransaksiServis.php(91): view('page/content/form/transaksiservis/create', [...])
 6 SYSTEMPATH\CodeIgniter.php(974): App\Controllers\TransaksiServis->create()
 7 SYSTEMPATH\CodeIgniter.php(520): CodeIgniter\CodeIgniter->runController(Object(App\Controllers\TransaksiServis))
 8 SYSTEMPATH\CodeIgniter.php(363): CodeIgniter\CodeIgniter->handleRequest(null, Object(Config\Cache), false)
 9 SYSTEMPATH\Boot.php(417): CodeIgniter\CodeIgniter->run()
10 SYSTEMPATH\Boot.php(68): CodeIgniter\Boot::runCodeIgniter(Object(CodeIgniter\CodeIgniter))
11 FCPATH\index.php(56): CodeIgniter\Boot::bootWeb(Object(Config\Paths))
12 SYSTEMPATH\rewrite.php(44): require_once('C:\\Users\\AKU BANGGA JADI IT 2\\Documents\\RafiChandra\\Codeigniter4\\bengkel-salsa-motor\\public\\index.php')
DEBUG - 2026-08-13 08:27:09 --> Session: Class initialized using 'CodeIgniter\Session\Handlers\FileHandler' driver.
CRITICAL - 2026-08-13 08:27:09 --> ErrorException: Undefined array key "nama_kategori"
[Method: GET, Route: admin/transaksiservis/create]
in APPPATH\Views\page\content\form\transaksiservis\create.php on line 304.
 1 APPPATH\Views\page\content\form\transaksiservis\create.php(304): CodeIgniter\Debug\Exceptions->errorHandler(2, 'Undefined array key "nama_kategori"', 'C:\\Users\\AKU BANGGA JADI IT 2\\Documents\\RafiChandra\\Codeigniter4\\bengkel-salsa-motor\\app\\Views\\page\\content\\form\\transaksiservis\\create.php', 304)
 2 SYSTEMPATH\View\View.php(240): include('C:\\Users\\AKU BANGGA JADI IT 2\\Documents\\RafiChandra\\Codeigniter4\\bengkel-salsa-motor\\app\\Views\\page\\content\\form\\transaksiservis\\create.php')
 3 SYSTEMPATH\View\View.php(243): CodeIgniter\View\View->{closure:CodeIgniter\View\View::render():237}()
 4 SYSTEMPATH\Common.php(1268): CodeIgniter\View\View->render('page/content/form/transaksiservis/create', [], true)
 5 APPPATH\Controllers\TransaksiServis.php(91): view('page/content/form/transaksiservis/create', [...])
 6 SYSTEMPATH\CodeIgniter.php(974): App\Controllers\TransaksiServis->create()
 7 SYSTEMPATH\CodeIgniter.php(520): CodeIgniter\CodeIgniter->runController(Object(App\Controllers\TransaksiServis))
 8 SYSTEMPATH\CodeIgniter.php(363): CodeIgniter\CodeIgniter->handleRequest(null, Object(Config\Cache), false)
 9 SYSTEMPATH\Boot.php(417): CodeIgniter\CodeIgniter->run()
10 SYSTEMPATH\Boot.php(68): CodeIgniter\Boot::runCodeIgniter(Object(CodeIgniter\CodeIgniter))
11 FCPATH\index.php(56): CodeIgniter\Boot::bootWeb(Object(Config\Paths))
12 SYSTEMPATH\rewrite.php(44): require_once('C:\\Users\\AKU BANGGA JADI IT 2\\Documents\\RafiChandra\\Codeigniter4\\bengkel-salsa-motor\\public\\index.php')
DEBUG - 2026-08-13 08:27:59 --> Session: Class initialized using 'CodeIgniter\Session\Handlers\FileHandler' driver.
CRITICAL - 2026-08-13 08:27:59 --> ErrorException: Undefined array key "nama_kategori"
[Method: GET, Route: admin/transaksiservis/create]
in APPPATH\Views\page\content\form\transaksiservis\create.php on line 304.
 1 APPPATH\Views\page\content\form\transaksiservis\create.php(304): CodeIgniter\Debug\Exceptions->errorHandler(2, 'Undefined array key "nama_kategori"', 'C:\\Users\\AKU BANGGA JADI IT 2\\Documents\\RafiChandra\\Codeigniter4\\bengkel-salsa-motor\\app\\Views\\page\\content\\form\\transaksiservis\\create.php', 304)
 2 SYSTEMPATH\View\View.php(240): include('C:\\Users\\AKU BANGGA JADI IT 2\\Documents\\RafiChandra\\Codeigniter4\\bengkel-salsa-motor\\app\\Views\\page\\content\\form\\transaksiservis\\create.php')
 3 SYSTEMPATH\View\View.php(243): CodeIgniter\View\View->{closure:CodeIgniter\View\View::render():237}()
 4 SYSTEMPATH\Common.php(1268): CodeIgniter\View\View->render('page/content/form/transaksiservis/create', [], true)
 5 APPPATH\Controllers\TransaksiServis.php(91): view('page/content/form/transaksiservis/create', [...])
 6 SYSTEMPATH\CodeIgniter.php(974): App\Controllers\TransaksiServis->create()
 7 SYSTEMPATH\CodeIgniter.php(520): CodeIgniter\CodeIgniter->runController(Object(App\Controllers\TransaksiServis))
 8 SYSTEMPATH\CodeIgniter.php(363): CodeIgniter\CodeIgniter->handleRequest(null, Object(Config\Cache), false)
 9 SYSTEMPATH\Boot.php(417): CodeIgniter\CodeIgniter->run()
10 SYSTEMPATH\Boot.php(68): CodeIgniter\Boot::runCodeIgniter(Object(CodeIgniter\CodeIgniter))
11 FCPATH\index.php(56): CodeIgniter\Boot::bootWeb(Object(Config\Paths))
12 SYSTEMPATH\rewrite.php(44): require_once('C:\\Users\\AKU BANGGA JADI IT 2\\Documents\\RafiChandra\\Codeigniter4\\bengkel-salsa-motor\\public\\index.php')
DEBUG - 2026-08-13 08:28:22 --> Session: Class initialized using 'CodeIgniter\Session\Handlers\FileHandler' driver.
CRITICAL - 2026-08-13 08:28:22 --> ErrorException: Undefined array key "nama_kategori"
[Method: GET, Route: admin/transaksiservis/create]
in APPPATH\Views\page\content\form\transaksiservis\create.php on line 304.
 1 APPPATH\Views\page\content\form\transaksiservis\create.php(304): CodeIgniter\Debug\Exceptions->errorHandler(2, 'Undefined array key "nama_kategori"', 'C:\\Users\\AKU BANGGA JADI IT 2\\Documents\\RafiChandra\\Codeigniter4\\bengkel-salsa-motor\\app\\Views\\page\\content\\form\\transaksiservis\\create.php', 304)
 2 SYSTEMPATH\View\View.php(240): include('C:\\Users\\AKU BANGGA JADI IT 2\\Documents\\RafiChandra\\Codeigniter4\\bengkel-salsa-motor\\app\\Views\\page\\content\\form\\transaksiservis\\create.php')
 3 SYSTEMPATH\View\View.php(243): CodeIgniter\View\View->{closure:CodeIgniter\View\View::render():237}()
 4 SYSTEMPATH\Common.php(1268): CodeIgniter\View\View->render('page/content/form/transaksiservis/create', [], true)
 5 APPPATH\Controllers\TransaksiServis.php(91): view('page/content/form/transaksiservis/create', [...])
 6 SYSTEMPATH\CodeIgniter.php(974): App\Controllers\TransaksiServis->create()
 7 SYSTEMPATH\CodeIgniter.php(520): CodeIgniter\CodeIgniter->runController(Object(App\Controllers\TransaksiServis))
 8 SYSTEMPATH\CodeIgniter.php(363): CodeIgniter\CodeIgniter->handleRequest(null, Object(Config\Cache), false)
 9 SYSTEMPATH\Boot.php(417): CodeIgniter\CodeIgniter->run()
10 SYSTEMPATH\Boot.php(68): CodeIgniter\Boot::runCodeIgniter(Object(CodeIgniter\CodeIgniter))
11 FCPATH\index.php(56): CodeIgniter\Boot::bootWeb(Object(Config\Paths))
12 SYSTEMPATH\rewrite.php(44): require_once('C:\\Users\\AKU BANGGA JADI IT 2\\Documents\\RafiChandra\\Codeigniter4\\bengkel-salsa-motor\\public\\index.php')
DEBUG - 2026-08-13 08:28:23 --> Session: Class initialized using 'CodeIgniter\Session\Handlers\FileHandler' driver.
CRITICAL - 2026-08-13 08:28:23 --> ErrorException: Undefined array key "nama_kategori"
[Method: GET, Route: admin/transaksiservis/create]
in APPPATH\Views\page\content\form\transaksiservis\create.php on line 304.
 1 APPPATH\Views\page\content\form\transaksiservis\create.php(304): CodeIgniter\Debug\Exceptions->errorHandler(2, 'Undefined array key "nama_kategori"', 'C:\\Users\\AKU BANGGA JADI IT 2\\Documents\\RafiChandra\\Codeigniter4\\bengkel-salsa-motor\\app\\Views\\page\\content\\form\\transaksiservis\\create.php', 304)
 2 SYSTEMPATH\View\View.php(240): include('C:\\Users\\AKU BANGGA JADI IT 2\\Documents\\RafiChandra\\Codeigniter4\\bengkel-salsa-motor\\app\\Views\\page\\content\\form\\transaksiservis\\create.php')
 3 SYSTEMPATH\View\View.php(243): CodeIgniter\View\View->{closure:CodeIgniter\View\View::render():237}()
 4 SYSTEMPATH\Common.php(1268): CodeIgniter\View\View->render('page/content/form/transaksiservis/create', [], true)
 5 APPPATH\Controllers\TransaksiServis.php(91): view('page/content/form/transaksiservis/create', [...])
 6 SYSTEMPATH\CodeIgniter.php(974): App\Controllers\TransaksiServis->create()
 7 SYSTEMPATH\CodeIgniter.php(520): CodeIgniter\CodeIgniter->runController(Object(App\Controllers\TransaksiServis))
 8 SYSTEMPATH\CodeIgniter.php(363): CodeIgniter\CodeIgniter->handleRequest(null, Object(Config\Cache), false)
 9 SYSTEMPATH\Boot.php(417): CodeIgniter\CodeIgniter->run()
10 SYSTEMPATH\Boot.php(68): CodeIgniter\Boot::runCodeIgniter(Object(CodeIgniter\CodeIgniter))
11 FCPATH\index.php(56): CodeIgniter\Boot::bootWeb(Object(Config\Paths))
12 SYSTEMPATH\rewrite.php(44): require_once('C:\\Users\\AKU BANGGA JADI IT 2\\Documents\\RafiChandra\\Codeigniter4\\bengkel-salsa-motor\\public\\index.php')
DEBUG - 2026-08-13 08:28:24 --> Session: Class initialized using 'CodeIgniter\Session\Handlers\FileHandler' driver.
CRITICAL - 2026-08-13 08:28:24 --> ErrorException: Undefined array key "nama_kategori"
[Method: GET, Route: admin/transaksiservis/create]
in APPPATH\Views\page\content\form\transaksiservis\create.php on line 304.
 1 APPPATH\Views\page\content\form\transaksiservis\create.php(304): CodeIgniter\Debug\Exceptions->errorHandler(2, 'Undefined array key "nama_kategori"', 'C:\\Users\\AKU BANGGA JADI IT 2\\Documents\\RafiChandra\\Codeigniter4\\bengkel-salsa-motor\\app\\Views\\page\\content\\form\\transaksiservis\\create.php', 304)
 2 SYSTEMPATH\View\View.php(240): include('C:\\Users\\AKU BANGGA JADI IT 2\\Documents\\RafiChandra\\Codeigniter4\\bengkel-salsa-motor\\app\\Views\\page\\content\\form\\transaksiservis\\create.php')
 3 SYSTEMPATH\View\View.php(243): CodeIgniter\View\View->{closure:CodeIgniter\View\View::render():237}()
 4 SYSTEMPATH\Common.php(1268): CodeIgniter\View\View->render('page/content/form/transaksiservis/create', [], true)
 5 APPPATH\Controllers\TransaksiServis.php(91): view('page/content/form/transaksiservis/create', [...])
 6 SYSTEMPATH\CodeIgniter.php(974): App\Controllers\TransaksiServis->create()
 7 SYSTEMPATH\CodeIgniter.php(520): CodeIgniter\CodeIgniter->runController(Object(App\Controllers\TransaksiServis))
 8 SYSTEMPATH\CodeIgniter.php(363): CodeIgniter\CodeIgniter->handleRequest(null, Object(Config\Cache), false)
 9 SYSTEMPATH\Boot.php(417): CodeIgniter\CodeIgniter->run()
10 SYSTEMPATH\Boot.php(68): CodeIgniter\Boot::runCodeIgniter(Object(CodeIgniter\CodeIgniter))
11 FCPATH\index.php(56): CodeIgniter\Boot::bootWeb(Object(Config\Paths))
12 SYSTEMPATH\rewrite.php(44): require_once('C:\\Users\\AKU BANGGA JADI IT 2\\Documents\\RafiChandra\\Codeigniter4\\bengkel-salsa-motor\\public\\index.php')
DEBUG - 2026-08-13 08:28:24 --> Session: Class initialized using 'CodeIgniter\Session\Handlers\FileHandler' driver.
CRITICAL - 2026-08-13 08:28:24 --> ErrorException: Undefined array key "nama_kategori"
[Method: GET, Route: admin/transaksiservis/create]
in APPPATH\Views\page\content\form\transaksiservis\create.php on line 304.
 1 APPPATH\Views\page\content\form\transaksiservis\create.php(304): CodeIgniter\Debug\Exceptions->errorHandler(2, 'Undefined array key "nama_kategori"', 'C:\\Users\\AKU BANGGA JADI IT 2\\Documents\\RafiChandra\\Codeigniter4\\bengkel-salsa-motor\\app\\Views\\page\\content\\form\\transaksiservis\\create.php', 304)
 2 SYSTEMPATH\View\View.php(240): include('C:\\Users\\AKU BANGGA JADI IT 2\\Documents\\RafiChandra\\Codeigniter4\\bengkel-salsa-motor\\app\\Views\\page\\content\\form\\transaksiservis\\create.php')
 3 SYSTEMPATH\View\View.php(243): CodeIgniter\View\View->{closure:CodeIgniter\View\View::render():237}()
 4 SYSTEMPATH\Common.php(1268): CodeIgniter\View\View->render('page/content/form/transaksiservis/create', [], true)
 5 APPPATH\Controllers\TransaksiServis.php(91): view('page/content/form/transaksiservis/create', [...])
 6 SYSTEMPATH\CodeIgniter.php(974): App\Controllers\TransaksiServis->create()
 7 SYSTEMPATH\CodeIgniter.php(520): CodeIgniter\CodeIgniter->runController(Object(App\Controllers\TransaksiServis))
 8 SYSTEMPATH\CodeIgniter.php(363): CodeIgniter\CodeIgniter->handleRequest(null, Object(Config\Cache), false)
 9 SYSTEMPATH\Boot.php(417): CodeIgniter\CodeIgniter->run()
10 SYSTEMPATH\Boot.php(68): CodeIgniter\Boot::runCodeIgniter(Object(CodeIgniter\CodeIgniter))
11 FCPATH\index.php(56): CodeIgniter\Boot::bootWeb(Object(Config\Paths))
12 SYSTEMPATH\rewrite.php(44): require_once('C:\\Users\\AKU BANGGA JADI IT 2\\Documents\\RafiChandra\\Codeigniter4\\bengkel-salsa-motor\\public\\index.php')
DEBUG - 2026-08-13 08:28:25 --> Session: Class initialized using 'CodeIgniter\Session\Handlers\FileHandler' driver.
CRITICAL - 2026-08-13 08:28:25 --> ErrorException: Undefined array key "nama_kategori"
[Method: GET, Route: admin/transaksiservis/create]
in APPPATH\Views\page\content\form\transaksiservis\create.php on line 304.
 1 APPPATH\Views\page\content\form\transaksiservis\create.php(304): CodeIgniter\Debug\Exceptions->errorHandler(2, 'Undefined array key "nama_kategori"', 'C:\\Users\\AKU BANGGA JADI IT 2\\Documents\\RafiChandra\\Codeigniter4\\bengkel-salsa-motor\\app\\Views\\page\\content\\form\\transaksiservis\\create.php', 304)
 2 SYSTEMPATH\View\View.php(240): include('C:\\Users\\AKU BANGGA JADI IT 2\\Documents\\RafiChandra\\Codeigniter4\\bengkel-salsa-motor\\app\\Views\\page\\content\\form\\transaksiservis\\create.php')
 3 SYSTEMPATH\View\View.php(243): CodeIgniter\View\View->{closure:CodeIgniter\View\View::render():237}()
 4 SYSTEMPATH\Common.php(1268): CodeIgniter\View\View->render('page/content/form/transaksiservis/create', [], true)
 5 APPPATH\Controllers\TransaksiServis.php(91): view('page/content/form/transaksiservis/create', [...])
 6 SYSTEMPATH\CodeIgniter.php(974): App\Controllers\TransaksiServis->create()
 7 SYSTEMPATH\CodeIgniter.php(520): CodeIgniter\CodeIgniter->runController(Object(App\Controllers\TransaksiServis))
 8 SYSTEMPATH\CodeIgniter.php(363): CodeIgniter\CodeIgniter->handleRequest(null, Object(Config\Cache), false)
 9 SYSTEMPATH\Boot.php(417): CodeIgniter\CodeIgniter->run()
10 SYSTEMPATH\Boot.php(68): CodeIgniter\Boot::runCodeIgniter(Object(CodeIgniter\CodeIgniter))
11 FCPATH\index.php(56): CodeIgniter\Boot::bootWeb(Object(Config\Paths))
12 SYSTEMPATH\rewrite.php(44): require_once('C:\\Users\\AKU BANGGA JADI IT 2\\Documents\\RafiChandra\\Codeigniter4\\bengkel-salsa-motor\\public\\index.php')
DEBUG - 2026-08-13 08:28:25 --> Session: Class initialized using 'CodeIgniter\Session\Handlers\FileHandler' driver.
CRITICAL - 2026-08-13 08:28:25 --> ErrorException: Undefined array key "nama_kategori"
[Method: GET, Route: admin/transaksiservis/create]
in APPPATH\Views\page\content\form\transaksiservis\create.php on line 304.
 1 APPPATH\Views\page\content\form\transaksiservis\create.php(304): CodeIgniter\Debug\Exceptions->errorHandler(2, 'Undefined array key "nama_kategori"', 'C:\\Users\\AKU BANGGA JADI IT 2\\Documents\\RafiChandra\\Codeigniter4\\bengkel-salsa-motor\\app\\Views\\page\\content\\form\\transaksiservis\\create.php', 304)
 2 SYSTEMPATH\View\View.php(240): include('C:\\Users\\AKU BANGGA JADI IT 2\\Documents\\RafiChandra\\Codeigniter4\\bengkel-salsa-motor\\app\\Views\\page\\content\\form\\transaksiservis\\create.php')
 3 SYSTEMPATH\View\View.php(243): CodeIgniter\View\View->{closure:CodeIgniter\View\View::render():237}()
 4 SYSTEMPATH\Common.php(1268): CodeIgniter\View\View->render('page/content/form/transaksiservis/create', [], true)
 5 APPPATH\Controllers\TransaksiServis.php(91): view('page/content/form/transaksiservis/create', [...])
 6 SYSTEMPATH\CodeIgniter.php(974): App\Controllers\TransaksiServis->create()
 7 SYSTEMPATH\CodeIgniter.php(520): CodeIgniter\CodeIgniter->runController(Object(App\Controllers\TransaksiServis))
 8 SYSTEMPATH\CodeIgniter.php(363): CodeIgniter\CodeIgniter->handleRequest(null, Object(Config\Cache), false)
 9 SYSTEMPATH\Boot.php(417): CodeIgniter\CodeIgniter->run()
10 SYSTEMPATH\Boot.php(68): CodeIgniter\Boot::runCodeIgniter(Object(CodeIgniter\CodeIgniter))
11 FCPATH\index.php(56): CodeIgniter\Boot::bootWeb(Object(Config\Paths))
12 SYSTEMPATH\rewrite.php(44): require_once('C:\\Users\\AKU BANGGA JADI IT 2\\Documents\\RafiChandra\\Codeigniter4\\bengkel-salsa-motor\\public\\index.php')
DEBUG - 2026-08-13 08:28:26 --> Session: Class initialized using 'CodeIgniter\Session\Handlers\FileHandler' driver.
CRITICAL - 2026-08-13 08:28:26 --> ErrorException: Undefined array key "nama_kategori"
[Method: GET, Route: admin/transaksiservis/create]
in APPPATH\Views\page\content\form\transaksiservis\create.php on line 304.
 1 APPPATH\Views\page\content\form\transaksiservis\create.php(304): CodeIgniter\Debug\Exceptions->errorHandler(2, 'Undefined array key "nama_kategori"', 'C:\\Users\\AKU BANGGA JADI IT 2\\Documents\\RafiChandra\\Codeigniter4\\bengkel-salsa-motor\\app\\Views\\page\\content\\form\\transaksiservis\\create.php', 304)
 2 SYSTEMPATH\View\View.php(240): include('C:\\Users\\AKU BANGGA JADI IT 2\\Documents\\RafiChandra\\Codeigniter4\\bengkel-salsa-motor\\app\\Views\\page\\content\\form\\transaksiservis\\create.php')
 3 SYSTEMPATH\View\View.php(243): CodeIgniter\View\View->{closure:CodeIgniter\View\View::render():237}()
 4 SYSTEMPATH\Common.php(1268): CodeIgniter\View\View->render('page/content/form/transaksiservis/create', [], true)
 5 APPPATH\Controllers\TransaksiServis.php(91): view('page/content/form/transaksiservis/create', [...])
 6 SYSTEMPATH\CodeIgniter.php(974): App\Controllers\TransaksiServis->create()
 7 SYSTEMPATH\CodeIgniter.php(520): CodeIgniter\CodeIgniter->runController(Object(App\Controllers\TransaksiServis))
 8 SYSTEMPATH\CodeIgniter.php(363): CodeIgniter\CodeIgniter->handleRequest(null, Object(Config\Cache), false)
 9 SYSTEMPATH\Boot.php(417): CodeIgniter\CodeIgniter->run()
10 SYSTEMPATH\Boot.php(68): CodeIgniter\Boot::runCodeIgniter(Object(CodeIgniter\CodeIgniter))
11 FCPATH\index.php(56): CodeIgniter\Boot::bootWeb(Object(Config\Paths))
12 SYSTEMPATH\rewrite.php(44): require_once('C:\\Users\\AKU BANGGA JADI IT 2\\Documents\\RafiChandra\\Codeigniter4\\bengkel-salsa-motor\\public\\index.php')
DEBUG - 2026-08-13 08:28:26 --> Session: Class initialized using 'CodeIgniter\Session\Handlers\FileHandler' driver.
CRITICAL - 2026-08-13 08:28:26 --> ErrorException: Undefined array key "nama_kategori"
[Method: GET, Route: admin/transaksiservis/create]
in APPPATH\Views\page\content\form\transaksiservis\create.php on line 304.
 1 APPPATH\Views\page\content\form\transaksiservis\create.php(304): CodeIgniter\Debug\Exceptions->errorHandler(2, 'Undefined array key "nama_kategori"', 'C:\\Users\\AKU BANGGA JADI IT 2\\Documents\\RafiChandra\\Codeigniter4\\bengkel-salsa-motor\\app\\Views\\page\\content\\form\\transaksiservis\\create.php', 304)
 2 SYSTEMPATH\View\View.php(240): include('C:\\Users\\AKU BANGGA JADI IT 2\\Documents\\RafiChandra\\Codeigniter4\\bengkel-salsa-motor\\app\\Views\\page\\content\\form\\transaksiservis\\create.php')
 3 SYSTEMPATH\View\View.php(243): CodeIgniter\View\View->{closure:CodeIgniter\View\View::render():237}()
 4 SYSTEMPATH\Common.php(1268): CodeIgniter\View\View->render('page/content/form/transaksiservis/create', [], true)
 5 APPPATH\Controllers\TransaksiServis.php(91): view('page/content/form/transaksiservis/create', [...])
 6 SYSTEMPATH\CodeIgniter.php(974): App\Controllers\TransaksiServis->create()
 7 SYSTEMPATH\CodeIgniter.php(520): CodeIgniter\CodeIgniter->runController(Object(App\Controllers\TransaksiServis))
 8 SYSTEMPATH\CodeIgniter.php(363): CodeIgniter\CodeIgniter->handleRequest(null, Object(Config\Cache), false)
 9 SYSTEMPATH\Boot.php(417): CodeIgniter\CodeIgniter->run()
10 SYSTEMPATH\Boot.php(68): CodeIgniter\Boot::runCodeIgniter(Object(CodeIgniter\CodeIgniter))
11 FCPATH\index.php(56): CodeIgniter\Boot::bootWeb(Object(Config\Paths))
12 SYSTEMPATH\rewrite.php(44): require_once('C:\\Users\\AKU BANGGA JADI IT 2\\Documents\\RafiChandra\\Codeigniter4\\bengkel-salsa-motor\\public\\index.php')
DEBUG - 2026-08-13 08:28:28 --> Session: Class initialized using 'CodeIgniter\Session\Handlers\FileHandler' driver.
CRITICAL - 2026-08-13 08:28:28 --> ErrorException: Undefined array key "nama_kategori"
[Method: GET, Route: admin/transaksiservis/create]
in APPPATH\Views\page\content\form\transaksiservis\create.php on line 304.
 1 APPPATH\Views\page\content\form\transaksiservis\create.php(304): CodeIgniter\Debug\Exceptions->errorHandler(2, 'Undefined array key "nama_kategori"', 'C:\\Users\\AKU BANGGA JADI IT 2\\Documents\\RafiChandra\\Codeigniter4\\bengkel-salsa-motor\\app\\Views\\page\\content\\form\\transaksiservis\\create.php', 304)
 2 SYSTEMPATH\View\View.php(240): include('C:\\Users\\AKU BANGGA JADI IT 2\\Documents\\RafiChandra\\Codeigniter4\\bengkel-salsa-motor\\app\\Views\\page\\content\\form\\transaksiservis\\create.php')
 3 SYSTEMPATH\View\View.php(243): CodeIgniter\View\View->{closure:CodeIgniter\View\View::render():237}()
 4 SYSTEMPATH\Common.php(1268): CodeIgniter\View\View->render('page/content/form/transaksiservis/create', [], true)
 5 APPPATH\Controllers\TransaksiServis.php(91): view('page/content/form/transaksiservis/create', [...])
 6 SYSTEMPATH\CodeIgniter.php(974): App\Controllers\TransaksiServis->create()
 7 SYSTEMPATH\CodeIgniter.php(520): CodeIgniter\CodeIgniter->runController(Object(App\Controllers\TransaksiServis))
 8 SYSTEMPATH\CodeIgniter.php(363): CodeIgniter\CodeIgniter->handleRequest(null, Object(Config\Cache), false)
 9 SYSTEMPATH\Boot.php(417): CodeIgniter\CodeIgniter->run()
10 SYSTEMPATH\Boot.php(68): CodeIgniter\Boot::runCodeIgniter(Object(CodeIgniter\CodeIgniter))
11 FCPATH\index.php(56): CodeIgniter\Boot::bootWeb(Object(Config\Paths))
12 SYSTEMPATH\rewrite.php(44): require_once('C:\\Users\\AKU BANGGA JADI IT 2\\Documents\\RafiChandra\\Codeigniter4\\bengkel-salsa-motor\\public\\index.php')
DEBUG - 2026-08-13 08:28:28 --> Session: Class initialized using 'CodeIgniter\Session\Handlers\FileHandler' driver.
CRITICAL - 2026-08-13 08:28:28 --> ErrorException: Undefined array key "nama_kategori"
[Method: GET, Route: admin/transaksiservis/create]
in APPPATH\Views\page\content\form\transaksiservis\create.php on line 304.
 1 APPPATH\Views\page\content\form\transaksiservis\create.php(304): CodeIgniter\Debug\Exceptions->errorHandler(2, 'Undefined array key "nama_kategori"', 'C:\\Users\\AKU BANGGA JADI IT 2\\Documents\\RafiChandra\\Codeigniter4\\bengkel-salsa-motor\\app\\Views\\page\\content\\form\\transaksiservis\\create.php', 304)
 2 SYSTEMPATH\View\View.php(240): include('C:\\Users\\AKU BANGGA JADI IT 2\\Documents\\RafiChandra\\Codeigniter4\\bengkel-salsa-motor\\app\\Views\\page\\content\\form\\transaksiservis\\create.php')
 3 SYSTEMPATH\View\View.php(243): CodeIgniter\View\View->{closure:CodeIgniter\View\View::render():237}()
 4 SYSTEMPATH\Common.php(1268): CodeIgniter\View\View->render('page/content/form/transaksiservis/create', [], true)
 5 APPPATH\Controllers\TransaksiServis.php(91): view('page/content/form/transaksiservis/create', [...])
 6 SYSTEMPATH\CodeIgniter.php(974): App\Controllers\TransaksiServis->create()
 7 SYSTEMPATH\CodeIgniter.php(520): CodeIgniter\CodeIgniter->runController(Object(App\Controllers\TransaksiServis))
 8 SYSTEMPATH\CodeIgniter.php(363): CodeIgniter\CodeIgniter->handleRequest(null, Object(Config\Cache), false)
 9 SYSTEMPATH\Boot.php(417): CodeIgniter\CodeIgniter->run()
10 SYSTEMPATH\Boot.php(68): CodeIgniter\Boot::runCodeIgniter(Object(CodeIgniter\CodeIgniter))
11 FCPATH\index.php(56): CodeIgniter\Boot::bootWeb(Object(Config\Paths))
12 SYSTEMPATH\rewrite.php(44): require_once('C:\\Users\\AKU BANGGA JADI IT 2\\Documents\\RafiChandra\\Codeigniter4\\bengkel-salsa-motor\\public\\index.php')
DEBUG - 2026-08-13 08:28:29 --> Session: Class initialized using 'CodeIgniter\Session\Handlers\FileHandler' driver.
CRITICAL - 2026-08-13 08:28:29 --> ErrorException: Undefined array key "nama_kategori"
[Method: GET, Route: admin/transaksiservis/create]
in APPPATH\Views\page\content\form\transaksiservis\create.php on line 304.
 1 APPPATH\Views\page\content\form\transaksiservis\create.php(304): CodeIgniter\Debug\Exceptions->errorHandler(2, 'Undefined array key "nama_kategori"', 'C:\\Users\\AKU BANGGA JADI IT 2\\Documents\\RafiChandra\\Codeigniter4\\bengkel-salsa-motor\\app\\Views\\page\\content\\form\\transaksiservis\\create.php', 304)
 2 SYSTEMPATH\View\View.php(240): include('C:\\Users\\AKU BANGGA JADI IT 2\\Documents\\RafiChandra\\Codeigniter4\\bengkel-salsa-motor\\app\\Views\\page\\content\\form\\transaksiservis\\create.php')
 3 SYSTEMPATH\View\View.php(243): CodeIgniter\View\View->{closure:CodeIgniter\View\View::render():237}()
 4 SYSTEMPATH\Common.php(1268): CodeIgniter\View\View->render('page/content/form/transaksiservis/create', [], true)
 5 APPPATH\Controllers\TransaksiServis.php(91): view('page/content/form/transaksiservis/create', [...])
 6 SYSTEMPATH\CodeIgniter.php(974): App\Controllers\TransaksiServis->create()
 7 SYSTEMPATH\CodeIgniter.php(520): CodeIgniter\CodeIgniter->runController(Object(App\Controllers\TransaksiServis))
 8 SYSTEMPATH\CodeIgniter.php(363): CodeIgniter\CodeIgniter->handleRequest(null, Object(Config\Cache), false)
 9 SYSTEMPATH\Boot.php(417): CodeIgniter\CodeIgniter->run()
10 SYSTEMPATH\Boot.php(68): CodeIgniter\Boot::runCodeIgniter(Object(CodeIgniter\CodeIgniter))
11 FCPATH\index.php(56): CodeIgniter\Boot::bootWeb(Object(Config\Paths))
12 SYSTEMPATH\rewrite.php(44): require_once('C:\\Users\\AKU BANGGA JADI IT 2\\Documents\\RafiChandra\\Codeigniter4\\bengkel-salsa-motor\\public\\index.php')
DEBUG - 2026-08-13 08:28:29 --> Session: Class initialized using 'CodeIgniter\Session\Handlers\FileHandler' driver.
CRITICAL - 2026-08-13 08:28:29 --> ErrorException: Undefined array key "nama_kategori"
[Method: GET, Route: admin/transaksiservis/create]
in APPPATH\Views\page\content\form\transaksiservis\create.php on line 304.
 1 APPPATH\Views\page\content\form\transaksiservis\create.php(304): CodeIgniter\Debug\Exceptions->errorHandler(2, 'Undefined array key "nama_kategori"', 'C:\\Users\\AKU BANGGA JADI IT 2\\Documents\\RafiChandra\\Codeigniter4\\bengkel-salsa-motor\\app\\Views\\page\\content\\form\\transaksiservis\\create.php', 304)
 2 SYSTEMPATH\View\View.php(240): include('C:\\Users\\AKU BANGGA JADI IT 2\\Documents\\RafiChandra\\Codeigniter4\\bengkel-salsa-motor\\app\\Views\\page\\content\\form\\transaksiservis\\create.php')
 3 SYSTEMPATH\View\View.php(243): CodeIgniter\View\View->{closure:CodeIgniter\View\View::render():237}()
 4 SYSTEMPATH\Common.php(1268): CodeIgniter\View\View->render('page/content/form/transaksiservis/create', [], true)
 5 APPPATH\Controllers\TransaksiServis.php(91): view('page/content/form/transaksiservis/create', [...])
 6 SYSTEMPATH\CodeIgniter.php(974): App\Controllers\TransaksiServis->create()
 7 SYSTEMPATH\CodeIgniter.php(520): CodeIgniter\CodeIgniter->runController(Object(App\Controllers\TransaksiServis))
 8 SYSTEMPATH\CodeIgniter.php(363): CodeIgniter\CodeIgniter->handleRequest(null, Object(Config\Cache), false)
 9 SYSTEMPATH\Boot.php(417): CodeIgniter\CodeIgniter->run()
10 SYSTEMPATH\Boot.php(68): CodeIgniter\Boot::runCodeIgniter(Object(CodeIgniter\CodeIgniter))
11 FCPATH\index.php(56): CodeIgniter\Boot::bootWeb(Object(Config\Paths))
12 SYSTEMPATH\rewrite.php(44): require_once('C:\\Users\\AKU BANGGA JADI IT 2\\Documents\\RafiChandra\\Codeigniter4\\bengkel-salsa-motor\\public\\index.php')
DEBUG - 2026-08-13 08:28:29 --> Session: Class initialized using 'CodeIgniter\Session\Handlers\FileHandler' driver.
CRITICAL - 2026-08-13 08:28:29 --> ErrorException: Undefined array key "nama_kategori"
[Method: GET, Route: admin/transaksiservis/create]
in APPPATH\Views\page\content\form\transaksiservis\create.php on line 304.
 1 APPPATH\Views\page\content\form\transaksiservis\create.php(304): CodeIgniter\Debug\Exceptions->errorHandler(2, 'Undefined array key "nama_kategori"', 'C:\\Users\\AKU BANGGA JADI IT 2\\Documents\\RafiChandra\\Codeigniter4\\bengkel-salsa-motor\\app\\Views\\page\\content\\form\\transaksiservis\\create.php', 304)
 2 SYSTEMPATH\View\View.php(240): include('C:\\Users\\AKU BANGGA JADI IT 2\\Documents\\RafiChandra\\Codeigniter4\\bengkel-salsa-motor\\app\\Views\\page\\content\\form\\transaksiservis\\create.php')
 3 SYSTEMPATH\View\View.php(243): CodeIgniter\View\View->{closure:CodeIgniter\View\View::render():237}()
 4 SYSTEMPATH\Common.php(1268): CodeIgniter\View\View->render('page/content/form/transaksiservis/create', [], true)
 5 APPPATH\Controllers\TransaksiServis.php(91): view('page/content/form/transaksiservis/create', [...])
 6 SYSTEMPATH\CodeIgniter.php(974): App\Controllers\TransaksiServis->create()
 7 SYSTEMPATH\CodeIgniter.php(520): CodeIgniter\CodeIgniter->runController(Object(App\Controllers\TransaksiServis))
 8 SYSTEMPATH\CodeIgniter.php(363): CodeIgniter\CodeIgniter->handleRequest(null, Object(Config\Cache), false)
 9 SYSTEMPATH\Boot.php(417): CodeIgniter\CodeIgniter->run()
10 SYSTEMPATH\Boot.php(68): CodeIgniter\Boot::runCodeIgniter(Object(CodeIgniter\CodeIgniter))
11 FCPATH\index.php(56): CodeIgniter\Boot::bootWeb(Object(Config\Paths))
12 SYSTEMPATH\rewrite.php(44): require_once('C:\\Users\\AKU BANGGA JADI IT 2\\Documents\\RafiChandra\\Codeigniter4\\bengkel-salsa-motor\\public\\index.php')
DEBUG - 2026-08-13 08:28:29 --> Session: Class initialized using 'CodeIgniter\Session\Handlers\FileHandler' driver.
CRITICAL - 2026-08-13 08:28:29 --> ErrorException: Undefined array key "nama_kategori"
[Method: GET, Route: admin/transaksiservis/create]
in APPPATH\Views\page\content\form\transaksiservis\create.php on line 304.
 1 APPPATH\Views\page\content\form\transaksiservis\create.php(304): CodeIgniter\Debug\Exceptions->errorHandler(2, 'Undefined array key "nama_kategori"', 'C:\\Users\\AKU BANGGA JADI IT 2\\Documents\\RafiChandra\\Codeigniter4\\bengkel-salsa-motor\\app\\Views\\page\\content\\form\\transaksiservis\\create.php', 304)
 2 SYSTEMPATH\View\View.php(240): include('C:\\Users\\AKU BANGGA JADI IT 2\\Documents\\RafiChandra\\Codeigniter4\\bengkel-salsa-motor\\app\\Views\\page\\content\\form\\transaksiservis\\create.php')
 3 SYSTEMPATH\View\View.php(243): CodeIgniter\View\View->{closure:CodeIgniter\View\View::render():237}()
 4 SYSTEMPATH\Common.php(1268): CodeIgniter\View\View->render('page/content/form/transaksiservis/create', [], true)
 5 APPPATH\Controllers\TransaksiServis.php(91): view('page/content/form/transaksiservis/create', [...])
 6 SYSTEMPATH\CodeIgniter.php(974): App\Controllers\TransaksiServis->create()
 7 SYSTEMPATH\CodeIgniter.php(520): CodeIgniter\CodeIgniter->runController(Object(App\Controllers\TransaksiServis))
 8 SYSTEMPATH\CodeIgniter.php(363): CodeIgniter\CodeIgniter->handleRequest(null, Object(Config\Cache), false)
 9 SYSTEMPATH\Boot.php(417): CodeIgniter\CodeIgniter->run()
10 SYSTEMPATH\Boot.php(68): CodeIgniter\Boot::runCodeIgniter(Object(CodeIgniter\CodeIgniter))
11 FCPATH\index.php(56): CodeIgniter\Boot::bootWeb(Object(Config\Paths))
12 SYSTEMPATH\rewrite.php(44): require_once('C:\\Users\\AKU BANGGA JADI IT 2\\Documents\\RafiChandra\\Codeigniter4\\bengkel-salsa-motor\\public\\index.php')
DEBUG - 2026-08-13 08:28:30 --> Session: Class initialized using 'CodeIgniter\Session\Handlers\FileHandler' driver.
CRITICAL - 2026-08-13 08:28:30 --> ErrorException: Undefined array key "nama_kategori"
[Method: GET, Route: admin/transaksiservis/create]
in APPPATH\Views\page\content\form\transaksiservis\create.php on line 304.
 1 APPPATH\Views\page\content\form\transaksiservis\create.php(304): CodeIgniter\Debug\Exceptions->errorHandler(2, 'Undefined array key "nama_kategori"', 'C:\\Users\\AKU BANGGA JADI IT 2\\Documents\\RafiChandra\\Codeigniter4\\bengkel-salsa-motor\\app\\Views\\page\\content\\form\\transaksiservis\\create.php', 304)
 2 SYSTEMPATH\View\View.php(240): include('C:\\Users\\AKU BANGGA JADI IT 2\\Documents\\RafiChandra\\Codeigniter4\\bengkel-salsa-motor\\app\\Views\\page\\content\\form\\transaksiservis\\create.php')
 3 SYSTEMPATH\View\View.php(243): CodeIgniter\View\View->{closure:CodeIgniter\View\View::render():237}()
 4 SYSTEMPATH\Common.php(1268): CodeIgniter\View\View->render('page/content/form/transaksiservis/create', [], true)
 5 APPPATH\Controllers\TransaksiServis.php(91): view('page/content/form/transaksiservis/create', [...])
 6 SYSTEMPATH\CodeIgniter.php(974): App\Controllers\TransaksiServis->create()
 7 SYSTEMPATH\CodeIgniter.php(520): CodeIgniter\CodeIgniter->runController(Object(App\Controllers\TransaksiServis))
 8 SYSTEMPATH\CodeIgniter.php(363): CodeIgniter\CodeIgniter->handleRequest(null, Object(Config\Cache), false)
 9 SYSTEMPATH\Boot.php(417): CodeIgniter\CodeIgniter->run()
10 SYSTEMPATH\Boot.php(68): CodeIgniter\Boot::runCodeIgniter(Object(CodeIgniter\CodeIgniter))
11 FCPATH\index.php(56): CodeIgniter\Boot::bootWeb(Object(Config\Paths))
12 SYSTEMPATH\rewrite.php(44): require_once('C:\\Users\\AKU BANGGA JADI IT 2\\Documents\\RafiChandra\\Codeigniter4\\bengkel-salsa-motor\\public\\index.php')
DEBUG - 2026-08-13 08:28:30 --> Session: Class initialized using 'CodeIgniter\Session\Handlers\FileHandler' driver.
CRITICAL - 2026-08-13 08:28:30 --> ErrorException: Undefined array key "nama_kategori"
[Method: GET, Route: admin/transaksiservis/create]
in APPPATH\Views\page\content\form\transaksiservis\create.php on line 304.
 1 APPPATH\Views\page\content\form\transaksiservis\create.php(304): CodeIgniter\Debug\Exceptions->errorHandler(2, 'Undefined array key "nama_kategori"', 'C:\\Users\\AKU BANGGA JADI IT 2\\Documents\\RafiChandra\\Codeigniter4\\bengkel-salsa-motor\\app\\Views\\page\\content\\form\\transaksiservis\\create.php', 304)
 2 SYSTEMPATH\View\View.php(240): include('C:\\Users\\AKU BANGGA JADI IT 2\\Documents\\RafiChandra\\Codeigniter4\\bengkel-salsa-motor\\app\\Views\\page\\content\\form\\transaksiservis\\create.php')
 3 SYSTEMPATH\View\View.php(243): CodeIgniter\View\View->{closure:CodeIgniter\View\View::render():237}()
 4 SYSTEMPATH\Common.php(1268): CodeIgniter\View\View->render('page/content/form/transaksiservis/create', [], true)
 5 APPPATH\Controllers\TransaksiServis.php(91): view('page/content/form/transaksiservis/create', [...])
 6 SYSTEMPATH\CodeIgniter.php(974): App\Controllers\TransaksiServis->create()
 7 SYSTEMPATH\CodeIgniter.php(520): CodeIgniter\CodeIgniter->runController(Object(App\Controllers\TransaksiServis))
 8 SYSTEMPATH\CodeIgniter.php(363): CodeIgniter\CodeIgniter->handleRequest(null, Object(Config\Cache), false)
 9 SYSTEMPATH\Boot.php(417): CodeIgniter\CodeIgniter->run()
10 SYSTEMPATH\Boot.php(68): CodeIgniter\Boot::runCodeIgniter(Object(CodeIgniter\CodeIgniter))
11 FCPATH\index.php(56): CodeIgniter\Boot::bootWeb(Object(Config\Paths))
12 SYSTEMPATH\rewrite.php(44): require_once('C:\\Users\\AKU BANGGA JADI IT 2\\Documents\\RafiChandra\\Codeigniter4\\bengkel-salsa-motor\\public\\index.php')
DEBUG - 2026-08-13 08:28:30 --> Session: Class initialized using 'CodeIgniter\Session\Handlers\FileHandler' driver.
CRITICAL - 2026-08-13 08:28:30 --> ErrorException: Undefined array key "nama_kategori"
[Method: GET, Route: admin/transaksiservis/create]
in APPPATH\Views\page\content\form\transaksiservis\create.php on line 304.
 1 APPPATH\Views\page\content\form\transaksiservis\create.php(304): CodeIgniter\Debug\Exceptions->errorHandler(2, 'Undefined array key "nama_kategori"', 'C:\\Users\\AKU BANGGA JADI IT 2\\Documents\\RafiChandra\\Codeigniter4\\bengkel-salsa-motor\\app\\Views\\page\\content\\form\\transaksiservis\\create.php', 304)
 2 SYSTEMPATH\View\View.php(240): include('C:\\Users\\AKU BANGGA JADI IT 2\\Documents\\RafiChandra\\Codeigniter4\\bengkel-salsa-motor\\app\\Views\\page\\content\\form\\transaksiservis\\create.php')
 3 SYSTEMPATH\View\View.php(243): CodeIgniter\View\View->{closure:CodeIgniter\View\View::render():237}()
 4 SYSTEMPATH\Common.php(1268): CodeIgniter\View\View->render('page/content/form/transaksiservis/create', [], true)
 5 APPPATH\Controllers\TransaksiServis.php(91): view('page/content/form/transaksiservis/create', [...])
 6 SYSTEMPATH\CodeIgniter.php(974): App\Controllers\TransaksiServis->create()
 7 SYSTEMPATH\CodeIgniter.php(520): CodeIgniter\CodeIgniter->runController(Object(App\Controllers\TransaksiServis))
 8 SYSTEMPATH\CodeIgniter.php(363): CodeIgniter\CodeIgniter->handleRequest(null, Object(Config\Cache), false)
 9 SYSTEMPATH\Boot.php(417): CodeIgniter\CodeIgniter->run()
10 SYSTEMPATH\Boot.php(68): CodeIgniter\Boot::runCodeIgniter(Object(CodeIgniter\CodeIgniter))
11 FCPATH\index.php(56): CodeIgniter\Boot::bootWeb(Object(Config\Paths))
12 SYSTEMPATH\rewrite.php(44): require_once('C:\\Users\\AKU BANGGA JADI IT 2\\Documents\\RafiChandra\\Codeigniter4\\bengkel-salsa-motor\\public\\index.php')
DEBUG - 2026-08-13 08:28:31 --> Session: Class initialized using 'CodeIgniter\Session\Handlers\FileHandler' driver.
CRITICAL - 2026-08-13 08:28:31 --> ErrorException: Undefined array key "nama_kategori"
[Method: GET, Route: admin/transaksiservis/create]
in APPPATH\Views\page\content\form\transaksiservis\create.php on line 304.
 1 APPPATH\Views\page\content\form\transaksiservis\create.php(304): CodeIgniter\Debug\Exceptions->errorHandler(2, 'Undefined array key "nama_kategori"', 'C:\\Users\\AKU BANGGA JADI IT 2\\Documents\\RafiChandra\\Codeigniter4\\bengkel-salsa-motor\\app\\Views\\page\\content\\form\\transaksiservis\\create.php', 304)
 2 SYSTEMPATH\View\View.php(240): include('C:\\Users\\AKU BANGGA JADI IT 2\\Documents\\RafiChandra\\Codeigniter4\\bengkel-salsa-motor\\app\\Views\\page\\content\\form\\transaksiservis\\create.php')
 3 SYSTEMPATH\View\View.php(243): CodeIgniter\View\View->{closure:CodeIgniter\View\View::render():237}()
 4 SYSTEMPATH\Common.php(1268): CodeIgniter\View\View->render('page/content/form/transaksiservis/create', [], true)
 5 APPPATH\Controllers\TransaksiServis.php(91): view('page/content/form/transaksiservis/create', [...])
 6 SYSTEMPATH\CodeIgniter.php(974): App\Controllers\TransaksiServis->create()
 7 SYSTEMPATH\CodeIgniter.php(520): CodeIgniter\CodeIgniter->runController(Object(App\Controllers\TransaksiServis))
 8 SYSTEMPATH\CodeIgniter.php(363): CodeIgniter\CodeIgniter->handleRequest(null, Object(Config\Cache), false)
 9 SYSTEMPATH\Boot.php(417): CodeIgniter\CodeIgniter->run()
10 SYSTEMPATH\Boot.php(68): CodeIgniter\Boot::runCodeIgniter(Object(CodeIgniter\CodeIgniter))
11 FCPATH\index.php(56): CodeIgniter\Boot::bootWeb(Object(Config\Paths))
12 SYSTEMPATH\rewrite.php(44): require_once('C:\\Users\\AKU BANGGA JADI IT 2\\Documents\\RafiChandra\\Codeigniter4\\bengkel-salsa-motor\\public\\index.php')
DEBUG - 2026-08-13 08:28:31 --> Session: Class initialized using 'CodeIgniter\Session\Handlers\FileHandler' driver.
CRITICAL - 2026-08-13 08:28:31 --> ErrorException: Undefined array key "nama_kategori"
[Method: GET, Route: admin/transaksiservis/create]
in APPPATH\Views\page\content\form\transaksiservis\create.php on line 304.
 1 APPPATH\Views\page\content\form\transaksiservis\create.php(304): CodeIgniter\Debug\Exceptions->errorHandler(2, 'Undefined array key "nama_kategori"', 'C:\\Users\\AKU BANGGA JADI IT 2\\Documents\\RafiChandra\\Codeigniter4\\bengkel-salsa-motor\\app\\Views\\page\\content\\form\\transaksiservis\\create.php', 304)
 2 SYSTEMPATH\View\View.php(240): include('C:\\Users\\AKU BANGGA JADI IT 2\\Documents\\RafiChandra\\Codeigniter4\\bengkel-salsa-motor\\app\\Views\\page\\content\\form\\transaksiservis\\create.php')
 3 SYSTEMPATH\View\View.php(243): CodeIgniter\View\View->{closure:CodeIgniter\View\View::render():237}()
 4 SYSTEMPATH\Common.php(1268): CodeIgniter\View\View->render('page/content/form/transaksiservis/create', [], true)
 5 APPPATH\Controllers\TransaksiServis.php(91): view('page/content/form/transaksiservis/create', [...])
 6 SYSTEMPATH\CodeIgniter.php(974): App\Controllers\TransaksiServis->create()
 7 SYSTEMPATH\CodeIgniter.php(520): CodeIgniter\CodeIgniter->runController(Object(App\Controllers\TransaksiServis))
 8 SYSTEMPATH\CodeIgniter.php(363): CodeIgniter\CodeIgniter->handleRequest(null, Object(Config\Cache), false)
 9 SYSTEMPATH\Boot.php(417): CodeIgniter\CodeIgniter->run()
10 SYSTEMPATH\Boot.php(68): CodeIgniter\Boot::runCodeIgniter(Object(CodeIgniter\CodeIgniter))
11 FCPATH\index.php(56): CodeIgniter\Boot::bootWeb(Object(Config\Paths))
12 SYSTEMPATH\rewrite.php(44): require_once('C:\\Users\\AKU BANGGA JADI IT 2\\Documents\\RafiChandra\\Codeigniter4\\bengkel-salsa-motor\\public\\index.php')
DEBUG - 2026-08-13 08:28:31 --> Session: Class initialized using 'CodeIgniter\Session\Handlers\FileHandler' driver.
CRITICAL - 2026-08-13 08:28:31 --> ErrorException: Undefined array key "nama_kategori"
[Method: GET, Route: admin/transaksiservis/create]
in APPPATH\Views\page\content\form\transaksiservis\create.php on line 304.
 1 APPPATH\Views\page\content\form\transaksiservis\create.php(304): CodeIgniter\Debug\Exceptions->errorHandler(2, 'Undefined array key "nama_kategori"', 'C:\\Users\\AKU BANGGA JADI IT 2\\Documents\\RafiChandra\\Codeigniter4\\bengkel-salsa-motor\\app\\Views\\page\\content\\form\\transaksiservis\\create.php', 304)
 2 SYSTEMPATH\View\View.php(240): include('C:\\Users\\AKU BANGGA JADI IT 2\\Documents\\RafiChandra\\Codeigniter4\\bengkel-salsa-motor\\app\\Views\\page\\content\\form\\transaksiservis\\create.php')
 3 SYSTEMPATH\View\View.php(243): CodeIgniter\View\View->{closure:CodeIgniter\View\View::render():237}()
 4 SYSTEMPATH\Common.php(1268): CodeIgniter\View\View->render('page/content/form/transaksiservis/create', [], true)
 5 APPPATH\Controllers\TransaksiServis.php(91): view('page/content/form/transaksiservis/create', [...])
 6 SYSTEMPATH\CodeIgniter.php(974): App\Controllers\TransaksiServis->create()
 7 SYSTEMPATH\CodeIgniter.php(520): CodeIgniter\CodeIgniter->runController(Object(App\Controllers\TransaksiServis))
 8 SYSTEMPATH\CodeIgniter.php(363): CodeIgniter\CodeIgniter->handleRequest(null, Object(Config\Cache), false)
 9 SYSTEMPATH\Boot.php(417): CodeIgniter\CodeIgniter->run()
10 SYSTEMPATH\Boot.php(68): CodeIgniter\Boot::runCodeIgniter(Object(CodeIgniter\CodeIgniter))
11 FCPATH\index.php(56): CodeIgniter\Boot::bootWeb(Object(Config\Paths))
12 SYSTEMPATH\rewrite.php(44): require_once('C:\\Users\\AKU BANGGA JADI IT 2\\Documents\\RafiChandra\\Codeigniter4\\bengkel-salsa-motor\\public\\index.php')
DEBUG - 2026-08-13 08:28:31 --> Session: Class initialized using 'CodeIgniter\Session\Handlers\FileHandler' driver.
CRITICAL - 2026-08-13 08:28:31 --> ErrorException: Undefined array key "nama_kategori"
[Method: GET, Route: admin/transaksiservis/create]
in APPPATH\Views\page\content\form\transaksiservis\create.php on line 304.
 1 APPPATH\Views\page\content\form\transaksiservis\create.php(304): CodeIgniter\Debug\Exceptions->errorHandler(2, 'Undefined array key "nama_kategori"', 'C:\\Users\\AKU BANGGA JADI IT 2\\Documents\\RafiChandra\\Codeigniter4\\bengkel-salsa-motor\\app\\Views\\page\\content\\form\\transaksiservis\\create.php', 304)
 2 SYSTEMPATH\View\View.php(240): include('C:\\Users\\AKU BANGGA JADI IT 2\\Documents\\RafiChandra\\Codeigniter4\\bengkel-salsa-motor\\app\\Views\\page\\content\\form\\transaksiservis\\create.php')
 3 SYSTEMPATH\View\View.php(243): CodeIgniter\View\View->{closure:CodeIgniter\View\View::render():237}()
 4 SYSTEMPATH\Common.php(1268): CodeIgniter\View\View->render('page/content/form/transaksiservis/create', [], true)
 5 APPPATH\Controllers\TransaksiServis.php(91): view('page/content/form/transaksiservis/create', [...])
 6 SYSTEMPATH\CodeIgniter.php(974): App\Controllers\TransaksiServis->create()
 7 SYSTEMPATH\CodeIgniter.php(520): CodeIgniter\CodeIgniter->runController(Object(App\Controllers\TransaksiServis))
 8 SYSTEMPATH\CodeIgniter.php(363): CodeIgniter\CodeIgniter->handleRequest(null, Object(Config\Cache), false)
 9 SYSTEMPATH\Boot.php(417): CodeIgniter\CodeIgniter->run()
10 SYSTEMPATH\Boot.php(68): CodeIgniter\Boot::runCodeIgniter(Object(CodeIgniter\CodeIgniter))
11 FCPATH\index.php(56): CodeIgniter\Boot::bootWeb(Object(Config\Paths))
12 SYSTEMPATH\rewrite.php(44): require_once('C:\\Users\\AKU BANGGA JADI IT 2\\Documents\\RafiChandra\\Codeigniter4\\bengkel-salsa-motor\\public\\index.php')
DEBUG - 2026-08-13 08:28:32 --> Session: Class initialized using 'CodeIgniter\Session\Handlers\FileHandler' driver.
CRITICAL - 2026-08-13 08:28:32 --> ErrorException: Undefined array key "nama_kategori"
[Method: GET, Route: admin/transaksiservis/create]
in APPPATH\Views\page\content\form\transaksiservis\create.php on line 304.
 1 APPPATH\Views\page\content\form\transaksiservis\create.php(304): CodeIgniter\Debug\Exceptions->errorHandler(2, 'Undefined array key "nama_kategori"', 'C:\\Users\\AKU BANGGA JADI IT 2\\Documents\\RafiChandra\\Codeigniter4\\bengkel-salsa-motor\\app\\Views\\page\\content\\form\\transaksiservis\\create.php', 304)
 2 SYSTEMPATH\View\View.php(240): include('C:\\Users\\AKU BANGGA JADI IT 2\\Documents\\RafiChandra\\Codeigniter4\\bengkel-salsa-motor\\app\\Views\\page\\content\\form\\transaksiservis\\create.php')
 3 SYSTEMPATH\View\View.php(243): CodeIgniter\View\View->{closure:CodeIgniter\View\View::render():237}()
 4 SYSTEMPATH\Common.php(1268): CodeIgniter\View\View->render('page/content/form/transaksiservis/create', [], true)
 5 APPPATH\Controllers\TransaksiServis.php(91): view('page/content/form/transaksiservis/create', [...])
 6 SYSTEMPATH\CodeIgniter.php(974): App\Controllers\TransaksiServis->create()
 7 SYSTEMPATH\CodeIgniter.php(520): CodeIgniter\CodeIgniter->runController(Object(App\Controllers\TransaksiServis))
 8 SYSTEMPATH\CodeIgniter.php(363): CodeIgniter\CodeIgniter->handleRequest(null, Object(Config\Cache), false)
 9 SYSTEMPATH\Boot.php(417): CodeIgniter\CodeIgniter->run()
10 SYSTEMPATH\Boot.php(68): CodeIgniter\Boot::runCodeIgniter(Object(CodeIgniter\CodeIgniter))
11 FCPATH\index.php(56): CodeIgniter\Boot::bootWeb(Object(Config\Paths))
12 SYSTEMPATH\rewrite.php(44): require_once('C:\\Users\\AKU BANGGA JADI IT 2\\Documents\\RafiChandra\\Codeigniter4\\bengkel-salsa-motor\\public\\index.php')
DEBUG - 2026-08-13 08:28:32 --> Session: Class initialized using 'CodeIgniter\Session\Handlers\FileHandler' driver.
CRITICAL - 2026-08-13 08:28:32 --> ErrorException: Undefined array key "nama_kategori"
[Method: GET, Route: admin/transaksiservis/create]
in APPPATH\Views\page\content\form\transaksiservis\create.php on line 304.
 1 APPPATH\Views\page\content\form\transaksiservis\create.php(304): CodeIgniter\Debug\Exceptions->errorHandler(2, 'Undefined array key "nama_kategori"', 'C:\\Users\\AKU BANGGA JADI IT 2\\Documents\\RafiChandra\\Codeigniter4\\bengkel-salsa-motor\\app\\Views\\page\\content\\form\\transaksiservis\\create.php', 304)
 2 SYSTEMPATH\View\View.php(240): include('C:\\Users\\AKU BANGGA JADI IT 2\\Documents\\RafiChandra\\Codeigniter4\\bengkel-salsa-motor\\app\\Views\\page\\content\\form\\transaksiservis\\create.php')
 3 SYSTEMPATH\View\View.php(243): CodeIgniter\View\View->{closure:CodeIgniter\View\View::render():237}()
 4 SYSTEMPATH\Common.php(1268): CodeIgniter\View\View->render('page/content/form/transaksiservis/create', [], true)
 5 APPPATH\Controllers\TransaksiServis.php(91): view('page/content/form/transaksiservis/create', [...])
 6 SYSTEMPATH\CodeIgniter.php(974): App\Controllers\TransaksiServis->create()
 7 SYSTEMPATH\CodeIgniter.php(520): CodeIgniter\CodeIgniter->runController(Object(App\Controllers\TransaksiServis))
 8 SYSTEMPATH\CodeIgniter.php(363): CodeIgniter\CodeIgniter->handleRequest(null, Object(Config\Cache), false)
 9 SYSTEMPATH\Boot.php(417): CodeIgniter\CodeIgniter->run()
10 SYSTEMPATH\Boot.php(68): CodeIgniter\Boot::runCodeIgniter(Object(CodeIgniter\CodeIgniter))
11 FCPATH\index.php(56): CodeIgniter\Boot::bootWeb(Object(Config\Paths))
12 SYSTEMPATH\rewrite.php(44): require_once('C:\\Users\\AKU BANGGA JADI IT 2\\Documents\\RafiChandra\\Codeigniter4\\bengkel-salsa-motor\\public\\index.php')
DEBUG - 2026-08-13 08:28:32 --> Session: Class initialized using 'CodeIgniter\Session\Handlers\FileHandler' driver.
CRITICAL - 2026-08-13 08:28:32 --> ErrorException: Undefined array key "nama_kategori"
[Method: GET, Route: admin/transaksiservis/create]
in APPPATH\Views\page\content\form\transaksiservis\create.php on line 304.
 1 APPPATH\Views\page\content\form\transaksiservis\create.php(304): CodeIgniter\Debug\Exceptions->errorHandler(2, 'Undefined array key "nama_kategori"', 'C:\\Users\\AKU BANGGA JADI IT 2\\Documents\\RafiChandra\\Codeigniter4\\bengkel-salsa-motor\\app\\Views\\page\\content\\form\\transaksiservis\\create.php', 304)
 2 SYSTEMPATH\View\View.php(240): include('C:\\Users\\AKU BANGGA JADI IT 2\\Documents\\RafiChandra\\Codeigniter4\\bengkel-salsa-motor\\app\\Views\\page\\content\\form\\transaksiservis\\create.php')
 3 SYSTEMPATH\View\View.php(243): CodeIgniter\View\View->{closure:CodeIgniter\View\View::render():237}()
 4 SYSTEMPATH\Common.php(1268): CodeIgniter\View\View->render('page/content/form/transaksiservis/create', [], true)
 5 APPPATH\Controllers\TransaksiServis.php(91): view('page/content/form/transaksiservis/create', [...])
 6 SYSTEMPATH\CodeIgniter.php(974): App\Controllers\TransaksiServis->create()
 7 SYSTEMPATH\CodeIgniter.php(520): CodeIgniter\CodeIgniter->runController(Object(App\Controllers\TransaksiServis))
 8 SYSTEMPATH\CodeIgniter.php(363): CodeIgniter\CodeIgniter->handleRequest(null, Object(Config\Cache), false)
 9 SYSTEMPATH\Boot.php(417): CodeIgniter\CodeIgniter->run()
10 SYSTEMPATH\Boot.php(68): CodeIgniter\Boot::runCodeIgniter(Object(CodeIgniter\CodeIgniter))
11 FCPATH\index.php(56): CodeIgniter\Boot::bootWeb(Object(Config\Paths))
12 SYSTEMPATH\rewrite.php(44): require_once('C:\\Users\\AKU BANGGA JADI IT 2\\Documents\\RafiChandra\\Codeigniter4\\bengkel-salsa-motor\\public\\index.php')
DEBUG - 2026-08-13 08:28:34 --> Session: Class initialized using 'CodeIgniter\Session\Handlers\FileHandler' driver.
DEBUG - 2026-08-13 08:28:35 --> Session: Class initialized using 'CodeIgniter\Session\Handlers\FileHandler' driver.
ERROR - 2026-08-13 08:28:35 --> Unknown column 'satuan.id' in 'on clause'
in SYSTEMPATH\Database\MySQLi\Connection.php on line 300.
 1 SYSTEMPATH\Database\MySQLi\Connection.php(300): mysqli->query('SELECT `temp_transaksi_servis`.*, `servis`.`jenis_servis`, `barang`.`nama_barng`, `satuan`.`nama_satuan`
FROM `temp_transaksi_servis`
LEFT JOIN `servis` ON `servis`.`kodeservis` = `temp_transaksi_servis`.`detserviskode`
LEFT JOIN `barang` ON `barang`.`kode` = `temp_transaksi_servis`.`detailbrgkode`
LEFT JOIN `satuan` ON `satuan`.`id` = `barang`.`satuanid`
WHERE `temp_transaksi_servis`.`session_id` = \'62a7016f6892d9032520491dd6b35857\'', 0)
 2 SYSTEMPATH\Database\BaseConnection.php(908): CodeIgniter\Database\MySQLi\Connection->execute('SELECT `temp_transaksi_servis`.*, `servis`.`jenis_servis`, `barang`.`nama_barng`, `satuan`.`nama_satuan`
FROM `temp_transaksi_servis`
LEFT JOIN `servis` ON `servis`.`kodeservis` = `temp_transaksi_servis`.`detserviskode`
LEFT JOIN `barang` ON `barang`.`kode` = `temp_transaksi_servis`.`detailbrgkode`
LEFT JOIN `satuan` ON `satuan`.`id` = `barang`.`satuanid`
WHERE `temp_transaksi_servis`.`session_id` = \'62a7016f6892d9032520491dd6b35857\'')
 3 SYSTEMPATH\Database\BaseConnection.php(825): CodeIgniter\Database\BaseConnection->simpleQuery('SELECT `temp_transaksi_servis`.*, `servis`.`jenis_servis`, `barang`.`nama_barng`, `satuan`.`nama_satuan`
FROM `temp_transaksi_servis`
LEFT JOIN `servis` ON `servis`.`kodeservis` = `temp_transaksi_servis`.`detserviskode`
LEFT JOIN `barang` ON `barang`.`kode` = `temp_transaksi_servis`.`detailbrgkode`
LEFT JOIN `satuan` ON `satuan`.`id` = `barang`.`satuanid`
WHERE `temp_transaksi_servis`.`session_id` = \'62a7016f6892d9032520491dd6b35857\'')
 4 SYSTEMPATH\Database\BaseBuilder.php(1659): CodeIgniter\Database\BaseConnection->query('SELECT `temp_transaksi_servis`.*, `servis`.`jenis_servis`, `barang`.`nama_barng`, `satuan`.`nama_satuan`
FROM `temp_transaksi_servis`
LEFT JOIN `servis` ON `servis`.`kodeservis` = `temp_transaksi_servis`.`detserviskode`
LEFT JOIN `barang` ON `barang`.`kode` = `temp_transaksi_servis`.`detailbrgkode`
LEFT JOIN `satuan` ON `satuan`.`id` = `barang`.`satuanid`
WHERE `temp_transaksi_servis`.`session_id` = :temp_transaksi_servis.session_id:', [...], false)
 5 SYSTEMPATH\Model.php(255): CodeIgniter\Database\BaseBuilder->get()
 6 SYSTEMPATH\BaseModel.php(676): CodeIgniter\Model->doFindAll(0, 0)
 7 APPPATH\Models\TempTransaksiServisModel.php(32): CodeIgniter\BaseModel->findAll()
 8 APPPATH\Controllers\TransaksiServis.php(97): App\Models\TempTransaksiServisModel->getTempWithInfo('62a7016f6892d9032520491dd6b35857')
 9 SYSTEMPATH\CodeIgniter.php(974): App\Controllers\TransaksiServis->getTemp()
10 SYSTEMPATH\CodeIgniter.php(520): CodeIgniter\CodeIgniter->runController(Object(App\Controllers\TransaksiServis))
11 SYSTEMPATH\CodeIgniter.php(363): CodeIgniter\CodeIgniter->handleRequest(null, Object(Config\Cache), false)
12 SYSTEMPATH\Boot.php(417): CodeIgniter\CodeIgniter->run()
13 SYSTEMPATH\Boot.php(68): CodeIgniter\Boot::runCodeIgniter(Object(CodeIgniter\CodeIgniter))
14 FCPATH\index.php(56): CodeIgniter\Boot::bootWeb(Object(Config\Paths))
15 SYSTEMPATH\rewrite.php(44): require_once('C:\\Users\\AKU BANGGA JADI IT 2\\Documents\\RafiChandra\\Codeigniter4\\bengkel-salsa-motor\\public\\index.php')
CRITICAL - 2026-08-13 08:28:35 --> CodeIgniter\Database\Exceptions\DatabaseException: Unknown column 'satuan.id' in 'on clause'
[Method: GET, Route: admin/transaksiservis/getTemp]
in SYSTEMPATH\Database\BaseConnection.php on line 863.
 1 SYSTEMPATH\Database\BaseBuilder.php(1659): CodeIgniter\Database\BaseConnection->query('SELECT `temp_transaksi_servis`.*, `servis`.`jenis_servis`, `barang`.`nama_barng`, `satuan`.`nama_satuan`
FROM `temp_transaksi_servis`
LEFT JOIN `servis` ON `servis`.`kodeservis` = `temp_transaksi_servis`.`detserviskode`
LEFT JOIN `barang` ON `barang`.`kode` = `temp_transaksi_servis`.`detailbrgkode`
LEFT JOIN `satuan` ON `satuan`.`id` = `barang`.`satuanid`
WHERE `temp_transaksi_servis`.`session_id` = :temp_transaksi_servis.session_id:', [...], false)
 2 SYSTEMPATH\Model.php(255): CodeIgniter\Database\BaseBuilder->get()
 3 SYSTEMPATH\BaseModel.php(676): CodeIgniter\Model->doFindAll(0, 0)
 4 APPPATH\Models\TempTransaksiServisModel.php(32): CodeIgniter\BaseModel->findAll()
 5 APPPATH\Controllers\TransaksiServis.php(97): App\Models\TempTransaksiServisModel->getTempWithInfo('62a7016f6892d9032520491dd6b35857')
 6 SYSTEMPATH\CodeIgniter.php(974): App\Controllers\TransaksiServis->getTemp()
 7 SYSTEMPATH\CodeIgniter.php(520): CodeIgniter\CodeIgniter->runController(Object(App\Controllers\TransaksiServis))
 8 SYSTEMPATH\CodeIgniter.php(363): CodeIgniter\CodeIgniter->handleRequest(null, Object(Config\Cache), false)
 9 SYSTEMPATH\Boot.php(417): CodeIgniter\CodeIgniter->run()
10 SYSTEMPATH\Boot.php(68): CodeIgniter\Boot::runCodeIgniter(Object(CodeIgniter\CodeIgniter))
11 FCPATH\index.php(56): CodeIgniter\Boot::bootWeb(Object(Config\Paths))
12 SYSTEMPATH\rewrite.php(44): require_once('C:\\Users\\AKU BANGGA JADI IT 2\\Documents\\RafiChandra\\Codeigniter4\\bengkel-salsa-motor\\public\\index.php')
CRITICAL - 2026-08-13 08:28:35 --> [Caused by] CodeIgniter\Database\Exceptions\DatabaseException: Unknown column 'satuan.id' in 'on clause'
in SYSTEMPATH\Database\MySQLi\Connection.php on line 310.
 1 SYSTEMPATH\Database\BaseConnection.php(908): CodeIgniter\Database\MySQLi\Connection->execute('SELECT `temp_transaksi_servis`.*, `servis`.`jenis_servis`, `barang`.`nama_barng`, `satuan`.`nama_satuan`
FROM `temp_transaksi_servis`
LEFT JOIN `servis` ON `servis`.`kodeservis` = `temp_transaksi_servis`.`detserviskode`
LEFT JOIN `barang` ON `barang`.`kode` = `temp_transaksi_servis`.`detailbrgkode`
LEFT JOIN `satuan` ON `satuan`.`id` = `barang`.`satuanid`
WHERE `temp_transaksi_servis`.`session_id` = \'62a7016f6892d9032520491dd6b35857\'')
 2 SYSTEMPATH\Database\BaseConnection.php(825): CodeIgniter\Database\BaseConnection->simpleQuery('SELECT `temp_transaksi_servis`.*, `servis`.`jenis_servis`, `barang`.`nama_barng`, `satuan`.`nama_satuan`
FROM `temp_transaksi_servis`
LEFT JOIN `servis` ON `servis`.`kodeservis` = `temp_transaksi_servis`.`detserviskode`
LEFT JOIN `barang` ON `barang`.`kode` = `temp_transaksi_servis`.`detailbrgkode`
LEFT JOIN `satuan` ON `satuan`.`id` = `barang`.`satuanid`
WHERE `temp_transaksi_servis`.`session_id` = \'62a7016f6892d9032520491dd6b35857\'')
 3 SYSTEMPATH\Database\BaseBuilder.php(1659): CodeIgniter\Database\BaseConnection->query('SELECT `temp_transaksi_servis`.*, `servis`.`jenis_servis`, `barang`.`nama_barng`, `satuan`.`nama_satuan`
FROM `temp_transaksi_servis`
LEFT JOIN `servis` ON `servis`.`kodeservis` = `temp_transaksi_servis`.`detserviskode`
LEFT JOIN `barang` ON `barang`.`kode` = `temp_transaksi_servis`.`detailbrgkode`
LEFT JOIN `satuan` ON `satuan`.`id` = `barang`.`satuanid`
WHERE `temp_transaksi_servis`.`session_id` = :temp_transaksi_servis.session_id:', [...], false)
 4 SYSTEMPATH\Model.php(255): CodeIgniter\Database\BaseBuilder->get()
 5 SYSTEMPATH\BaseModel.php(676): CodeIgniter\Model->doFindAll(0, 0)
 6 APPPATH\Models\TempTransaksiServisModel.php(32): CodeIgniter\BaseModel->findAll()
 7 APPPATH\Controllers\TransaksiServis.php(97): App\Models\TempTransaksiServisModel->getTempWithInfo('62a7016f6892d9032520491dd6b35857')
 8 SYSTEMPATH\CodeIgniter.php(974): App\Controllers\TransaksiServis->getTemp()
 9 SYSTEMPATH\CodeIgniter.php(520): CodeIgniter\CodeIgniter->runController(Object(App\Controllers\TransaksiServis))
10 SYSTEMPATH\CodeIgniter.php(363): CodeIgniter\CodeIgniter->handleRequest(null, Object(Config\Cache), false)
11 SYSTEMPATH\Boot.php(417): CodeIgniter\CodeIgniter->run()
12 SYSTEMPATH\Boot.php(68): CodeIgniter\Boot::runCodeIgniter(Object(CodeIgniter\CodeIgniter))
13 FCPATH\index.php(56): CodeIgniter\Boot::bootWeb(Object(Config\Paths))
14 SYSTEMPATH\rewrite.php(44): require_once('C:\\Users\\AKU BANGGA JADI IT 2\\Documents\\RafiChandra\\Codeigniter4\\bengkel-salsa-motor\\public\\index.php')
CRITICAL - 2026-08-13 08:28:35 --> [Caused by] mysqli_sql_exception: Unknown column 'satuan.id' in 'on clause'
in SYSTEMPATH\Database\MySQLi\Connection.php on line 300.
 1 SYSTEMPATH\Database\MySQLi\Connection.php(300): mysqli->query('SELECT `temp_transaksi_servis`.*, `servis`.`jenis_servis`, `barang`.`nama_barng`, `satuan`.`nama_satuan`
FROM `temp_transaksi_servis`
LEFT JOIN `servis` ON `servis`.`kodeservis` = `temp_transaksi_servis`.`detserviskode`
LEFT JOIN `barang` ON `barang`.`kode` = `temp_transaksi_servis`.`detailbrgkode`
LEFT JOIN `satuan` ON `satuan`.`id` = `barang`.`satuanid`
WHERE `temp_transaksi_servis`.`session_id` = \'62a7016f6892d9032520491dd6b35857\'', 0)
 2 SYSTEMPATH\Database\BaseConnection.php(908): CodeIgniter\Database\MySQLi\Connection->execute('SELECT `temp_transaksi_servis`.*, `servis`.`jenis_servis`, `barang`.`nama_barng`, `satuan`.`nama_satuan`
FROM `temp_transaksi_servis`
LEFT JOIN `servis` ON `servis`.`kodeservis` = `temp_transaksi_servis`.`detserviskode`
LEFT JOIN `barang` ON `barang`.`kode` = `temp_transaksi_servis`.`detailbrgkode`
LEFT JOIN `satuan` ON `satuan`.`id` = `barang`.`satuanid`
WHERE `temp_transaksi_servis`.`session_id` = \'62a7016f6892d9032520491dd6b35857\'')
 3 SYSTEMPATH\Database\BaseConnection.php(825): CodeIgniter\Database\BaseConnection->simpleQuery('SELECT `temp_transaksi_servis`.*, `servis`.`jenis_servis`, `barang`.`nama_barng`, `satuan`.`nama_satuan`
FROM `temp_transaksi_servis`
LEFT JOIN `servis` ON `servis`.`kodeservis` = `temp_transaksi_servis`.`detserviskode`
LEFT JOIN `barang` ON `barang`.`kode` = `temp_transaksi_servis`.`detailbrgkode`
LEFT JOIN `satuan` ON `satuan`.`id` = `barang`.`satuanid`
WHERE `temp_transaksi_servis`.`session_id` = \'62a7016f6892d9032520491dd6b35857\'')
 4 SYSTEMPATH\Database\BaseBuilder.php(1659): CodeIgniter\Database\BaseConnection->query('SELECT `temp_transaksi_servis`.*, `servis`.`jenis_servis`, `barang`.`nama_barng`, `satuan`.`nama_satuan`
FROM `temp_transaksi_servis`
LEFT JOIN `servis` ON `servis`.`kodeservis` = `temp_transaksi_servis`.`detserviskode`
LEFT JOIN `barang` ON `barang`.`kode` = `temp_transaksi_servis`.`detailbrgkode`
LEFT JOIN `satuan` ON `satuan`.`id` = `barang`.`satuanid`
WHERE `temp_transaksi_servis`.`session_id` = :temp_transaksi_servis.session_id:', [...], false)
 5 SYSTEMPATH\Model.php(255): CodeIgniter\Database\BaseBuilder->get()
 6 SYSTEMPATH\BaseModel.php(676): CodeIgniter\Model->doFindAll(0, 0)
 7 APPPATH\Models\TempTransaksiServisModel.php(32): CodeIgniter\BaseModel->findAll()
 8 APPPATH\Controllers\TransaksiServis.php(97): App\Models\TempTransaksiServisModel->getTempWithInfo('62a7016f6892d9032520491dd6b35857')
 9 SYSTEMPATH\CodeIgniter.php(974): App\Controllers\TransaksiServis->getTemp()
10 SYSTEMPATH\CodeIgniter.php(520): CodeIgniter\CodeIgniter->runController(Object(App\Controllers\TransaksiServis))
11 SYSTEMPATH\CodeIgniter.php(363): CodeIgniter\CodeIgniter->handleRequest(null, Object(Config\Cache), false)
12 SYSTEMPATH\Boot.php(417): CodeIgniter\CodeIgniter->run()
13 SYSTEMPATH\Boot.php(68): CodeIgniter\Boot::runCodeIgniter(Object(CodeIgniter\CodeIgniter))
14 FCPATH\index.php(56): CodeIgniter\Boot::bootWeb(Object(Config\Paths))
15 SYSTEMPATH\rewrite.php(44): require_once('C:\\Users\\AKU BANGGA JADI IT 2\\Documents\\RafiChandra\\Codeigniter4\\bengkel-salsa-motor\\public\\index.php')
DEBUG - 2026-08-13 08:29:49 --> Session: Class initialized using 'CodeIgniter\Session\Handlers\FileHandler' driver.
DEBUG - 2026-08-13 08:29:50 --> Session: Class initialized using 'CodeIgniter\Session\Handlers\FileHandler' driver.
ERROR - 2026-08-13 08:29:50 --> Unknown column 'satuan.id' in 'on clause'
in SYSTEMPATH\Database\MySQLi\Connection.php on line 300.
 1 SYSTEMPATH\Database\MySQLi\Connection.php(300): mysqli->query('SELECT `temp_transaksi_servis`.*, `servis`.`jenis_servis`, `barang`.`nama_barng`, `satuan`.`nama_satuan`
FROM `temp_transaksi_servis`
LEFT JOIN `servis` ON `servis`.`kodeservis` = `temp_transaksi_servis`.`detserviskode`
LEFT JOIN `barang` ON `barang`.`kode` = `temp_transaksi_servis`.`detailbrgkode`
LEFT JOIN `satuan` ON `satuan`.`id` = `barang`.`satuanid`
WHERE `temp_transaksi_servis`.`session_id` = \'62a7016f6892d9032520491dd6b35857\'', 0)
 2 SYSTEMPATH\Database\BaseConnection.php(908): CodeIgniter\Database\MySQLi\Connection->execute('SELECT `temp_transaksi_servis`.*, `servis`.`jenis_servis`, `barang`.`nama_barng`, `satuan`.`nama_satuan`
FROM `temp_transaksi_servis`
LEFT JOIN `servis` ON `servis`.`kodeservis` = `temp_transaksi_servis`.`detserviskode`
LEFT JOIN `barang` ON `barang`.`kode` = `temp_transaksi_servis`.`detailbrgkode`
LEFT JOIN `satuan` ON `satuan`.`id` = `barang`.`satuanid`
WHERE `temp_transaksi_servis`.`session_id` = \'62a7016f6892d9032520491dd6b35857\'')
 3 SYSTEMPATH\Database\BaseConnection.php(825): CodeIgniter\Database\BaseConnection->simpleQuery('SELECT `temp_transaksi_servis`.*, `servis`.`jenis_servis`, `barang`.`nama_barng`, `satuan`.`nama_satuan`
FROM `temp_transaksi_servis`
LEFT JOIN `servis` ON `servis`.`kodeservis` = `temp_transaksi_servis`.`detserviskode`
LEFT JOIN `barang` ON `barang`.`kode` = `temp_transaksi_servis`.`detailbrgkode`
LEFT JOIN `satuan` ON `satuan`.`id` = `barang`.`satuanid`
WHERE `temp_transaksi_servis`.`session_id` = \'62a7016f6892d9032520491dd6b35857\'')
 4 SYSTEMPATH\Database\BaseBuilder.php(1659): CodeIgniter\Database\BaseConnection->query('SELECT `temp_transaksi_servis`.*, `servis`.`jenis_servis`, `barang`.`nama_barng`, `satuan`.`nama_satuan`
FROM `temp_transaksi_servis`
LEFT JOIN `servis` ON `servis`.`kodeservis` = `temp_transaksi_servis`.`detserviskode`
LEFT JOIN `barang` ON `barang`.`kode` = `temp_transaksi_servis`.`detailbrgkode`
LEFT JOIN `satuan` ON `satuan`.`id` = `barang`.`satuanid`
WHERE `temp_transaksi_servis`.`session_id` = :temp_transaksi_servis.session_id:', [...], false)
 5 SYSTEMPATH\Model.php(255): CodeIgniter\Database\BaseBuilder->get()
 6 SYSTEMPATH\BaseModel.php(676): CodeIgniter\Model->doFindAll(0, 0)
 7 APPPATH\Models\TempTransaksiServisModel.php(32): CodeIgniter\BaseModel->findAll()
 8 APPPATH\Controllers\TransaksiServis.php(97): App\Models\TempTransaksiServisModel->getTempWithInfo('62a7016f6892d9032520491dd6b35857')
 9 SYSTEMPATH\CodeIgniter.php(974): App\Controllers\TransaksiServis->getTemp()
10 SYSTEMPATH\CodeIgniter.php(520): CodeIgniter\CodeIgniter->runController(Object(App\Controllers\TransaksiServis))
11 SYSTEMPATH\CodeIgniter.php(363): CodeIgniter\CodeIgniter->handleRequest(null, Object(Config\Cache), false)
12 SYSTEMPATH\Boot.php(417): CodeIgniter\CodeIgniter->run()
13 SYSTEMPATH\Boot.php(68): CodeIgniter\Boot::runCodeIgniter(Object(CodeIgniter\CodeIgniter))
14 FCPATH\index.php(56): CodeIgniter\Boot::bootWeb(Object(Config\Paths))
15 SYSTEMPATH\rewrite.php(44): require_once('C:\\Users\\AKU BANGGA JADI IT 2\\Documents\\RafiChandra\\Codeigniter4\\bengkel-salsa-motor\\public\\index.php')
CRITICAL - 2026-08-13 08:29:50 --> CodeIgniter\Database\Exceptions\DatabaseException: Unknown column 'satuan.id' in 'on clause'
[Method: GET, Route: admin/transaksiservis/getTemp]
in SYSTEMPATH\Database\BaseConnection.php on line 863.
 1 SYSTEMPATH\Database\BaseBuilder.php(1659): CodeIgniter\Database\BaseConnection->query('SELECT `temp_transaksi_servis`.*, `servis`.`jenis_servis`, `barang`.`nama_barng`, `satuan`.`nama_satuan`
FROM `temp_transaksi_servis`
LEFT JOIN `servis` ON `servis`.`kodeservis` = `temp_transaksi_servis`.`detserviskode`
LEFT JOIN `barang` ON `barang`.`kode` = `temp_transaksi_servis`.`detailbrgkode`
LEFT JOIN `satuan` ON `satuan`.`id` = `barang`.`satuanid`
WHERE `temp_transaksi_servis`.`session_id` = :temp_transaksi_servis.session_id:', [...], false)
 2 SYSTEMPATH\Model.php(255): CodeIgniter\Database\BaseBuilder->get()
 3 SYSTEMPATH\BaseModel.php(676): CodeIgniter\Model->doFindAll(0, 0)
 4 APPPATH\Models\TempTransaksiServisModel.php(32): CodeIgniter\BaseModel->findAll()
 5 APPPATH\Controllers\TransaksiServis.php(97): App\Models\TempTransaksiServisModel->getTempWithInfo('62a7016f6892d9032520491dd6b35857')
 6 SYSTEMPATH\CodeIgniter.php(974): App\Controllers\TransaksiServis->getTemp()
 7 SYSTEMPATH\CodeIgniter.php(520): CodeIgniter\CodeIgniter->runController(Object(App\Controllers\TransaksiServis))
 8 SYSTEMPATH\CodeIgniter.php(363): CodeIgniter\CodeIgniter->handleRequest(null, Object(Config\Cache), false)
 9 SYSTEMPATH\Boot.php(417): CodeIgniter\CodeIgniter->run()
10 SYSTEMPATH\Boot.php(68): CodeIgniter\Boot::runCodeIgniter(Object(CodeIgniter\CodeIgniter))
11 FCPATH\index.php(56): CodeIgniter\Boot::bootWeb(Object(Config\Paths))
12 SYSTEMPATH\rewrite.php(44): require_once('C:\\Users\\AKU BANGGA JADI IT 2\\Documents\\RafiChandra\\Codeigniter4\\bengkel-salsa-motor\\public\\index.php')
CRITICAL - 2026-08-13 08:29:50 --> [Caused by] CodeIgniter\Database\Exceptions\DatabaseException: Unknown column 'satuan.id' in 'on clause'
in SYSTEMPATH\Database\MySQLi\Connection.php on line 310.
 1 SYSTEMPATH\Database\BaseConnection.php(908): CodeIgniter\Database\MySQLi\Connection->execute('SELECT `temp_transaksi_servis`.*, `servis`.`jenis_servis`, `barang`.`nama_barng`, `satuan`.`nama_satuan`
FROM `temp_transaksi_servis`
LEFT JOIN `servis` ON `servis`.`kodeservis` = `temp_transaksi_servis`.`detserviskode`
LEFT JOIN `barang` ON `barang`.`kode` = `temp_transaksi_servis`.`detailbrgkode`
LEFT JOIN `satuan` ON `satuan`.`id` = `barang`.`satuanid`
WHERE `temp_transaksi_servis`.`session_id` = \'62a7016f6892d9032520491dd6b35857\'')
 2 SYSTEMPATH\Database\BaseConnection.php(825): CodeIgniter\Database\BaseConnection->simpleQuery('SELECT `temp_transaksi_servis`.*, `servis`.`jenis_servis`, `barang`.`nama_barng`, `satuan`.`nama_satuan`
FROM `temp_transaksi_servis`
LEFT JOIN `servis` ON `servis`.`kodeservis` = `temp_transaksi_servis`.`detserviskode`
LEFT JOIN `barang` ON `barang`.`kode` = `temp_transaksi_servis`.`detailbrgkode`
LEFT JOIN `satuan` ON `satuan`.`id` = `barang`.`satuanid`
WHERE `temp_transaksi_servis`.`session_id` = \'62a7016f6892d9032520491dd6b35857\'')
 3 SYSTEMPATH\Database\BaseBuilder.php(1659): CodeIgniter\Database\BaseConnection->query('SELECT `temp_transaksi_servis`.*, `servis`.`jenis_servis`, `barang`.`nama_barng`, `satuan`.`nama_satuan`
FROM `temp_transaksi_servis`
LEFT JOIN `servis` ON `servis`.`kodeservis` = `temp_transaksi_servis`.`detserviskode`
LEFT JOIN `barang` ON `barang`.`kode` = `temp_transaksi_servis`.`detailbrgkode`
LEFT JOIN `satuan` ON `satuan`.`id` = `barang`.`satuanid`
WHERE `temp_transaksi_servis`.`session_id` = :temp_transaksi_servis.session_id:', [...], false)
 4 SYSTEMPATH\Model.php(255): CodeIgniter\Database\BaseBuilder->get()
 5 SYSTEMPATH\BaseModel.php(676): CodeIgniter\Model->doFindAll(0, 0)
 6 APPPATH\Models\TempTransaksiServisModel.php(32): CodeIgniter\BaseModel->findAll()
 7 APPPATH\Controllers\TransaksiServis.php(97): App\Models\TempTransaksiServisModel->getTempWithInfo('62a7016f6892d9032520491dd6b35857')
 8 SYSTEMPATH\CodeIgniter.php(974): App\Controllers\TransaksiServis->getTemp()
 9 SYSTEMPATH\CodeIgniter.php(520): CodeIgniter\CodeIgniter->runController(Object(App\Controllers\TransaksiServis))
10 SYSTEMPATH\CodeIgniter.php(363): CodeIgniter\CodeIgniter->handleRequest(null, Object(Config\Cache), false)
11 SYSTEMPATH\Boot.php(417): CodeIgniter\CodeIgniter->run()
12 SYSTEMPATH\Boot.php(68): CodeIgniter\Boot::runCodeIgniter(Object(CodeIgniter\CodeIgniter))
13 FCPATH\index.php(56): CodeIgniter\Boot::bootWeb(Object(Config\Paths))
14 SYSTEMPATH\rewrite.php(44): require_once('C:\\Users\\AKU BANGGA JADI IT 2\\Documents\\RafiChandra\\Codeigniter4\\bengkel-salsa-motor\\public\\index.php')
CRITICAL - 2026-08-13 08:29:50 --> [Caused by] mysqli_sql_exception: Unknown column 'satuan.id' in 'on clause'
in SYSTEMPATH\Database\MySQLi\Connection.php on line 300.
 1 SYSTEMPATH\Database\MySQLi\Connection.php(300): mysqli->query('SELECT `temp_transaksi_servis`.*, `servis`.`jenis_servis`, `barang`.`nama_barng`, `satuan`.`nama_satuan`
FROM `temp_transaksi_servis`
LEFT JOIN `servis` ON `servis`.`kodeservis` = `temp_transaksi_servis`.`detserviskode`
LEFT JOIN `barang` ON `barang`.`kode` = `temp_transaksi_servis`.`detailbrgkode`
LEFT JOIN `satuan` ON `satuan`.`id` = `barang`.`satuanid`
WHERE `temp_transaksi_servis`.`session_id` = \'62a7016f6892d9032520491dd6b35857\'', 0)
 2 SYSTEMPATH\Database\BaseConnection.php(908): CodeIgniter\Database\MySQLi\Connection->execute('SELECT `temp_transaksi_servis`.*, `servis`.`jenis_servis`, `barang`.`nama_barng`, `satuan`.`nama_satuan`
FROM `temp_transaksi_servis`
LEFT JOIN `servis` ON `servis`.`kodeservis` = `temp_transaksi_servis`.`detserviskode`
LEFT JOIN `barang` ON `barang`.`kode` = `temp_transaksi_servis`.`detailbrgkode`
LEFT JOIN `satuan` ON `satuan`.`id` = `barang`.`satuanid`
WHERE `temp_transaksi_servis`.`session_id` = \'62a7016f6892d9032520491dd6b35857\'')
 3 SYSTEMPATH\Database\BaseConnection.php(825): CodeIgniter\Database\BaseConnection->simpleQuery('SELECT `temp_transaksi_servis`.*, `servis`.`jenis_servis`, `barang`.`nama_barng`, `satuan`.`nama_satuan`
FROM `temp_transaksi_servis`
LEFT JOIN `servis` ON `servis`.`kodeservis` = `temp_transaksi_servis`.`detserviskode`
LEFT JOIN `barang` ON `barang`.`kode` = `temp_transaksi_servis`.`detailbrgkode`
LEFT JOIN `satuan` ON `satuan`.`id` = `barang`.`satuanid`
WHERE `temp_transaksi_servis`.`session_id` = \'62a7016f6892d9032520491dd6b35857\'')
 4 SYSTEMPATH\Database\BaseBuilder.php(1659): CodeIgniter\Database\BaseConnection->query('SELECT `temp_transaksi_servis`.*, `servis`.`jenis_servis`, `barang`.`nama_barng`, `satuan`.`nama_satuan`
FROM `temp_transaksi_servis`
LEFT JOIN `servis` ON `servis`.`kodeservis` = `temp_transaksi_servis`.`detserviskode`
LEFT JOIN `barang` ON `barang`.`kode` = `temp_transaksi_servis`.`detailbrgkode`
LEFT JOIN `satuan` ON `satuan`.`id` = `barang`.`satuanid`
WHERE `temp_transaksi_servis`.`session_id` = :temp_transaksi_servis.session_id:', [...], false)
 5 SYSTEMPATH\Model.php(255): CodeIgniter\Database\BaseBuilder->get()
 6 SYSTEMPATH\BaseModel.php(676): CodeIgniter\Model->doFindAll(0, 0)
 7 APPPATH\Models\TempTransaksiServisModel.php(32): CodeIgniter\BaseModel->findAll()
 8 APPPATH\Controllers\TransaksiServis.php(97): App\Models\TempTransaksiServisModel->getTempWithInfo('62a7016f6892d9032520491dd6b35857')
 9 SYSTEMPATH\CodeIgniter.php(974): App\Controllers\TransaksiServis->getTemp()
10 SYSTEMPATH\CodeIgniter.php(520): CodeIgniter\CodeIgniter->runController(Object(App\Controllers\TransaksiServis))
11 SYSTEMPATH\CodeIgniter.php(363): CodeIgniter\CodeIgniter->handleRequest(null, Object(Config\Cache), false)
12 SYSTEMPATH\Boot.php(417): CodeIgniter\CodeIgniter->run()
13 SYSTEMPATH\Boot.php(68): CodeIgniter\Boot::runCodeIgniter(Object(CodeIgniter\CodeIgniter))
14 FCPATH\index.php(56): CodeIgniter\Boot::bootWeb(Object(Config\Paths))
15 SYSTEMPATH\rewrite.php(44): require_once('C:\\Users\\AKU BANGGA JADI IT 2\\Documents\\RafiChandra\\Codeigniter4\\bengkel-salsa-motor\\public\\index.php')
DEBUG - 2026-08-13 08:29:50 --> Session: Class initialized using 'CodeIgniter\Session\Handlers\FileHandler' driver.
DEBUG - 2026-08-13 08:29:51 --> Session: Class initialized using 'CodeIgniter\Session\Handlers\FileHandler' driver.
ERROR - 2026-08-13 08:29:51 --> Unknown column 'satuan.id' in 'on clause'
in SYSTEMPATH\Database\MySQLi\Connection.php on line 300.
 1 SYSTEMPATH\Database\MySQLi\Connection.php(300): mysqli->query('SELECT `temp_transaksi_servis`.*, `servis`.`jenis_servis`, `barang`.`nama_barng`, `satuan`.`nama_satuan`
FROM `temp_transaksi_servis`
LEFT JOIN `servis` ON `servis`.`kodeservis` = `temp_transaksi_servis`.`detserviskode`
LEFT JOIN `barang` ON `barang`.`kode` = `temp_transaksi_servis`.`detailbrgkode`
LEFT JOIN `satuan` ON `satuan`.`id` = `barang`.`satuanid`
WHERE `temp_transaksi_servis`.`session_id` = \'62a7016f6892d9032520491dd6b35857\'', 0)
 2 SYSTEMPATH\Database\BaseConnection.php(908): CodeIgniter\Database\MySQLi\Connection->execute('SELECT `temp_transaksi_servis`.*, `servis`.`jenis_servis`, `barang`.`nama_barng`, `satuan`.`nama_satuan`
FROM `temp_transaksi_servis`
LEFT JOIN `servis` ON `servis`.`kodeservis` = `temp_transaksi_servis`.`detserviskode`
LEFT JOIN `barang` ON `barang`.`kode` = `temp_transaksi_servis`.`detailbrgkode`
LEFT JOIN `satuan` ON `satuan`.`id` = `barang`.`satuanid`
WHERE `temp_transaksi_servis`.`session_id` = \'62a7016f6892d9032520491dd6b35857\'')
 3 SYSTEMPATH\Database\BaseConnection.php(825): CodeIgniter\Database\BaseConnection->simpleQuery('SELECT `temp_transaksi_servis`.*, `servis`.`jenis_servis`, `barang`.`nama_barng`, `satuan`.`nama_satuan`
FROM `temp_transaksi_servis`
LEFT JOIN `servis` ON `servis`.`kodeservis` = `temp_transaksi_servis`.`detserviskode`
LEFT JOIN `barang` ON `barang`.`kode` = `temp_transaksi_servis`.`detailbrgkode`
LEFT JOIN `satuan` ON `satuan`.`id` = `barang`.`satuanid`
WHERE `temp_transaksi_servis`.`session_id` = \'62a7016f6892d9032520491dd6b35857\'')
 4 SYSTEMPATH\Database\BaseBuilder.php(1659): CodeIgniter\Database\BaseConnection->query('SELECT `temp_transaksi_servis`.*, `servis`.`jenis_servis`, `barang`.`nama_barng`, `satuan`.`nama_satuan`
FROM `temp_transaksi_servis`
LEFT JOIN `servis` ON `servis`.`kodeservis` = `temp_transaksi_servis`.`detserviskode`
LEFT JOIN `barang` ON `barang`.`kode` = `temp_transaksi_servis`.`detailbrgkode`
LEFT JOIN `satuan` ON `satuan`.`id` = `barang`.`satuanid`
WHERE `temp_transaksi_servis`.`session_id` = :temp_transaksi_servis.session_id:', [...], false)
 5 SYSTEMPATH\Model.php(255): CodeIgniter\Database\BaseBuilder->get()
 6 SYSTEMPATH\BaseModel.php(676): CodeIgniter\Model->doFindAll(0, 0)
 7 APPPATH\Models\TempTransaksiServisModel.php(32): CodeIgniter\BaseModel->findAll()
 8 APPPATH\Controllers\TransaksiServis.php(97): App\Models\TempTransaksiServisModel->getTempWithInfo('62a7016f6892d9032520491dd6b35857')
 9 SYSTEMPATH\CodeIgniter.php(974): App\Controllers\TransaksiServis->getTemp()
10 SYSTEMPATH\CodeIgniter.php(520): CodeIgniter\CodeIgniter->runController(Object(App\Controllers\TransaksiServis))
11 SYSTEMPATH\CodeIgniter.php(363): CodeIgniter\CodeIgniter->handleRequest(null, Object(Config\Cache), false)
12 SYSTEMPATH\Boot.php(417): CodeIgniter\CodeIgniter->run()
13 SYSTEMPATH\Boot.php(68): CodeIgniter\Boot::runCodeIgniter(Object(CodeIgniter\CodeIgniter))
14 FCPATH\index.php(56): CodeIgniter\Boot::bootWeb(Object(Config\Paths))
15 SYSTEMPATH\rewrite.php(44): require_once('C:\\Users\\AKU BANGGA JADI IT 2\\Documents\\RafiChandra\\Codeigniter4\\bengkel-salsa-motor\\public\\index.php')
CRITICAL - 2026-08-13 08:29:51 --> CodeIgniter\Database\Exceptions\DatabaseException: Unknown column 'satuan.id' in 'on clause'
[Method: GET, Route: admin/transaksiservis/getTemp]
in SYSTEMPATH\Database\BaseConnection.php on line 863.
 1 SYSTEMPATH\Database\BaseBuilder.php(1659): CodeIgniter\Database\BaseConnection->query('SELECT `temp_transaksi_servis`.*, `servis`.`jenis_servis`, `barang`.`nama_barng`, `satuan`.`nama_satuan`
FROM `temp_transaksi_servis`
LEFT JOIN `servis` ON `servis`.`kodeservis` = `temp_transaksi_servis`.`detserviskode`
LEFT JOIN `barang` ON `barang`.`kode` = `temp_transaksi_servis`.`detailbrgkode`
LEFT JOIN `satuan` ON `satuan`.`id` = `barang`.`satuanid`
WHERE `temp_transaksi_servis`.`session_id` = :temp_transaksi_servis.session_id:', [...], false)
 2 SYSTEMPATH\Model.php(255): CodeIgniter\Database\BaseBuilder->get()
 3 SYSTEMPATH\BaseModel.php(676): CodeIgniter\Model->doFindAll(0, 0)
 4 APPPATH\Models\TempTransaksiServisModel.php(32): CodeIgniter\BaseModel->findAll()
 5 APPPATH\Controllers\TransaksiServis.php(97): App\Models\TempTransaksiServisModel->getTempWithInfo('62a7016f6892d9032520491dd6b35857')
 6 SYSTEMPATH\CodeIgniter.php(974): App\Controllers\TransaksiServis->getTemp()
 7 SYSTEMPATH\CodeIgniter.php(520): CodeIgniter\CodeIgniter->runController(Object(App\Controllers\TransaksiServis))
 8 SYSTEMPATH\CodeIgniter.php(363): CodeIgniter\CodeIgniter->handleRequest(null, Object(Config\Cache), false)
 9 SYSTEMPATH\Boot.php(417): CodeIgniter\CodeIgniter->run()
10 SYSTEMPATH\Boot.php(68): CodeIgniter\Boot::runCodeIgniter(Object(CodeIgniter\CodeIgniter))
11 FCPATH\index.php(56): CodeIgniter\Boot::bootWeb(Object(Config\Paths))
12 SYSTEMPATH\rewrite.php(44): require_once('C:\\Users\\AKU BANGGA JADI IT 2\\Documents\\RafiChandra\\Codeigniter4\\bengkel-salsa-motor\\public\\index.php')
CRITICAL - 2026-08-13 08:29:51 --> [Caused by] CodeIgniter\Database\Exceptions\DatabaseException: Unknown column 'satuan.id' in 'on clause'
in SYSTEMPATH\Database\MySQLi\Connection.php on line 310.
 1 SYSTEMPATH\Database\BaseConnection.php(908): CodeIgniter\Database\MySQLi\Connection->execute('SELECT `temp_transaksi_servis`.*, `servis`.`jenis_servis`, `barang`.`nama_barng`, `satuan`.`nama_satuan`
FROM `temp_transaksi_servis`
LEFT JOIN `servis` ON `servis`.`kodeservis` = `temp_transaksi_servis`.`detserviskode`
LEFT JOIN `barang` ON `barang`.`kode` = `temp_transaksi_servis`.`detailbrgkode`
LEFT JOIN `satuan` ON `satuan`.`id` = `barang`.`satuanid`
WHERE `temp_transaksi_servis`.`session_id` = \'62a7016f6892d9032520491dd6b35857\'')
 2 SYSTEMPATH\Database\BaseConnection.php(825): CodeIgniter\Database\BaseConnection->simpleQuery('SELECT `temp_transaksi_servis`.*, `servis`.`jenis_servis`, `barang`.`nama_barng`, `satuan`.`nama_satuan`
FROM `temp_transaksi_servis`
LEFT JOIN `servis` ON `servis`.`kodeservis` = `temp_transaksi_servis`.`detserviskode`
LEFT JOIN `barang` ON `barang`.`kode` = `temp_transaksi_servis`.`detailbrgkode`
LEFT JOIN `satuan` ON `satuan`.`id` = `barang`.`satuanid`
WHERE `temp_transaksi_servis`.`session_id` = \'62a7016f6892d9032520491dd6b35857\'')
 3 SYSTEMPATH\Database\BaseBuilder.php(1659): CodeIgniter\Database\BaseConnection->query('SELECT `temp_transaksi_servis`.*, `servis`.`jenis_servis`, `barang`.`nama_barng`, `satuan`.`nama_satuan`
FROM `temp_transaksi_servis`
LEFT JOIN `servis` ON `servis`.`kodeservis` = `temp_transaksi_servis`.`detserviskode`
LEFT JOIN `barang` ON `barang`.`kode` = `temp_transaksi_servis`.`detailbrgkode`
LEFT JOIN `satuan` ON `satuan`.`id` = `barang`.`satuanid`
WHERE `temp_transaksi_servis`.`session_id` = :temp_transaksi_servis.session_id:', [...], false)
 4 SYSTEMPATH\Model.php(255): CodeIgniter\Database\BaseBuilder->get()
 5 SYSTEMPATH\BaseModel.php(676): CodeIgniter\Model->doFindAll(0, 0)
 6 APPPATH\Models\TempTransaksiServisModel.php(32): CodeIgniter\BaseModel->findAll()
 7 APPPATH\Controllers\TransaksiServis.php(97): App\Models\TempTransaksiServisModel->getTempWithInfo('62a7016f6892d9032520491dd6b35857')
 8 SYSTEMPATH\CodeIgniter.php(974): App\Controllers\TransaksiServis->getTemp()
 9 SYSTEMPATH\CodeIgniter.php(520): CodeIgniter\CodeIgniter->runController(Object(App\Controllers\TransaksiServis))
10 SYSTEMPATH\CodeIgniter.php(363): CodeIgniter\CodeIgniter->handleRequest(null, Object(Config\Cache), false)
11 SYSTEMPATH\Boot.php(417): CodeIgniter\CodeIgniter->run()
12 SYSTEMPATH\Boot.php(68): CodeIgniter\Boot::runCodeIgniter(Object(CodeIgniter\CodeIgniter))
13 FCPATH\index.php(56): CodeIgniter\Boot::bootWeb(Object(Config\Paths))
14 SYSTEMPATH\rewrite.php(44): require_once('C:\\Users\\AKU BANGGA JADI IT 2\\Documents\\RafiChandra\\Codeigniter4\\bengkel-salsa-motor\\public\\index.php')
CRITICAL - 2026-08-13 08:29:51 --> [Caused by] mysqli_sql_exception: Unknown column 'satuan.id' in 'on clause'
in SYSTEMPATH\Database\MySQLi\Connection.php on line 300.
 1 SYSTEMPATH\Database\MySQLi\Connection.php(300): mysqli->query('SELECT `temp_transaksi_servis`.*, `servis`.`jenis_servis`, `barang`.`nama_barng`, `satuan`.`nama_satuan`
FROM `temp_transaksi_servis`
LEFT JOIN `servis` ON `servis`.`kodeservis` = `temp_transaksi_servis`.`detserviskode`
LEFT JOIN `barang` ON `barang`.`kode` = `temp_transaksi_servis`.`detailbrgkode`
LEFT JOIN `satuan` ON `satuan`.`id` = `barang`.`satuanid`
WHERE `temp_transaksi_servis`.`session_id` = \'62a7016f6892d9032520491dd6b35857\'', 0)
 2 SYSTEMPATH\Database\BaseConnection.php(908): CodeIgniter\Database\MySQLi\Connection->execute('SELECT `temp_transaksi_servis`.*, `servis`.`jenis_servis`, `barang`.`nama_barng`, `satuan`.`nama_satuan`
FROM `temp_transaksi_servis`
LEFT JOIN `servis` ON `servis`.`kodeservis` = `temp_transaksi_servis`.`detserviskode`
LEFT JOIN `barang` ON `barang`.`kode` = `temp_transaksi_servis`.`detailbrgkode`
LEFT JOIN `satuan` ON `satuan`.`id` = `barang`.`satuanid`
WHERE `temp_transaksi_servis`.`session_id` = \'62a7016f6892d9032520491dd6b35857\'')
 3 SYSTEMPATH\Database\BaseConnection.php(825): CodeIgniter\Database\BaseConnection->simpleQuery('SELECT `temp_transaksi_servis`.*, `servis`.`jenis_servis`, `barang`.`nama_barng`, `satuan`.`nama_satuan`
FROM `temp_transaksi_servis`
LEFT JOIN `servis` ON `servis`.`kodeservis` = `temp_transaksi_servis`.`detserviskode`
LEFT JOIN `barang` ON `barang`.`kode` = `temp_transaksi_servis`.`detailbrgkode`
LEFT JOIN `satuan` ON `satuan`.`id` = `barang`.`satuanid`
WHERE `temp_transaksi_servis`.`session_id` = \'62a7016f6892d9032520491dd6b35857\'')
 4 SYSTEMPATH\Database\BaseBuilder.php(1659): CodeIgniter\Database\BaseConnection->query('SELECT `temp_transaksi_servis`.*, `servis`.`jenis_servis`, `barang`.`nama_barng`, `satuan`.`nama_satuan`
FROM `temp_transaksi_servis`
LEFT JOIN `servis` ON `servis`.`kodeservis` = `temp_transaksi_servis`.`detserviskode`
LEFT JOIN `barang` ON `barang`.`kode` = `temp_transaksi_servis`.`detailbrgkode`
LEFT JOIN `satuan` ON `satuan`.`id` = `barang`.`satuanid`
WHERE `temp_transaksi_servis`.`session_id` = :temp_transaksi_servis.session_id:', [...], false)
 5 SYSTEMPATH\Model.php(255): CodeIgniter\Database\BaseBuilder->get()
 6 SYSTEMPATH\BaseModel.php(676): CodeIgniter\Model->doFindAll(0, 0)
 7 APPPATH\Models\TempTransaksiServisModel.php(32): CodeIgniter\BaseModel->findAll()
 8 APPPATH\Controllers\TransaksiServis.php(97): App\Models\TempTransaksiServisModel->getTempWithInfo('62a7016f6892d9032520491dd6b35857')
 9 SYSTEMPATH\CodeIgniter.php(974): App\Controllers\TransaksiServis->getTemp()
10 SYSTEMPATH\CodeIgniter.php(520): CodeIgniter\CodeIgniter->runController(Object(App\Controllers\TransaksiServis))
11 SYSTEMPATH\CodeIgniter.php(363): CodeIgniter\CodeIgniter->handleRequest(null, Object(Config\Cache), false)
12 SYSTEMPATH\Boot.php(417): CodeIgniter\CodeIgniter->run()
13 SYSTEMPATH\Boot.php(68): CodeIgniter\Boot::runCodeIgniter(Object(CodeIgniter\CodeIgniter))
14 FCPATH\index.php(56): CodeIgniter\Boot::bootWeb(Object(Config\Paths))
15 SYSTEMPATH\rewrite.php(44): require_once('C:\\Users\\AKU BANGGA JADI IT 2\\Documents\\RafiChandra\\Codeigniter4\\bengkel-salsa-motor\\public\\index.php')
DEBUG - 2026-08-13 08:29:51 --> Session: Class initialized using 'CodeIgniter\Session\Handlers\FileHandler' driver.
DEBUG - 2026-08-13 08:29:51 --> Session: Class initialized using 'CodeIgniter\Session\Handlers\FileHandler' driver.
ERROR - 2026-08-13 08:29:51 --> Unknown column 'satuan.id' in 'on clause'
in SYSTEMPATH\Database\MySQLi\Connection.php on line 300.
 1 SYSTEMPATH\Database\MySQLi\Connection.php(300): mysqli->query('SELECT `temp_transaksi_servis`.*, `servis`.`jenis_servis`, `barang`.`nama_barng`, `satuan`.`nama_satuan`
FROM `temp_transaksi_servis`
LEFT JOIN `servis` ON `servis`.`kodeservis` = `temp_transaksi_servis`.`detserviskode`
LEFT JOIN `barang` ON `barang`.`kode` = `temp_transaksi_servis`.`detailbrgkode`
LEFT JOIN `satuan` ON `satuan`.`id` = `barang`.`satuanid`
WHERE `temp_transaksi_servis`.`session_id` = \'62a7016f6892d9032520491dd6b35857\'', 0)
 2 SYSTEMPATH\Database\BaseConnection.php(908): CodeIgniter\Database\MySQLi\Connection->execute('SELECT `temp_transaksi_servis`.*, `servis`.`jenis_servis`, `barang`.`nama_barng`, `satuan`.`nama_satuan`
FROM `temp_transaksi_servis`
LEFT JOIN `servis` ON `servis`.`kodeservis` = `temp_transaksi_servis`.`detserviskode`
LEFT JOIN `barang` ON `barang`.`kode` = `temp_transaksi_servis`.`detailbrgkode`
LEFT JOIN `satuan` ON `satuan`.`id` = `barang`.`satuanid`
WHERE `temp_transaksi_servis`.`session_id` = \'62a7016f6892d9032520491dd6b35857\'')
 3 SYSTEMPATH\Database\BaseConnection.php(825): CodeIgniter\Database\BaseConnection->simpleQuery('SELECT `temp_transaksi_servis`.*, `servis`.`jenis_servis`, `barang`.`nama_barng`, `satuan`.`nama_satuan`
FROM `temp_transaksi_servis`
LEFT JOIN `servis` ON `servis`.`kodeservis` = `temp_transaksi_servis`.`detserviskode`
LEFT JOIN `barang` ON `barang`.`kode` = `temp_transaksi_servis`.`detailbrgkode`
LEFT JOIN `satuan` ON `satuan`.`id` = `barang`.`satuanid`
WHERE `temp_transaksi_servis`.`session_id` = \'62a7016f6892d9032520491dd6b35857\'')
 4 SYSTEMPATH\Database\BaseBuilder.php(1659): CodeIgniter\Database\BaseConnection->query('SELECT `temp_transaksi_servis`.*, `servis`.`jenis_servis`, `barang`.`nama_barng`, `satuan`.`nama_satuan`
FROM `temp_transaksi_servis`
LEFT JOIN `servis` ON `servis`.`kodeservis` = `temp_transaksi_servis`.`detserviskode`
LEFT JOIN `barang` ON `barang`.`kode` = `temp_transaksi_servis`.`detailbrgkode`
LEFT JOIN `satuan` ON `satuan`.`id` = `barang`.`satuanid`
WHERE `temp_transaksi_servis`.`session_id` = :temp_transaksi_servis.session_id:', [...], false)
 5 SYSTEMPATH\Model.php(255): CodeIgniter\Database\BaseBuilder->get()
 6 SYSTEMPATH\BaseModel.php(676): CodeIgniter\Model->doFindAll(0, 0)
 7 APPPATH\Models\TempTransaksiServisModel.php(32): CodeIgniter\BaseModel->findAll()
 8 APPPATH\Controllers\TransaksiServis.php(97): App\Models\TempTransaksiServisModel->getTempWithInfo('62a7016f6892d9032520491dd6b35857')
 9 SYSTEMPATH\CodeIgniter.php(974): App\Controllers\TransaksiServis->getTemp()
10 SYSTEMPATH\CodeIgniter.php(520): CodeIgniter\CodeIgniter->runController(Object(App\Controllers\TransaksiServis))
11 SYSTEMPATH\CodeIgniter.php(363): CodeIgniter\CodeIgniter->handleRequest(null, Object(Config\Cache), false)
12 SYSTEMPATH\Boot.php(417): CodeIgniter\CodeIgniter->run()
13 SYSTEMPATH\Boot.php(68): CodeIgniter\Boot::runCodeIgniter(Object(CodeIgniter\CodeIgniter))
14 FCPATH\index.php(56): CodeIgniter\Boot::bootWeb(Object(Config\Paths))
15 SYSTEMPATH\rewrite.php(44): require_once('C:\\Users\\AKU BANGGA JADI IT 2\\Documents\\RafiChandra\\Codeigniter4\\bengkel-salsa-motor\\public\\index.php')
CRITICAL - 2026-08-13 08:29:51 --> CodeIgniter\Database\Exceptions\DatabaseException: Unknown column 'satuan.id' in 'on clause'
[Method: GET, Route: admin/transaksiservis/getTemp]
in SYSTEMPATH\Database\BaseConnection.php on line 863.
 1 SYSTEMPATH\Database\BaseBuilder.php(1659): CodeIgniter\Database\BaseConnection->query('SELECT `temp_transaksi_servis`.*, `servis`.`jenis_servis`, `barang`.`nama_barng`, `satuan`.`nama_satuan`
FROM `temp_transaksi_servis`
LEFT JOIN `servis` ON `servis`.`kodeservis` = `temp_transaksi_servis`.`detserviskode`
LEFT JOIN `barang` ON `barang`.`kode` = `temp_transaksi_servis`.`detailbrgkode`
LEFT JOIN `satuan` ON `satuan`.`id` = `barang`.`satuanid`
WHERE `temp_transaksi_servis`.`session_id` = :temp_transaksi_servis.session_id:', [...], false)
 2 SYSTEMPATH\Model.php(255): CodeIgniter\Database\BaseBuilder->get()
 3 SYSTEMPATH\BaseModel.php(676): CodeIgniter\Model->doFindAll(0, 0)
 4 APPPATH\Models\TempTransaksiServisModel.php(32): CodeIgniter\BaseModel->findAll()
 5 APPPATH\Controllers\TransaksiServis.php(97): App\Models\TempTransaksiServisModel->getTempWithInfo('62a7016f6892d9032520491dd6b35857')
 6 SYSTEMPATH\CodeIgniter.php(974): App\Controllers\TransaksiServis->getTemp()
 7 SYSTEMPATH\CodeIgniter.php(520): CodeIgniter\CodeIgniter->runController(Object(App\Controllers\TransaksiServis))
 8 SYSTEMPATH\CodeIgniter.php(363): CodeIgniter\CodeIgniter->handleRequest(null, Object(Config\Cache), false)
 9 SYSTEMPATH\Boot.php(417): CodeIgniter\CodeIgniter->run()
10 SYSTEMPATH\Boot.php(68): CodeIgniter\Boot::runCodeIgniter(Object(CodeIgniter\CodeIgniter))
11 FCPATH\index.php(56): CodeIgniter\Boot::bootWeb(Object(Config\Paths))
12 SYSTEMPATH\rewrite.php(44): require_once('C:\\Users\\AKU BANGGA JADI IT 2\\Documents\\RafiChandra\\Codeigniter4\\bengkel-salsa-motor\\public\\index.php')
CRITICAL - 2026-08-13 08:29:51 --> [Caused by] CodeIgniter\Database\Exceptions\DatabaseException: Unknown column 'satuan.id' in 'on clause'
in SYSTEMPATH\Database\MySQLi\Connection.php on line 310.
 1 SYSTEMPATH\Database\BaseConnection.php(908): CodeIgniter\Database\MySQLi\Connection->execute('SELECT `temp_transaksi_servis`.*, `servis`.`jenis_servis`, `barang`.`nama_barng`, `satuan`.`nama_satuan`
FROM `temp_transaksi_servis`
LEFT JOIN `servis` ON `servis`.`kodeservis` = `temp_transaksi_servis`.`detserviskode`
LEFT JOIN `barang` ON `barang`.`kode` = `temp_transaksi_servis`.`detailbrgkode`
LEFT JOIN `satuan` ON `satuan`.`id` = `barang`.`satuanid`
WHERE `temp_transaksi_servis`.`session_id` = \'62a7016f6892d9032520491dd6b35857\'')
 2 SYSTEMPATH\Database\BaseConnection.php(825): CodeIgniter\Database\BaseConnection->simpleQuery('SELECT `temp_transaksi_servis`.*, `servis`.`jenis_servis`, `barang`.`nama_barng`, `satuan`.`nama_satuan`
FROM `temp_transaksi_servis`
LEFT JOIN `servis` ON `servis`.`kodeservis` = `temp_transaksi_servis`.`detserviskode`
LEFT JOIN `barang` ON `barang`.`kode` = `temp_transaksi_servis`.`detailbrgkode`
LEFT JOIN `satuan` ON `satuan`.`id` = `barang`.`satuanid`
WHERE `temp_transaksi_servis`.`session_id` = \'62a7016f6892d9032520491dd6b35857\'')
 3 SYSTEMPATH\Database\BaseBuilder.php(1659): CodeIgniter\Database\BaseConnection->query('SELECT `temp_transaksi_servis`.*, `servis`.`jenis_servis`, `barang`.`nama_barng`, `satuan`.`nama_satuan`
FROM `temp_transaksi_servis`
LEFT JOIN `servis` ON `servis`.`kodeservis` = `temp_transaksi_servis`.`detserviskode`
LEFT JOIN `barang` ON `barang`.`kode` = `temp_transaksi_servis`.`detailbrgkode`
LEFT JOIN `satuan` ON `satuan`.`id` = `barang`.`satuanid`
WHERE `temp_transaksi_servis`.`session_id` = :temp_transaksi_servis.session_id:', [...], false)
 4 SYSTEMPATH\Model.php(255): CodeIgniter\Database\BaseBuilder->get()
 5 SYSTEMPATH\BaseModel.php(676): CodeIgniter\Model->doFindAll(0, 0)
 6 APPPATH\Models\TempTransaksiServisModel.php(32): CodeIgniter\BaseModel->findAll()
 7 APPPATH\Controllers\TransaksiServis.php(97): App\Models\TempTransaksiServisModel->getTempWithInfo('62a7016f6892d9032520491dd6b35857')
 8 SYSTEMPATH\CodeIgniter.php(974): App\Controllers\TransaksiServis->getTemp()
 9 SYSTEMPATH\CodeIgniter.php(520): CodeIgniter\CodeIgniter->runController(Object(App\Controllers\TransaksiServis))
10 SYSTEMPATH\CodeIgniter.php(363): CodeIgniter\CodeIgniter->handleRequest(null, Object(Config\Cache), false)
11 SYSTEMPATH\Boot.php(417): CodeIgniter\CodeIgniter->run()
12 SYSTEMPATH\Boot.php(68): CodeIgniter\Boot::runCodeIgniter(Object(CodeIgniter\CodeIgniter))
13 FCPATH\index.php(56): CodeIgniter\Boot::bootWeb(Object(Config\Paths))
14 SYSTEMPATH\rewrite.php(44): require_once('C:\\Users\\AKU BANGGA JADI IT 2\\Documents\\RafiChandra\\Codeigniter4\\bengkel-salsa-motor\\public\\index.php')
CRITICAL - 2026-08-13 08:29:51 --> [Caused by] mysqli_sql_exception: Unknown column 'satuan.id' in 'on clause'
in SYSTEMPATH\Database\MySQLi\Connection.php on line 300.
 1 SYSTEMPATH\Database\MySQLi\Connection.php(300): mysqli->query('SELECT `temp_transaksi_servis`.*, `servis`.`jenis_servis`, `barang`.`nama_barng`, `satuan`.`nama_satuan`
FROM `temp_transaksi_servis`
LEFT JOIN `servis` ON `servis`.`kodeservis` = `temp_transaksi_servis`.`detserviskode`
LEFT JOIN `barang` ON `barang`.`kode` = `temp_transaksi_servis`.`detailbrgkode`
LEFT JOIN `satuan` ON `satuan`.`id` = `barang`.`satuanid`
WHERE `temp_transaksi_servis`.`session_id` = \'62a7016f6892d9032520491dd6b35857\'', 0)
 2 SYSTEMPATH\Database\BaseConnection.php(908): CodeIgniter\Database\MySQLi\Connection->execute('SELECT `temp_transaksi_servis`.*, `servis`.`jenis_servis`, `barang`.`nama_barng`, `satuan`.`nama_satuan`
FROM `temp_transaksi_servis`
LEFT JOIN `servis` ON `servis`.`kodeservis` = `temp_transaksi_servis`.`detserviskode`
LEFT JOIN `barang` ON `barang`.`kode` = `temp_transaksi_servis`.`detailbrgkode`
LEFT JOIN `satuan` ON `satuan`.`id` = `barang`.`satuanid`
WHERE `temp_transaksi_servis`.`session_id` = \'62a7016f6892d9032520491dd6b35857\'')
 3 SYSTEMPATH\Database\BaseConnection.php(825): CodeIgniter\Database\BaseConnection->simpleQuery('SELECT `temp_transaksi_servis`.*, `servis`.`jenis_servis`, `barang`.`nama_barng`, `satuan`.`nama_satuan`
FROM `temp_transaksi_servis`
LEFT JOIN `servis` ON `servis`.`kodeservis` = `temp_transaksi_servis`.`detserviskode`
LEFT JOIN `barang` ON `barang`.`kode` = `temp_transaksi_servis`.`detailbrgkode`
LEFT JOIN `satuan` ON `satuan`.`id` = `barang`.`satuanid`
WHERE `temp_transaksi_servis`.`session_id` = \'62a7016f6892d9032520491dd6b35857\'')
 4 SYSTEMPATH\Database\BaseBuilder.php(1659): CodeIgniter\Database\BaseConnection->query('SELECT `temp_transaksi_servis`.*, `servis`.`jenis_servis`, `barang`.`nama_barng`, `satuan`.`nama_satuan`
FROM `temp_transaksi_servis`
LEFT JOIN `servis` ON `servis`.`kodeservis` = `temp_transaksi_servis`.`detserviskode`
LEFT JOIN `barang` ON `barang`.`kode` = `temp_transaksi_servis`.`detailbrgkode`
LEFT JOIN `satuan` ON `satuan`.`id` = `barang`.`satuanid`
WHERE `temp_transaksi_servis`.`session_id` = :temp_transaksi_servis.session_id:', [...], false)
 5 SYSTEMPATH\Model.php(255): CodeIgniter\Database\BaseBuilder->get()
 6 SYSTEMPATH\BaseModel.php(676): CodeIgniter\Model->doFindAll(0, 0)
 7 APPPATH\Models\TempTransaksiServisModel.php(32): CodeIgniter\BaseModel->findAll()
 8 APPPATH\Controllers\TransaksiServis.php(97): App\Models\TempTransaksiServisModel->getTempWithInfo('62a7016f6892d9032520491dd6b35857')
 9 SYSTEMPATH\CodeIgniter.php(974): App\Controllers\TransaksiServis->getTemp()
10 SYSTEMPATH\CodeIgniter.php(520): CodeIgniter\CodeIgniter->runController(Object(App\Controllers\TransaksiServis))
11 SYSTEMPATH\CodeIgniter.php(363): CodeIgniter\CodeIgniter->handleRequest(null, Object(Config\Cache), false)
12 SYSTEMPATH\Boot.php(417): CodeIgniter\CodeIgniter->run()
13 SYSTEMPATH\Boot.php(68): CodeIgniter\Boot::runCodeIgniter(Object(CodeIgniter\CodeIgniter))
14 FCPATH\index.php(56): CodeIgniter\Boot::bootWeb(Object(Config\Paths))
15 SYSTEMPATH\rewrite.php(44): require_once('C:\\Users\\AKU BANGGA JADI IT 2\\Documents\\RafiChandra\\Codeigniter4\\bengkel-salsa-motor\\public\\index.php')
DEBUG - 2026-08-13 08:29:51 --> Session: Class initialized using 'CodeIgniter\Session\Handlers\FileHandler' driver.
DEBUG - 2026-08-13 08:29:51 --> Session: Class initialized using 'CodeIgniter\Session\Handlers\FileHandler' driver.
ERROR - 2026-08-13 08:29:51 --> Unknown column 'satuan.id' in 'on clause'
in SYSTEMPATH\Database\MySQLi\Connection.php on line 300.
 1 SYSTEMPATH\Database\MySQLi\Connection.php(300): mysqli->query('SELECT `temp_transaksi_servis`.*, `servis`.`jenis_servis`, `barang`.`nama_barng`, `satuan`.`nama_satuan`
FROM `temp_transaksi_servis`
LEFT JOIN `servis` ON `servis`.`kodeservis` = `temp_transaksi_servis`.`detserviskode`
LEFT JOIN `barang` ON `barang`.`kode` = `temp_transaksi_servis`.`detailbrgkode`
LEFT JOIN `satuan` ON `satuan`.`id` = `barang`.`satuanid`
WHERE `temp_transaksi_servis`.`session_id` = \'62a7016f6892d9032520491dd6b35857\'', 0)
 2 SYSTEMPATH\Database\BaseConnection.php(908): CodeIgniter\Database\MySQLi\Connection->execute('SELECT `temp_transaksi_servis`.*, `servis`.`jenis_servis`, `barang`.`nama_barng`, `satuan`.`nama_satuan`
FROM `temp_transaksi_servis`
LEFT JOIN `servis` ON `servis`.`kodeservis` = `temp_transaksi_servis`.`detserviskode`
LEFT JOIN `barang` ON `barang`.`kode` = `temp_transaksi_servis`.`detailbrgkode`
LEFT JOIN `satuan` ON `satuan`.`id` = `barang`.`satuanid`
WHERE `temp_transaksi_servis`.`session_id` = \'62a7016f6892d9032520491dd6b35857\'')
 3 SYSTEMPATH\Database\BaseConnection.php(825): CodeIgniter\Database\BaseConnection->simpleQuery('SELECT `temp_transaksi_servis`.*, `servis`.`jenis_servis`, `barang`.`nama_barng`, `satuan`.`nama_satuan`
FROM `temp_transaksi_servis`
LEFT JOIN `servis` ON `servis`.`kodeservis` = `temp_transaksi_servis`.`detserviskode`
LEFT JOIN `barang` ON `barang`.`kode` = `temp_transaksi_servis`.`detailbrgkode`
LEFT JOIN `satuan` ON `satuan`.`id` = `barang`.`satuanid`
WHERE `temp_transaksi_servis`.`session_id` = \'62a7016f6892d9032520491dd6b35857\'')
 4 SYSTEMPATH\Database\BaseBuilder.php(1659): CodeIgniter\Database\BaseConnection->query('SELECT `temp_transaksi_servis`.*, `servis`.`jenis_servis`, `barang`.`nama_barng`, `satuan`.`nama_satuan`
FROM `temp_transaksi_servis`
LEFT JOIN `servis` ON `servis`.`kodeservis` = `temp_transaksi_servis`.`detserviskode`
LEFT JOIN `barang` ON `barang`.`kode` = `temp_transaksi_servis`.`detailbrgkode`
LEFT JOIN `satuan` ON `satuan`.`id` = `barang`.`satuanid`
WHERE `temp_transaksi_servis`.`session_id` = :temp_transaksi_servis.session_id:', [...], false)
 5 SYSTEMPATH\Model.php(255): CodeIgniter\Database\BaseBuilder->get()
 6 SYSTEMPATH\BaseModel.php(676): CodeIgniter\Model->doFindAll(0, 0)
 7 APPPATH\Models\TempTransaksiServisModel.php(32): CodeIgniter\BaseModel->findAll()
 8 APPPATH\Controllers\TransaksiServis.php(97): App\Models\TempTransaksiServisModel->getTempWithInfo('62a7016f6892d9032520491dd6b35857')
 9 SYSTEMPATH\CodeIgniter.php(974): App\Controllers\TransaksiServis->getTemp()
10 SYSTEMPATH\CodeIgniter.php(520): CodeIgniter\CodeIgniter->runController(Object(App\Controllers\TransaksiServis))
11 SYSTEMPATH\CodeIgniter.php(363): CodeIgniter\CodeIgniter->handleRequest(null, Object(Config\Cache), false)
12 SYSTEMPATH\Boot.php(417): CodeIgniter\CodeIgniter->run()
13 SYSTEMPATH\Boot.php(68): CodeIgniter\Boot::runCodeIgniter(Object(CodeIgniter\CodeIgniter))
14 FCPATH\index.php(56): CodeIgniter\Boot::bootWeb(Object(Config\Paths))
15 SYSTEMPATH\rewrite.php(44): require_once('C:\\Users\\AKU BANGGA JADI IT 2\\Documents\\RafiChandra\\Codeigniter4\\bengkel-salsa-motor\\public\\index.php')
CRITICAL - 2026-08-13 08:29:51 --> CodeIgniter\Database\Exceptions\DatabaseException: Unknown column 'satuan.id' in 'on clause'
[Method: GET, Route: admin/transaksiservis/getTemp]
in SYSTEMPATH\Database\BaseConnection.php on line 863.
 1 SYSTEMPATH\Database\BaseBuilder.php(1659): CodeIgniter\Database\BaseConnection->query('SELECT `temp_transaksi_servis`.*, `servis`.`jenis_servis`, `barang`.`nama_barng`, `satuan`.`nama_satuan`
FROM `temp_transaksi_servis`
LEFT JOIN `servis` ON `servis`.`kodeservis` = `temp_transaksi_servis`.`detserviskode`
LEFT JOIN `barang` ON `barang`.`kode` = `temp_transaksi_servis`.`detailbrgkode`
LEFT JOIN `satuan` ON `satuan`.`id` = `barang`.`satuanid`
WHERE `temp_transaksi_servis`.`session_id` = :temp_transaksi_servis.session_id:', [...], false)
 2 SYSTEMPATH\Model.php(255): CodeIgniter\Database\BaseBuilder->get()
 3 SYSTEMPATH\BaseModel.php(676): CodeIgniter\Model->doFindAll(0, 0)
 4 APPPATH\Models\TempTransaksiServisModel.php(32): CodeIgniter\BaseModel->findAll()
 5 APPPATH\Controllers\TransaksiServis.php(97): App\Models\TempTransaksiServisModel->getTempWithInfo('62a7016f6892d9032520491dd6b35857')
 6 SYSTEMPATH\CodeIgniter.php(974): App\Controllers\TransaksiServis->getTemp()
 7 SYSTEMPATH\CodeIgniter.php(520): CodeIgniter\CodeIgniter->runController(Object(App\Controllers\TransaksiServis))
 8 SYSTEMPATH\CodeIgniter.php(363): CodeIgniter\CodeIgniter->handleRequest(null, Object(Config\Cache), false)
 9 SYSTEMPATH\Boot.php(417): CodeIgniter\CodeIgniter->run()
10 SYSTEMPATH\Boot.php(68): CodeIgniter\Boot::runCodeIgniter(Object(CodeIgniter\CodeIgniter))
11 FCPATH\index.php(56): CodeIgniter\Boot::bootWeb(Object(Config\Paths))
12 SYSTEMPATH\rewrite.php(44): require_once('C:\\Users\\AKU BANGGA JADI IT 2\\Documents\\RafiChandra\\Codeigniter4\\bengkel-salsa-motor\\public\\index.php')
CRITICAL - 2026-08-13 08:29:51 --> [Caused by] CodeIgniter\Database\Exceptions\DatabaseException: Unknown column 'satuan.id' in 'on clause'
in SYSTEMPATH\Database\MySQLi\Connection.php on line 310.
 1 SYSTEMPATH\Database\BaseConnection.php(908): CodeIgniter\Database\MySQLi\Connection->execute('SELECT `temp_transaksi_servis`.*, `servis`.`jenis_servis`, `barang`.`nama_barng`, `satuan`.`nama_satuan`
FROM `temp_transaksi_servis`
LEFT JOIN `servis` ON `servis`.`kodeservis` = `temp_transaksi_servis`.`detserviskode`
LEFT JOIN `barang` ON `barang`.`kode` = `temp_transaksi_servis`.`detailbrgkode`
LEFT JOIN `satuan` ON `satuan`.`id` = `barang`.`satuanid`
WHERE `temp_transaksi_servis`.`session_id` = \'62a7016f6892d9032520491dd6b35857\'')
 2 SYSTEMPATH\Database\BaseConnection.php(825): CodeIgniter\Database\BaseConnection->simpleQuery('SELECT `temp_transaksi_servis`.*, `servis`.`jenis_servis`, `barang`.`nama_barng`, `satuan`.`nama_satuan`
FROM `temp_transaksi_servis`
LEFT JOIN `servis` ON `servis`.`kodeservis` = `temp_transaksi_servis`.`detserviskode`
LEFT JOIN `barang` ON `barang`.`kode` = `temp_transaksi_servis`.`detailbrgkode`
LEFT JOIN `satuan` ON `satuan`.`id` = `barang`.`satuanid`
WHERE `temp_transaksi_servis`.`session_id` = \'62a7016f6892d9032520491dd6b35857\'')
 3 SYSTEMPATH\Database\BaseBuilder.php(1659): CodeIgniter\Database\BaseConnection->query('SELECT `temp_transaksi_servis`.*, `servis`.`jenis_servis`, `barang`.`nama_barng`, `satuan`.`nama_satuan`
FROM `temp_transaksi_servis`
LEFT JOIN `servis` ON `servis`.`kodeservis` = `temp_transaksi_servis`.`detserviskode`
LEFT JOIN `barang` ON `barang`.`kode` = `temp_transaksi_servis`.`detailbrgkode`
LEFT JOIN `satuan` ON `satuan`.`id` = `barang`.`satuanid`
WHERE `temp_transaksi_servis`.`session_id` = :temp_transaksi_servis.session_id:', [...], false)
 4 SYSTEMPATH\Model.php(255): CodeIgniter\Database\BaseBuilder->get()
 5 SYSTEMPATH\BaseModel.php(676): CodeIgniter\Model->doFindAll(0, 0)
 6 APPPATH\Models\TempTransaksiServisModel.php(32): CodeIgniter\BaseModel->findAll()
 7 APPPATH\Controllers\TransaksiServis.php(97): App\Models\TempTransaksiServisModel->getTempWithInfo('62a7016f6892d9032520491dd6b35857')
 8 SYSTEMPATH\CodeIgniter.php(974): App\Controllers\TransaksiServis->getTemp()
 9 SYSTEMPATH\CodeIgniter.php(520): CodeIgniter\CodeIgniter->runController(Object(App\Controllers\TransaksiServis))
10 SYSTEMPATH\CodeIgniter.php(363): CodeIgniter\CodeIgniter->handleRequest(null, Object(Config\Cache), false)
11 SYSTEMPATH\Boot.php(417): CodeIgniter\CodeIgniter->run()
12 SYSTEMPATH\Boot.php(68): CodeIgniter\Boot::runCodeIgniter(Object(CodeIgniter\CodeIgniter))
13 FCPATH\index.php(56): CodeIgniter\Boot::bootWeb(Object(Config\Paths))
14 SYSTEMPATH\rewrite.php(44): require_once('C:\\Users\\AKU BANGGA JADI IT 2\\Documents\\RafiChandra\\Codeigniter4\\bengkel-salsa-motor\\public\\index.php')
CRITICAL - 2026-08-13 08:29:51 --> [Caused by] mysqli_sql_exception: Unknown column 'satuan.id' in 'on clause'
in SYSTEMPATH\Database\MySQLi\Connection.php on line 300.
 1 SYSTEMPATH\Database\MySQLi\Connection.php(300): mysqli->query('SELECT `temp_transaksi_servis`.*, `servis`.`jenis_servis`, `barang`.`nama_barng`, `satuan`.`nama_satuan`
FROM `temp_transaksi_servis`
LEFT JOIN `servis` ON `servis`.`kodeservis` = `temp_transaksi_servis`.`detserviskode`
LEFT JOIN `barang` ON `barang`.`kode` = `temp_transaksi_servis`.`detailbrgkode`
LEFT JOIN `satuan` ON `satuan`.`id` = `barang`.`satuanid`
WHERE `temp_transaksi_servis`.`session_id` = \'62a7016f6892d9032520491dd6b35857\'', 0)
 2 SYSTEMPATH\Database\BaseConnection.php(908): CodeIgniter\Database\MySQLi\Connection->execute('SELECT `temp_transaksi_servis`.*, `servis`.`jenis_servis`, `barang`.`nama_barng`, `satuan`.`nama_satuan`
FROM `temp_transaksi_servis`
LEFT JOIN `servis` ON `servis`.`kodeservis` = `temp_transaksi_servis`.`detserviskode`
LEFT JOIN `barang` ON `barang`.`kode` = `temp_transaksi_servis`.`detailbrgkode`
LEFT JOIN `satuan` ON `satuan`.`id` = `barang`.`satuanid`
WHERE `temp_transaksi_servis`.`session_id` = \'62a7016f6892d9032520491dd6b35857\'')
 3 SYSTEMPATH\Database\BaseConnection.php(825): CodeIgniter\Database\BaseConnection->simpleQuery('SELECT `temp_transaksi_servis`.*, `servis`.`jenis_servis`, `barang`.`nama_barng`, `satuan`.`nama_satuan`
FROM `temp_transaksi_servis`
LEFT JOIN `servis` ON `servis`.`kodeservis` = `temp_transaksi_servis`.`detserviskode`
LEFT JOIN `barang` ON `barang`.`kode` = `temp_transaksi_servis`.`detailbrgkode`
LEFT JOIN `satuan` ON `satuan`.`id` = `barang`.`satuanid`
WHERE `temp_transaksi_servis`.`session_id` = \'62a7016f6892d9032520491dd6b35857\'')
 4 SYSTEMPATH\Database\BaseBuilder.php(1659): CodeIgniter\Database\BaseConnection->query('SELECT `temp_transaksi_servis`.*, `servis`.`jenis_servis`, `barang`.`nama_barng`, `satuan`.`nama_satuan`
FROM `temp_transaksi_servis`
LEFT JOIN `servis` ON `servis`.`kodeservis` = `temp_transaksi_servis`.`detserviskode`
LEFT JOIN `barang` ON `barang`.`kode` = `temp_transaksi_servis`.`detailbrgkode`
LEFT JOIN `satuan` ON `satuan`.`id` = `barang`.`satuanid`
WHERE `temp_transaksi_servis`.`session_id` = :temp_transaksi_servis.session_id:', [...], false)
 5 SYSTEMPATH\Model.php(255): CodeIgniter\Database\BaseBuilder->get()
 6 SYSTEMPATH\BaseModel.php(676): CodeIgniter\Model->doFindAll(0, 0)
 7 APPPATH\Models\TempTransaksiServisModel.php(32): CodeIgniter\BaseModel->findAll()
 8 APPPATH\Controllers\TransaksiServis.php(97): App\Models\TempTransaksiServisModel->getTempWithInfo('62a7016f6892d9032520491dd6b35857')
 9 SYSTEMPATH\CodeIgniter.php(974): App\Controllers\TransaksiServis->getTemp()
10 SYSTEMPATH\CodeIgniter.php(520): CodeIgniter\CodeIgniter->runController(Object(App\Controllers\TransaksiServis))
11 SYSTEMPATH\CodeIgniter.php(363): CodeIgniter\CodeIgniter->handleRequest(null, Object(Config\Cache), false)
12 SYSTEMPATH\Boot.php(417): CodeIgniter\CodeIgniter->run()
13 SYSTEMPATH\Boot.php(68): CodeIgniter\Boot::runCodeIgniter(Object(CodeIgniter\CodeIgniter))
14 FCPATH\index.php(56): CodeIgniter\Boot::bootWeb(Object(Config\Paths))
15 SYSTEMPATH\rewrite.php(44): require_once('C:\\Users\\AKU BANGGA JADI IT 2\\Documents\\RafiChandra\\Codeigniter4\\bengkel-salsa-motor\\public\\index.php')
DEBUG - 2026-08-13 08:29:51 --> Session: Class initialized using 'CodeIgniter\Session\Handlers\FileHandler' driver.
DEBUG - 2026-08-13 08:29:52 --> Session: Class initialized using 'CodeIgniter\Session\Handlers\FileHandler' driver.
ERROR - 2026-08-13 08:29:52 --> Unknown column 'satuan.id' in 'on clause'
in SYSTEMPATH\Database\MySQLi\Connection.php on line 300.
 1 SYSTEMPATH\Database\MySQLi\Connection.php(300): mysqli->query('SELECT `temp_transaksi_servis`.*, `servis`.`jenis_servis`, `barang`.`nama_barng`, `satuan`.`nama_satuan`
FROM `temp_transaksi_servis`
LEFT JOIN `servis` ON `servis`.`kodeservis` = `temp_transaksi_servis`.`detserviskode`
LEFT JOIN `barang` ON `barang`.`kode` = `temp_transaksi_servis`.`detailbrgkode`
LEFT JOIN `satuan` ON `satuan`.`id` = `barang`.`satuanid`
WHERE `temp_transaksi_servis`.`session_id` = \'62a7016f6892d9032520491dd6b35857\'', 0)
 2 SYSTEMPATH\Database\BaseConnection.php(908): CodeIgniter\Database\MySQLi\Connection->execute('SELECT `temp_transaksi_servis`.*, `servis`.`jenis_servis`, `barang`.`nama_barng`, `satuan`.`nama_satuan`
FROM `temp_transaksi_servis`
LEFT JOIN `servis` ON `servis`.`kodeservis` = `temp_transaksi_servis`.`detserviskode`
LEFT JOIN `barang` ON `barang`.`kode` = `temp_transaksi_servis`.`detailbrgkode`
LEFT JOIN `satuan` ON `satuan`.`id` = `barang`.`satuanid`
WHERE `temp_transaksi_servis`.`session_id` = \'62a7016f6892d9032520491dd6b35857\'')
 3 SYSTEMPATH\Database\BaseConnection.php(825): CodeIgniter\Database\BaseConnection->simpleQuery('SELECT `temp_transaksi_servis`.*, `servis`.`jenis_servis`, `barang`.`nama_barng`, `satuan`.`nama_satuan`
FROM `temp_transaksi_servis`
LEFT JOIN `servis` ON `servis`.`kodeservis` = `temp_transaksi_servis`.`detserviskode`
LEFT JOIN `barang` ON `barang`.`kode` = `temp_transaksi_servis`.`detailbrgkode`
LEFT JOIN `satuan` ON `satuan`.`id` = `barang`.`satuanid`
WHERE `temp_transaksi_servis`.`session_id` = \'62a7016f6892d9032520491dd6b35857\'')
 4 SYSTEMPATH\Database\BaseBuilder.php(1659): CodeIgniter\Database\BaseConnection->query('SELECT `temp_transaksi_servis`.*, `servis`.`jenis_servis`, `barang`.`nama_barng`, `satuan`.`nama_satuan`
FROM `temp_transaksi_servis`
LEFT JOIN `servis` ON `servis`.`kodeservis` = `temp_transaksi_servis`.`detserviskode`
LEFT JOIN `barang` ON `barang`.`kode` = `temp_transaksi_servis`.`detailbrgkode`
LEFT JOIN `satuan` ON `satuan`.`id` = `barang`.`satuanid`
WHERE `temp_transaksi_servis`.`session_id` = :temp_transaksi_servis.session_id:', [...], false)
 5 SYSTEMPATH\Model.php(255): CodeIgniter\Database\BaseBuilder->get()
 6 SYSTEMPATH\BaseModel.php(676): CodeIgniter\Model->doFindAll(0, 0)
 7 APPPATH\Models\TempTransaksiServisModel.php(32): CodeIgniter\BaseModel->findAll()
 8 APPPATH\Controllers\TransaksiServis.php(97): App\Models\TempTransaksiServisModel->getTempWithInfo('62a7016f6892d9032520491dd6b35857')
 9 SYSTEMPATH\CodeIgniter.php(974): App\Controllers\TransaksiServis->getTemp()
10 SYSTEMPATH\CodeIgniter.php(520): CodeIgniter\CodeIgniter->runController(Object(App\Controllers\TransaksiServis))
11 SYSTEMPATH\CodeIgniter.php(363): CodeIgniter\CodeIgniter->handleRequest(null, Object(Config\Cache), false)
12 SYSTEMPATH\Boot.php(417): CodeIgniter\CodeIgniter->run()
13 SYSTEMPATH\Boot.php(68): CodeIgniter\Boot::runCodeIgniter(Object(CodeIgniter\CodeIgniter))
14 FCPATH\index.php(56): CodeIgniter\Boot::bootWeb(Object(Config\Paths))
15 SYSTEMPATH\rewrite.php(44): require_once('C:\\Users\\AKU BANGGA JADI IT 2\\Documents\\RafiChandra\\Codeigniter4\\bengkel-salsa-motor\\public\\index.php')
CRITICAL - 2026-08-13 08:29:52 --> CodeIgniter\Database\Exceptions\DatabaseException: Unknown column 'satuan.id' in 'on clause'
[Method: GET, Route: admin/transaksiservis/getTemp]
in SYSTEMPATH\Database\BaseConnection.php on line 863.
 1 SYSTEMPATH\Database\BaseBuilder.php(1659): CodeIgniter\Database\BaseConnection->query('SELECT `temp_transaksi_servis`.*, `servis`.`jenis_servis`, `barang`.`nama_barng`, `satuan`.`nama_satuan`
FROM `temp_transaksi_servis`
LEFT JOIN `servis` ON `servis`.`kodeservis` = `temp_transaksi_servis`.`detserviskode`
LEFT JOIN `barang` ON `barang`.`kode` = `temp_transaksi_servis`.`detailbrgkode`
LEFT JOIN `satuan` ON `satuan`.`id` = `barang`.`satuanid`
WHERE `temp_transaksi_servis`.`session_id` = :temp_transaksi_servis.session_id:', [...], false)
 2 SYSTEMPATH\Model.php(255): CodeIgniter\Database\BaseBuilder->get()
 3 SYSTEMPATH\BaseModel.php(676): CodeIgniter\Model->doFindAll(0, 0)
 4 APPPATH\Models\TempTransaksiServisModel.php(32): CodeIgniter\BaseModel->findAll()
 5 APPPATH\Controllers\TransaksiServis.php(97): App\Models\TempTransaksiServisModel->getTempWithInfo('62a7016f6892d9032520491dd6b35857')
 6 SYSTEMPATH\CodeIgniter.php(974): App\Controllers\TransaksiServis->getTemp()
 7 SYSTEMPATH\CodeIgniter.php(520): CodeIgniter\CodeIgniter->runController(Object(App\Controllers\TransaksiServis))
 8 SYSTEMPATH\CodeIgniter.php(363): CodeIgniter\CodeIgniter->handleRequest(null, Object(Config\Cache), false)
 9 SYSTEMPATH\Boot.php(417): CodeIgniter\CodeIgniter->run()
10 SYSTEMPATH\Boot.php(68): CodeIgniter\Boot::runCodeIgniter(Object(CodeIgniter\CodeIgniter))
11 FCPATH\index.php(56): CodeIgniter\Boot::bootWeb(Object(Config\Paths))
12 SYSTEMPATH\rewrite.php(44): require_once('C:\\Users\\AKU BANGGA JADI IT 2\\Documents\\RafiChandra\\Codeigniter4\\bengkel-salsa-motor\\public\\index.php')
CRITICAL - 2026-08-13 08:29:52 --> [Caused by] CodeIgniter\Database\Exceptions\DatabaseException: Unknown column 'satuan.id' in 'on clause'
in SYSTEMPATH\Database\MySQLi\Connection.php on line 310.
 1 SYSTEMPATH\Database\BaseConnection.php(908): CodeIgniter\Database\MySQLi\Connection->execute('SELECT `temp_transaksi_servis`.*, `servis`.`jenis_servis`, `barang`.`nama_barng`, `satuan`.`nama_satuan`
FROM `temp_transaksi_servis`
LEFT JOIN `servis` ON `servis`.`kodeservis` = `temp_transaksi_servis`.`detserviskode`
LEFT JOIN `barang` ON `barang`.`kode` = `temp_transaksi_servis`.`detailbrgkode`
LEFT JOIN `satuan` ON `satuan`.`id` = `barang`.`satuanid`
WHERE `temp_transaksi_servis`.`session_id` = \'62a7016f6892d9032520491dd6b35857\'')
 2 SYSTEMPATH\Database\BaseConnection.php(825): CodeIgniter\Database\BaseConnection->simpleQuery('SELECT `temp_transaksi_servis`.*, `servis`.`jenis_servis`, `barang`.`nama_barng`, `satuan`.`nama_satuan`
FROM `temp_transaksi_servis`
LEFT JOIN `servis` ON `servis`.`kodeservis` = `temp_transaksi_servis`.`detserviskode`
LEFT JOIN `barang` ON `barang`.`kode` = `temp_transaksi_servis`.`detailbrgkode`
LEFT JOIN `satuan` ON `satuan`.`id` = `barang`.`satuanid`
WHERE `temp_transaksi_servis`.`session_id` = \'62a7016f6892d9032520491dd6b35857\'')
 3 SYSTEMPATH\Database\BaseBuilder.php(1659): CodeIgniter\Database\BaseConnection->query('SELECT `temp_transaksi_servis`.*, `servis`.`jenis_servis`, `barang`.`nama_barng`, `satuan`.`nama_satuan`
FROM `temp_transaksi_servis`
LEFT JOIN `servis` ON `servis`.`kodeservis` = `temp_transaksi_servis`.`detserviskode`
LEFT JOIN `barang` ON `barang`.`kode` = `temp_transaksi_servis`.`detailbrgkode`
LEFT JOIN `satuan` ON `satuan`.`id` = `barang`.`satuanid`
WHERE `temp_transaksi_servis`.`session_id` = :temp_transaksi_servis.session_id:', [...], false)
 4 SYSTEMPATH\Model.php(255): CodeIgniter\Database\BaseBuilder->get()
 5 SYSTEMPATH\BaseModel.php(676): CodeIgniter\Model->doFindAll(0, 0)
 6 APPPATH\Models\TempTransaksiServisModel.php(32): CodeIgniter\BaseModel->findAll()
 7 APPPATH\Controllers\TransaksiServis.php(97): App\Models\TempTransaksiServisModel->getTempWithInfo('62a7016f6892d9032520491dd6b35857')
 8 SYSTEMPATH\CodeIgniter.php(974): App\Controllers\TransaksiServis->getTemp()
 9 SYSTEMPATH\CodeIgniter.php(520): CodeIgniter\CodeIgniter->runController(Object(App\Controllers\TransaksiServis))
10 SYSTEMPATH\CodeIgniter.php(363): CodeIgniter\CodeIgniter->handleRequest(null, Object(Config\Cache), false)
11 SYSTEMPATH\Boot.php(417): CodeIgniter\CodeIgniter->run()
12 SYSTEMPATH\Boot.php(68): CodeIgniter\Boot::runCodeIgniter(Object(CodeIgniter\CodeIgniter))
13 FCPATH\index.php(56): CodeIgniter\Boot::bootWeb(Object(Config\Paths))
14 SYSTEMPATH\rewrite.php(44): require_once('C:\\Users\\AKU BANGGA JADI IT 2\\Documents\\RafiChandra\\Codeigniter4\\bengkel-salsa-motor\\public\\index.php')
CRITICAL - 2026-08-13 08:29:52 --> [Caused by] mysqli_sql_exception: Unknown column 'satuan.id' in 'on clause'
in SYSTEMPATH\Database\MySQLi\Connection.php on line 300.
 1 SYSTEMPATH\Database\MySQLi\Connection.php(300): mysqli->query('SELECT `temp_transaksi_servis`.*, `servis`.`jenis_servis`, `barang`.`nama_barng`, `satuan`.`nama_satuan`
FROM `temp_transaksi_servis`
LEFT JOIN `servis` ON `servis`.`kodeservis` = `temp_transaksi_servis`.`detserviskode`
LEFT JOIN `barang` ON `barang`.`kode` = `temp_transaksi_servis`.`detailbrgkode`
LEFT JOIN `satuan` ON `satuan`.`id` = `barang`.`satuanid`
WHERE `temp_transaksi_servis`.`session_id` = \'62a7016f6892d9032520491dd6b35857\'', 0)
 2 SYSTEMPATH\Database\BaseConnection.php(908): CodeIgniter\Database\MySQLi\Connection->execute('SELECT `temp_transaksi_servis`.*, `servis`.`jenis_servis`, `barang`.`nama_barng`, `satuan`.`nama_satuan`
FROM `temp_transaksi_servis`
LEFT JOIN `servis` ON `servis`.`kodeservis` = `temp_transaksi_servis`.`detserviskode`
LEFT JOIN `barang` ON `barang`.`kode` = `temp_transaksi_servis`.`detailbrgkode`
LEFT JOIN `satuan` ON `satuan`.`id` = `barang`.`satuanid`
WHERE `temp_transaksi_servis`.`session_id` = \'62a7016f6892d9032520491dd6b35857\'')
 3 SYSTEMPATH\Database\BaseConnection.php(825): CodeIgniter\Database\BaseConnection->simpleQuery('SELECT `temp_transaksi_servis`.*, `servis`.`jenis_servis`, `barang`.`nama_barng`, `satuan`.`nama_satuan`
FROM `temp_transaksi_servis`
LEFT JOIN `servis` ON `servis`.`kodeservis` = `temp_transaksi_servis`.`detserviskode`
LEFT JOIN `barang` ON `barang`.`kode` = `temp_transaksi_servis`.`detailbrgkode`
LEFT JOIN `satuan` ON `satuan`.`id` = `barang`.`satuanid`
WHERE `temp_transaksi_servis`.`session_id` = \'62a7016f6892d9032520491dd6b35857\'')
 4 SYSTEMPATH\Database\BaseBuilder.php(1659): CodeIgniter\Database\BaseConnection->query('SELECT `temp_transaksi_servis`.*, `servis`.`jenis_servis`, `barang`.`nama_barng`, `satuan`.`nama_satuan`
FROM `temp_transaksi_servis`
LEFT JOIN `servis` ON `servis`.`kodeservis` = `temp_transaksi_servis`.`detserviskode`
LEFT JOIN `barang` ON `barang`.`kode` = `temp_transaksi_servis`.`detailbrgkode`
LEFT JOIN `satuan` ON `satuan`.`id` = `barang`.`satuanid`
WHERE `temp_transaksi_servis`.`session_id` = :temp_transaksi_servis.session_id:', [...], false)
 5 SYSTEMPATH\Model.php(255): CodeIgniter\Database\BaseBuilder->get()
 6 SYSTEMPATH\BaseModel.php(676): CodeIgniter\Model->doFindAll(0, 0)
 7 APPPATH\Models\TempTransaksiServisModel.php(32): CodeIgniter\BaseModel->findAll()
 8 APPPATH\Controllers\TransaksiServis.php(97): App\Models\TempTransaksiServisModel->getTempWithInfo('62a7016f6892d9032520491dd6b35857')
 9 SYSTEMPATH\CodeIgniter.php(974): App\Controllers\TransaksiServis->getTemp()
10 SYSTEMPATH\CodeIgniter.php(520): CodeIgniter\CodeIgniter->runController(Object(App\Controllers\TransaksiServis))
11 SYSTEMPATH\CodeIgniter.php(363): CodeIgniter\CodeIgniter->handleRequest(null, Object(Config\Cache), false)
12 SYSTEMPATH\Boot.php(417): CodeIgniter\CodeIgniter->run()
13 SYSTEMPATH\Boot.php(68): CodeIgniter\Boot::runCodeIgniter(Object(CodeIgniter\CodeIgniter))
14 FCPATH\index.php(56): CodeIgniter\Boot::bootWeb(Object(Config\Paths))
15 SYSTEMPATH\rewrite.php(44): require_once('C:\\Users\\AKU BANGGA JADI IT 2\\Documents\\RafiChandra\\Codeigniter4\\bengkel-salsa-motor\\public\\index.php')
DEBUG - 2026-08-13 08:29:52 --> Session: Class initialized using 'CodeIgniter\Session\Handlers\FileHandler' driver.
DEBUG - 2026-08-13 08:29:52 --> Session: Class initialized using 'CodeIgniter\Session\Handlers\FileHandler' driver.
ERROR - 2026-08-13 08:29:52 --> Unknown column 'satuan.id' in 'on clause'
in SYSTEMPATH\Database\MySQLi\Connection.php on line 300.
 1 SYSTEMPATH\Database\MySQLi\Connection.php(300): mysqli->query('SELECT `temp_transaksi_servis`.*, `servis`.`jenis_servis`, `barang`.`nama_barng`, `satuan`.`nama_satuan`
FROM `temp_transaksi_servis`
LEFT JOIN `servis` ON `servis`.`kodeservis` = `temp_transaksi_servis`.`detserviskode`
LEFT JOIN `barang` ON `barang`.`kode` = `temp_transaksi_servis`.`detailbrgkode`
LEFT JOIN `satuan` ON `satuan`.`id` = `barang`.`satuanid`
WHERE `temp_transaksi_servis`.`session_id` = \'62a7016f6892d9032520491dd6b35857\'', 0)
 2 SYSTEMPATH\Database\BaseConnection.php(908): CodeIgniter\Database\MySQLi\Connection->execute('SELECT `temp_transaksi_servis`.*, `servis`.`jenis_servis`, `barang`.`nama_barng`, `satuan`.`nama_satuan`
FROM `temp_transaksi_servis`
LEFT JOIN `servis` ON `servis`.`kodeservis` = `temp_transaksi_servis`.`detserviskode`
LEFT JOIN `barang` ON `barang`.`kode` = `temp_transaksi_servis`.`detailbrgkode`
LEFT JOIN `satuan` ON `satuan`.`id` = `barang`.`satuanid`
WHERE `temp_transaksi_servis`.`session_id` = \'62a7016f6892d9032520491dd6b35857\'')
 3 SYSTEMPATH\Database\BaseConnection.php(825): CodeIgniter\Database\BaseConnection->simpleQuery('SELECT `temp_transaksi_servis`.*, `servis`.`jenis_servis`, `barang`.`nama_barng`, `satuan`.`nama_satuan`
FROM `temp_transaksi_servis`
LEFT JOIN `servis` ON `servis`.`kodeservis` = `temp_transaksi_servis`.`detserviskode`
LEFT JOIN `barang` ON `barang`.`kode` = `temp_transaksi_servis`.`detailbrgkode`
LEFT JOIN `satuan` ON `satuan`.`id` = `barang`.`satuanid`
WHERE `temp_transaksi_servis`.`session_id` = \'62a7016f6892d9032520491dd6b35857\'')
 4 SYSTEMPATH\Database\BaseBuilder.php(1659): CodeIgniter\Database\BaseConnection->query('SELECT `temp_transaksi_servis`.*, `servis`.`jenis_servis`, `barang`.`nama_barng`, `satuan`.`nama_satuan`
FROM `temp_transaksi_servis`
LEFT JOIN `servis` ON `servis`.`kodeservis` = `temp_transaksi_servis`.`detserviskode`
LEFT JOIN `barang` ON `barang`.`kode` = `temp_transaksi_servis`.`detailbrgkode`
LEFT JOIN `satuan` ON `satuan`.`id` = `barang`.`satuanid`
WHERE `temp_transaksi_servis`.`session_id` = :temp_transaksi_servis.session_id:', [...], false)
 5 SYSTEMPATH\Model.php(255): CodeIgniter\Database\BaseBuilder->get()
 6 SYSTEMPATH\BaseModel.php(676): CodeIgniter\Model->doFindAll(0, 0)
 7 APPPATH\Models\TempTransaksiServisModel.php(32): CodeIgniter\BaseModel->findAll()
 8 APPPATH\Controllers\TransaksiServis.php(97): App\Models\TempTransaksiServisModel->getTempWithInfo('62a7016f6892d9032520491dd6b35857')
 9 SYSTEMPATH\CodeIgniter.php(974): App\Controllers\TransaksiServis->getTemp()
10 SYSTEMPATH\CodeIgniter.php(520): CodeIgniter\CodeIgniter->runController(Object(App\Controllers\TransaksiServis))
11 SYSTEMPATH\CodeIgniter.php(363): CodeIgniter\CodeIgniter->handleRequest(null, Object(Config\Cache), false)
12 SYSTEMPATH\Boot.php(417): CodeIgniter\CodeIgniter->run()
13 SYSTEMPATH\Boot.php(68): CodeIgniter\Boot::runCodeIgniter(Object(CodeIgniter\CodeIgniter))
14 FCPATH\index.php(56): CodeIgniter\Boot::bootWeb(Object(Config\Paths))
15 SYSTEMPATH\rewrite.php(44): require_once('C:\\Users\\AKU BANGGA JADI IT 2\\Documents\\RafiChandra\\Codeigniter4\\bengkel-salsa-motor\\public\\index.php')
CRITICAL - 2026-08-13 08:29:52 --> CodeIgniter\Database\Exceptions\DatabaseException: Unknown column 'satuan.id' in 'on clause'
[Method: GET, Route: admin/transaksiservis/getTemp]
in SYSTEMPATH\Database\BaseConnection.php on line 863.
 1 SYSTEMPATH\Database\BaseBuilder.php(1659): CodeIgniter\Database\BaseConnection->query('SELECT `temp_transaksi_servis`.*, `servis`.`jenis_servis`, `barang`.`nama_barng`, `satuan`.`nama_satuan`
FROM `temp_transaksi_servis`
LEFT JOIN `servis` ON `servis`.`kodeservis` = `temp_transaksi_servis`.`detserviskode`
LEFT JOIN `barang` ON `barang`.`kode` = `temp_transaksi_servis`.`detailbrgkode`
LEFT JOIN `satuan` ON `satuan`.`id` = `barang`.`satuanid`
WHERE `temp_transaksi_servis`.`session_id` = :temp_transaksi_servis.session_id:', [...], false)
 2 SYSTEMPATH\Model.php(255): CodeIgniter\Database\BaseBuilder->get()
 3 SYSTEMPATH\BaseModel.php(676): CodeIgniter\Model->doFindAll(0, 0)
 4 APPPATH\Models\TempTransaksiServisModel.php(32): CodeIgniter\BaseModel->findAll()
 5 APPPATH\Controllers\TransaksiServis.php(97): App\Models\TempTransaksiServisModel->getTempWithInfo('62a7016f6892d9032520491dd6b35857')
 6 SYSTEMPATH\CodeIgniter.php(974): App\Controllers\TransaksiServis->getTemp()
 7 SYSTEMPATH\CodeIgniter.php(520): CodeIgniter\CodeIgniter->runController(Object(App\Controllers\TransaksiServis))
 8 SYSTEMPATH\CodeIgniter.php(363): CodeIgniter\CodeIgniter->handleRequest(null, Object(Config\Cache), false)
 9 SYSTEMPATH\Boot.php(417): CodeIgniter\CodeIgniter->run()
10 SYSTEMPATH\Boot.php(68): CodeIgniter\Boot::runCodeIgniter(Object(CodeIgniter\CodeIgniter))
11 FCPATH\index.php(56): CodeIgniter\Boot::bootWeb(Object(Config\Paths))
12 SYSTEMPATH\rewrite.php(44): require_once('C:\\Users\\AKU BANGGA JADI IT 2\\Documents\\RafiChandra\\Codeigniter4\\bengkel-salsa-motor\\public\\index.php')
CRITICAL - 2026-08-13 08:29:52 --> [Caused by] CodeIgniter\Database\Exceptions\DatabaseException: Unknown column 'satuan.id' in 'on clause'
in SYSTEMPATH\Database\MySQLi\Connection.php on line 310.
 1 SYSTEMPATH\Database\BaseConnection.php(908): CodeIgniter\Database\MySQLi\Connection->execute('SELECT `temp_transaksi_servis`.*, `servis`.`jenis_servis`, `barang`.`nama_barng`, `satuan`.`nama_satuan`
FROM `temp_transaksi_servis`
LEFT JOIN `servis` ON `servis`.`kodeservis` = `temp_transaksi_servis`.`detserviskode`
LEFT JOIN `barang` ON `barang`.`kode` = `temp_transaksi_servis`.`detailbrgkode`
LEFT JOIN `satuan` ON `satuan`.`id` = `barang`.`satuanid`
WHERE `temp_transaksi_servis`.`session_id` = \'62a7016f6892d9032520491dd6b35857\'')
 2 SYSTEMPATH\Database\BaseConnection.php(825): CodeIgniter\Database\BaseConnection->simpleQuery('SELECT `temp_transaksi_servis`.*, `servis`.`jenis_servis`, `barang`.`nama_barng`, `satuan`.`nama_satuan`
FROM `temp_transaksi_servis`
LEFT JOIN `servis` ON `servis`.`kodeservis` = `temp_transaksi_servis`.`detserviskode`
LEFT JOIN `barang` ON `barang`.`kode` = `temp_transaksi_servis`.`detailbrgkode`
LEFT JOIN `satuan` ON `satuan`.`id` = `barang`.`satuanid`
WHERE `temp_transaksi_servis`.`session_id` = \'62a7016f6892d9032520491dd6b35857\'')
 3 SYSTEMPATH\Database\BaseBuilder.php(1659): CodeIgniter\Database\BaseConnection->query('SELECT `temp_transaksi_servis`.*, `servis`.`jenis_servis`, `barang`.`nama_barng`, `satuan`.`nama_satuan`
FROM `temp_transaksi_servis`
LEFT JOIN `servis` ON `servis`.`kodeservis` = `temp_transaksi_servis`.`detserviskode`
LEFT JOIN `barang` ON `barang`.`kode` = `temp_transaksi_servis`.`detailbrgkode`
LEFT JOIN `satuan` ON `satuan`.`id` = `barang`.`satuanid`
WHERE `temp_transaksi_servis`.`session_id` = :temp_transaksi_servis.session_id:', [...], false)
 4 SYSTEMPATH\Model.php(255): CodeIgniter\Database\BaseBuilder->get()
 5 SYSTEMPATH\BaseModel.php(676): CodeIgniter\Model->doFindAll(0, 0)
 6 APPPATH\Models\TempTransaksiServisModel.php(32): CodeIgniter\BaseModel->findAll()
 7 APPPATH\Controllers\TransaksiServis.php(97): App\Models\TempTransaksiServisModel->getTempWithInfo('62a7016f6892d9032520491dd6b35857')
 8 SYSTEMPATH\CodeIgniter.php(974): App\Controllers\TransaksiServis->getTemp()
 9 SYSTEMPATH\CodeIgniter.php(520): CodeIgniter\CodeIgniter->runController(Object(App\Controllers\TransaksiServis))
10 SYSTEMPATH\CodeIgniter.php(363): CodeIgniter\CodeIgniter->handleRequest(null, Object(Config\Cache), false)
11 SYSTEMPATH\Boot.php(417): CodeIgniter\CodeIgniter->run()
12 SYSTEMPATH\Boot.php(68): CodeIgniter\Boot::runCodeIgniter(Object(CodeIgniter\CodeIgniter))
13 FCPATH\index.php(56): CodeIgniter\Boot::bootWeb(Object(Config\Paths))
14 SYSTEMPATH\rewrite.php(44): require_once('C:\\Users\\AKU BANGGA JADI IT 2\\Documents\\RafiChandra\\Codeigniter4\\bengkel-salsa-motor\\public\\index.php')
CRITICAL - 2026-08-13 08:29:52 --> [Caused by] mysqli_sql_exception: Unknown column 'satuan.id' in 'on clause'
in SYSTEMPATH\Database\MySQLi\Connection.php on line 300.
 1 SYSTEMPATH\Database\MySQLi\Connection.php(300): mysqli->query('SELECT `temp_transaksi_servis`.*, `servis`.`jenis_servis`, `barang`.`nama_barng`, `satuan`.`nama_satuan`
FROM `temp_transaksi_servis`
LEFT JOIN `servis` ON `servis`.`kodeservis` = `temp_transaksi_servis`.`detserviskode`
LEFT JOIN `barang` ON `barang`.`kode` = `temp_transaksi_servis`.`detailbrgkode`
LEFT JOIN `satuan` ON `satuan`.`id` = `barang`.`satuanid`
WHERE `temp_transaksi_servis`.`session_id` = \'62a7016f6892d9032520491dd6b35857\'', 0)
 2 SYSTEMPATH\Database\BaseConnection.php(908): CodeIgniter\Database\MySQLi\Connection->execute('SELECT `temp_transaksi_servis`.*, `servis`.`jenis_servis`, `barang`.`nama_barng`, `satuan`.`nama_satuan`
FROM `temp_transaksi_servis`
LEFT JOIN `servis` ON `servis`.`kodeservis` = `temp_transaksi_servis`.`detserviskode`
LEFT JOIN `barang` ON `barang`.`kode` = `temp_transaksi_servis`.`detailbrgkode`
LEFT JOIN `satuan` ON `satuan`.`id` = `barang`.`satuanid`
WHERE `temp_transaksi_servis`.`session_id` = \'62a7016f6892d9032520491dd6b35857\'')
 3 SYSTEMPATH\Database\BaseConnection.php(825): CodeIgniter\Database\BaseConnection->simpleQuery('SELECT `temp_transaksi_servis`.*, `servis`.`jenis_servis`, `barang`.`nama_barng`, `satuan`.`nama_satuan`
FROM `temp_transaksi_servis`
LEFT JOIN `servis` ON `servis`.`kodeservis` = `temp_transaksi_servis`.`detserviskode`
LEFT JOIN `barang` ON `barang`.`kode` = `temp_transaksi_servis`.`detailbrgkode`
LEFT JOIN `satuan` ON `satuan`.`id` = `barang`.`satuanid`
WHERE `temp_transaksi_servis`.`session_id` = \'62a7016f6892d9032520491dd6b35857\'')
 4 SYSTEMPATH\Database\BaseBuilder.php(1659): CodeIgniter\Database\BaseConnection->query('SELECT `temp_transaksi_servis`.*, `servis`.`jenis_servis`, `barang`.`nama_barng`, `satuan`.`nama_satuan`
FROM `temp_transaksi_servis`
LEFT JOIN `servis` ON `servis`.`kodeservis` = `temp_transaksi_servis`.`detserviskode`
LEFT JOIN `barang` ON `barang`.`kode` = `temp_transaksi_servis`.`detailbrgkode`
LEFT JOIN `satuan` ON `satuan`.`id` = `barang`.`satuanid`
WHERE `temp_transaksi_servis`.`session_id` = :temp_transaksi_servis.session_id:', [...], false)
 5 SYSTEMPATH\Model.php(255): CodeIgniter\Database\BaseBuilder->get()
 6 SYSTEMPATH\BaseModel.php(676): CodeIgniter\Model->doFindAll(0, 0)
 7 APPPATH\Models\TempTransaksiServisModel.php(32): CodeIgniter\BaseModel->findAll()
 8 APPPATH\Controllers\TransaksiServis.php(97): App\Models\TempTransaksiServisModel->getTempWithInfo('62a7016f6892d9032520491dd6b35857')
 9 SYSTEMPATH\CodeIgniter.php(974): App\Controllers\TransaksiServis->getTemp()
10 SYSTEMPATH\CodeIgniter.php(520): CodeIgniter\CodeIgniter->runController(Object(App\Controllers\TransaksiServis))
11 SYSTEMPATH\CodeIgniter.php(363): CodeIgniter\CodeIgniter->handleRequest(null, Object(Config\Cache), false)
12 SYSTEMPATH\Boot.php(417): CodeIgniter\CodeIgniter->run()
13 SYSTEMPATH\Boot.php(68): CodeIgniter\Boot::runCodeIgniter(Object(CodeIgniter\CodeIgniter))
14 FCPATH\index.php(56): CodeIgniter\Boot::bootWeb(Object(Config\Paths))
15 SYSTEMPATH\rewrite.php(44): require_once('C:\\Users\\AKU BANGGA JADI IT 2\\Documents\\RafiChandra\\Codeigniter4\\bengkel-salsa-motor\\public\\index.php')
DEBUG - 2026-08-13 08:30:02 --> Session: Class initialized using 'CodeIgniter\Session\Handlers\FileHandler' driver.
DEBUG - 2026-08-13 08:30:02 --> Session: Class initialized using 'CodeIgniter\Session\Handlers\FileHandler' driver.
ERROR - 2026-08-13 08:30:02 --> Unknown column 'satuan.id' in 'on clause'
in SYSTEMPATH\Database\MySQLi\Connection.php on line 300.
 1 SYSTEMPATH\Database\MySQLi\Connection.php(300): mysqli->query('SELECT `temp_transaksi_servis`.*, `servis`.`jenis_servis`, `barang`.`nama_barng`, `satuan`.`nama_satuan`
FROM `temp_transaksi_servis`
LEFT JOIN `servis` ON `servis`.`kodeservis` = `temp_transaksi_servis`.`detserviskode`
LEFT JOIN `barang` ON `barang`.`kode` = `temp_transaksi_servis`.`detailbrgkode`
LEFT JOIN `satuan` ON `satuan`.`id` = `barang`.`satuanid`
WHERE `temp_transaksi_servis`.`session_id` = \'62a7016f6892d9032520491dd6b35857\'', 0)
 2 SYSTEMPATH\Database\BaseConnection.php(908): CodeIgniter\Database\MySQLi\Connection->execute('SELECT `temp_transaksi_servis`.*, `servis`.`jenis_servis`, `barang`.`nama_barng`, `satuan`.`nama_satuan`
FROM `temp_transaksi_servis`
LEFT JOIN `servis` ON `servis`.`kodeservis` = `temp_transaksi_servis`.`detserviskode`
LEFT JOIN `barang` ON `barang`.`kode` = `temp_transaksi_servis`.`detailbrgkode`
LEFT JOIN `satuan` ON `satuan`.`id` = `barang`.`satuanid`
WHERE `temp_transaksi_servis`.`session_id` = \'62a7016f6892d9032520491dd6b35857\'')
 3 SYSTEMPATH\Database\BaseConnection.php(825): CodeIgniter\Database\BaseConnection->simpleQuery('SELECT `temp_transaksi_servis`.*, `servis`.`jenis_servis`, `barang`.`nama_barng`, `satuan`.`nama_satuan`
FROM `temp_transaksi_servis`
LEFT JOIN `servis` ON `servis`.`kodeservis` = `temp_transaksi_servis`.`detserviskode`
LEFT JOIN `barang` ON `barang`.`kode` = `temp_transaksi_servis`.`detailbrgkode`
LEFT JOIN `satuan` ON `satuan`.`id` = `barang`.`satuanid`
WHERE `temp_transaksi_servis`.`session_id` = \'62a7016f6892d9032520491dd6b35857\'')
 4 SYSTEMPATH\Database\BaseBuilder.php(1659): CodeIgniter\Database\BaseConnection->query('SELECT `temp_transaksi_servis`.*, `servis`.`jenis_servis`, `barang`.`nama_barng`, `satuan`.`nama_satuan`
FROM `temp_transaksi_servis`
LEFT JOIN `servis` ON `servis`.`kodeservis` = `temp_transaksi_servis`.`detserviskode`
LEFT JOIN `barang` ON `barang`.`kode` = `temp_transaksi_servis`.`detailbrgkode`
LEFT JOIN `satuan` ON `satuan`.`id` = `barang`.`satuanid`
WHERE `temp_transaksi_servis`.`session_id` = :temp_transaksi_servis.session_id:', [...], false)
 5 SYSTEMPATH\Model.php(255): CodeIgniter\Database\BaseBuilder->get()
 6 SYSTEMPATH\BaseModel.php(676): CodeIgniter\Model->doFindAll(0, 0)
 7 APPPATH\Models\TempTransaksiServisModel.php(32): CodeIgniter\BaseModel->findAll()
 8 APPPATH\Controllers\TransaksiServis.php(97): App\Models\TempTransaksiServisModel->getTempWithInfo('62a7016f6892d9032520491dd6b35857')
 9 SYSTEMPATH\CodeIgniter.php(974): App\Controllers\TransaksiServis->getTemp()
10 SYSTEMPATH\CodeIgniter.php(520): CodeIgniter\CodeIgniter->runController(Object(App\Controllers\TransaksiServis))
11 SYSTEMPATH\CodeIgniter.php(363): CodeIgniter\CodeIgniter->handleRequest(null, Object(Config\Cache), false)
12 SYSTEMPATH\Boot.php(417): CodeIgniter\CodeIgniter->run()
13 SYSTEMPATH\Boot.php(68): CodeIgniter\Boot::runCodeIgniter(Object(CodeIgniter\CodeIgniter))
14 FCPATH\index.php(56): CodeIgniter\Boot::bootWeb(Object(Config\Paths))
15 SYSTEMPATH\rewrite.php(44): require_once('C:\\Users\\AKU BANGGA JADI IT 2\\Documents\\RafiChandra\\Codeigniter4\\bengkel-salsa-motor\\public\\index.php')
CRITICAL - 2026-08-13 08:30:02 --> CodeIgniter\Database\Exceptions\DatabaseException: Unknown column 'satuan.id' in 'on clause'
[Method: GET, Route: admin/transaksiservis/getTemp]
in SYSTEMPATH\Database\BaseConnection.php on line 863.
 1 SYSTEMPATH\Database\BaseBuilder.php(1659): CodeIgniter\Database\BaseConnection->query('SELECT `temp_transaksi_servis`.*, `servis`.`jenis_servis`, `barang`.`nama_barng`, `satuan`.`nama_satuan`
FROM `temp_transaksi_servis`
LEFT JOIN `servis` ON `servis`.`kodeservis` = `temp_transaksi_servis`.`detserviskode`
LEFT JOIN `barang` ON `barang`.`kode` = `temp_transaksi_servis`.`detailbrgkode`
LEFT JOIN `satuan` ON `satuan`.`id` = `barang`.`satuanid`
WHERE `temp_transaksi_servis`.`session_id` = :temp_transaksi_servis.session_id:', [...], false)
 2 SYSTEMPATH\Model.php(255): CodeIgniter\Database\BaseBuilder->get()
 3 SYSTEMPATH\BaseModel.php(676): CodeIgniter\Model->doFindAll(0, 0)
 4 APPPATH\Models\TempTransaksiServisModel.php(32): CodeIgniter\BaseModel->findAll()
 5 APPPATH\Controllers\TransaksiServis.php(97): App\Models\TempTransaksiServisModel->getTempWithInfo('62a7016f6892d9032520491dd6b35857')
 6 SYSTEMPATH\CodeIgniter.php(974): App\Controllers\TransaksiServis->getTemp()
 7 SYSTEMPATH\CodeIgniter.php(520): CodeIgniter\CodeIgniter->runController(Object(App\Controllers\TransaksiServis))
 8 SYSTEMPATH\CodeIgniter.php(363): CodeIgniter\CodeIgniter->handleRequest(null, Object(Config\Cache), false)
 9 SYSTEMPATH\Boot.php(417): CodeIgniter\CodeIgniter->run()
10 SYSTEMPATH\Boot.php(68): CodeIgniter\Boot::runCodeIgniter(Object(CodeIgniter\CodeIgniter))
11 FCPATH\index.php(56): CodeIgniter\Boot::bootWeb(Object(Config\Paths))
12 SYSTEMPATH\rewrite.php(44): require_once('C:\\Users\\AKU BANGGA JADI IT 2\\Documents\\RafiChandra\\Codeigniter4\\bengkel-salsa-motor\\public\\index.php')
CRITICAL - 2026-08-13 08:30:02 --> [Caused by] CodeIgniter\Database\Exceptions\DatabaseException: Unknown column 'satuan.id' in 'on clause'
in SYSTEMPATH\Database\MySQLi\Connection.php on line 310.
 1 SYSTEMPATH\Database\BaseConnection.php(908): CodeIgniter\Database\MySQLi\Connection->execute('SELECT `temp_transaksi_servis`.*, `servis`.`jenis_servis`, `barang`.`nama_barng`, `satuan`.`nama_satuan`
FROM `temp_transaksi_servis`
LEFT JOIN `servis` ON `servis`.`kodeservis` = `temp_transaksi_servis`.`detserviskode`
LEFT JOIN `barang` ON `barang`.`kode` = `temp_transaksi_servis`.`detailbrgkode`
LEFT JOIN `satuan` ON `satuan`.`id` = `barang`.`satuanid`
WHERE `temp_transaksi_servis`.`session_id` = \'62a7016f6892d9032520491dd6b35857\'')
 2 SYSTEMPATH\Database\BaseConnection.php(825): CodeIgniter\Database\BaseConnection->simpleQuery('SELECT `temp_transaksi_servis`.*, `servis`.`jenis_servis`, `barang`.`nama_barng`, `satuan`.`nama_satuan`
FROM `temp_transaksi_servis`
LEFT JOIN `servis` ON `servis`.`kodeservis` = `temp_transaksi_servis`.`detserviskode`
LEFT JOIN `barang` ON `barang`.`kode` = `temp_transaksi_servis`.`detailbrgkode`
LEFT JOIN `satuan` ON `satuan`.`id` = `barang`.`satuanid`
WHERE `temp_transaksi_servis`.`session_id` = \'62a7016f6892d9032520491dd6b35857\'')
 3 SYSTEMPATH\Database\BaseBuilder.php(1659): CodeIgniter\Database\BaseConnection->query('SELECT `temp_transaksi_servis`.*, `servis`.`jenis_servis`, `barang`.`nama_barng`, `satuan`.`nama_satuan`
FROM `temp_transaksi_servis`
LEFT JOIN `servis` ON `servis`.`kodeservis` = `temp_transaksi_servis`.`detserviskode`
LEFT JOIN `barang` ON `barang`.`kode` = `temp_transaksi_servis`.`detailbrgkode`
LEFT JOIN `satuan` ON `satuan`.`id` = `barang`.`satuanid`
WHERE `temp_transaksi_servis`.`session_id` = :temp_transaksi_servis.session_id:', [...], false)
 4 SYSTEMPATH\Model.php(255): CodeIgniter\Database\BaseBuilder->get()
 5 SYSTEMPATH\BaseModel.php(676): CodeIgniter\Model->doFindAll(0, 0)
 6 APPPATH\Models\TempTransaksiServisModel.php(32): CodeIgniter\BaseModel->findAll()
 7 APPPATH\Controllers\TransaksiServis.php(97): App\Models\TempTransaksiServisModel->getTempWithInfo('62a7016f6892d9032520491dd6b35857')
 8 SYSTEMPATH\CodeIgniter.php(974): App\Controllers\TransaksiServis->getTemp()
 9 SYSTEMPATH\CodeIgniter.php(520): CodeIgniter\CodeIgniter->runController(Object(App\Controllers\TransaksiServis))
10 SYSTEMPATH\CodeIgniter.php(363): CodeIgniter\CodeIgniter->handleRequest(null, Object(Config\Cache), false)
11 SYSTEMPATH\Boot.php(417): CodeIgniter\CodeIgniter->run()
12 SYSTEMPATH\Boot.php(68): CodeIgniter\Boot::runCodeIgniter(Object(CodeIgniter\CodeIgniter))
13 FCPATH\index.php(56): CodeIgniter\Boot::bootWeb(Object(Config\Paths))
14 SYSTEMPATH\rewrite.php(44): require_once('C:\\Users\\AKU BANGGA JADI IT 2\\Documents\\RafiChandra\\Codeigniter4\\bengkel-salsa-motor\\public\\index.php')
CRITICAL - 2026-08-13 08:30:02 --> [Caused by] mysqli_sql_exception: Unknown column 'satuan.id' in 'on clause'
in SYSTEMPATH\Database\MySQLi\Connection.php on line 300.
 1 SYSTEMPATH\Database\MySQLi\Connection.php(300): mysqli->query('SELECT `temp_transaksi_servis`.*, `servis`.`jenis_servis`, `barang`.`nama_barng`, `satuan`.`nama_satuan`
FROM `temp_transaksi_servis`
LEFT JOIN `servis` ON `servis`.`kodeservis` = `temp_transaksi_servis`.`detserviskode`
LEFT JOIN `barang` ON `barang`.`kode` = `temp_transaksi_servis`.`detailbrgkode`
LEFT JOIN `satuan` ON `satuan`.`id` = `barang`.`satuanid`
WHERE `temp_transaksi_servis`.`session_id` = \'62a7016f6892d9032520491dd6b35857\'', 0)
 2 SYSTEMPATH\Database\BaseConnection.php(908): CodeIgniter\Database\MySQLi\Connection->execute('SELECT `temp_transaksi_servis`.*, `servis`.`jenis_servis`, `barang`.`nama_barng`, `satuan`.`nama_satuan`
FROM `temp_transaksi_servis`
LEFT JOIN `servis` ON `servis`.`kodeservis` = `temp_transaksi_servis`.`detserviskode`
LEFT JOIN `barang` ON `barang`.`kode` = `temp_transaksi_servis`.`detailbrgkode`
LEFT JOIN `satuan` ON `satuan`.`id` = `barang`.`satuanid`
WHERE `temp_transaksi_servis`.`session_id` = \'62a7016f6892d9032520491dd6b35857\'')
 3 SYSTEMPATH\Database\BaseConnection.php(825): CodeIgniter\Database\BaseConnection->simpleQuery('SELECT `temp_transaksi_servis`.*, `servis`.`jenis_servis`, `barang`.`nama_barng`, `satuan`.`nama_satuan`
FROM `temp_transaksi_servis`
LEFT JOIN `servis` ON `servis`.`kodeservis` = `temp_transaksi_servis`.`detserviskode`
LEFT JOIN `barang` ON `barang`.`kode` = `temp_transaksi_servis`.`detailbrgkode`
LEFT JOIN `satuan` ON `satuan`.`id` = `barang`.`satuanid`
WHERE `temp_transaksi_servis`.`session_id` = \'62a7016f6892d9032520491dd6b35857\'')
 4 SYSTEMPATH\Database\BaseBuilder.php(1659): CodeIgniter\Database\BaseConnection->query('SELECT `temp_transaksi_servis`.*, `servis`.`jenis_servis`, `barang`.`nama_barng`, `satuan`.`nama_satuan`
FROM `temp_transaksi_servis`
LEFT JOIN `servis` ON `servis`.`kodeservis` = `temp_transaksi_servis`.`detserviskode`
LEFT JOIN `barang` ON `barang`.`kode` = `temp_transaksi_servis`.`detailbrgkode`
LEFT JOIN `satuan` ON `satuan`.`id` = `barang`.`satuanid`
WHERE `temp_transaksi_servis`.`session_id` = :temp_transaksi_servis.session_id:', [...], false)
 5 SYSTEMPATH\Model.php(255): CodeIgniter\Database\BaseBuilder->get()
 6 SYSTEMPATH\BaseModel.php(676): CodeIgniter\Model->doFindAll(0, 0)
 7 APPPATH\Models\TempTransaksiServisModel.php(32): CodeIgniter\BaseModel->findAll()
 8 APPPATH\Controllers\TransaksiServis.php(97): App\Models\TempTransaksiServisModel->getTempWithInfo('62a7016f6892d9032520491dd6b35857')
 9 SYSTEMPATH\CodeIgniter.php(974): App\Controllers\TransaksiServis->getTemp()
10 SYSTEMPATH\CodeIgniter.php(520): CodeIgniter\CodeIgniter->runController(Object(App\Controllers\TransaksiServis))
11 SYSTEMPATH\CodeIgniter.php(363): CodeIgniter\CodeIgniter->handleRequest(null, Object(Config\Cache), false)
12 SYSTEMPATH\Boot.php(417): CodeIgniter\CodeIgniter->run()
13 SYSTEMPATH\Boot.php(68): CodeIgniter\Boot::runCodeIgniter(Object(CodeIgniter\CodeIgniter))
14 FCPATH\index.php(56): CodeIgniter\Boot::bootWeb(Object(Config\Paths))
15 SYSTEMPATH\rewrite.php(44): require_once('C:\\Users\\AKU BANGGA JADI IT 2\\Documents\\RafiChandra\\Codeigniter4\\bengkel-salsa-motor\\public\\index.php')
DEBUG - 2026-08-13 08:30:53 --> Session: Class initialized using 'CodeIgniter\Session\Handlers\FileHandler' driver.
DEBUG - 2026-08-13 08:30:55 --> Session: Class initialized using 'CodeIgniter\Session\Handlers\FileHandler' driver.
DEBUG - 2026-08-13 08:30:55 --> Session: Class initialized using 'CodeIgniter\Session\Handlers\FileHandler' driver.
DEBUG - 2026-08-13 08:31:58 --> Session: Class initialized using 'CodeIgniter\Session\Handlers\FileHandler' driver.
DEBUG - 2026-08-13 08:31:59 --> Session: Class initialized using 'CodeIgniter\Session\Handlers\FileHandler' driver.
ERROR - 2026-08-13 08:31:59 --> Unknown column 'satuan.id' in 'on clause'
in SYSTEMPATH\Database\MySQLi\Connection.php on line 300.
 1 SYSTEMPATH\Database\MySQLi\Connection.php(300): mysqli->query('SELECT `temp_transaksi_servis`.*, `servis`.`jenis_servis`, `barang`.`nama_barng`, `satuan`.`nama_satuan`
FROM `temp_transaksi_servis`
LEFT JOIN `servis` ON `servis`.`kodeservis` = `temp_transaksi_servis`.`detserviskode`
LEFT JOIN `barang` ON `barang`.`kode` = `temp_transaksi_servis`.`detailbrgkode`
LEFT JOIN `satuan` ON `satuan`.`id` = `barang`.`satuanid`
WHERE `temp_transaksi_servis`.`session_id` = \'62a7016f6892d9032520491dd6b35857\'', 0)
 2 SYSTEMPATH\Database\BaseConnection.php(908): CodeIgniter\Database\MySQLi\Connection->execute('SELECT `temp_transaksi_servis`.*, `servis`.`jenis_servis`, `barang`.`nama_barng`, `satuan`.`nama_satuan`
FROM `temp_transaksi_servis`
LEFT JOIN `servis` ON `servis`.`kodeservis` = `temp_transaksi_servis`.`detserviskode`
LEFT JOIN `barang` ON `barang`.`kode` = `temp_transaksi_servis`.`detailbrgkode`
LEFT JOIN `satuan` ON `satuan`.`id` = `barang`.`satuanid`
WHERE `temp_transaksi_servis`.`session_id` = \'62a7016f6892d9032520491dd6b35857\'')
 3 SYSTEMPATH\Database\BaseConnection.php(825): CodeIgniter\Database\BaseConnection->simpleQuery('SELECT `temp_transaksi_servis`.*, `servis`.`jenis_servis`, `barang`.`nama_barng`, `satuan`.`nama_satuan`
FROM `temp_transaksi_servis`
LEFT JOIN `servis` ON `servis`.`kodeservis` = `temp_transaksi_servis`.`detserviskode`
LEFT JOIN `barang` ON `barang`.`kode` = `temp_transaksi_servis`.`detailbrgkode`
LEFT JOIN `satuan` ON `satuan`.`id` = `barang`.`satuanid`
WHERE `temp_transaksi_servis`.`session_id` = \'62a7016f6892d9032520491dd6b35857\'')
 4 SYSTEMPATH\Database\BaseBuilder.php(1659): CodeIgniter\Database\BaseConnection->query('SELECT `temp_transaksi_servis`.*, `servis`.`jenis_servis`, `barang`.`nama_barng`, `satuan`.`nama_satuan`
FROM `temp_transaksi_servis`
LEFT JOIN `servis` ON `servis`.`kodeservis` = `temp_transaksi_servis`.`detserviskode`
LEFT JOIN `barang` ON `barang`.`kode` = `temp_transaksi_servis`.`detailbrgkode`
LEFT JOIN `satuan` ON `satuan`.`id` = `barang`.`satuanid`
WHERE `temp_transaksi_servis`.`session_id` = :temp_transaksi_servis.session_id:', [...], false)
 5 SYSTEMPATH\Model.php(255): CodeIgniter\Database\BaseBuilder->get()
 6 SYSTEMPATH\BaseModel.php(676): CodeIgniter\Model->doFindAll(0, 0)
 7 APPPATH\Models\TempTransaksiServisModel.php(32): CodeIgniter\BaseModel->findAll()
 8 APPPATH\Controllers\TransaksiServis.php(97): App\Models\TempTransaksiServisModel->getTempWithInfo('62a7016f6892d9032520491dd6b35857')
 9 SYSTEMPATH\CodeIgniter.php(974): App\Controllers\TransaksiServis->getTemp()
10 SYSTEMPATH\CodeIgniter.php(520): CodeIgniter\CodeIgniter->runController(Object(App\Controllers\TransaksiServis))
11 SYSTEMPATH\CodeIgniter.php(363): CodeIgniter\CodeIgniter->handleRequest(null, Object(Config\Cache), false)
12 SYSTEMPATH\Boot.php(417): CodeIgniter\CodeIgniter->run()
13 SYSTEMPATH\Boot.php(68): CodeIgniter\Boot::runCodeIgniter(Object(CodeIgniter\CodeIgniter))
14 FCPATH\index.php(56): CodeIgniter\Boot::bootWeb(Object(Config\Paths))
15 SYSTEMPATH\rewrite.php(44): require_once('C:\\Users\\AKU BANGGA JADI IT 2\\Documents\\RafiChandra\\Codeigniter4\\bengkel-salsa-motor\\public\\index.php')
CRITICAL - 2026-08-13 08:31:59 --> CodeIgniter\Database\Exceptions\DatabaseException: Unknown column 'satuan.id' in 'on clause'
[Method: GET, Route: admin/transaksiservis/getTemp]
in SYSTEMPATH\Database\BaseConnection.php on line 863.
 1 SYSTEMPATH\Database\BaseBuilder.php(1659): CodeIgniter\Database\BaseConnection->query('SELECT `temp_transaksi_servis`.*, `servis`.`jenis_servis`, `barang`.`nama_barng`, `satuan`.`nama_satuan`
FROM `temp_transaksi_servis`
LEFT JOIN `servis` ON `servis`.`kodeservis` = `temp_transaksi_servis`.`detserviskode`
LEFT JOIN `barang` ON `barang`.`kode` = `temp_transaksi_servis`.`detailbrgkode`
LEFT JOIN `satuan` ON `satuan`.`id` = `barang`.`satuanid`
WHERE `temp_transaksi_servis`.`session_id` = :temp_transaksi_servis.session_id:', [...], false)
 2 SYSTEMPATH\Model.php(255): CodeIgniter\Database\BaseBuilder->get()
 3 SYSTEMPATH\BaseModel.php(676): CodeIgniter\Model->doFindAll(0, 0)
 4 APPPATH\Models\TempTransaksiServisModel.php(32): CodeIgniter\BaseModel->findAll()
 5 APPPATH\Controllers\TransaksiServis.php(97): App\Models\TempTransaksiServisModel->getTempWithInfo('62a7016f6892d9032520491dd6b35857')
 6 SYSTEMPATH\CodeIgniter.php(974): App\Controllers\TransaksiServis->getTemp()
 7 SYSTEMPATH\CodeIgniter.php(520): CodeIgniter\CodeIgniter->runController(Object(App\Controllers\TransaksiServis))
 8 SYSTEMPATH\CodeIgniter.php(363): CodeIgniter\CodeIgniter->handleRequest(null, Object(Config\Cache), false)
 9 SYSTEMPATH\Boot.php(417): CodeIgniter\CodeIgniter->run()
10 SYSTEMPATH\Boot.php(68): CodeIgniter\Boot::runCodeIgniter(Object(CodeIgniter\CodeIgniter))
11 FCPATH\index.php(56): CodeIgniter\Boot::bootWeb(Object(Config\Paths))
12 SYSTEMPATH\rewrite.php(44): require_once('C:\\Users\\AKU BANGGA JADI IT 2\\Documents\\RafiChandra\\Codeigniter4\\bengkel-salsa-motor\\public\\index.php')
CRITICAL - 2026-08-13 08:31:59 --> [Caused by] CodeIgniter\Database\Exceptions\DatabaseException: Unknown column 'satuan.id' in 'on clause'
in SYSTEMPATH\Database\MySQLi\Connection.php on line 310.
 1 SYSTEMPATH\Database\BaseConnection.php(908): CodeIgniter\Database\MySQLi\Connection->execute('SELECT `temp_transaksi_servis`.*, `servis`.`jenis_servis`, `barang`.`nama_barng`, `satuan`.`nama_satuan`
FROM `temp_transaksi_servis`
LEFT JOIN `servis` ON `servis`.`kodeservis` = `temp_transaksi_servis`.`detserviskode`
LEFT JOIN `barang` ON `barang`.`kode` = `temp_transaksi_servis`.`detailbrgkode`
LEFT JOIN `satuan` ON `satuan`.`id` = `barang`.`satuanid`
WHERE `temp_transaksi_servis`.`session_id` = \'62a7016f6892d9032520491dd6b35857\'')
 2 SYSTEMPATH\Database\BaseConnection.php(825): CodeIgniter\Database\BaseConnection->simpleQuery('SELECT `temp_transaksi_servis`.*, `servis`.`jenis_servis`, `barang`.`nama_barng`, `satuan`.`nama_satuan`
FROM `temp_transaksi_servis`
LEFT JOIN `servis` ON `servis`.`kodeservis` = `temp_transaksi_servis`.`detserviskode`
LEFT JOIN `barang` ON `barang`.`kode` = `temp_transaksi_servis`.`detailbrgkode`
LEFT JOIN `satuan` ON `satuan`.`id` = `barang`.`satuanid`
WHERE `temp_transaksi_servis`.`session_id` = \'62a7016f6892d9032520491dd6b35857\'')
 3 SYSTEMPATH\Database\BaseBuilder.php(1659): CodeIgniter\Database\BaseConnection->query('SELECT `temp_transaksi_servis`.*, `servis`.`jenis_servis`, `barang`.`nama_barng`, `satuan`.`nama_satuan`
FROM `temp_transaksi_servis`
LEFT JOIN `servis` ON `servis`.`kodeservis` = `temp_transaksi_servis`.`detserviskode`
LEFT JOIN `barang` ON `barang`.`kode` = `temp_transaksi_servis`.`detailbrgkode`
LEFT JOIN `satuan` ON `satuan`.`id` = `barang`.`satuanid`
WHERE `temp_transaksi_servis`.`session_id` = :temp_transaksi_servis.session_id:', [...], false)
 4 SYSTEMPATH\Model.php(255): CodeIgniter\Database\BaseBuilder->get()
 5 SYSTEMPATH\BaseModel.php(676): CodeIgniter\Model->doFindAll(0, 0)
 6 APPPATH\Models\TempTransaksiServisModel.php(32): CodeIgniter\BaseModel->findAll()
 7 APPPATH\Controllers\TransaksiServis.php(97): App\Models\TempTransaksiServisModel->getTempWithInfo('62a7016f6892d9032520491dd6b35857')
 8 SYSTEMPATH\CodeIgniter.php(974): App\Controllers\TransaksiServis->getTemp()
 9 SYSTEMPATH\CodeIgniter.php(520): CodeIgniter\CodeIgniter->runController(Object(App\Controllers\TransaksiServis))
10 SYSTEMPATH\CodeIgniter.php(363): CodeIgniter\CodeIgniter->handleRequest(null, Object(Config\Cache), false)
11 SYSTEMPATH\Boot.php(417): CodeIgniter\CodeIgniter->run()
12 SYSTEMPATH\Boot.php(68): CodeIgniter\Boot::runCodeIgniter(Object(CodeIgniter\CodeIgniter))
13 FCPATH\index.php(56): CodeIgniter\Boot::bootWeb(Object(Config\Paths))
14 SYSTEMPATH\rewrite.php(44): require_once('C:\\Users\\AKU BANGGA JADI IT 2\\Documents\\RafiChandra\\Codeigniter4\\bengkel-salsa-motor\\public\\index.php')
CRITICAL - 2026-08-13 08:31:59 --> [Caused by] mysqli_sql_exception: Unknown column 'satuan.id' in 'on clause'
in SYSTEMPATH\Database\MySQLi\Connection.php on line 300.
 1 SYSTEMPATH\Database\MySQLi\Connection.php(300): mysqli->query('SELECT `temp_transaksi_servis`.*, `servis`.`jenis_servis`, `barang`.`nama_barng`, `satuan`.`nama_satuan`
FROM `temp_transaksi_servis`
LEFT JOIN `servis` ON `servis`.`kodeservis` = `temp_transaksi_servis`.`detserviskode`
LEFT JOIN `barang` ON `barang`.`kode` = `temp_transaksi_servis`.`detailbrgkode`
LEFT JOIN `satuan` ON `satuan`.`id` = `barang`.`satuanid`
WHERE `temp_transaksi_servis`.`session_id` = \'62a7016f6892d9032520491dd6b35857\'', 0)
 2 SYSTEMPATH\Database\BaseConnection.php(908): CodeIgniter\Database\MySQLi\Connection->execute('SELECT `temp_transaksi_servis`.*, `servis`.`jenis_servis`, `barang`.`nama_barng`, `satuan`.`nama_satuan`
FROM `temp_transaksi_servis`
LEFT JOIN `servis` ON `servis`.`kodeservis` = `temp_transaksi_servis`.`detserviskode`
LEFT JOIN `barang` ON `barang`.`kode` = `temp_transaksi_servis`.`detailbrgkode`
LEFT JOIN `satuan` ON `satuan`.`id` = `barang`.`satuanid`
WHERE `temp_transaksi_servis`.`session_id` = \'62a7016f6892d9032520491dd6b35857\'')
 3 SYSTEMPATH\Database\BaseConnection.php(825): CodeIgniter\Database\BaseConnection->simpleQuery('SELECT `temp_transaksi_servis`.*, `servis`.`jenis_servis`, `barang`.`nama_barng`, `satuan`.`nama_satuan`
FROM `temp_transaksi_servis`
LEFT JOIN `servis` ON `servis`.`kodeservis` = `temp_transaksi_servis`.`detserviskode`
LEFT JOIN `barang` ON `barang`.`kode` = `temp_transaksi_servis`.`detailbrgkode`
LEFT JOIN `satuan` ON `satuan`.`id` = `barang`.`satuanid`
WHERE `temp_transaksi_servis`.`session_id` = \'62a7016f6892d9032520491dd6b35857\'')
 4 SYSTEMPATH\Database\BaseBuilder.php(1659): CodeIgniter\Database\BaseConnection->query('SELECT `temp_transaksi_servis`.*, `servis`.`jenis_servis`, `barang`.`nama_barng`, `satuan`.`nama_satuan`
FROM `temp_transaksi_servis`
LEFT JOIN `servis` ON `servis`.`kodeservis` = `temp_transaksi_servis`.`detserviskode`
LEFT JOIN `barang` ON `barang`.`kode` = `temp_transaksi_servis`.`detailbrgkode`
LEFT JOIN `satuan` ON `satuan`.`id` = `barang`.`satuanid`
WHERE `temp_transaksi_servis`.`session_id` = :temp_transaksi_servis.session_id:', [...], false)
 5 SYSTEMPATH\Model.php(255): CodeIgniter\Database\BaseBuilder->get()
 6 SYSTEMPATH\BaseModel.php(676): CodeIgniter\Model->doFindAll(0, 0)
 7 APPPATH\Models\TempTransaksiServisModel.php(32): CodeIgniter\BaseModel->findAll()
 8 APPPATH\Controllers\TransaksiServis.php(97): App\Models\TempTransaksiServisModel->getTempWithInfo('62a7016f6892d9032520491dd6b35857')
 9 SYSTEMPATH\CodeIgniter.php(974): App\Controllers\TransaksiServis->getTemp()
10 SYSTEMPATH\CodeIgniter.php(520): CodeIgniter\CodeIgniter->runController(Object(App\Controllers\TransaksiServis))
11 SYSTEMPATH\CodeIgniter.php(363): CodeIgniter\CodeIgniter->handleRequest(null, Object(Config\Cache), false)
12 SYSTEMPATH\Boot.php(417): CodeIgniter\CodeIgniter->run()
13 SYSTEMPATH\Boot.php(68): CodeIgniter\Boot::runCodeIgniter(Object(CodeIgniter\CodeIgniter))
14 FCPATH\index.php(56): CodeIgniter\Boot::bootWeb(Object(Config\Paths))
15 SYSTEMPATH\rewrite.php(44): require_once('C:\\Users\\AKU BANGGA JADI IT 2\\Documents\\RafiChandra\\Codeigniter4\\bengkel-salsa-motor\\public\\index.php')
DEBUG - 2026-08-13 08:31:59 --> Session: Class initialized using 'CodeIgniter\Session\Handlers\FileHandler' driver.
DEBUG - 2026-08-13 08:31:59 --> Session: Class initialized using 'CodeIgniter\Session\Handlers\FileHandler' driver.
ERROR - 2026-08-13 08:31:59 --> Unknown column 'satuan.id' in 'on clause'
in SYSTEMPATH\Database\MySQLi\Connection.php on line 300.
 1 SYSTEMPATH\Database\MySQLi\Connection.php(300): mysqli->query('SELECT `temp_transaksi_servis`.*, `servis`.`jenis_servis`, `barang`.`nama_barng`, `satuan`.`nama_satuan`
FROM `temp_transaksi_servis`
LEFT JOIN `servis` ON `servis`.`kodeservis` = `temp_transaksi_servis`.`detserviskode`
LEFT JOIN `barang` ON `barang`.`kode` = `temp_transaksi_servis`.`detailbrgkode`
LEFT JOIN `satuan` ON `satuan`.`id` = `barang`.`satuanid`
WHERE `temp_transaksi_servis`.`session_id` = \'62a7016f6892d9032520491dd6b35857\'', 0)
 2 SYSTEMPATH\Database\BaseConnection.php(908): CodeIgniter\Database\MySQLi\Connection->execute('SELECT `temp_transaksi_servis`.*, `servis`.`jenis_servis`, `barang`.`nama_barng`, `satuan`.`nama_satuan`
FROM `temp_transaksi_servis`
LEFT JOIN `servis` ON `servis`.`kodeservis` = `temp_transaksi_servis`.`detserviskode`
LEFT JOIN `barang` ON `barang`.`kode` = `temp_transaksi_servis`.`detailbrgkode`
LEFT JOIN `satuan` ON `satuan`.`id` = `barang`.`satuanid`
WHERE `temp_transaksi_servis`.`session_id` = \'62a7016f6892d9032520491dd6b35857\'')
 3 SYSTEMPATH\Database\BaseConnection.php(825): CodeIgniter\Database\BaseConnection->simpleQuery('SELECT `temp_transaksi_servis`.*, `servis`.`jenis_servis`, `barang`.`nama_barng`, `satuan`.`nama_satuan`
FROM `temp_transaksi_servis`
LEFT JOIN `servis` ON `servis`.`kodeservis` = `temp_transaksi_servis`.`detserviskode`
LEFT JOIN `barang` ON `barang`.`kode` = `temp_transaksi_servis`.`detailbrgkode`
LEFT JOIN `satuan` ON `satuan`.`id` = `barang`.`satuanid`
WHERE `temp_transaksi_servis`.`session_id` = \'62a7016f6892d9032520491dd6b35857\'')
 4 SYSTEMPATH\Database\BaseBuilder.php(1659): CodeIgniter\Database\BaseConnection->query('SELECT `temp_transaksi_servis`.*, `servis`.`jenis_servis`, `barang`.`nama_barng`, `satuan`.`nama_satuan`
FROM `temp_transaksi_servis`
LEFT JOIN `servis` ON `servis`.`kodeservis` = `temp_transaksi_servis`.`detserviskode`
LEFT JOIN `barang` ON `barang`.`kode` = `temp_transaksi_servis`.`detailbrgkode`
LEFT JOIN `satuan` ON `satuan`.`id` = `barang`.`satuanid`
WHERE `temp_transaksi_servis`.`session_id` = :temp_transaksi_servis.session_id:', [...], false)
 5 SYSTEMPATH\Model.php(255): CodeIgniter\Database\BaseBuilder->get()
 6 SYSTEMPATH\BaseModel.php(676): CodeIgniter\Model->doFindAll(0, 0)
 7 APPPATH\Models\TempTransaksiServisModel.php(32): CodeIgniter\BaseModel->findAll()
 8 APPPATH\Controllers\TransaksiServis.php(97): App\Models\TempTransaksiServisModel->getTempWithInfo('62a7016f6892d9032520491dd6b35857')
 9 SYSTEMPATH\CodeIgniter.php(974): App\Controllers\TransaksiServis->getTemp()
10 SYSTEMPATH\CodeIgniter.php(520): CodeIgniter\CodeIgniter->runController(Object(App\Controllers\TransaksiServis))
11 SYSTEMPATH\CodeIgniter.php(363): CodeIgniter\CodeIgniter->handleRequest(null, Object(Config\Cache), false)
12 SYSTEMPATH\Boot.php(417): CodeIgniter\CodeIgniter->run()
13 SYSTEMPATH\Boot.php(68): CodeIgniter\Boot::runCodeIgniter(Object(CodeIgniter\CodeIgniter))
14 FCPATH\index.php(56): CodeIgniter\Boot::bootWeb(Object(Config\Paths))
15 SYSTEMPATH\rewrite.php(44): require_once('C:\\Users\\AKU BANGGA JADI IT 2\\Documents\\RafiChandra\\Codeigniter4\\bengkel-salsa-motor\\public\\index.php')
CRITICAL - 2026-08-13 08:31:59 --> CodeIgniter\Database\Exceptions\DatabaseException: Unknown column 'satuan.id' in 'on clause'
[Method: GET, Route: admin/transaksiservis/getTemp]
in SYSTEMPATH\Database\BaseConnection.php on line 863.
 1 SYSTEMPATH\Database\BaseBuilder.php(1659): CodeIgniter\Database\BaseConnection->query('SELECT `temp_transaksi_servis`.*, `servis`.`jenis_servis`, `barang`.`nama_barng`, `satuan`.`nama_satuan`
FROM `temp_transaksi_servis`
LEFT JOIN `servis` ON `servis`.`kodeservis` = `temp_transaksi_servis`.`detserviskode`
LEFT JOIN `barang` ON `barang`.`kode` = `temp_transaksi_servis`.`detailbrgkode`
LEFT JOIN `satuan` ON `satuan`.`id` = `barang`.`satuanid`
WHERE `temp_transaksi_servis`.`session_id` = :temp_transaksi_servis.session_id:', [...], false)
 2 SYSTEMPATH\Model.php(255): CodeIgniter\Database\BaseBuilder->get()
 3 SYSTEMPATH\BaseModel.php(676): CodeIgniter\Model->doFindAll(0, 0)
 4 APPPATH\Models\TempTransaksiServisModel.php(32): CodeIgniter\BaseModel->findAll()
 5 APPPATH\Controllers\TransaksiServis.php(97): App\Models\TempTransaksiServisModel->getTempWithInfo('62a7016f6892d9032520491dd6b35857')
 6 SYSTEMPATH\CodeIgniter.php(974): App\Controllers\TransaksiServis->getTemp()
 7 SYSTEMPATH\CodeIgniter.php(520): CodeIgniter\CodeIgniter->runController(Object(App\Controllers\TransaksiServis))
 8 SYSTEMPATH\CodeIgniter.php(363): CodeIgniter\CodeIgniter->handleRequest(null, Object(Config\Cache), false)
 9 SYSTEMPATH\Boot.php(417): CodeIgniter\CodeIgniter->run()
10 SYSTEMPATH\Boot.php(68): CodeIgniter\Boot::runCodeIgniter(Object(CodeIgniter\CodeIgniter))
11 FCPATH\index.php(56): CodeIgniter\Boot::bootWeb(Object(Config\Paths))
12 SYSTEMPATH\rewrite.php(44): require_once('C:\\Users\\AKU BANGGA JADI IT 2\\Documents\\RafiChandra\\Codeigniter4\\bengkel-salsa-motor\\public\\index.php')
CRITICAL - 2026-08-13 08:31:59 --> [Caused by] CodeIgniter\Database\Exceptions\DatabaseException: Unknown column 'satuan.id' in 'on clause'
in SYSTEMPATH\Database\MySQLi\Connection.php on line 310.
 1 SYSTEMPATH\Database\BaseConnection.php(908): CodeIgniter\Database\MySQLi\Connection->execute('SELECT `temp_transaksi_servis`.*, `servis`.`jenis_servis`, `barang`.`nama_barng`, `satuan`.`nama_satuan`
FROM `temp_transaksi_servis`
LEFT JOIN `servis` ON `servis`.`kodeservis` = `temp_transaksi_servis`.`detserviskode`
LEFT JOIN `barang` ON `barang`.`kode` = `temp_transaksi_servis`.`detailbrgkode`
LEFT JOIN `satuan` ON `satuan`.`id` = `barang`.`satuanid`
WHERE `temp_transaksi_servis`.`session_id` = \'62a7016f6892d9032520491dd6b35857\'')
 2 SYSTEMPATH\Database\BaseConnection.php(825): CodeIgniter\Database\BaseConnection->simpleQuery('SELECT `temp_transaksi_servis`.*, `servis`.`jenis_servis`, `barang`.`nama_barng`, `satuan`.`nama_satuan`
FROM `temp_transaksi_servis`
LEFT JOIN `servis` ON `servis`.`kodeservis` = `temp_transaksi_servis`.`detserviskode`
LEFT JOIN `barang` ON `barang`.`kode` = `temp_transaksi_servis`.`detailbrgkode`
LEFT JOIN `satuan` ON `satuan`.`id` = `barang`.`satuanid`
WHERE `temp_transaksi_servis`.`session_id` = \'62a7016f6892d9032520491dd6b35857\'')
 3 SYSTEMPATH\Database\BaseBuilder.php(1659): CodeIgniter\Database\BaseConnection->query('SELECT `temp_transaksi_servis`.*, `servis`.`jenis_servis`, `barang`.`nama_barng`, `satuan`.`nama_satuan`
FROM `temp_transaksi_servis`
LEFT JOIN `servis` ON `servis`.`kodeservis` = `temp_transaksi_servis`.`detserviskode`
LEFT JOIN `barang` ON `barang`.`kode` = `temp_transaksi_servis`.`detailbrgkode`
LEFT JOIN `satuan` ON `satuan`.`id` = `barang`.`satuanid`
WHERE `temp_transaksi_servis`.`session_id` = :temp_transaksi_servis.session_id:', [...], false)
 4 SYSTEMPATH\Model.php(255): CodeIgniter\Database\BaseBuilder->get()
 5 SYSTEMPATH\BaseModel.php(676): CodeIgniter\Model->doFindAll(0, 0)
 6 APPPATH\Models\TempTransaksiServisModel.php(32): CodeIgniter\BaseModel->findAll()
 7 APPPATH\Controllers\TransaksiServis.php(97): App\Models\TempTransaksiServisModel->getTempWithInfo('62a7016f6892d9032520491dd6b35857')
 8 SYSTEMPATH\CodeIgniter.php(974): App\Controllers\TransaksiServis->getTemp()
 9 SYSTEMPATH\CodeIgniter.php(520): CodeIgniter\CodeIgniter->runController(Object(App\Controllers\TransaksiServis))
10 SYSTEMPATH\CodeIgniter.php(363): CodeIgniter\CodeIgniter->handleRequest(null, Object(Config\Cache), false)
11 SYSTEMPATH\Boot.php(417): CodeIgniter\CodeIgniter->run()
12 SYSTEMPATH\Boot.php(68): CodeIgniter\Boot::runCodeIgniter(Object(CodeIgniter\CodeIgniter))
13 FCPATH\index.php(56): CodeIgniter\Boot::bootWeb(Object(Config\Paths))
14 SYSTEMPATH\rewrite.php(44): require_once('C:\\Users\\AKU BANGGA JADI IT 2\\Documents\\RafiChandra\\Codeigniter4\\bengkel-salsa-motor\\public\\index.php')
CRITICAL - 2026-08-13 08:31:59 --> [Caused by] mysqli_sql_exception: Unknown column 'satuan.id' in 'on clause'
in SYSTEMPATH\Database\MySQLi\Connection.php on line 300.
 1 SYSTEMPATH\Database\MySQLi\Connection.php(300): mysqli->query('SELECT `temp_transaksi_servis`.*, `servis`.`jenis_servis`, `barang`.`nama_barng`, `satuan`.`nama_satuan`
FROM `temp_transaksi_servis`
LEFT JOIN `servis` ON `servis`.`kodeservis` = `temp_transaksi_servis`.`detserviskode`
LEFT JOIN `barang` ON `barang`.`kode` = `temp_transaksi_servis`.`detailbrgkode`
LEFT JOIN `satuan` ON `satuan`.`id` = `barang`.`satuanid`
WHERE `temp_transaksi_servis`.`session_id` = \'62a7016f6892d9032520491dd6b35857\'', 0)
 2 SYSTEMPATH\Database\BaseConnection.php(908): CodeIgniter\Database\MySQLi\Connection->execute('SELECT `temp_transaksi_servis`.*, `servis`.`jenis_servis`, `barang`.`nama_barng`, `satuan`.`nama_satuan`
FROM `temp_transaksi_servis`
LEFT JOIN `servis` ON `servis`.`kodeservis` = `temp_transaksi_servis`.`detserviskode`
LEFT JOIN `barang` ON `barang`.`kode` = `temp_transaksi_servis`.`detailbrgkode`
LEFT JOIN `satuan` ON `satuan`.`id` = `barang`.`satuanid`
WHERE `temp_transaksi_servis`.`session_id` = \'62a7016f6892d9032520491dd6b35857\'')
 3 SYSTEMPATH\Database\BaseConnection.php(825): CodeIgniter\Database\BaseConnection->simpleQuery('SELECT `temp_transaksi_servis`.*, `servis`.`jenis_servis`, `barang`.`nama_barng`, `satuan`.`nama_satuan`
FROM `temp_transaksi_servis`
LEFT JOIN `servis` ON `servis`.`kodeservis` = `temp_transaksi_servis`.`detserviskode`
LEFT JOIN `barang` ON `barang`.`kode` = `temp_transaksi_servis`.`detailbrgkode`
LEFT JOIN `satuan` ON `satuan`.`id` = `barang`.`satuanid`
WHERE `temp_transaksi_servis`.`session_id` = \'62a7016f6892d9032520491dd6b35857\'')
 4 SYSTEMPATH\Database\BaseBuilder.php(1659): CodeIgniter\Database\BaseConnection->query('SELECT `temp_transaksi_servis`.*, `servis`.`jenis_servis`, `barang`.`nama_barng`, `satuan`.`nama_satuan`
FROM `temp_transaksi_servis`
LEFT JOIN `servis` ON `servis`.`kodeservis` = `temp_transaksi_servis`.`detserviskode`
LEFT JOIN `barang` ON `barang`.`kode` = `temp_transaksi_servis`.`detailbrgkode`
LEFT JOIN `satuan` ON `satuan`.`id` = `barang`.`satuanid`
WHERE `temp_transaksi_servis`.`session_id` = :temp_transaksi_servis.session_id:', [...], false)
 5 SYSTEMPATH\Model.php(255): CodeIgniter\Database\BaseBuilder->get()
 6 SYSTEMPATH\BaseModel.php(676): CodeIgniter\Model->doFindAll(0, 0)
 7 APPPATH\Models\TempTransaksiServisModel.php(32): CodeIgniter\BaseModel->findAll()
 8 APPPATH\Controllers\TransaksiServis.php(97): App\Models\TempTransaksiServisModel->getTempWithInfo('62a7016f6892d9032520491dd6b35857')
 9 SYSTEMPATH\CodeIgniter.php(974): App\Controllers\TransaksiServis->getTemp()
10 SYSTEMPATH\CodeIgniter.php(520): CodeIgniter\CodeIgniter->runController(Object(App\Controllers\TransaksiServis))
11 SYSTEMPATH\CodeIgniter.php(363): CodeIgniter\CodeIgniter->handleRequest(null, Object(Config\Cache), false)
12 SYSTEMPATH\Boot.php(417): CodeIgniter\CodeIgniter->run()
13 SYSTEMPATH\Boot.php(68): CodeIgniter\Boot::runCodeIgniter(Object(CodeIgniter\CodeIgniter))
14 FCPATH\index.php(56): CodeIgniter\Boot::bootWeb(Object(Config\Paths))
15 SYSTEMPATH\rewrite.php(44): require_once('C:\\Users\\AKU BANGGA JADI IT 2\\Documents\\RafiChandra\\Codeigniter4\\bengkel-salsa-motor\\public\\index.php')
DEBUG - 2026-08-13 08:32:00 --> Session: Class initialized using 'CodeIgniter\Session\Handlers\FileHandler' driver.
DEBUG - 2026-08-13 08:32:00 --> Session: Class initialized using 'CodeIgniter\Session\Handlers\FileHandler' driver.
ERROR - 2026-08-13 08:32:00 --> Unknown column 'satuan.id' in 'on clause'
in SYSTEMPATH\Database\MySQLi\Connection.php on line 300.
 1 SYSTEMPATH\Database\MySQLi\Connection.php(300): mysqli->query('SELECT `temp_transaksi_servis`.*, `servis`.`jenis_servis`, `barang`.`nama_barng`, `satuan`.`nama_satuan`
FROM `temp_transaksi_servis`
LEFT JOIN `servis` ON `servis`.`kodeservis` = `temp_transaksi_servis`.`detserviskode`
LEFT JOIN `barang` ON `barang`.`kode` = `temp_transaksi_servis`.`detailbrgkode`
LEFT JOIN `satuan` ON `satuan`.`id` = `barang`.`satuanid`
WHERE `temp_transaksi_servis`.`session_id` = \'62a7016f6892d9032520491dd6b35857\'', 0)
 2 SYSTEMPATH\Database\BaseConnection.php(908): CodeIgniter\Database\MySQLi\Connection->execute('SELECT `temp_transaksi_servis`.*, `servis`.`jenis_servis`, `barang`.`nama_barng`, `satuan`.`nama_satuan`
FROM `temp_transaksi_servis`
LEFT JOIN `servis` ON `servis`.`kodeservis` = `temp_transaksi_servis`.`detserviskode`
LEFT JOIN `barang` ON `barang`.`kode` = `temp_transaksi_servis`.`detailbrgkode`
LEFT JOIN `satuan` ON `satuan`.`id` = `barang`.`satuanid`
WHERE `temp_transaksi_servis`.`session_id` = \'62a7016f6892d9032520491dd6b35857\'')
 3 SYSTEMPATH\Database\BaseConnection.php(825): CodeIgniter\Database\BaseConnection->simpleQuery('SELECT `temp_transaksi_servis`.*, `servis`.`jenis_servis`, `barang`.`nama_barng`, `satuan`.`nama_satuan`
FROM `temp_transaksi_servis`
LEFT JOIN `servis` ON `servis`.`kodeservis` = `temp_transaksi_servis`.`detserviskode`
LEFT JOIN `barang` ON `barang`.`kode` = `temp_transaksi_servis`.`detailbrgkode`
LEFT JOIN `satuan` ON `satuan`.`id` = `barang`.`satuanid`
WHERE `temp_transaksi_servis`.`session_id` = \'62a7016f6892d9032520491dd6b35857\'')
 4 SYSTEMPATH\Database\BaseBuilder.php(1659): CodeIgniter\Database\BaseConnection->query('SELECT `temp_transaksi_servis`.*, `servis`.`jenis_servis`, `barang`.`nama_barng`, `satuan`.`nama_satuan`
FROM `temp_transaksi_servis`
LEFT JOIN `servis` ON `servis`.`kodeservis` = `temp_transaksi_servis`.`detserviskode`
LEFT JOIN `barang` ON `barang`.`kode` = `temp_transaksi_servis`.`detailbrgkode`
LEFT JOIN `satuan` ON `satuan`.`id` = `barang`.`satuanid`
WHERE `temp_transaksi_servis`.`session_id` = :temp_transaksi_servis.session_id:', [...], false)
 5 SYSTEMPATH\Model.php(255): CodeIgniter\Database\BaseBuilder->get()
 6 SYSTEMPATH\BaseModel.php(676): CodeIgniter\Model->doFindAll(0, 0)
 7 APPPATH\Models\TempTransaksiServisModel.php(32): CodeIgniter\BaseModel->findAll()
 8 APPPATH\Controllers\TransaksiServis.php(97): App\Models\TempTransaksiServisModel->getTempWithInfo('62a7016f6892d9032520491dd6b35857')
 9 SYSTEMPATH\CodeIgniter.php(974): App\Controllers\TransaksiServis->getTemp()
10 SYSTEMPATH\CodeIgniter.php(520): CodeIgniter\CodeIgniter->runController(Object(App\Controllers\TransaksiServis))
11 SYSTEMPATH\CodeIgniter.php(363): CodeIgniter\CodeIgniter->handleRequest(null, Object(Config\Cache), false)
12 SYSTEMPATH\Boot.php(417): CodeIgniter\CodeIgniter->run()
13 SYSTEMPATH\Boot.php(68): CodeIgniter\Boot::runCodeIgniter(Object(CodeIgniter\CodeIgniter))
14 FCPATH\index.php(56): CodeIgniter\Boot::bootWeb(Object(Config\Paths))
15 SYSTEMPATH\rewrite.php(44): require_once('C:\\Users\\AKU BANGGA JADI IT 2\\Documents\\RafiChandra\\Codeigniter4\\bengkel-salsa-motor\\public\\index.php')
CRITICAL - 2026-08-13 08:32:00 --> CodeIgniter\Database\Exceptions\DatabaseException: Unknown column 'satuan.id' in 'on clause'
[Method: GET, Route: admin/transaksiservis/getTemp]
in SYSTEMPATH\Database\BaseConnection.php on line 863.
 1 SYSTEMPATH\Database\BaseBuilder.php(1659): CodeIgniter\Database\BaseConnection->query('SELECT `temp_transaksi_servis`.*, `servis`.`jenis_servis`, `barang`.`nama_barng`, `satuan`.`nama_satuan`
FROM `temp_transaksi_servis`
LEFT JOIN `servis` ON `servis`.`kodeservis` = `temp_transaksi_servis`.`detserviskode`
LEFT JOIN `barang` ON `barang`.`kode` = `temp_transaksi_servis`.`detailbrgkode`
LEFT JOIN `satuan` ON `satuan`.`id` = `barang`.`satuanid`
WHERE `temp_transaksi_servis`.`session_id` = :temp_transaksi_servis.session_id:', [...], false)
 2 SYSTEMPATH\Model.php(255): CodeIgniter\Database\BaseBuilder->get()
 3 SYSTEMPATH\BaseModel.php(676): CodeIgniter\Model->doFindAll(0, 0)
 4 APPPATH\Models\TempTransaksiServisModel.php(32): CodeIgniter\BaseModel->findAll()
 5 APPPATH\Controllers\TransaksiServis.php(97): App\Models\TempTransaksiServisModel->getTempWithInfo('62a7016f6892d9032520491dd6b35857')
 6 SYSTEMPATH\CodeIgniter.php(974): App\Controllers\TransaksiServis->getTemp()
 7 SYSTEMPATH\CodeIgniter.php(520): CodeIgniter\CodeIgniter->runController(Object(App\Controllers\TransaksiServis))
 8 SYSTEMPATH\CodeIgniter.php(363): CodeIgniter\CodeIgniter->handleRequest(null, Object(Config\Cache), false)
 9 SYSTEMPATH\Boot.php(417): CodeIgniter\CodeIgniter->run()
10 SYSTEMPATH\Boot.php(68): CodeIgniter\Boot::runCodeIgniter(Object(CodeIgniter\CodeIgniter))
11 FCPATH\index.php(56): CodeIgniter\Boot::bootWeb(Object(Config\Paths))
12 SYSTEMPATH\rewrite.php(44): require_once('C:\\Users\\AKU BANGGA JADI IT 2\\Documents\\RafiChandra\\Codeigniter4\\bengkel-salsa-motor\\public\\index.php')
CRITICAL - 2026-08-13 08:32:00 --> [Caused by] CodeIgniter\Database\Exceptions\DatabaseException: Unknown column 'satuan.id' in 'on clause'
in SYSTEMPATH\Database\MySQLi\Connection.php on line 310.
 1 SYSTEMPATH\Database\BaseConnection.php(908): CodeIgniter\Database\MySQLi\Connection->execute('SELECT `temp_transaksi_servis`.*, `servis`.`jenis_servis`, `barang`.`nama_barng`, `satuan`.`nama_satuan`
FROM `temp_transaksi_servis`
LEFT JOIN `servis` ON `servis`.`kodeservis` = `temp_transaksi_servis`.`detserviskode`
LEFT JOIN `barang` ON `barang`.`kode` = `temp_transaksi_servis`.`detailbrgkode`
LEFT JOIN `satuan` ON `satuan`.`id` = `barang`.`satuanid`
WHERE `temp_transaksi_servis`.`session_id` = \'62a7016f6892d9032520491dd6b35857\'')
 2 SYSTEMPATH\Database\BaseConnection.php(825): CodeIgniter\Database\BaseConnection->simpleQuery('SELECT `temp_transaksi_servis`.*, `servis`.`jenis_servis`, `barang`.`nama_barng`, `satuan`.`nama_satuan`
FROM `temp_transaksi_servis`
LEFT JOIN `servis` ON `servis`.`kodeservis` = `temp_transaksi_servis`.`detserviskode`
LEFT JOIN `barang` ON `barang`.`kode` = `temp_transaksi_servis`.`detailbrgkode`
LEFT JOIN `satuan` ON `satuan`.`id` = `barang`.`satuanid`
WHERE `temp_transaksi_servis`.`session_id` = \'62a7016f6892d9032520491dd6b35857\'')
 3 SYSTEMPATH\Database\BaseBuilder.php(1659): CodeIgniter\Database\BaseConnection->query('SELECT `temp_transaksi_servis`.*, `servis`.`jenis_servis`, `barang`.`nama_barng`, `satuan`.`nama_satuan`
FROM `temp_transaksi_servis`
LEFT JOIN `servis` ON `servis`.`kodeservis` = `temp_transaksi_servis`.`detserviskode`
LEFT JOIN `barang` ON `barang`.`kode` = `temp_transaksi_servis`.`detailbrgkode`
LEFT JOIN `satuan` ON `satuan`.`id` = `barang`.`satuanid`
WHERE `temp_transaksi_servis`.`session_id` = :temp_transaksi_servis.session_id:', [...], false)
 4 SYSTEMPATH\Model.php(255): CodeIgniter\Database\BaseBuilder->get()
 5 SYSTEMPATH\BaseModel.php(676): CodeIgniter\Model->doFindAll(0, 0)
 6 APPPATH\Models\TempTransaksiServisModel.php(32): CodeIgniter\BaseModel->findAll()
 7 APPPATH\Controllers\TransaksiServis.php(97): App\Models\TempTransaksiServisModel->getTempWithInfo('62a7016f6892d9032520491dd6b35857')
 8 SYSTEMPATH\CodeIgniter.php(974): App\Controllers\TransaksiServis->getTemp()
 9 SYSTEMPATH\CodeIgniter.php(520): CodeIgniter\CodeIgniter->runController(Object(App\Controllers\TransaksiServis))
10 SYSTEMPATH\CodeIgniter.php(363): CodeIgniter\CodeIgniter->handleRequest(null, Object(Config\Cache), false)
11 SYSTEMPATH\Boot.php(417): CodeIgniter\CodeIgniter->run()
12 SYSTEMPATH\Boot.php(68): CodeIgniter\Boot::runCodeIgniter(Object(CodeIgniter\CodeIgniter))
13 FCPATH\index.php(56): CodeIgniter\Boot::bootWeb(Object(Config\Paths))
14 SYSTEMPATH\rewrite.php(44): require_once('C:\\Users\\AKU BANGGA JADI IT 2\\Documents\\RafiChandra\\Codeigniter4\\bengkel-salsa-motor\\public\\index.php')
CRITICAL - 2026-08-13 08:32:00 --> [Caused by] mysqli_sql_exception: Unknown column 'satuan.id' in 'on clause'
in SYSTEMPATH\Database\MySQLi\Connection.php on line 300.
 1 SYSTEMPATH\Database\MySQLi\Connection.php(300): mysqli->query('SELECT `temp_transaksi_servis`.*, `servis`.`jenis_servis`, `barang`.`nama_barng`, `satuan`.`nama_satuan`
FROM `temp_transaksi_servis`
LEFT JOIN `servis` ON `servis`.`kodeservis` = `temp_transaksi_servis`.`detserviskode`
LEFT JOIN `barang` ON `barang`.`kode` = `temp_transaksi_servis`.`detailbrgkode`
LEFT JOIN `satuan` ON `satuan`.`id` = `barang`.`satuanid`
WHERE `temp_transaksi_servis`.`session_id` = \'62a7016f6892d9032520491dd6b35857\'', 0)
 2 SYSTEMPATH\Database\BaseConnection.php(908): CodeIgniter\Database\MySQLi\Connection->execute('SELECT `temp_transaksi_servis`.*, `servis`.`jenis_servis`, `barang`.`nama_barng`, `satuan`.`nama_satuan`
FROM `temp_transaksi_servis`
LEFT JOIN `servis` ON `servis`.`kodeservis` = `temp_transaksi_servis`.`detserviskode`
LEFT JOIN `barang` ON `barang`.`kode` = `temp_transaksi_servis`.`detailbrgkode`
LEFT JOIN `satuan` ON `satuan`.`id` = `barang`.`satuanid`
WHERE `temp_transaksi_servis`.`session_id` = \'62a7016f6892d9032520491dd6b35857\'')
 3 SYSTEMPATH\Database\BaseConnection.php(825): CodeIgniter\Database\BaseConnection->simpleQuery('SELECT `temp_transaksi_servis`.*, `servis`.`jenis_servis`, `barang`.`nama_barng`, `satuan`.`nama_satuan`
FROM `temp_transaksi_servis`
LEFT JOIN `servis` ON `servis`.`kodeservis` = `temp_transaksi_servis`.`detserviskode`
LEFT JOIN `barang` ON `barang`.`kode` = `temp_transaksi_servis`.`detailbrgkode`
LEFT JOIN `satuan` ON `satuan`.`id` = `barang`.`satuanid`
WHERE `temp_transaksi_servis`.`session_id` = \'62a7016f6892d9032520491dd6b35857\'')
 4 SYSTEMPATH\Database\BaseBuilder.php(1659): CodeIgniter\Database\BaseConnection->query('SELECT `temp_transaksi_servis`.*, `servis`.`jenis_servis`, `barang`.`nama_barng`, `satuan`.`nama_satuan`
FROM `temp_transaksi_servis`
LEFT JOIN `servis` ON `servis`.`kodeservis` = `temp_transaksi_servis`.`detserviskode`
LEFT JOIN `barang` ON `barang`.`kode` = `temp_transaksi_servis`.`detailbrgkode`
LEFT JOIN `satuan` ON `satuan`.`id` = `barang`.`satuanid`
WHERE `temp_transaksi_servis`.`session_id` = :temp_transaksi_servis.session_id:', [...], false)
 5 SYSTEMPATH\Model.php(255): CodeIgniter\Database\BaseBuilder->get()
 6 SYSTEMPATH\BaseModel.php(676): CodeIgniter\Model->doFindAll(0, 0)
 7 APPPATH\Models\TempTransaksiServisModel.php(32): CodeIgniter\BaseModel->findAll()
 8 APPPATH\Controllers\TransaksiServis.php(97): App\Models\TempTransaksiServisModel->getTempWithInfo('62a7016f6892d9032520491dd6b35857')
 9 SYSTEMPATH\CodeIgniter.php(974): App\Controllers\TransaksiServis->getTemp()
10 SYSTEMPATH\CodeIgniter.php(520): CodeIgniter\CodeIgniter->runController(Object(App\Controllers\TransaksiServis))
11 SYSTEMPATH\CodeIgniter.php(363): CodeIgniter\CodeIgniter->handleRequest(null, Object(Config\Cache), false)
12 SYSTEMPATH\Boot.php(417): CodeIgniter\CodeIgniter->run()
13 SYSTEMPATH\Boot.php(68): CodeIgniter\Boot::runCodeIgniter(Object(CodeIgniter\CodeIgniter))
14 FCPATH\index.php(56): CodeIgniter\Boot::bootWeb(Object(Config\Paths))
15 SYSTEMPATH\rewrite.php(44): require_once('C:\\Users\\AKU BANGGA JADI IT 2\\Documents\\RafiChandra\\Codeigniter4\\bengkel-salsa-motor\\public\\index.php')
DEBUG - 2026-08-13 08:32:01 --> Session: Class initialized using 'CodeIgniter\Session\Handlers\FileHandler' driver.
DEBUG - 2026-08-13 08:32:01 --> Session: Class initialized using 'CodeIgniter\Session\Handlers\FileHandler' driver.
ERROR - 2026-08-13 08:32:01 --> Unknown column 'satuan.id' in 'on clause'
in SYSTEMPATH\Database\MySQLi\Connection.php on line 300.
 1 SYSTEMPATH\Database\MySQLi\Connection.php(300): mysqli->query('SELECT `temp_transaksi_servis`.*, `servis`.`jenis_servis`, `barang`.`nama_barng`, `satuan`.`nama_satuan`
FROM `temp_transaksi_servis`
LEFT JOIN `servis` ON `servis`.`kodeservis` = `temp_transaksi_servis`.`detserviskode`
LEFT JOIN `barang` ON `barang`.`kode` = `temp_transaksi_servis`.`detailbrgkode`
LEFT JOIN `satuan` ON `satuan`.`id` = `barang`.`satuanid`
WHERE `temp_transaksi_servis`.`session_id` = \'62a7016f6892d9032520491dd6b35857\'', 0)
 2 SYSTEMPATH\Database\BaseConnection.php(908): CodeIgniter\Database\MySQLi\Connection->execute('SELECT `temp_transaksi_servis`.*, `servis`.`jenis_servis`, `barang`.`nama_barng`, `satuan`.`nama_satuan`
FROM `temp_transaksi_servis`
LEFT JOIN `servis` ON `servis`.`kodeservis` = `temp_transaksi_servis`.`detserviskode`
LEFT JOIN `barang` ON `barang`.`kode` = `temp_transaksi_servis`.`detailbrgkode`
LEFT JOIN `satuan` ON `satuan`.`id` = `barang`.`satuanid`
WHERE `temp_transaksi_servis`.`session_id` = \'62a7016f6892d9032520491dd6b35857\'')
 3 SYSTEMPATH\Database\BaseConnection.php(825): CodeIgniter\Database\BaseConnection->simpleQuery('SELECT `temp_transaksi_servis`.*, `servis`.`jenis_servis`, `barang`.`nama_barng`, `satuan`.`nama_satuan`
FROM `temp_transaksi_servis`
LEFT JOIN `servis` ON `servis`.`kodeservis` = `temp_transaksi_servis`.`detserviskode`
LEFT JOIN `barang` ON `barang`.`kode` = `temp_transaksi_servis`.`detailbrgkode`
LEFT JOIN `satuan` ON `satuan`.`id` = `barang`.`satuanid`
WHERE `temp_transaksi_servis`.`session_id` = \'62a7016f6892d9032520491dd6b35857\'')
 4 SYSTEMPATH\Database\BaseBuilder.php(1659): CodeIgniter\Database\BaseConnection->query('SELECT `temp_transaksi_servis`.*, `servis`.`jenis_servis`, `barang`.`nama_barng`, `satuan`.`nama_satuan`
FROM `temp_transaksi_servis`
LEFT JOIN `servis` ON `servis`.`kodeservis` = `temp_transaksi_servis`.`detserviskode`
LEFT JOIN `barang` ON `barang`.`kode` = `temp_transaksi_servis`.`detailbrgkode`
LEFT JOIN `satuan` ON `satuan`.`id` = `barang`.`satuanid`
WHERE `temp_transaksi_servis`.`session_id` = :temp_transaksi_servis.session_id:', [...], false)
 5 SYSTEMPATH\Model.php(255): CodeIgniter\Database\BaseBuilder->get()
 6 SYSTEMPATH\BaseModel.php(676): CodeIgniter\Model->doFindAll(0, 0)
 7 APPPATH\Models\TempTransaksiServisModel.php(32): CodeIgniter\BaseModel->findAll()
 8 APPPATH\Controllers\TransaksiServis.php(97): App\Models\TempTransaksiServisModel->getTempWithInfo('62a7016f6892d9032520491dd6b35857')
 9 SYSTEMPATH\CodeIgniter.php(974): App\Controllers\TransaksiServis->getTemp()
10 SYSTEMPATH\CodeIgniter.php(520): CodeIgniter\CodeIgniter->runController(Object(App\Controllers\TransaksiServis))
11 SYSTEMPATH\CodeIgniter.php(363): CodeIgniter\CodeIgniter->handleRequest(null, Object(Config\Cache), false)
12 SYSTEMPATH\Boot.php(417): CodeIgniter\CodeIgniter->run()
13 SYSTEMPATH\Boot.php(68): CodeIgniter\Boot::runCodeIgniter(Object(CodeIgniter\CodeIgniter))
14 FCPATH\index.php(56): CodeIgniter\Boot::bootWeb(Object(Config\Paths))
15 SYSTEMPATH\rewrite.php(44): require_once('C:\\Users\\AKU BANGGA JADI IT 2\\Documents\\RafiChandra\\Codeigniter4\\bengkel-salsa-motor\\public\\index.php')
CRITICAL - 2026-08-13 08:32:01 --> CodeIgniter\Database\Exceptions\DatabaseException: Unknown column 'satuan.id' in 'on clause'
[Method: GET, Route: admin/transaksiservis/getTemp]
in SYSTEMPATH\Database\BaseConnection.php on line 863.
 1 SYSTEMPATH\Database\BaseBuilder.php(1659): CodeIgniter\Database\BaseConnection->query('SELECT `temp_transaksi_servis`.*, `servis`.`jenis_servis`, `barang`.`nama_barng`, `satuan`.`nama_satuan`
FROM `temp_transaksi_servis`
LEFT JOIN `servis` ON `servis`.`kodeservis` = `temp_transaksi_servis`.`detserviskode`
LEFT JOIN `barang` ON `barang`.`kode` = `temp_transaksi_servis`.`detailbrgkode`
LEFT JOIN `satuan` ON `satuan`.`id` = `barang`.`satuanid`
WHERE `temp_transaksi_servis`.`session_id` = :temp_transaksi_servis.session_id:', [...], false)
 2 SYSTEMPATH\Model.php(255): CodeIgniter\Database\BaseBuilder->get()
 3 SYSTEMPATH\BaseModel.php(676): CodeIgniter\Model->doFindAll(0, 0)
 4 APPPATH\Models\TempTransaksiServisModel.php(32): CodeIgniter\BaseModel->findAll()
 5 APPPATH\Controllers\TransaksiServis.php(97): App\Models\TempTransaksiServisModel->getTempWithInfo('62a7016f6892d9032520491dd6b35857')
 6 SYSTEMPATH\CodeIgniter.php(974): App\Controllers\TransaksiServis->getTemp()
 7 SYSTEMPATH\CodeIgniter.php(520): CodeIgniter\CodeIgniter->runController(Object(App\Controllers\TransaksiServis))
 8 SYSTEMPATH\CodeIgniter.php(363): CodeIgniter\CodeIgniter->handleRequest(null, Object(Config\Cache), false)
 9 SYSTEMPATH\Boot.php(417): CodeIgniter\CodeIgniter->run()
10 SYSTEMPATH\Boot.php(68): CodeIgniter\Boot::runCodeIgniter(Object(CodeIgniter\CodeIgniter))
11 FCPATH\index.php(56): CodeIgniter\Boot::bootWeb(Object(Config\Paths))
12 SYSTEMPATH\rewrite.php(44): require_once('C:\\Users\\AKU BANGGA JADI IT 2\\Documents\\RafiChandra\\Codeigniter4\\bengkel-salsa-motor\\public\\index.php')
CRITICAL - 2026-08-13 08:32:01 --> [Caused by] CodeIgniter\Database\Exceptions\DatabaseException: Unknown column 'satuan.id' in 'on clause'
in SYSTEMPATH\Database\MySQLi\Connection.php on line 310.
 1 SYSTEMPATH\Database\BaseConnection.php(908): CodeIgniter\Database\MySQLi\Connection->execute('SELECT `temp_transaksi_servis`.*, `servis`.`jenis_servis`, `barang`.`nama_barng`, `satuan`.`nama_satuan`
FROM `temp_transaksi_servis`
LEFT JOIN `servis` ON `servis`.`kodeservis` = `temp_transaksi_servis`.`detserviskode`
LEFT JOIN `barang` ON `barang`.`kode` = `temp_transaksi_servis`.`detailbrgkode`
LEFT JOIN `satuan` ON `satuan`.`id` = `barang`.`satuanid`
WHERE `temp_transaksi_servis`.`session_id` = \'62a7016f6892d9032520491dd6b35857\'')
 2 SYSTEMPATH\Database\BaseConnection.php(825): CodeIgniter\Database\BaseConnection->simpleQuery('SELECT `temp_transaksi_servis`.*, `servis`.`jenis_servis`, `barang`.`nama_barng`, `satuan`.`nama_satuan`
FROM `temp_transaksi_servis`
LEFT JOIN `servis` ON `servis`.`kodeservis` = `temp_transaksi_servis`.`detserviskode`
LEFT JOIN `barang` ON `barang`.`kode` = `temp_transaksi_servis`.`detailbrgkode`
LEFT JOIN `satuan` ON `satuan`.`id` = `barang`.`satuanid`
WHERE `temp_transaksi_servis`.`session_id` = \'62a7016f6892d9032520491dd6b35857\'')
 3 SYSTEMPATH\Database\BaseBuilder.php(1659): CodeIgniter\Database\BaseConnection->query('SELECT `temp_transaksi_servis`.*, `servis`.`jenis_servis`, `barang`.`nama_barng`, `satuan`.`nama_satuan`
FROM `temp_transaksi_servis`
LEFT JOIN `servis` ON `servis`.`kodeservis` = `temp_transaksi_servis`.`detserviskode`
LEFT JOIN `barang` ON `barang`.`kode` = `temp_transaksi_servis`.`detailbrgkode`
LEFT JOIN `satuan` ON `satuan`.`id` = `barang`.`satuanid`
WHERE `temp_transaksi_servis`.`session_id` = :temp_transaksi_servis.session_id:', [...], false)
 4 SYSTEMPATH\Model.php(255): CodeIgniter\Database\BaseBuilder->get()
 5 SYSTEMPATH\BaseModel.php(676): CodeIgniter\Model->doFindAll(0, 0)
 6 APPPATH\Models\TempTransaksiServisModel.php(32): CodeIgniter\BaseModel->findAll()
 7 APPPATH\Controllers\TransaksiServis.php(97): App\Models\TempTransaksiServisModel->getTempWithInfo('62a7016f6892d9032520491dd6b35857')
 8 SYSTEMPATH\CodeIgniter.php(974): App\Controllers\TransaksiServis->getTemp()
 9 SYSTEMPATH\CodeIgniter.php(520): CodeIgniter\CodeIgniter->runController(Object(App\Controllers\TransaksiServis))
10 SYSTEMPATH\CodeIgniter.php(363): CodeIgniter\CodeIgniter->handleRequest(null, Object(Config\Cache), false)
11 SYSTEMPATH\Boot.php(417): CodeIgniter\CodeIgniter->run()
12 SYSTEMPATH\Boot.php(68): CodeIgniter\Boot::runCodeIgniter(Object(CodeIgniter\CodeIgniter))
13 FCPATH\index.php(56): CodeIgniter\Boot::bootWeb(Object(Config\Paths))
14 SYSTEMPATH\rewrite.php(44): require_once('C:\\Users\\AKU BANGGA JADI IT 2\\Documents\\RafiChandra\\Codeigniter4\\bengkel-salsa-motor\\public\\index.php')
CRITICAL - 2026-08-13 08:32:01 --> [Caused by] mysqli_sql_exception: Unknown column 'satuan.id' in 'on clause'
in SYSTEMPATH\Database\MySQLi\Connection.php on line 300.
 1 SYSTEMPATH\Database\MySQLi\Connection.php(300): mysqli->query('SELECT `temp_transaksi_servis`.*, `servis`.`jenis_servis`, `barang`.`nama_barng`, `satuan`.`nama_satuan`
FROM `temp_transaksi_servis`
LEFT JOIN `servis` ON `servis`.`kodeservis` = `temp_transaksi_servis`.`detserviskode`
LEFT JOIN `barang` ON `barang`.`kode` = `temp_transaksi_servis`.`detailbrgkode`
LEFT JOIN `satuan` ON `satuan`.`id` = `barang`.`satuanid`
WHERE `temp_transaksi_servis`.`session_id` = \'62a7016f6892d9032520491dd6b35857\'', 0)
 2 SYSTEMPATH\Database\BaseConnection.php(908): CodeIgniter\Database\MySQLi\Connection->execute('SELECT `temp_transaksi_servis`.*, `servis`.`jenis_servis`, `barang`.`nama_barng`, `satuan`.`nama_satuan`
FROM `temp_transaksi_servis`
LEFT JOIN `servis` ON `servis`.`kodeservis` = `temp_transaksi_servis`.`detserviskode`
LEFT JOIN `barang` ON `barang`.`kode` = `temp_transaksi_servis`.`detailbrgkode`
LEFT JOIN `satuan` ON `satuan`.`id` = `barang`.`satuanid`
WHERE `temp_transaksi_servis`.`session_id` = \'62a7016f6892d9032520491dd6b35857\'')
 3 SYSTEMPATH\Database\BaseConnection.php(825): CodeIgniter\Database\BaseConnection->simpleQuery('SELECT `temp_transaksi_servis`.*, `servis`.`jenis_servis`, `barang`.`nama_barng`, `satuan`.`nama_satuan`
FROM `temp_transaksi_servis`
LEFT JOIN `servis` ON `servis`.`kodeservis` = `temp_transaksi_servis`.`detserviskode`
LEFT JOIN `barang` ON `barang`.`kode` = `temp_transaksi_servis`.`detailbrgkode`
LEFT JOIN `satuan` ON `satuan`.`id` = `barang`.`satuanid`
WHERE `temp_transaksi_servis`.`session_id` = \'62a7016f6892d9032520491dd6b35857\'')
 4 SYSTEMPATH\Database\BaseBuilder.php(1659): CodeIgniter\Database\BaseConnection->query('SELECT `temp_transaksi_servis`.*, `servis`.`jenis_servis`, `barang`.`nama_barng`, `satuan`.`nama_satuan`
FROM `temp_transaksi_servis`
LEFT JOIN `servis` ON `servis`.`kodeservis` = `temp_transaksi_servis`.`detserviskode`
LEFT JOIN `barang` ON `barang`.`kode` = `temp_transaksi_servis`.`detailbrgkode`
LEFT JOIN `satuan` ON `satuan`.`id` = `barang`.`satuanid`
WHERE `temp_transaksi_servis`.`session_id` = :temp_transaksi_servis.session_id:', [...], false)
 5 SYSTEMPATH\Model.php(255): CodeIgniter\Database\BaseBuilder->get()
 6 SYSTEMPATH\BaseModel.php(676): CodeIgniter\Model->doFindAll(0, 0)
 7 APPPATH\Models\TempTransaksiServisModel.php(32): CodeIgniter\BaseModel->findAll()
 8 APPPATH\Controllers\TransaksiServis.php(97): App\Models\TempTransaksiServisModel->getTempWithInfo('62a7016f6892d9032520491dd6b35857')
 9 SYSTEMPATH\CodeIgniter.php(974): App\Controllers\TransaksiServis->getTemp()
10 SYSTEMPATH\CodeIgniter.php(520): CodeIgniter\CodeIgniter->runController(Object(App\Controllers\TransaksiServis))
11 SYSTEMPATH\CodeIgniter.php(363): CodeIgniter\CodeIgniter->handleRequest(null, Object(Config\Cache), false)
12 SYSTEMPATH\Boot.php(417): CodeIgniter\CodeIgniter->run()
13 SYSTEMPATH\Boot.php(68): CodeIgniter\Boot::runCodeIgniter(Object(CodeIgniter\CodeIgniter))
14 FCPATH\index.php(56): CodeIgniter\Boot::bootWeb(Object(Config\Paths))
15 SYSTEMPATH\rewrite.php(44): require_once('C:\\Users\\AKU BANGGA JADI IT 2\\Documents\\RafiChandra\\Codeigniter4\\bengkel-salsa-motor\\public\\index.php')
DEBUG - 2026-08-13 08:32:01 --> Session: Class initialized using 'CodeIgniter\Session\Handlers\FileHandler' driver.
DEBUG - 2026-08-13 08:32:02 --> Session: Class initialized using 'CodeIgniter\Session\Handlers\FileHandler' driver.
ERROR - 2026-08-13 08:32:02 --> Unknown column 'satuan.id' in 'on clause'
in SYSTEMPATH\Database\MySQLi\Connection.php on line 300.
 1 SYSTEMPATH\Database\MySQLi\Connection.php(300): mysqli->query('SELECT `temp_transaksi_servis`.*, `servis`.`jenis_servis`, `barang`.`nama_barng`, `satuan`.`nama_satuan`
FROM `temp_transaksi_servis`
LEFT JOIN `servis` ON `servis`.`kodeservis` = `temp_transaksi_servis`.`detserviskode`
LEFT JOIN `barang` ON `barang`.`kode` = `temp_transaksi_servis`.`detailbrgkode`
LEFT JOIN `satuan` ON `satuan`.`id` = `barang`.`satuanid`
WHERE `temp_transaksi_servis`.`session_id` = \'62a7016f6892d9032520491dd6b35857\'', 0)
 2 SYSTEMPATH\Database\BaseConnection.php(908): CodeIgniter\Database\MySQLi\Connection->execute('SELECT `temp_transaksi_servis`.*, `servis`.`jenis_servis`, `barang`.`nama_barng`, `satuan`.`nama_satuan`
FROM `temp_transaksi_servis`
LEFT JOIN `servis` ON `servis`.`kodeservis` = `temp_transaksi_servis`.`detserviskode`
LEFT JOIN `barang` ON `barang`.`kode` = `temp_transaksi_servis`.`detailbrgkode`
LEFT JOIN `satuan` ON `satuan`.`id` = `barang`.`satuanid`
WHERE `temp_transaksi_servis`.`session_id` = \'62a7016f6892d9032520491dd6b35857\'')
 3 SYSTEMPATH\Database\BaseConnection.php(825): CodeIgniter\Database\BaseConnection->simpleQuery('SELECT `temp_transaksi_servis`.*, `servis`.`jenis_servis`, `barang`.`nama_barng`, `satuan`.`nama_satuan`
FROM `temp_transaksi_servis`
LEFT JOIN `servis` ON `servis`.`kodeservis` = `temp_transaksi_servis`.`detserviskode`
LEFT JOIN `barang` ON `barang`.`kode` = `temp_transaksi_servis`.`detailbrgkode`
LEFT JOIN `satuan` ON `satuan`.`id` = `barang`.`satuanid`
WHERE `temp_transaksi_servis`.`session_id` = \'62a7016f6892d9032520491dd6b35857\'')
 4 SYSTEMPATH\Database\BaseBuilder.php(1659): CodeIgniter\Database\BaseConnection->query('SELECT `temp_transaksi_servis`.*, `servis`.`jenis_servis`, `barang`.`nama_barng`, `satuan`.`nama_satuan`
FROM `temp_transaksi_servis`
LEFT JOIN `servis` ON `servis`.`kodeservis` = `temp_transaksi_servis`.`detserviskode`
LEFT JOIN `barang` ON `barang`.`kode` = `temp_transaksi_servis`.`detailbrgkode`
LEFT JOIN `satuan` ON `satuan`.`id` = `barang`.`satuanid`
WHERE `temp_transaksi_servis`.`session_id` = :temp_transaksi_servis.session_id:', [...], false)
 5 SYSTEMPATH\Model.php(255): CodeIgniter\Database\BaseBuilder->get()
 6 SYSTEMPATH\BaseModel.php(676): CodeIgniter\Model->doFindAll(0, 0)
 7 APPPATH\Models\TempTransaksiServisModel.php(32): CodeIgniter\BaseModel->findAll()
 8 APPPATH\Controllers\TransaksiServis.php(97): App\Models\TempTransaksiServisModel->getTempWithInfo('62a7016f6892d9032520491dd6b35857')
 9 SYSTEMPATH\CodeIgniter.php(974): App\Controllers\TransaksiServis->getTemp()
10 SYSTEMPATH\CodeIgniter.php(520): CodeIgniter\CodeIgniter->runController(Object(App\Controllers\TransaksiServis))
11 SYSTEMPATH\CodeIgniter.php(363): CodeIgniter\CodeIgniter->handleRequest(null, Object(Config\Cache), false)
12 SYSTEMPATH\Boot.php(417): CodeIgniter\CodeIgniter->run()
13 SYSTEMPATH\Boot.php(68): CodeIgniter\Boot::runCodeIgniter(Object(CodeIgniter\CodeIgniter))
14 FCPATH\index.php(56): CodeIgniter\Boot::bootWeb(Object(Config\Paths))
15 SYSTEMPATH\rewrite.php(44): require_once('C:\\Users\\AKU BANGGA JADI IT 2\\Documents\\RafiChandra\\Codeigniter4\\bengkel-salsa-motor\\public\\index.php')
CRITICAL - 2026-08-13 08:32:02 --> CodeIgniter\Database\Exceptions\DatabaseException: Unknown column 'satuan.id' in 'on clause'
[Method: GET, Route: admin/transaksiservis/getTemp]
in SYSTEMPATH\Database\BaseConnection.php on line 863.
 1 SYSTEMPATH\Database\BaseBuilder.php(1659): CodeIgniter\Database\BaseConnection->query('SELECT `temp_transaksi_servis`.*, `servis`.`jenis_servis`, `barang`.`nama_barng`, `satuan`.`nama_satuan`
FROM `temp_transaksi_servis`
LEFT JOIN `servis` ON `servis`.`kodeservis` = `temp_transaksi_servis`.`detserviskode`
LEFT JOIN `barang` ON `barang`.`kode` = `temp_transaksi_servis`.`detailbrgkode`
LEFT JOIN `satuan` ON `satuan`.`id` = `barang`.`satuanid`
WHERE `temp_transaksi_servis`.`session_id` = :temp_transaksi_servis.session_id:', [...], false)
 2 SYSTEMPATH\Model.php(255): CodeIgniter\Database\BaseBuilder->get()
 3 SYSTEMPATH\BaseModel.php(676): CodeIgniter\Model->doFindAll(0, 0)
 4 APPPATH\Models\TempTransaksiServisModel.php(32): CodeIgniter\BaseModel->findAll()
 5 APPPATH\Controllers\TransaksiServis.php(97): App\Models\TempTransaksiServisModel->getTempWithInfo('62a7016f6892d9032520491dd6b35857')
 6 SYSTEMPATH\CodeIgniter.php(974): App\Controllers\TransaksiServis->getTemp()
 7 SYSTEMPATH\CodeIgniter.php(520): CodeIgniter\CodeIgniter->runController(Object(App\Controllers\TransaksiServis))
 8 SYSTEMPATH\CodeIgniter.php(363): CodeIgniter\CodeIgniter->handleRequest(null, Object(Config\Cache), false)
 9 SYSTEMPATH\Boot.php(417): CodeIgniter\CodeIgniter->run()
10 SYSTEMPATH\Boot.php(68): CodeIgniter\Boot::runCodeIgniter(Object(CodeIgniter\CodeIgniter))
11 FCPATH\index.php(56): CodeIgniter\Boot::bootWeb(Object(Config\Paths))
12 SYSTEMPATH\rewrite.php(44): require_once('C:\\Users\\AKU BANGGA JADI IT 2\\Documents\\RafiChandra\\Codeigniter4\\bengkel-salsa-motor\\public\\index.php')
CRITICAL - 2026-08-13 08:32:02 --> [Caused by] CodeIgniter\Database\Exceptions\DatabaseException: Unknown column 'satuan.id' in 'on clause'
in SYSTEMPATH\Database\MySQLi\Connection.php on line 310.
 1 SYSTEMPATH\Database\BaseConnection.php(908): CodeIgniter\Database\MySQLi\Connection->execute('SELECT `temp_transaksi_servis`.*, `servis`.`jenis_servis`, `barang`.`nama_barng`, `satuan`.`nama_satuan`
FROM `temp_transaksi_servis`
LEFT JOIN `servis` ON `servis`.`kodeservis` = `temp_transaksi_servis`.`detserviskode`
LEFT JOIN `barang` ON `barang`.`kode` = `temp_transaksi_servis`.`detailbrgkode`
LEFT JOIN `satuan` ON `satuan`.`id` = `barang`.`satuanid`
WHERE `temp_transaksi_servis`.`session_id` = \'62a7016f6892d9032520491dd6b35857\'')
 2 SYSTEMPATH\Database\BaseConnection.php(825): CodeIgniter\Database\BaseConnection->simpleQuery('SELECT `temp_transaksi_servis`.*, `servis`.`jenis_servis`, `barang`.`nama_barng`, `satuan`.`nama_satuan`
FROM `temp_transaksi_servis`
LEFT JOIN `servis` ON `servis`.`kodeservis` = `temp_transaksi_servis`.`detserviskode`
LEFT JOIN `barang` ON `barang`.`kode` = `temp_transaksi_servis`.`detailbrgkode`
LEFT JOIN `satuan` ON `satuan`.`id` = `barang`.`satuanid`
WHERE `temp_transaksi_servis`.`session_id` = \'62a7016f6892d9032520491dd6b35857\'')
 3 SYSTEMPATH\Database\BaseBuilder.php(1659): CodeIgniter\Database\BaseConnection->query('SELECT `temp_transaksi_servis`.*, `servis`.`jenis_servis`, `barang`.`nama_barng`, `satuan`.`nama_satuan`
FROM `temp_transaksi_servis`
LEFT JOIN `servis` ON `servis`.`kodeservis` = `temp_transaksi_servis`.`detserviskode`
LEFT JOIN `barang` ON `barang`.`kode` = `temp_transaksi_servis`.`detailbrgkode`
LEFT JOIN `satuan` ON `satuan`.`id` = `barang`.`satuanid`
WHERE `temp_transaksi_servis`.`session_id` = :temp_transaksi_servis.session_id:', [...], false)
 4 SYSTEMPATH\Model.php(255): CodeIgniter\Database\BaseBuilder->get()
 5 SYSTEMPATH\BaseModel.php(676): CodeIgniter\Model->doFindAll(0, 0)
 6 APPPATH\Models\TempTransaksiServisModel.php(32): CodeIgniter\BaseModel->findAll()
 7 APPPATH\Controllers\TransaksiServis.php(97): App\Models\TempTransaksiServisModel->getTempWithInfo('62a7016f6892d9032520491dd6b35857')
 8 SYSTEMPATH\CodeIgniter.php(974): App\Controllers\TransaksiServis->getTemp()
 9 SYSTEMPATH\CodeIgniter.php(520): CodeIgniter\CodeIgniter->runController(Object(App\Controllers\TransaksiServis))
10 SYSTEMPATH\CodeIgniter.php(363): CodeIgniter\CodeIgniter->handleRequest(null, Object(Config\Cache), false)
11 SYSTEMPATH\Boot.php(417): CodeIgniter\CodeIgniter->run()
12 SYSTEMPATH\Boot.php(68): CodeIgniter\Boot::runCodeIgniter(Object(CodeIgniter\CodeIgniter))
13 FCPATH\index.php(56): CodeIgniter\Boot::bootWeb(Object(Config\Paths))
14 SYSTEMPATH\rewrite.php(44): require_once('C:\\Users\\AKU BANGGA JADI IT 2\\Documents\\RafiChandra\\Codeigniter4\\bengkel-salsa-motor\\public\\index.php')
CRITICAL - 2026-08-13 08:32:02 --> [Caused by] mysqli_sql_exception: Unknown column 'satuan.id' in 'on clause'
in SYSTEMPATH\Database\MySQLi\Connection.php on line 300.
 1 SYSTEMPATH\Database\MySQLi\Connection.php(300): mysqli->query('SELECT `temp_transaksi_servis`.*, `servis`.`jenis_servis`, `barang`.`nama_barng`, `satuan`.`nama_satuan`
FROM `temp_transaksi_servis`
LEFT JOIN `servis` ON `servis`.`kodeservis` = `temp_transaksi_servis`.`detserviskode`
LEFT JOIN `barang` ON `barang`.`kode` = `temp_transaksi_servis`.`detailbrgkode`
LEFT JOIN `satuan` ON `satuan`.`id` = `barang`.`satuanid`
WHERE `temp_transaksi_servis`.`session_id` = \'62a7016f6892d9032520491dd6b35857\'', 0)
 2 SYSTEMPATH\Database\BaseConnection.php(908): CodeIgniter\Database\MySQLi\Connection->execute('SELECT `temp_transaksi_servis`.*, `servis`.`jenis_servis`, `barang`.`nama_barng`, `satuan`.`nama_satuan`
FROM `temp_transaksi_servis`
LEFT JOIN `servis` ON `servis`.`kodeservis` = `temp_transaksi_servis`.`detserviskode`
LEFT JOIN `barang` ON `barang`.`kode` = `temp_transaksi_servis`.`detailbrgkode`
LEFT JOIN `satuan` ON `satuan`.`id` = `barang`.`satuanid`
WHERE `temp_transaksi_servis`.`session_id` = \'62a7016f6892d9032520491dd6b35857\'')
 3 SYSTEMPATH\Database\BaseConnection.php(825): CodeIgniter\Database\BaseConnection->simpleQuery('SELECT `temp_transaksi_servis`.*, `servis`.`jenis_servis`, `barang`.`nama_barng`, `satuan`.`nama_satuan`
FROM `temp_transaksi_servis`
LEFT JOIN `servis` ON `servis`.`kodeservis` = `temp_transaksi_servis`.`detserviskode`
LEFT JOIN `barang` ON `barang`.`kode` = `temp_transaksi_servis`.`detailbrgkode`
LEFT JOIN `satuan` ON `satuan`.`id` = `barang`.`satuanid`
WHERE `temp_transaksi_servis`.`session_id` = \'62a7016f6892d9032520491dd6b35857\'')
 4 SYSTEMPATH\Database\BaseBuilder.php(1659): CodeIgniter\Database\BaseConnection->query('SELECT `temp_transaksi_servis`.*, `servis`.`jenis_servis`, `barang`.`nama_barng`, `satuan`.`nama_satuan`
FROM `temp_transaksi_servis`
LEFT JOIN `servis` ON `servis`.`kodeservis` = `temp_transaksi_servis`.`detserviskode`
LEFT JOIN `barang` ON `barang`.`kode` = `temp_transaksi_servis`.`detailbrgkode`
LEFT JOIN `satuan` ON `satuan`.`id` = `barang`.`satuanid`
WHERE `temp_transaksi_servis`.`session_id` = :temp_transaksi_servis.session_id:', [...], false)
 5 SYSTEMPATH\Model.php(255): CodeIgniter\Database\BaseBuilder->get()
 6 SYSTEMPATH\BaseModel.php(676): CodeIgniter\Model->doFindAll(0, 0)
 7 APPPATH\Models\TempTransaksiServisModel.php(32): CodeIgniter\BaseModel->findAll()
 8 APPPATH\Controllers\TransaksiServis.php(97): App\Models\TempTransaksiServisModel->getTempWithInfo('62a7016f6892d9032520491dd6b35857')
 9 SYSTEMPATH\CodeIgniter.php(974): App\Controllers\TransaksiServis->getTemp()
10 SYSTEMPATH\CodeIgniter.php(520): CodeIgniter\CodeIgniter->runController(Object(App\Controllers\TransaksiServis))
11 SYSTEMPATH\CodeIgniter.php(363): CodeIgniter\CodeIgniter->handleRequest(null, Object(Config\Cache), false)
12 SYSTEMPATH\Boot.php(417): CodeIgniter\CodeIgniter->run()
13 SYSTEMPATH\Boot.php(68): CodeIgniter\Boot::runCodeIgniter(Object(CodeIgniter\CodeIgniter))
14 FCPATH\index.php(56): CodeIgniter\Boot::bootWeb(Object(Config\Paths))
15 SYSTEMPATH\rewrite.php(44): require_once('C:\\Users\\AKU BANGGA JADI IT 2\\Documents\\RafiChandra\\Codeigniter4\\bengkel-salsa-motor\\public\\index.php')
DEBUG - 2026-08-13 08:32:32 --> Session: Class initialized using 'CodeIgniter\Session\Handlers\FileHandler' driver.
DEBUG - 2026-08-13 08:32:32 --> Session: Class initialized using 'CodeIgniter\Session\Handlers\FileHandler' driver.
ERROR - 2026-08-13 08:32:32 --> Unknown column 'satuan.id' in 'on clause'
in SYSTEMPATH\Database\MySQLi\Connection.php on line 300.
 1 SYSTEMPATH\Database\MySQLi\Connection.php(300): mysqli->query('SELECT `temp_transaksi_servis`.*, `servis`.`jenis_servis`, `barang`.`nama_barng`, `satuan`.`nama_satuan`
FROM `temp_transaksi_servis`
LEFT JOIN `servis` ON `servis`.`kodeservis` = `temp_transaksi_servis`.`detserviskode`
LEFT JOIN `barang` ON `barang`.`kode` = `temp_transaksi_servis`.`detailbrgkode`
LEFT JOIN `satuan` ON `satuan`.`id` = `barang`.`satuanid`
WHERE `temp_transaksi_servis`.`session_id` = \'62a7016f6892d9032520491dd6b35857\'', 0)
 2 SYSTEMPATH\Database\BaseConnection.php(908): CodeIgniter\Database\MySQLi\Connection->execute('SELECT `temp_transaksi_servis`.*, `servis`.`jenis_servis`, `barang`.`nama_barng`, `satuan`.`nama_satuan`
FROM `temp_transaksi_servis`
LEFT JOIN `servis` ON `servis`.`kodeservis` = `temp_transaksi_servis`.`detserviskode`
LEFT JOIN `barang` ON `barang`.`kode` = `temp_transaksi_servis`.`detailbrgkode`
LEFT JOIN `satuan` ON `satuan`.`id` = `barang`.`satuanid`
WHERE `temp_transaksi_servis`.`session_id` = \'62a7016f6892d9032520491dd6b35857\'')
 3 SYSTEMPATH\Database\BaseConnection.php(825): CodeIgniter\Database\BaseConnection->simpleQuery('SELECT `temp_transaksi_servis`.*, `servis`.`jenis_servis`, `barang`.`nama_barng`, `satuan`.`nama_satuan`
FROM `temp_transaksi_servis`
LEFT JOIN `servis` ON `servis`.`kodeservis` = `temp_transaksi_servis`.`detserviskode`
LEFT JOIN `barang` ON `barang`.`kode` = `temp_transaksi_servis`.`detailbrgkode`
LEFT JOIN `satuan` ON `satuan`.`id` = `barang`.`satuanid`
WHERE `temp_transaksi_servis`.`session_id` = \'62a7016f6892d9032520491dd6b35857\'')
 4 SYSTEMPATH\Database\BaseBuilder.php(1659): CodeIgniter\Database\BaseConnection->query('SELECT `temp_transaksi_servis`.*, `servis`.`jenis_servis`, `barang`.`nama_barng`, `satuan`.`nama_satuan`
FROM `temp_transaksi_servis`
LEFT JOIN `servis` ON `servis`.`kodeservis` = `temp_transaksi_servis`.`detserviskode`
LEFT JOIN `barang` ON `barang`.`kode` = `temp_transaksi_servis`.`detailbrgkode`
LEFT JOIN `satuan` ON `satuan`.`id` = `barang`.`satuanid`
WHERE `temp_transaksi_servis`.`session_id` = :temp_transaksi_servis.session_id:', [...], false)
 5 SYSTEMPATH\Model.php(255): CodeIgniter\Database\BaseBuilder->get()
 6 SYSTEMPATH\BaseModel.php(676): CodeIgniter\Model->doFindAll(0, 0)
 7 APPPATH\Models\TempTransaksiServisModel.php(32): CodeIgniter\BaseModel->findAll()
 8 APPPATH\Controllers\TransaksiServis.php(97): App\Models\TempTransaksiServisModel->getTempWithInfo('62a7016f6892d9032520491dd6b35857')
 9 SYSTEMPATH\CodeIgniter.php(974): App\Controllers\TransaksiServis->getTemp()
10 SYSTEMPATH\CodeIgniter.php(520): CodeIgniter\CodeIgniter->runController(Object(App\Controllers\TransaksiServis))
11 SYSTEMPATH\CodeIgniter.php(363): CodeIgniter\CodeIgniter->handleRequest(null, Object(Config\Cache), false)
12 SYSTEMPATH\Boot.php(417): CodeIgniter\CodeIgniter->run()
13 SYSTEMPATH\Boot.php(68): CodeIgniter\Boot::runCodeIgniter(Object(CodeIgniter\CodeIgniter))
14 FCPATH\index.php(56): CodeIgniter\Boot::bootWeb(Object(Config\Paths))
15 SYSTEMPATH\rewrite.php(44): require_once('C:\\Users\\AKU BANGGA JADI IT 2\\Documents\\RafiChandra\\Codeigniter4\\bengkel-salsa-motor\\public\\index.php')
CRITICAL - 2026-08-13 08:32:32 --> CodeIgniter\Database\Exceptions\DatabaseException: Unknown column 'satuan.id' in 'on clause'
[Method: GET, Route: admin/transaksiservis/getTemp]
in SYSTEMPATH\Database\BaseConnection.php on line 863.
 1 SYSTEMPATH\Database\BaseBuilder.php(1659): CodeIgniter\Database\BaseConnection->query('SELECT `temp_transaksi_servis`.*, `servis`.`jenis_servis`, `barang`.`nama_barng`, `satuan`.`nama_satuan`
FROM `temp_transaksi_servis`
LEFT JOIN `servis` ON `servis`.`kodeservis` = `temp_transaksi_servis`.`detserviskode`
LEFT JOIN `barang` ON `barang`.`kode` = `temp_transaksi_servis`.`detailbrgkode`
LEFT JOIN `satuan` ON `satuan`.`id` = `barang`.`satuanid`
WHERE `temp_transaksi_servis`.`session_id` = :temp_transaksi_servis.session_id:', [...], false)
 2 SYSTEMPATH\Model.php(255): CodeIgniter\Database\BaseBuilder->get()
 3 SYSTEMPATH\BaseModel.php(676): CodeIgniter\Model->doFindAll(0, 0)
 4 APPPATH\Models\TempTransaksiServisModel.php(32): CodeIgniter\BaseModel->findAll()
 5 APPPATH\Controllers\TransaksiServis.php(97): App\Models\TempTransaksiServisModel->getTempWithInfo('62a7016f6892d9032520491dd6b35857')
 6 SYSTEMPATH\CodeIgniter.php(974): App\Controllers\TransaksiServis->getTemp()
 7 SYSTEMPATH\CodeIgniter.php(520): CodeIgniter\CodeIgniter->runController(Object(App\Controllers\TransaksiServis))
 8 SYSTEMPATH\CodeIgniter.php(363): CodeIgniter\CodeIgniter->handleRequest(null, Object(Config\Cache), false)
 9 SYSTEMPATH\Boot.php(417): CodeIgniter\CodeIgniter->run()
10 SYSTEMPATH\Boot.php(68): CodeIgniter\Boot::runCodeIgniter(Object(CodeIgniter\CodeIgniter))
11 FCPATH\index.php(56): CodeIgniter\Boot::bootWeb(Object(Config\Paths))
12 SYSTEMPATH\rewrite.php(44): require_once('C:\\Users\\AKU BANGGA JADI IT 2\\Documents\\RafiChandra\\Codeigniter4\\bengkel-salsa-motor\\public\\index.php')
CRITICAL - 2026-08-13 08:32:32 --> [Caused by] CodeIgniter\Database\Exceptions\DatabaseException: Unknown column 'satuan.id' in 'on clause'
in SYSTEMPATH\Database\MySQLi\Connection.php on line 310.
 1 SYSTEMPATH\Database\BaseConnection.php(908): CodeIgniter\Database\MySQLi\Connection->execute('SELECT `temp_transaksi_servis`.*, `servis`.`jenis_servis`, `barang`.`nama_barng`, `satuan`.`nama_satuan`
FROM `temp_transaksi_servis`
LEFT JOIN `servis` ON `servis`.`kodeservis` = `temp_transaksi_servis`.`detserviskode`
LEFT JOIN `barang` ON `barang`.`kode` = `temp_transaksi_servis`.`detailbrgkode`
LEFT JOIN `satuan` ON `satuan`.`id` = `barang`.`satuanid`
WHERE `temp_transaksi_servis`.`session_id` = \'62a7016f6892d9032520491dd6b35857\'')
 2 SYSTEMPATH\Database\BaseConnection.php(825): CodeIgniter\Database\BaseConnection->simpleQuery('SELECT `temp_transaksi_servis`.*, `servis`.`jenis_servis`, `barang`.`nama_barng`, `satuan`.`nama_satuan`
FROM `temp_transaksi_servis`
LEFT JOIN `servis` ON `servis`.`kodeservis` = `temp_transaksi_servis`.`detserviskode`
LEFT JOIN `barang` ON `barang`.`kode` = `temp_transaksi_servis`.`detailbrgkode`
LEFT JOIN `satuan` ON `satuan`.`id` = `barang`.`satuanid`
WHERE `temp_transaksi_servis`.`session_id` = \'62a7016f6892d9032520491dd6b35857\'')
 3 SYSTEMPATH\Database\BaseBuilder.php(1659): CodeIgniter\Database\BaseConnection->query('SELECT `temp_transaksi_servis`.*, `servis`.`jenis_servis`, `barang`.`nama_barng`, `satuan`.`nama_satuan`
FROM `temp_transaksi_servis`
LEFT JOIN `servis` ON `servis`.`kodeservis` = `temp_transaksi_servis`.`detserviskode`
LEFT JOIN `barang` ON `barang`.`kode` = `temp_transaksi_servis`.`detailbrgkode`
LEFT JOIN `satuan` ON `satuan`.`id` = `barang`.`satuanid`
WHERE `temp_transaksi_servis`.`session_id` = :temp_transaksi_servis.session_id:', [...], false)
 4 SYSTEMPATH\Model.php(255): CodeIgniter\Database\BaseBuilder->get()
 5 SYSTEMPATH\BaseModel.php(676): CodeIgniter\Model->doFindAll(0, 0)
 6 APPPATH\Models\TempTransaksiServisModel.php(32): CodeIgniter\BaseModel->findAll()
 7 APPPATH\Controllers\TransaksiServis.php(97): App\Models\TempTransaksiServisModel->getTempWithInfo('62a7016f6892d9032520491dd6b35857')
 8 SYSTEMPATH\CodeIgniter.php(974): App\Controllers\TransaksiServis->getTemp()
 9 SYSTEMPATH\CodeIgniter.php(520): CodeIgniter\CodeIgniter->runController(Object(App\Controllers\TransaksiServis))
10 SYSTEMPATH\CodeIgniter.php(363): CodeIgniter\CodeIgniter->handleRequest(null, Object(Config\Cache), false)
11 SYSTEMPATH\Boot.php(417): CodeIgniter\CodeIgniter->run()
12 SYSTEMPATH\Boot.php(68): CodeIgniter\Boot::runCodeIgniter(Object(CodeIgniter\CodeIgniter))
13 FCPATH\index.php(56): CodeIgniter\Boot::bootWeb(Object(Config\Paths))
14 SYSTEMPATH\rewrite.php(44): require_once('C:\\Users\\AKU BANGGA JADI IT 2\\Documents\\RafiChandra\\Codeigniter4\\bengkel-salsa-motor\\public\\index.php')
CRITICAL - 2026-08-13 08:32:32 --> [Caused by] mysqli_sql_exception: Unknown column 'satuan.id' in 'on clause'
in SYSTEMPATH\Database\MySQLi\Connection.php on line 300.
 1 SYSTEMPATH\Database\MySQLi\Connection.php(300): mysqli->query('SELECT `temp_transaksi_servis`.*, `servis`.`jenis_servis`, `barang`.`nama_barng`, `satuan`.`nama_satuan`
FROM `temp_transaksi_servis`
LEFT JOIN `servis` ON `servis`.`kodeservis` = `temp_transaksi_servis`.`detserviskode`
LEFT JOIN `barang` ON `barang`.`kode` = `temp_transaksi_servis`.`detailbrgkode`
LEFT JOIN `satuan` ON `satuan`.`id` = `barang`.`satuanid`
WHERE `temp_transaksi_servis`.`session_id` = \'62a7016f6892d9032520491dd6b35857\'', 0)
 2 SYSTEMPATH\Database\BaseConnection.php(908): CodeIgniter\Database\MySQLi\Connection->execute('SELECT `temp_transaksi_servis`.*, `servis`.`jenis_servis`, `barang`.`nama_barng`, `satuan`.`nama_satuan`
FROM `temp_transaksi_servis`
LEFT JOIN `servis` ON `servis`.`kodeservis` = `temp_transaksi_servis`.`detserviskode`
LEFT JOIN `barang` ON `barang`.`kode` = `temp_transaksi_servis`.`detailbrgkode`
LEFT JOIN `satuan` ON `satuan`.`id` = `barang`.`satuanid`
WHERE `temp_transaksi_servis`.`session_id` = \'62a7016f6892d9032520491dd6b35857\'')
 3 SYSTEMPATH\Database\BaseConnection.php(825): CodeIgniter\Database\BaseConnection->simpleQuery('SELECT `temp_transaksi_servis`.*, `servis`.`jenis_servis`, `barang`.`nama_barng`, `satuan`.`nama_satuan`
FROM `temp_transaksi_servis`
LEFT JOIN `servis` ON `servis`.`kodeservis` = `temp_transaksi_servis`.`detserviskode`
LEFT JOIN `barang` ON `barang`.`kode` = `temp_transaksi_servis`.`detailbrgkode`
LEFT JOIN `satuan` ON `satuan`.`id` = `barang`.`satuanid`
WHERE `temp_transaksi_servis`.`session_id` = \'62a7016f6892d9032520491dd6b35857\'')
 4 SYSTEMPATH\Database\BaseBuilder.php(1659): CodeIgniter\Database\BaseConnection->query('SELECT `temp_transaksi_servis`.*, `servis`.`jenis_servis`, `barang`.`nama_barng`, `satuan`.`nama_satuan`
FROM `temp_transaksi_servis`
LEFT JOIN `servis` ON `servis`.`kodeservis` = `temp_transaksi_servis`.`detserviskode`
LEFT JOIN `barang` ON `barang`.`kode` = `temp_transaksi_servis`.`detailbrgkode`
LEFT JOIN `satuan` ON `satuan`.`id` = `barang`.`satuanid`
WHERE `temp_transaksi_servis`.`session_id` = :temp_transaksi_servis.session_id:', [...], false)
 5 SYSTEMPATH\Model.php(255): CodeIgniter\Database\BaseBuilder->get()
 6 SYSTEMPATH\BaseModel.php(676): CodeIgniter\Model->doFindAll(0, 0)
 7 APPPATH\Models\TempTransaksiServisModel.php(32): CodeIgniter\BaseModel->findAll()
 8 APPPATH\Controllers\TransaksiServis.php(97): App\Models\TempTransaksiServisModel->getTempWithInfo('62a7016f6892d9032520491dd6b35857')
 9 SYSTEMPATH\CodeIgniter.php(974): App\Controllers\TransaksiServis->getTemp()
10 SYSTEMPATH\CodeIgniter.php(520): CodeIgniter\CodeIgniter->runController(Object(App\Controllers\TransaksiServis))
11 SYSTEMPATH\CodeIgniter.php(363): CodeIgniter\CodeIgniter->handleRequest(null, Object(Config\Cache), false)
12 SYSTEMPATH\Boot.php(417): CodeIgniter\CodeIgniter->run()
13 SYSTEMPATH\Boot.php(68): CodeIgniter\Boot::runCodeIgniter(Object(CodeIgniter\CodeIgniter))
14 FCPATH\index.php(56): CodeIgniter\Boot::bootWeb(Object(Config\Paths))
15 SYSTEMPATH\rewrite.php(44): require_once('C:\\Users\\AKU BANGGA JADI IT 2\\Documents\\RafiChandra\\Codeigniter4\\bengkel-salsa-motor\\public\\index.php')
DEBUG - 2026-08-13 08:32:46 --> Session: Class initialized using 'CodeIgniter\Session\Handlers\FileHandler' driver.
DEBUG - 2026-08-13 08:32:46 --> Session: Class initialized using 'CodeIgniter\Session\Handlers\FileHandler' driver.
ERROR - 2026-08-13 08:32:46 --> Unknown column 'satuan.id' in 'on clause'
in SYSTEMPATH\Database\MySQLi\Connection.php on line 300.
 1 SYSTEMPATH\Database\MySQLi\Connection.php(300): mysqli->query('SELECT `temp_transaksi_servis`.*, `servis`.`jenis_servis`, `barang`.`nama_barng`, `satuan`.`nama_satuan`
FROM `temp_transaksi_servis`
LEFT JOIN `servis` ON `servis`.`kodeservis` = `temp_transaksi_servis`.`detserviskode`
LEFT JOIN `barang` ON `barang`.`kode` = `temp_transaksi_servis`.`detailbrgkode`
LEFT JOIN `satuan` ON `satuan`.`id` = `barang`.`satuanid`
WHERE `temp_transaksi_servis`.`session_id` = \'62a7016f6892d9032520491dd6b35857\'', 0)
 2 SYSTEMPATH\Database\BaseConnection.php(908): CodeIgniter\Database\MySQLi\Connection->execute('SELECT `temp_transaksi_servis`.*, `servis`.`jenis_servis`, `barang`.`nama_barng`, `satuan`.`nama_satuan`
FROM `temp_transaksi_servis`
LEFT JOIN `servis` ON `servis`.`kodeservis` = `temp_transaksi_servis`.`detserviskode`
LEFT JOIN `barang` ON `barang`.`kode` = `temp_transaksi_servis`.`detailbrgkode`
LEFT JOIN `satuan` ON `satuan`.`id` = `barang`.`satuanid`
WHERE `temp_transaksi_servis`.`session_id` = \'62a7016f6892d9032520491dd6b35857\'')
 3 SYSTEMPATH\Database\BaseConnection.php(825): CodeIgniter\Database\BaseConnection->simpleQuery('SELECT `temp_transaksi_servis`.*, `servis`.`jenis_servis`, `barang`.`nama_barng`, `satuan`.`nama_satuan`
FROM `temp_transaksi_servis`
LEFT JOIN `servis` ON `servis`.`kodeservis` = `temp_transaksi_servis`.`detserviskode`
LEFT JOIN `barang` ON `barang`.`kode` = `temp_transaksi_servis`.`detailbrgkode`
LEFT JOIN `satuan` ON `satuan`.`id` = `barang`.`satuanid`
WHERE `temp_transaksi_servis`.`session_id` = \'62a7016f6892d9032520491dd6b35857\'')
 4 SYSTEMPATH\Database\BaseBuilder.php(1659): CodeIgniter\Database\BaseConnection->query('SELECT `temp_transaksi_servis`.*, `servis`.`jenis_servis`, `barang`.`nama_barng`, `satuan`.`nama_satuan`
FROM `temp_transaksi_servis`
LEFT JOIN `servis` ON `servis`.`kodeservis` = `temp_transaksi_servis`.`detserviskode`
LEFT JOIN `barang` ON `barang`.`kode` = `temp_transaksi_servis`.`detailbrgkode`
LEFT JOIN `satuan` ON `satuan`.`id` = `barang`.`satuanid`
WHERE `temp_transaksi_servis`.`session_id` = :temp_transaksi_servis.session_id:', [...], false)
 5 SYSTEMPATH\Model.php(255): CodeIgniter\Database\BaseBuilder->get()
 6 SYSTEMPATH\BaseModel.php(676): CodeIgniter\Model->doFindAll(0, 0)
 7 APPPATH\Models\TempTransaksiServisModel.php(32): CodeIgniter\BaseModel->findAll()
 8 APPPATH\Controllers\TransaksiServis.php(97): App\Models\TempTransaksiServisModel->getTempWithInfo('62a7016f6892d9032520491dd6b35857')
 9 SYSTEMPATH\CodeIgniter.php(974): App\Controllers\TransaksiServis->getTemp()
10 SYSTEMPATH\CodeIgniter.php(520): CodeIgniter\CodeIgniter->runController(Object(App\Controllers\TransaksiServis))
11 SYSTEMPATH\CodeIgniter.php(363): CodeIgniter\CodeIgniter->handleRequest(null, Object(Config\Cache), false)
12 SYSTEMPATH\Boot.php(417): CodeIgniter\CodeIgniter->run()
13 SYSTEMPATH\Boot.php(68): CodeIgniter\Boot::runCodeIgniter(Object(CodeIgniter\CodeIgniter))
14 FCPATH\index.php(56): CodeIgniter\Boot::bootWeb(Object(Config\Paths))
15 SYSTEMPATH\rewrite.php(44): require_once('C:\\Users\\AKU BANGGA JADI IT 2\\Documents\\RafiChandra\\Codeigniter4\\bengkel-salsa-motor\\public\\index.php')
CRITICAL - 2026-08-13 08:32:46 --> CodeIgniter\Database\Exceptions\DatabaseException: Unknown column 'satuan.id' in 'on clause'
[Method: GET, Route: admin/transaksiservis/getTemp]
in SYSTEMPATH\Database\BaseConnection.php on line 863.
 1 SYSTEMPATH\Database\BaseBuilder.php(1659): CodeIgniter\Database\BaseConnection->query('SELECT `temp_transaksi_servis`.*, `servis`.`jenis_servis`, `barang`.`nama_barng`, `satuan`.`nama_satuan`
FROM `temp_transaksi_servis`
LEFT JOIN `servis` ON `servis`.`kodeservis` = `temp_transaksi_servis`.`detserviskode`
LEFT JOIN `barang` ON `barang`.`kode` = `temp_transaksi_servis`.`detailbrgkode`
LEFT JOIN `satuan` ON `satuan`.`id` = `barang`.`satuanid`
WHERE `temp_transaksi_servis`.`session_id` = :temp_transaksi_servis.session_id:', [...], false)
 2 SYSTEMPATH\Model.php(255): CodeIgniter\Database\BaseBuilder->get()
 3 SYSTEMPATH\BaseModel.php(676): CodeIgniter\Model->doFindAll(0, 0)
 4 APPPATH\Models\TempTransaksiServisModel.php(32): CodeIgniter\BaseModel->findAll()
 5 APPPATH\Controllers\TransaksiServis.php(97): App\Models\TempTransaksiServisModel->getTempWithInfo('62a7016f6892d9032520491dd6b35857')
 6 SYSTEMPATH\CodeIgniter.php(974): App\Controllers\TransaksiServis->getTemp()
 7 SYSTEMPATH\CodeIgniter.php(520): CodeIgniter\CodeIgniter->runController(Object(App\Controllers\TransaksiServis))
 8 SYSTEMPATH\CodeIgniter.php(363): CodeIgniter\CodeIgniter->handleRequest(null, Object(Config\Cache), false)
 9 SYSTEMPATH\Boot.php(417): CodeIgniter\CodeIgniter->run()
10 SYSTEMPATH\Boot.php(68): CodeIgniter\Boot::runCodeIgniter(Object(CodeIgniter\CodeIgniter))
11 FCPATH\index.php(56): CodeIgniter\Boot::bootWeb(Object(Config\Paths))
12 SYSTEMPATH\rewrite.php(44): require_once('C:\\Users\\AKU BANGGA JADI IT 2\\Documents\\RafiChandra\\Codeigniter4\\bengkel-salsa-motor\\public\\index.php')
CRITICAL - 2026-08-13 08:32:46 --> [Caused by] CodeIgniter\Database\Exceptions\DatabaseException: Unknown column 'satuan.id' in 'on clause'
in SYSTEMPATH\Database\MySQLi\Connection.php on line 310.
 1 SYSTEMPATH\Database\BaseConnection.php(908): CodeIgniter\Database\MySQLi\Connection->execute('SELECT `temp_transaksi_servis`.*, `servis`.`jenis_servis`, `barang`.`nama_barng`, `satuan`.`nama_satuan`
FROM `temp_transaksi_servis`
LEFT JOIN `servis` ON `servis`.`kodeservis` = `temp_transaksi_servis`.`detserviskode`
LEFT JOIN `barang` ON `barang`.`kode` = `temp_transaksi_servis`.`detailbrgkode`
LEFT JOIN `satuan` ON `satuan`.`id` = `barang`.`satuanid`
WHERE `temp_transaksi_servis`.`session_id` = \'62a7016f6892d9032520491dd6b35857\'')
 2 SYSTEMPATH\Database\BaseConnection.php(825): CodeIgniter\Database\BaseConnection->simpleQuery('SELECT `temp_transaksi_servis`.*, `servis`.`jenis_servis`, `barang`.`nama_barng`, `satuan`.`nama_satuan`
FROM `temp_transaksi_servis`
LEFT JOIN `servis` ON `servis`.`kodeservis` = `temp_transaksi_servis`.`detserviskode`
LEFT JOIN `barang` ON `barang`.`kode` = `temp_transaksi_servis`.`detailbrgkode`
LEFT JOIN `satuan` ON `satuan`.`id` = `barang`.`satuanid`
WHERE `temp_transaksi_servis`.`session_id` = \'62a7016f6892d9032520491dd6b35857\'')
 3 SYSTEMPATH\Database\BaseBuilder.php(1659): CodeIgniter\Database\BaseConnection->query('SELECT `temp_transaksi_servis`.*, `servis`.`jenis_servis`, `barang`.`nama_barng`, `satuan`.`nama_satuan`
FROM `temp_transaksi_servis`
LEFT JOIN `servis` ON `servis`.`kodeservis` = `temp_transaksi_servis`.`detserviskode`
LEFT JOIN `barang` ON `barang`.`kode` = `temp_transaksi_servis`.`detailbrgkode`
LEFT JOIN `satuan` ON `satuan`.`id` = `barang`.`satuanid`
WHERE `temp_transaksi_servis`.`session_id` = :temp_transaksi_servis.session_id:', [...], false)
 4 SYSTEMPATH\Model.php(255): CodeIgniter\Database\BaseBuilder->get()
 5 SYSTEMPATH\BaseModel.php(676): CodeIgniter\Model->doFindAll(0, 0)
 6 APPPATH\Models\TempTransaksiServisModel.php(32): CodeIgniter\BaseModel->findAll()
 7 APPPATH\Controllers\TransaksiServis.php(97): App\Models\TempTransaksiServisModel->getTempWithInfo('62a7016f6892d9032520491dd6b35857')
 8 SYSTEMPATH\CodeIgniter.php(974): App\Controllers\TransaksiServis->getTemp()
 9 SYSTEMPATH\CodeIgniter.php(520): CodeIgniter\CodeIgniter->runController(Object(App\Controllers\TransaksiServis))
10 SYSTEMPATH\CodeIgniter.php(363): CodeIgniter\CodeIgniter->handleRequest(null, Object(Config\Cache), false)
11 SYSTEMPATH\Boot.php(417): CodeIgniter\CodeIgniter->run()
12 SYSTEMPATH\Boot.php(68): CodeIgniter\Boot::runCodeIgniter(Object(CodeIgniter\CodeIgniter))
13 FCPATH\index.php(56): CodeIgniter\Boot::bootWeb(Object(Config\Paths))
14 SYSTEMPATH\rewrite.php(44): require_once('C:\\Users\\AKU BANGGA JADI IT 2\\Documents\\RafiChandra\\Codeigniter4\\bengkel-salsa-motor\\public\\index.php')
CRITICAL - 2026-08-13 08:32:46 --> [Caused by] mysqli_sql_exception: Unknown column 'satuan.id' in 'on clause'
in SYSTEMPATH\Database\MySQLi\Connection.php on line 300.
 1 SYSTEMPATH\Database\MySQLi\Connection.php(300): mysqli->query('SELECT `temp_transaksi_servis`.*, `servis`.`jenis_servis`, `barang`.`nama_barng`, `satuan`.`nama_satuan`
FROM `temp_transaksi_servis`
LEFT JOIN `servis` ON `servis`.`kodeservis` = `temp_transaksi_servis`.`detserviskode`
LEFT JOIN `barang` ON `barang`.`kode` = `temp_transaksi_servis`.`detailbrgkode`
LEFT JOIN `satuan` ON `satuan`.`id` = `barang`.`satuanid`
WHERE `temp_transaksi_servis`.`session_id` = \'62a7016f6892d9032520491dd6b35857\'', 0)
 2 SYSTEMPATH\Database\BaseConnection.php(908): CodeIgniter\Database\MySQLi\Connection->execute('SELECT `temp_transaksi_servis`.*, `servis`.`jenis_servis`, `barang`.`nama_barng`, `satuan`.`nama_satuan`
FROM `temp_transaksi_servis`
LEFT JOIN `servis` ON `servis`.`kodeservis` = `temp_transaksi_servis`.`detserviskode`
LEFT JOIN `barang` ON `barang`.`kode` = `temp_transaksi_servis`.`detailbrgkode`
LEFT JOIN `satuan` ON `satuan`.`id` = `barang`.`satuanid`
WHERE `temp_transaksi_servis`.`session_id` = \'62a7016f6892d9032520491dd6b35857\'')
 3 SYSTEMPATH\Database\BaseConnection.php(825): CodeIgniter\Database\BaseConnection->simpleQuery('SELECT `temp_transaksi_servis`.*, `servis`.`jenis_servis`, `barang`.`nama_barng`, `satuan`.`nama_satuan`
FROM `temp_transaksi_servis`
LEFT JOIN `servis` ON `servis`.`kodeservis` = `temp_transaksi_servis`.`detserviskode`
LEFT JOIN `barang` ON `barang`.`kode` = `temp_transaksi_servis`.`detailbrgkode`
LEFT JOIN `satuan` ON `satuan`.`id` = `barang`.`satuanid`
WHERE `temp_transaksi_servis`.`session_id` = \'62a7016f6892d9032520491dd6b35857\'')
 4 SYSTEMPATH\Database\BaseBuilder.php(1659): CodeIgniter\Database\BaseConnection->query('SELECT `temp_transaksi_servis`.*, `servis`.`jenis_servis`, `barang`.`nama_barng`, `satuan`.`nama_satuan`
FROM `temp_transaksi_servis`
LEFT JOIN `servis` ON `servis`.`kodeservis` = `temp_transaksi_servis`.`detserviskode`
LEFT JOIN `barang` ON `barang`.`kode` = `temp_transaksi_servis`.`detailbrgkode`
LEFT JOIN `satuan` ON `satuan`.`id` = `barang`.`satuanid`
WHERE `temp_transaksi_servis`.`session_id` = :temp_transaksi_servis.session_id:', [...], false)
 5 SYSTEMPATH\Model.php(255): CodeIgniter\Database\BaseBuilder->get()
 6 SYSTEMPATH\BaseModel.php(676): CodeIgniter\Model->doFindAll(0, 0)
 7 APPPATH\Models\TempTransaksiServisModel.php(32): CodeIgniter\BaseModel->findAll()
 8 APPPATH\Controllers\TransaksiServis.php(97): App\Models\TempTransaksiServisModel->getTempWithInfo('62a7016f6892d9032520491dd6b35857')
 9 SYSTEMPATH\CodeIgniter.php(974): App\Controllers\TransaksiServis->getTemp()
10 SYSTEMPATH\CodeIgniter.php(520): CodeIgniter\CodeIgniter->runController(Object(App\Controllers\TransaksiServis))
11 SYSTEMPATH\CodeIgniter.php(363): CodeIgniter\CodeIgniter->handleRequest(null, Object(Config\Cache), false)
12 SYSTEMPATH\Boot.php(417): CodeIgniter\CodeIgniter->run()
13 SYSTEMPATH\Boot.php(68): CodeIgniter\Boot::runCodeIgniter(Object(CodeIgniter\CodeIgniter))
14 FCPATH\index.php(56): CodeIgniter\Boot::bootWeb(Object(Config\Paths))
15 SYSTEMPATH\rewrite.php(44): require_once('C:\\Users\\AKU BANGGA JADI IT 2\\Documents\\RafiChandra\\Codeigniter4\\bengkel-salsa-motor\\public\\index.php')
DEBUG - 2026-08-13 08:35:46 --> Session: Class initialized using 'CodeIgniter\Session\Handlers\FileHandler' driver.
DEBUG - 2026-08-13 08:35:46 --> Session: Class initialized using 'CodeIgniter\Session\Handlers\FileHandler' driver.
ERROR - 2026-08-13 08:35:46 --> Unknown column 'satuan.id' in 'on clause'
in SYSTEMPATH\Database\MySQLi\Connection.php on line 300.
 1 SYSTEMPATH\Database\MySQLi\Connection.php(300): mysqli->query('SELECT `temp_transaksi_servis`.*, `servis`.`jenis_servis`, `barang`.`nama_barng`, `satuan`.`nama_satuan`
FROM `temp_transaksi_servis`
LEFT JOIN `servis` ON `servis`.`kodeservis` = `temp_transaksi_servis`.`detserviskode`
LEFT JOIN `barang` ON `barang`.`kode` = `temp_transaksi_servis`.`detailbrgkode`
LEFT JOIN `satuan` ON `satuan`.`id` = `barang`.`satuanid`
WHERE `temp_transaksi_servis`.`session_id` = \'62a7016f6892d9032520491dd6b35857\'', 0)
 2 SYSTEMPATH\Database\BaseConnection.php(908): CodeIgniter\Database\MySQLi\Connection->execute('SELECT `temp_transaksi_servis`.*, `servis`.`jenis_servis`, `barang`.`nama_barng`, `satuan`.`nama_satuan`
FROM `temp_transaksi_servis`
LEFT JOIN `servis` ON `servis`.`kodeservis` = `temp_transaksi_servis`.`detserviskode`
LEFT JOIN `barang` ON `barang`.`kode` = `temp_transaksi_servis`.`detailbrgkode`
LEFT JOIN `satuan` ON `satuan`.`id` = `barang`.`satuanid`
WHERE `temp_transaksi_servis`.`session_id` = \'62a7016f6892d9032520491dd6b35857\'')
 3 SYSTEMPATH\Database\BaseConnection.php(825): CodeIgniter\Database\BaseConnection->simpleQuery('SELECT `temp_transaksi_servis`.*, `servis`.`jenis_servis`, `barang`.`nama_barng`, `satuan`.`nama_satuan`
FROM `temp_transaksi_servis`
LEFT JOIN `servis` ON `servis`.`kodeservis` = `temp_transaksi_servis`.`detserviskode`
LEFT JOIN `barang` ON `barang`.`kode` = `temp_transaksi_servis`.`detailbrgkode`
LEFT JOIN `satuan` ON `satuan`.`id` = `barang`.`satuanid`
WHERE `temp_transaksi_servis`.`session_id` = \'62a7016f6892d9032520491dd6b35857\'')
 4 SYSTEMPATH\Database\BaseBuilder.php(1659): CodeIgniter\Database\BaseConnection->query('SELECT `temp_transaksi_servis`.*, `servis`.`jenis_servis`, `barang`.`nama_barng`, `satuan`.`nama_satuan`
FROM `temp_transaksi_servis`
LEFT JOIN `servis` ON `servis`.`kodeservis` = `temp_transaksi_servis`.`detserviskode`
LEFT JOIN `barang` ON `barang`.`kode` = `temp_transaksi_servis`.`detailbrgkode`
LEFT JOIN `satuan` ON `satuan`.`id` = `barang`.`satuanid`
WHERE `temp_transaksi_servis`.`session_id` = :temp_transaksi_servis.session_id:', [...], false)
 5 SYSTEMPATH\Model.php(255): CodeIgniter\Database\BaseBuilder->get()
 6 SYSTEMPATH\BaseModel.php(676): CodeIgniter\Model->doFindAll(0, 0)
 7 APPPATH\Models\TempTransaksiServisModel.php(32): CodeIgniter\BaseModel->findAll()
 8 APPPATH\Controllers\TransaksiServis.php(97): App\Models\TempTransaksiServisModel->getTempWithInfo('62a7016f6892d9032520491dd6b35857')
 9 SYSTEMPATH\CodeIgniter.php(974): App\Controllers\TransaksiServis->getTemp()
10 SYSTEMPATH\CodeIgniter.php(520): CodeIgniter\CodeIgniter->runController(Object(App\Controllers\TransaksiServis))
11 SYSTEMPATH\CodeIgniter.php(363): CodeIgniter\CodeIgniter->handleRequest(null, Object(Config\Cache), false)
12 SYSTEMPATH\Boot.php(417): CodeIgniter\CodeIgniter->run()
13 SYSTEMPATH\Boot.php(68): CodeIgniter\Boot::runCodeIgniter(Object(CodeIgniter\CodeIgniter))
14 FCPATH\index.php(56): CodeIgniter\Boot::bootWeb(Object(Config\Paths))
15 SYSTEMPATH\rewrite.php(44): require_once('C:\\Users\\AKU BANGGA JADI IT 2\\Documents\\RafiChandra\\Codeigniter4\\bengkel-salsa-motor\\public\\index.php')
CRITICAL - 2026-08-13 08:35:46 --> CodeIgniter\Database\Exceptions\DatabaseException: Unknown column 'satuan.id' in 'on clause'
[Method: GET, Route: admin/transaksiservis/getTemp]
in SYSTEMPATH\Database\BaseConnection.php on line 863.
 1 SYSTEMPATH\Database\BaseBuilder.php(1659): CodeIgniter\Database\BaseConnection->query('SELECT `temp_transaksi_servis`.*, `servis`.`jenis_servis`, `barang`.`nama_barng`, `satuan`.`nama_satuan`
FROM `temp_transaksi_servis`
LEFT JOIN `servis` ON `servis`.`kodeservis` = `temp_transaksi_servis`.`detserviskode`
LEFT JOIN `barang` ON `barang`.`kode` = `temp_transaksi_servis`.`detailbrgkode`
LEFT JOIN `satuan` ON `satuan`.`id` = `barang`.`satuanid`
WHERE `temp_transaksi_servis`.`session_id` = :temp_transaksi_servis.session_id:', [...], false)
 2 SYSTEMPATH\Model.php(255): CodeIgniter\Database\BaseBuilder->get()
 3 SYSTEMPATH\BaseModel.php(676): CodeIgniter\Model->doFindAll(0, 0)
 4 APPPATH\Models\TempTransaksiServisModel.php(32): CodeIgniter\BaseModel->findAll()
 5 APPPATH\Controllers\TransaksiServis.php(97): App\Models\TempTransaksiServisModel->getTempWithInfo('62a7016f6892d9032520491dd6b35857')
 6 SYSTEMPATH\CodeIgniter.php(974): App\Controllers\TransaksiServis->getTemp()
 7 SYSTEMPATH\CodeIgniter.php(520): CodeIgniter\CodeIgniter->runController(Object(App\Controllers\TransaksiServis))
 8 SYSTEMPATH\CodeIgniter.php(363): CodeIgniter\CodeIgniter->handleRequest(null, Object(Config\Cache), false)
 9 SYSTEMPATH\Boot.php(417): CodeIgniter\CodeIgniter->run()
10 SYSTEMPATH\Boot.php(68): CodeIgniter\Boot::runCodeIgniter(Object(CodeIgniter\CodeIgniter))
11 FCPATH\index.php(56): CodeIgniter\Boot::bootWeb(Object(Config\Paths))
12 SYSTEMPATH\rewrite.php(44): require_once('C:\\Users\\AKU BANGGA JADI IT 2\\Documents\\RafiChandra\\Codeigniter4\\bengkel-salsa-motor\\public\\index.php')
CRITICAL - 2026-08-13 08:35:46 --> [Caused by] CodeIgniter\Database\Exceptions\DatabaseException: Unknown column 'satuan.id' in 'on clause'
in SYSTEMPATH\Database\MySQLi\Connection.php on line 310.
 1 SYSTEMPATH\Database\BaseConnection.php(908): CodeIgniter\Database\MySQLi\Connection->execute('SELECT `temp_transaksi_servis`.*, `servis`.`jenis_servis`, `barang`.`nama_barng`, `satuan`.`nama_satuan`
FROM `temp_transaksi_servis`
LEFT JOIN `servis` ON `servis`.`kodeservis` = `temp_transaksi_servis`.`detserviskode`
LEFT JOIN `barang` ON `barang`.`kode` = `temp_transaksi_servis`.`detailbrgkode`
LEFT JOIN `satuan` ON `satuan`.`id` = `barang`.`satuanid`
WHERE `temp_transaksi_servis`.`session_id` = \'62a7016f6892d9032520491dd6b35857\'')
 2 SYSTEMPATH\Database\BaseConnection.php(825): CodeIgniter\Database\BaseConnection->simpleQuery('SELECT `temp_transaksi_servis`.*, `servis`.`jenis_servis`, `barang`.`nama_barng`, `satuan`.`nama_satuan`
FROM `temp_transaksi_servis`
LEFT JOIN `servis` ON `servis`.`kodeservis` = `temp_transaksi_servis`.`detserviskode`
LEFT JOIN `barang` ON `barang`.`kode` = `temp_transaksi_servis`.`detailbrgkode`
LEFT JOIN `satuan` ON `satuan`.`id` = `barang`.`satuanid`
WHERE `temp_transaksi_servis`.`session_id` = \'62a7016f6892d9032520491dd6b35857\'')
 3 SYSTEMPATH\Database\BaseBuilder.php(1659): CodeIgniter\Database\BaseConnection->query('SELECT `temp_transaksi_servis`.*, `servis`.`jenis_servis`, `barang`.`nama_barng`, `satuan`.`nama_satuan`
FROM `temp_transaksi_servis`
LEFT JOIN `servis` ON `servis`.`kodeservis` = `temp_transaksi_servis`.`detserviskode`
LEFT JOIN `barang` ON `barang`.`kode` = `temp_transaksi_servis`.`detailbrgkode`
LEFT JOIN `satuan` ON `satuan`.`id` = `barang`.`satuanid`
WHERE `temp_transaksi_servis`.`session_id` = :temp_transaksi_servis.session_id:', [...], false)
 4 SYSTEMPATH\Model.php(255): CodeIgniter\Database\BaseBuilder->get()
 5 SYSTEMPATH\BaseModel.php(676): CodeIgniter\Model->doFindAll(0, 0)
 6 APPPATH\Models\TempTransaksiServisModel.php(32): CodeIgniter\BaseModel->findAll()
 7 APPPATH\Controllers\TransaksiServis.php(97): App\Models\TempTransaksiServisModel->getTempWithInfo('62a7016f6892d9032520491dd6b35857')
 8 SYSTEMPATH\CodeIgniter.php(974): App\Controllers\TransaksiServis->getTemp()
 9 SYSTEMPATH\CodeIgniter.php(520): CodeIgniter\CodeIgniter->runController(Object(App\Controllers\TransaksiServis))
10 SYSTEMPATH\CodeIgniter.php(363): CodeIgniter\CodeIgniter->handleRequest(null, Object(Config\Cache), false)
11 SYSTEMPATH\Boot.php(417): CodeIgniter\CodeIgniter->run()
12 SYSTEMPATH\Boot.php(68): CodeIgniter\Boot::runCodeIgniter(Object(CodeIgniter\CodeIgniter))
13 FCPATH\index.php(56): CodeIgniter\Boot::bootWeb(Object(Config\Paths))
14 SYSTEMPATH\rewrite.php(44): require_once('C:\\Users\\AKU BANGGA JADI IT 2\\Documents\\RafiChandra\\Codeigniter4\\bengkel-salsa-motor\\public\\index.php')
CRITICAL - 2026-08-13 08:35:46 --> [Caused by] mysqli_sql_exception: Unknown column 'satuan.id' in 'on clause'
in SYSTEMPATH\Database\MySQLi\Connection.php on line 300.
 1 SYSTEMPATH\Database\MySQLi\Connection.php(300): mysqli->query('SELECT `temp_transaksi_servis`.*, `servis`.`jenis_servis`, `barang`.`nama_barng`, `satuan`.`nama_satuan`
FROM `temp_transaksi_servis`
LEFT JOIN `servis` ON `servis`.`kodeservis` = `temp_transaksi_servis`.`detserviskode`
LEFT JOIN `barang` ON `barang`.`kode` = `temp_transaksi_servis`.`detailbrgkode`
LEFT JOIN `satuan` ON `satuan`.`id` = `barang`.`satuanid`
WHERE `temp_transaksi_servis`.`session_id` = \'62a7016f6892d9032520491dd6b35857\'', 0)
 2 SYSTEMPATH\Database\BaseConnection.php(908): CodeIgniter\Database\MySQLi\Connection->execute('SELECT `temp_transaksi_servis`.*, `servis`.`jenis_servis`, `barang`.`nama_barng`, `satuan`.`nama_satuan`
FROM `temp_transaksi_servis`
LEFT JOIN `servis` ON `servis`.`kodeservis` = `temp_transaksi_servis`.`detserviskode`
LEFT JOIN `barang` ON `barang`.`kode` = `temp_transaksi_servis`.`detailbrgkode`
LEFT JOIN `satuan` ON `satuan`.`id` = `barang`.`satuanid`
WHERE `temp_transaksi_servis`.`session_id` = \'62a7016f6892d9032520491dd6b35857\'')
 3 SYSTEMPATH\Database\BaseConnection.php(825): CodeIgniter\Database\BaseConnection->simpleQuery('SELECT `temp_transaksi_servis`.*, `servis`.`jenis_servis`, `barang`.`nama_barng`, `satuan`.`nama_satuan`
FROM `temp_transaksi_servis`
LEFT JOIN `servis` ON `servis`.`kodeservis` = `temp_transaksi_servis`.`detserviskode`
LEFT JOIN `barang` ON `barang`.`kode` = `temp_transaksi_servis`.`detailbrgkode`
LEFT JOIN `satuan` ON `satuan`.`id` = `barang`.`satuanid`
WHERE `temp_transaksi_servis`.`session_id` = \'62a7016f6892d9032520491dd6b35857\'')
 4 SYSTEMPATH\Database\BaseBuilder.php(1659): CodeIgniter\Database\BaseConnection->query('SELECT `temp_transaksi_servis`.*, `servis`.`jenis_servis`, `barang`.`nama_barng`, `satuan`.`nama_satuan`
FROM `temp_transaksi_servis`
LEFT JOIN `servis` ON `servis`.`kodeservis` = `temp_transaksi_servis`.`detserviskode`
LEFT JOIN `barang` ON `barang`.`kode` = `temp_transaksi_servis`.`detailbrgkode`
LEFT JOIN `satuan` ON `satuan`.`id` = `barang`.`satuanid`
WHERE `temp_transaksi_servis`.`session_id` = :temp_transaksi_servis.session_id:', [...], false)
 5 SYSTEMPATH\Model.php(255): CodeIgniter\Database\BaseBuilder->get()
 6 SYSTEMPATH\BaseModel.php(676): CodeIgniter\Model->doFindAll(0, 0)
 7 APPPATH\Models\TempTransaksiServisModel.php(32): CodeIgniter\BaseModel->findAll()
 8 APPPATH\Controllers\TransaksiServis.php(97): App\Models\TempTransaksiServisModel->getTempWithInfo('62a7016f6892d9032520491dd6b35857')
 9 SYSTEMPATH\CodeIgniter.php(974): App\Controllers\TransaksiServis->getTemp()
10 SYSTEMPATH\CodeIgniter.php(520): CodeIgniter\CodeIgniter->runController(Object(App\Controllers\TransaksiServis))
11 SYSTEMPATH\CodeIgniter.php(363): CodeIgniter\CodeIgniter->handleRequest(null, Object(Config\Cache), false)
12 SYSTEMPATH\Boot.php(417): CodeIgniter\CodeIgniter->run()
13 SYSTEMPATH\Boot.php(68): CodeIgniter\Boot::runCodeIgniter(Object(CodeIgniter\CodeIgniter))
14 FCPATH\index.php(56): CodeIgniter\Boot::bootWeb(Object(Config\Paths))
15 SYSTEMPATH\rewrite.php(44): require_once('C:\\Users\\AKU BANGGA JADI IT 2\\Documents\\RafiChandra\\Codeigniter4\\bengkel-salsa-motor\\public\\index.php')
DEBUG - 2026-08-13 08:35:59 --> Session: Class initialized using 'CodeIgniter\Session\Handlers\FileHandler' driver.
DEBUG - 2026-08-13 08:36:00 --> Session: Class initialized using 'CodeIgniter\Session\Handlers\FileHandler' driver.
DEBUG - 2026-08-13 08:36:00 --> Session: Class initialized using 'CodeIgniter\Session\Handlers\FileHandler' driver.
ERROR - 2026-08-13 08:36:00 --> Unknown column 'satuan.id' in 'on clause'
in SYSTEMPATH\Database\MySQLi\Connection.php on line 300.
 1 SYSTEMPATH\Database\MySQLi\Connection.php(300): mysqli->query('SELECT `temp_transaksi_servis`.*, `servis`.`jenis_servis`, `barang`.`nama_barng`, `satuan`.`nama_satuan`
FROM `temp_transaksi_servis`
LEFT JOIN `servis` ON `servis`.`kodeservis` = `temp_transaksi_servis`.`detserviskode`
LEFT JOIN `barang` ON `barang`.`kode` = `temp_transaksi_servis`.`detailbrgkode`
LEFT JOIN `satuan` ON `satuan`.`id` = `barang`.`satuanid`
WHERE `temp_transaksi_servis`.`session_id` = \'62a7016f6892d9032520491dd6b35857\'', 0)
 2 SYSTEMPATH\Database\BaseConnection.php(908): CodeIgniter\Database\MySQLi\Connection->execute('SELECT `temp_transaksi_servis`.*, `servis`.`jenis_servis`, `barang`.`nama_barng`, `satuan`.`nama_satuan`
FROM `temp_transaksi_servis`
LEFT JOIN `servis` ON `servis`.`kodeservis` = `temp_transaksi_servis`.`detserviskode`
LEFT JOIN `barang` ON `barang`.`kode` = `temp_transaksi_servis`.`detailbrgkode`
LEFT JOIN `satuan` ON `satuan`.`id` = `barang`.`satuanid`
WHERE `temp_transaksi_servis`.`session_id` = \'62a7016f6892d9032520491dd6b35857\'')
 3 SYSTEMPATH\Database\BaseConnection.php(825): CodeIgniter\Database\BaseConnection->simpleQuery('SELECT `temp_transaksi_servis`.*, `servis`.`jenis_servis`, `barang`.`nama_barng`, `satuan`.`nama_satuan`
FROM `temp_transaksi_servis`
LEFT JOIN `servis` ON `servis`.`kodeservis` = `temp_transaksi_servis`.`detserviskode`
LEFT JOIN `barang` ON `barang`.`kode` = `temp_transaksi_servis`.`detailbrgkode`
LEFT JOIN `satuan` ON `satuan`.`id` = `barang`.`satuanid`
WHERE `temp_transaksi_servis`.`session_id` = \'62a7016f6892d9032520491dd6b35857\'')
 4 SYSTEMPATH\Database\BaseBuilder.php(1659): CodeIgniter\Database\BaseConnection->query('SELECT `temp_transaksi_servis`.*, `servis`.`jenis_servis`, `barang`.`nama_barng`, `satuan`.`nama_satuan`
FROM `temp_transaksi_servis`
LEFT JOIN `servis` ON `servis`.`kodeservis` = `temp_transaksi_servis`.`detserviskode`
LEFT JOIN `barang` ON `barang`.`kode` = `temp_transaksi_servis`.`detailbrgkode`
LEFT JOIN `satuan` ON `satuan`.`id` = `barang`.`satuanid`
WHERE `temp_transaksi_servis`.`session_id` = :temp_transaksi_servis.session_id:', [...], false)
 5 SYSTEMPATH\Model.php(255): CodeIgniter\Database\BaseBuilder->get()
 6 SYSTEMPATH\BaseModel.php(676): CodeIgniter\Model->doFindAll(0, 0)
 7 APPPATH\Models\TempTransaksiServisModel.php(32): CodeIgniter\BaseModel->findAll()
 8 APPPATH\Controllers\TransaksiServis.php(97): App\Models\TempTransaksiServisModel->getTempWithInfo('62a7016f6892d9032520491dd6b35857')
 9 SYSTEMPATH\CodeIgniter.php(974): App\Controllers\TransaksiServis->getTemp()
10 SYSTEMPATH\CodeIgniter.php(520): CodeIgniter\CodeIgniter->runController(Object(App\Controllers\TransaksiServis))
11 SYSTEMPATH\CodeIgniter.php(363): CodeIgniter\CodeIgniter->handleRequest(null, Object(Config\Cache), false)
12 SYSTEMPATH\Boot.php(417): CodeIgniter\CodeIgniter->run()
13 SYSTEMPATH\Boot.php(68): CodeIgniter\Boot::runCodeIgniter(Object(CodeIgniter\CodeIgniter))
14 FCPATH\index.php(56): CodeIgniter\Boot::bootWeb(Object(Config\Paths))
15 SYSTEMPATH\rewrite.php(44): require_once('C:\\Users\\AKU BANGGA JADI IT 2\\Documents\\RafiChandra\\Codeigniter4\\bengkel-salsa-motor\\public\\index.php')
CRITICAL - 2026-08-13 08:36:00 --> CodeIgniter\Database\Exceptions\DatabaseException: Unknown column 'satuan.id' in 'on clause'
[Method: GET, Route: admin/transaksiservis/getTemp]
in SYSTEMPATH\Database\BaseConnection.php on line 863.
 1 SYSTEMPATH\Database\BaseBuilder.php(1659): CodeIgniter\Database\BaseConnection->query('SELECT `temp_transaksi_servis`.*, `servis`.`jenis_servis`, `barang`.`nama_barng`, `satuan`.`nama_satuan`
FROM `temp_transaksi_servis`
LEFT JOIN `servis` ON `servis`.`kodeservis` = `temp_transaksi_servis`.`detserviskode`
LEFT JOIN `barang` ON `barang`.`kode` = `temp_transaksi_servis`.`detailbrgkode`
LEFT JOIN `satuan` ON `satuan`.`id` = `barang`.`satuanid`
WHERE `temp_transaksi_servis`.`session_id` = :temp_transaksi_servis.session_id:', [...], false)
 2 SYSTEMPATH\Model.php(255): CodeIgniter\Database\BaseBuilder->get()
 3 SYSTEMPATH\BaseModel.php(676): CodeIgniter\Model->doFindAll(0, 0)
 4 APPPATH\Models\TempTransaksiServisModel.php(32): CodeIgniter\BaseModel->findAll()
 5 APPPATH\Controllers\TransaksiServis.php(97): App\Models\TempTransaksiServisModel->getTempWithInfo('62a7016f6892d9032520491dd6b35857')
 6 SYSTEMPATH\CodeIgniter.php(974): App\Controllers\TransaksiServis->getTemp()
 7 SYSTEMPATH\CodeIgniter.php(520): CodeIgniter\CodeIgniter->runController(Object(App\Controllers\TransaksiServis))
 8 SYSTEMPATH\CodeIgniter.php(363): CodeIgniter\CodeIgniter->handleRequest(null, Object(Config\Cache), false)
 9 SYSTEMPATH\Boot.php(417): CodeIgniter\CodeIgniter->run()
10 SYSTEMPATH\Boot.php(68): CodeIgniter\Boot::runCodeIgniter(Object(CodeIgniter\CodeIgniter))
11 FCPATH\index.php(56): CodeIgniter\Boot::bootWeb(Object(Config\Paths))
12 SYSTEMPATH\rewrite.php(44): require_once('C:\\Users\\AKU BANGGA JADI IT 2\\Documents\\RafiChandra\\Codeigniter4\\bengkel-salsa-motor\\public\\index.php')
CRITICAL - 2026-08-13 08:36:00 --> [Caused by] CodeIgniter\Database\Exceptions\DatabaseException: Unknown column 'satuan.id' in 'on clause'
in SYSTEMPATH\Database\MySQLi\Connection.php on line 310.
 1 SYSTEMPATH\Database\BaseConnection.php(908): CodeIgniter\Database\MySQLi\Connection->execute('SELECT `temp_transaksi_servis`.*, `servis`.`jenis_servis`, `barang`.`nama_barng`, `satuan`.`nama_satuan`
FROM `temp_transaksi_servis`
LEFT JOIN `servis` ON `servis`.`kodeservis` = `temp_transaksi_servis`.`detserviskode`
LEFT JOIN `barang` ON `barang`.`kode` = `temp_transaksi_servis`.`detailbrgkode`
LEFT JOIN `satuan` ON `satuan`.`id` = `barang`.`satuanid`
WHERE `temp_transaksi_servis`.`session_id` = \'62a7016f6892d9032520491dd6b35857\'')
 2 SYSTEMPATH\Database\BaseConnection.php(825): CodeIgniter\Database\BaseConnection->simpleQuery('SELECT `temp_transaksi_servis`.*, `servis`.`jenis_servis`, `barang`.`nama_barng`, `satuan`.`nama_satuan`
FROM `temp_transaksi_servis`
LEFT JOIN `servis` ON `servis`.`kodeservis` = `temp_transaksi_servis`.`detserviskode`
LEFT JOIN `barang` ON `barang`.`kode` = `temp_transaksi_servis`.`detailbrgkode`
LEFT JOIN `satuan` ON `satuan`.`id` = `barang`.`satuanid`
WHERE `temp_transaksi_servis`.`session_id` = \'62a7016f6892d9032520491dd6b35857\'')
 3 SYSTEMPATH\Database\BaseBuilder.php(1659): CodeIgniter\Database\BaseConnection->query('SELECT `temp_transaksi_servis`.*, `servis`.`jenis_servis`, `barang`.`nama_barng`, `satuan`.`nama_satuan`
FROM `temp_transaksi_servis`
LEFT JOIN `servis` ON `servis`.`kodeservis` = `temp_transaksi_servis`.`detserviskode`
LEFT JOIN `barang` ON `barang`.`kode` = `temp_transaksi_servis`.`detailbrgkode`
LEFT JOIN `satuan` ON `satuan`.`id` = `barang`.`satuanid`
WHERE `temp_transaksi_servis`.`session_id` = :temp_transaksi_servis.session_id:', [...], false)
 4 SYSTEMPATH\Model.php(255): CodeIgniter\Database\BaseBuilder->get()
 5 SYSTEMPATH\BaseModel.php(676): CodeIgniter\Model->doFindAll(0, 0)
 6 APPPATH\Models\TempTransaksiServisModel.php(32): CodeIgniter\BaseModel->findAll()
 7 APPPATH\Controllers\TransaksiServis.php(97): App\Models\TempTransaksiServisModel->getTempWithInfo('62a7016f6892d9032520491dd6b35857')
 8 SYSTEMPATH\CodeIgniter.php(974): App\Controllers\TransaksiServis->getTemp()
 9 SYSTEMPATH\CodeIgniter.php(520): CodeIgniter\CodeIgniter->runController(Object(App\Controllers\TransaksiServis))
10 SYSTEMPATH\CodeIgniter.php(363): CodeIgniter\CodeIgniter->handleRequest(null, Object(Config\Cache), false)
11 SYSTEMPATH\Boot.php(417): CodeIgniter\CodeIgniter->run()
12 SYSTEMPATH\Boot.php(68): CodeIgniter\Boot::runCodeIgniter(Object(CodeIgniter\CodeIgniter))
13 FCPATH\index.php(56): CodeIgniter\Boot::bootWeb(Object(Config\Paths))
14 SYSTEMPATH\rewrite.php(44): require_once('C:\\Users\\AKU BANGGA JADI IT 2\\Documents\\RafiChandra\\Codeigniter4\\bengkel-salsa-motor\\public\\index.php')
CRITICAL - 2026-08-13 08:36:00 --> [Caused by] mysqli_sql_exception: Unknown column 'satuan.id' in 'on clause'
in SYSTEMPATH\Database\MySQLi\Connection.php on line 300.
 1 SYSTEMPATH\Database\MySQLi\Connection.php(300): mysqli->query('SELECT `temp_transaksi_servis`.*, `servis`.`jenis_servis`, `barang`.`nama_barng`, `satuan`.`nama_satuan`
FROM `temp_transaksi_servis`
LEFT JOIN `servis` ON `servis`.`kodeservis` = `temp_transaksi_servis`.`detserviskode`
LEFT JOIN `barang` ON `barang`.`kode` = `temp_transaksi_servis`.`detailbrgkode`
LEFT JOIN `satuan` ON `satuan`.`id` = `barang`.`satuanid`
WHERE `temp_transaksi_servis`.`session_id` = \'62a7016f6892d9032520491dd6b35857\'', 0)
 2 SYSTEMPATH\Database\BaseConnection.php(908): CodeIgniter\Database\MySQLi\Connection->execute('SELECT `temp_transaksi_servis`.*, `servis`.`jenis_servis`, `barang`.`nama_barng`, `satuan`.`nama_satuan`
FROM `temp_transaksi_servis`
LEFT JOIN `servis` ON `servis`.`kodeservis` = `temp_transaksi_servis`.`detserviskode`
LEFT JOIN `barang` ON `barang`.`kode` = `temp_transaksi_servis`.`detailbrgkode`
LEFT JOIN `satuan` ON `satuan`.`id` = `barang`.`satuanid`
WHERE `temp_transaksi_servis`.`session_id` = \'62a7016f6892d9032520491dd6b35857\'')
 3 SYSTEMPATH\Database\BaseConnection.php(825): CodeIgniter\Database\BaseConnection->simpleQuery('SELECT `temp_transaksi_servis`.*, `servis`.`jenis_servis`, `barang`.`nama_barng`, `satuan`.`nama_satuan`
FROM `temp_transaksi_servis`
LEFT JOIN `servis` ON `servis`.`kodeservis` = `temp_transaksi_servis`.`detserviskode`
LEFT JOIN `barang` ON `barang`.`kode` = `temp_transaksi_servis`.`detailbrgkode`
LEFT JOIN `satuan` ON `satuan`.`id` = `barang`.`satuanid`
WHERE `temp_transaksi_servis`.`session_id` = \'62a7016f6892d9032520491dd6b35857\'')
 4 SYSTEMPATH\Database\BaseBuilder.php(1659): CodeIgniter\Database\BaseConnection->query('SELECT `temp_transaksi_servis`.*, `servis`.`jenis_servis`, `barang`.`nama_barng`, `satuan`.`nama_satuan`
FROM `temp_transaksi_servis`
LEFT JOIN `servis` ON `servis`.`kodeservis` = `temp_transaksi_servis`.`detserviskode`
LEFT JOIN `barang` ON `barang`.`kode` = `temp_transaksi_servis`.`detailbrgkode`
LEFT JOIN `satuan` ON `satuan`.`id` = `barang`.`satuanid`
WHERE `temp_transaksi_servis`.`session_id` = :temp_transaksi_servis.session_id:', [...], false)
 5 SYSTEMPATH\Model.php(255): CodeIgniter\Database\BaseBuilder->get()
 6 SYSTEMPATH\BaseModel.php(676): CodeIgniter\Model->doFindAll(0, 0)
 7 APPPATH\Models\TempTransaksiServisModel.php(32): CodeIgniter\BaseModel->findAll()
 8 APPPATH\Controllers\TransaksiServis.php(97): App\Models\TempTransaksiServisModel->getTempWithInfo('62a7016f6892d9032520491dd6b35857')
 9 SYSTEMPATH\CodeIgniter.php(974): App\Controllers\TransaksiServis->getTemp()
10 SYSTEMPATH\CodeIgniter.php(520): CodeIgniter\CodeIgniter->runController(Object(App\Controllers\TransaksiServis))
11 SYSTEMPATH\CodeIgniter.php(363): CodeIgniter\CodeIgniter->handleRequest(null, Object(Config\Cache), false)
12 SYSTEMPATH\Boot.php(417): CodeIgniter\CodeIgniter->run()
13 SYSTEMPATH\Boot.php(68): CodeIgniter\Boot::runCodeIgniter(Object(CodeIgniter\CodeIgniter))
14 FCPATH\index.php(56): CodeIgniter\Boot::bootWeb(Object(Config\Paths))
15 SYSTEMPATH\rewrite.php(44): require_once('C:\\Users\\AKU BANGGA JADI IT 2\\Documents\\RafiChandra\\Codeigniter4\\bengkel-salsa-motor\\public\\index.php')
DEBUG - 2026-08-13 08:36:35 --> Session: Class initialized using 'CodeIgniter\Session\Handlers\FileHandler' driver.
DEBUG - 2026-08-13 08:36:36 --> Session: Class initialized using 'CodeIgniter\Session\Handlers\FileHandler' driver.
ERROR - 2026-08-13 08:36:36 --> Unknown column 'satuan.id' in 'on clause'
in SYSTEMPATH\Database\MySQLi\Connection.php on line 300.
 1 SYSTEMPATH\Database\MySQLi\Connection.php(300): mysqli->query('SELECT `temp_transaksi_servis`.*, `servis`.`jenis_servis`, `barang`.`nama_barng`, `satuan`.`nama_satuan`
FROM `temp_transaksi_servis`
LEFT JOIN `servis` ON `servis`.`kodeservis` = `temp_transaksi_servis`.`detserviskode`
LEFT JOIN `barang` ON `barang`.`kode` = `temp_transaksi_servis`.`detailbrgkode`
LEFT JOIN `satuan` ON `satuan`.`id` = `barang`.`satuanid`
WHERE `temp_transaksi_servis`.`session_id` = \'62a7016f6892d9032520491dd6b35857\'', 0)
 2 SYSTEMPATH\Database\BaseConnection.php(908): CodeIgniter\Database\MySQLi\Connection->execute('SELECT `temp_transaksi_servis`.*, `servis`.`jenis_servis`, `barang`.`nama_barng`, `satuan`.`nama_satuan`
FROM `temp_transaksi_servis`
LEFT JOIN `servis` ON `servis`.`kodeservis` = `temp_transaksi_servis`.`detserviskode`
LEFT JOIN `barang` ON `barang`.`kode` = `temp_transaksi_servis`.`detailbrgkode`
LEFT JOIN `satuan` ON `satuan`.`id` = `barang`.`satuanid`
WHERE `temp_transaksi_servis`.`session_id` = \'62a7016f6892d9032520491dd6b35857\'')
 3 SYSTEMPATH\Database\BaseConnection.php(825): CodeIgniter\Database\BaseConnection->simpleQuery('SELECT `temp_transaksi_servis`.*, `servis`.`jenis_servis`, `barang`.`nama_barng`, `satuan`.`nama_satuan`
FROM `temp_transaksi_servis`
LEFT JOIN `servis` ON `servis`.`kodeservis` = `temp_transaksi_servis`.`detserviskode`
LEFT JOIN `barang` ON `barang`.`kode` = `temp_transaksi_servis`.`detailbrgkode`
LEFT JOIN `satuan` ON `satuan`.`id` = `barang`.`satuanid`
WHERE `temp_transaksi_servis`.`session_id` = \'62a7016f6892d9032520491dd6b35857\'')
 4 SYSTEMPATH\Database\BaseBuilder.php(1659): CodeIgniter\Database\BaseConnection->query('SELECT `temp_transaksi_servis`.*, `servis`.`jenis_servis`, `barang`.`nama_barng`, `satuan`.`nama_satuan`
FROM `temp_transaksi_servis`
LEFT JOIN `servis` ON `servis`.`kodeservis` = `temp_transaksi_servis`.`detserviskode`
LEFT JOIN `barang` ON `barang`.`kode` = `temp_transaksi_servis`.`detailbrgkode`
LEFT JOIN `satuan` ON `satuan`.`id` = `barang`.`satuanid`
WHERE `temp_transaksi_servis`.`session_id` = :temp_transaksi_servis.session_id:', [...], false)
 5 SYSTEMPATH\Model.php(255): CodeIgniter\Database\BaseBuilder->get()
 6 SYSTEMPATH\BaseModel.php(676): CodeIgniter\Model->doFindAll(0, 0)
 7 APPPATH\Models\TempTransaksiServisModel.php(32): CodeIgniter\BaseModel->findAll()
 8 APPPATH\Controllers\TransaksiServis.php(97): App\Models\TempTransaksiServisModel->getTempWithInfo('62a7016f6892d9032520491dd6b35857')
 9 SYSTEMPATH\CodeIgniter.php(974): App\Controllers\TransaksiServis->getTemp()
10 SYSTEMPATH\CodeIgniter.php(520): CodeIgniter\CodeIgniter->runController(Object(App\Controllers\TransaksiServis))
11 SYSTEMPATH\CodeIgniter.php(363): CodeIgniter\CodeIgniter->handleRequest(null, Object(Config\Cache), false)
12 SYSTEMPATH\Boot.php(417): CodeIgniter\CodeIgniter->run()
13 SYSTEMPATH\Boot.php(68): CodeIgniter\Boot::runCodeIgniter(Object(CodeIgniter\CodeIgniter))
14 FCPATH\index.php(56): CodeIgniter\Boot::bootWeb(Object(Config\Paths))
15 SYSTEMPATH\rewrite.php(44): require_once('C:\\Users\\AKU BANGGA JADI IT 2\\Documents\\RafiChandra\\Codeigniter4\\bengkel-salsa-motor\\public\\index.php')
CRITICAL - 2026-08-13 08:36:36 --> CodeIgniter\Database\Exceptions\DatabaseException: Unknown column 'satuan.id' in 'on clause'
[Method: GET, Route: admin/transaksiservis/getTemp]
in SYSTEMPATH\Database\BaseConnection.php on line 863.
 1 SYSTEMPATH\Database\BaseBuilder.php(1659): CodeIgniter\Database\BaseConnection->query('SELECT `temp_transaksi_servis`.*, `servis`.`jenis_servis`, `barang`.`nama_barng`, `satuan`.`nama_satuan`
FROM `temp_transaksi_servis`
LEFT JOIN `servis` ON `servis`.`kodeservis` = `temp_transaksi_servis`.`detserviskode`
LEFT JOIN `barang` ON `barang`.`kode` = `temp_transaksi_servis`.`detailbrgkode`
LEFT JOIN `satuan` ON `satuan`.`id` = `barang`.`satuanid`
WHERE `temp_transaksi_servis`.`session_id` = :temp_transaksi_servis.session_id:', [...], false)
 2 SYSTEMPATH\Model.php(255): CodeIgniter\Database\BaseBuilder->get()
 3 SYSTEMPATH\BaseModel.php(676): CodeIgniter\Model->doFindAll(0, 0)
 4 APPPATH\Models\TempTransaksiServisModel.php(32): CodeIgniter\BaseModel->findAll()
 5 APPPATH\Controllers\TransaksiServis.php(97): App\Models\TempTransaksiServisModel->getTempWithInfo('62a7016f6892d9032520491dd6b35857')
 6 SYSTEMPATH\CodeIgniter.php(974): App\Controllers\TransaksiServis->getTemp()
 7 SYSTEMPATH\CodeIgniter.php(520): CodeIgniter\CodeIgniter->runController(Object(App\Controllers\TransaksiServis))
 8 SYSTEMPATH\CodeIgniter.php(363): CodeIgniter\CodeIgniter->handleRequest(null, Object(Config\Cache), false)
 9 SYSTEMPATH\Boot.php(417): CodeIgniter\CodeIgniter->run()
10 SYSTEMPATH\Boot.php(68): CodeIgniter\Boot::runCodeIgniter(Object(CodeIgniter\CodeIgniter))
11 FCPATH\index.php(56): CodeIgniter\Boot::bootWeb(Object(Config\Paths))
12 SYSTEMPATH\rewrite.php(44): require_once('C:\\Users\\AKU BANGGA JADI IT 2\\Documents\\RafiChandra\\Codeigniter4\\bengkel-salsa-motor\\public\\index.php')
CRITICAL - 2026-08-13 08:36:36 --> [Caused by] CodeIgniter\Database\Exceptions\DatabaseException: Unknown column 'satuan.id' in 'on clause'
in SYSTEMPATH\Database\MySQLi\Connection.php on line 310.
 1 SYSTEMPATH\Database\BaseConnection.php(908): CodeIgniter\Database\MySQLi\Connection->execute('SELECT `temp_transaksi_servis`.*, `servis`.`jenis_servis`, `barang`.`nama_barng`, `satuan`.`nama_satuan`
FROM `temp_transaksi_servis`
LEFT JOIN `servis` ON `servis`.`kodeservis` = `temp_transaksi_servis`.`detserviskode`
LEFT JOIN `barang` ON `barang`.`kode` = `temp_transaksi_servis`.`detailbrgkode`
LEFT JOIN `satuan` ON `satuan`.`id` = `barang`.`satuanid`
WHERE `temp_transaksi_servis`.`session_id` = \'62a7016f6892d9032520491dd6b35857\'')
 2 SYSTEMPATH\Database\BaseConnection.php(825): CodeIgniter\Database\BaseConnection->simpleQuery('SELECT `temp_transaksi_servis`.*, `servis`.`jenis_servis`, `barang`.`nama_barng`, `satuan`.`nama_satuan`
FROM `temp_transaksi_servis`
LEFT JOIN `servis` ON `servis`.`kodeservis` = `temp_transaksi_servis`.`detserviskode`
LEFT JOIN `barang` ON `barang`.`kode` = `temp_transaksi_servis`.`detailbrgkode`
LEFT JOIN `satuan` ON `satuan`.`id` = `barang`.`satuanid`
WHERE `temp_transaksi_servis`.`session_id` = \'62a7016f6892d9032520491dd6b35857\'')
 3 SYSTEMPATH\Database\BaseBuilder.php(1659): CodeIgniter\Database\BaseConnection->query('SELECT `temp_transaksi_servis`.*, `servis`.`jenis_servis`, `barang`.`nama_barng`, `satuan`.`nama_satuan`
FROM `temp_transaksi_servis`
LEFT JOIN `servis` ON `servis`.`kodeservis` = `temp_transaksi_servis`.`detserviskode`
LEFT JOIN `barang` ON `barang`.`kode` = `temp_transaksi_servis`.`detailbrgkode`
LEFT JOIN `satuan` ON `satuan`.`id` = `barang`.`satuanid`
WHERE `temp_transaksi_servis`.`session_id` = :temp_transaksi_servis.session_id:', [...], false)
 4 SYSTEMPATH\Model.php(255): CodeIgniter\Database\BaseBuilder->get()
 5 SYSTEMPATH\BaseModel.php(676): CodeIgniter\Model->doFindAll(0, 0)
 6 APPPATH\Models\TempTransaksiServisModel.php(32): CodeIgniter\BaseModel->findAll()
 7 APPPATH\Controllers\TransaksiServis.php(97): App\Models\TempTransaksiServisModel->getTempWithInfo('62a7016f6892d9032520491dd6b35857')
 8 SYSTEMPATH\CodeIgniter.php(974): App\Controllers\TransaksiServis->getTemp()
 9 SYSTEMPATH\CodeIgniter.php(520): CodeIgniter\CodeIgniter->runController(Object(App\Controllers\TransaksiServis))
10 SYSTEMPATH\CodeIgniter.php(363): CodeIgniter\CodeIgniter->handleRequest(null, Object(Config\Cache), false)
11 SYSTEMPATH\Boot.php(417): CodeIgniter\CodeIgniter->run()
12 SYSTEMPATH\Boot.php(68): CodeIgniter\Boot::runCodeIgniter(Object(CodeIgniter\CodeIgniter))
13 FCPATH\index.php(56): CodeIgniter\Boot::bootWeb(Object(Config\Paths))
14 SYSTEMPATH\rewrite.php(44): require_once('C:\\Users\\AKU BANGGA JADI IT 2\\Documents\\RafiChandra\\Codeigniter4\\bengkel-salsa-motor\\public\\index.php')
CRITICAL - 2026-08-13 08:36:36 --> [Caused by] mysqli_sql_exception: Unknown column 'satuan.id' in 'on clause'
in SYSTEMPATH\Database\MySQLi\Connection.php on line 300.
 1 SYSTEMPATH\Database\MySQLi\Connection.php(300): mysqli->query('SELECT `temp_transaksi_servis`.*, `servis`.`jenis_servis`, `barang`.`nama_barng`, `satuan`.`nama_satuan`
FROM `temp_transaksi_servis`
LEFT JOIN `servis` ON `servis`.`kodeservis` = `temp_transaksi_servis`.`detserviskode`
LEFT JOIN `barang` ON `barang`.`kode` = `temp_transaksi_servis`.`detailbrgkode`
LEFT JOIN `satuan` ON `satuan`.`id` = `barang`.`satuanid`
WHERE `temp_transaksi_servis`.`session_id` = \'62a7016f6892d9032520491dd6b35857\'', 0)
 2 SYSTEMPATH\Database\BaseConnection.php(908): CodeIgniter\Database\MySQLi\Connection->execute('SELECT `temp_transaksi_servis`.*, `servis`.`jenis_servis`, `barang`.`nama_barng`, `satuan`.`nama_satuan`
FROM `temp_transaksi_servis`
LEFT JOIN `servis` ON `servis`.`kodeservis` = `temp_transaksi_servis`.`detserviskode`
LEFT JOIN `barang` ON `barang`.`kode` = `temp_transaksi_servis`.`detailbrgkode`
LEFT JOIN `satuan` ON `satuan`.`id` = `barang`.`satuanid`
WHERE `temp_transaksi_servis`.`session_id` = \'62a7016f6892d9032520491dd6b35857\'')
 3 SYSTEMPATH\Database\BaseConnection.php(825): CodeIgniter\Database\BaseConnection->simpleQuery('SELECT `temp_transaksi_servis`.*, `servis`.`jenis_servis`, `barang`.`nama_barng`, `satuan`.`nama_satuan`
FROM `temp_transaksi_servis`
LEFT JOIN `servis` ON `servis`.`kodeservis` = `temp_transaksi_servis`.`detserviskode`
LEFT JOIN `barang` ON `barang`.`kode` = `temp_transaksi_servis`.`detailbrgkode`
LEFT JOIN `satuan` ON `satuan`.`id` = `barang`.`satuanid`
WHERE `temp_transaksi_servis`.`session_id` = \'62a7016f6892d9032520491dd6b35857\'')
 4 SYSTEMPATH\Database\BaseBuilder.php(1659): CodeIgniter\Database\BaseConnection->query('SELECT `temp_transaksi_servis`.*, `servis`.`jenis_servis`, `barang`.`nama_barng`, `satuan`.`nama_satuan`
FROM `temp_transaksi_servis`
LEFT JOIN `servis` ON `servis`.`kodeservis` = `temp_transaksi_servis`.`detserviskode`
LEFT JOIN `barang` ON `barang`.`kode` = `temp_transaksi_servis`.`detailbrgkode`
LEFT JOIN `satuan` ON `satuan`.`id` = `barang`.`satuanid`
WHERE `temp_transaksi_servis`.`session_id` = :temp_transaksi_servis.session_id:', [...], false)
 5 SYSTEMPATH\Model.php(255): CodeIgniter\Database\BaseBuilder->get()
 6 SYSTEMPATH\BaseModel.php(676): CodeIgniter\Model->doFindAll(0, 0)
 7 APPPATH\Models\TempTransaksiServisModel.php(32): CodeIgniter\BaseModel->findAll()
 8 APPPATH\Controllers\TransaksiServis.php(97): App\Models\TempTransaksiServisModel->getTempWithInfo('62a7016f6892d9032520491dd6b35857')
 9 SYSTEMPATH\CodeIgniter.php(974): App\Controllers\TransaksiServis->getTemp()
10 SYSTEMPATH\CodeIgniter.php(520): CodeIgniter\CodeIgniter->runController(Object(App\Controllers\TransaksiServis))
11 SYSTEMPATH\CodeIgniter.php(363): CodeIgniter\CodeIgniter->handleRequest(null, Object(Config\Cache), false)
12 SYSTEMPATH\Boot.php(417): CodeIgniter\CodeIgniter->run()
13 SYSTEMPATH\Boot.php(68): CodeIgniter\Boot::runCodeIgniter(Object(CodeIgniter\CodeIgniter))
14 FCPATH\index.php(56): CodeIgniter\Boot::bootWeb(Object(Config\Paths))
15 SYSTEMPATH\rewrite.php(44): require_once('C:\\Users\\AKU BANGGA JADI IT 2\\Documents\\RafiChandra\\Codeigniter4\\bengkel-salsa-motor\\public\\index.php')
DEBUG - 2026-08-13 08:37:45 --> Session: Class initialized using 'CodeIgniter\Session\Handlers\FileHandler' driver.
DEBUG - 2026-08-13 08:37:46 --> Session: Class initialized using 'CodeIgniter\Session\Handlers\FileHandler' driver.
ERROR - 2026-08-13 08:37:46 --> Unknown column 'satuan.id' in 'on clause'
in SYSTEMPATH\Database\MySQLi\Connection.php on line 300.
 1 SYSTEMPATH\Database\MySQLi\Connection.php(300): mysqli->query('SELECT `temp_transaksi_servis`.*, `servis`.`jenis_servis`, `barang`.`nama_barng`, `satuan`.`nama_satuan`
FROM `temp_transaksi_servis`
LEFT JOIN `servis` ON `servis`.`kodeservis` = `temp_transaksi_servis`.`detserviskode`
LEFT JOIN `barang` ON `barang`.`kode` = `temp_transaksi_servis`.`detailbrgkode`
LEFT JOIN `satuan` ON `satuan`.`id` = `barang`.`satuanid`
WHERE `temp_transaksi_servis`.`session_id` = \'62a7016f6892d9032520491dd6b35857\'', 0)
 2 SYSTEMPATH\Database\BaseConnection.php(908): CodeIgniter\Database\MySQLi\Connection->execute('SELECT `temp_transaksi_servis`.*, `servis`.`jenis_servis`, `barang`.`nama_barng`, `satuan`.`nama_satuan`
FROM `temp_transaksi_servis`
LEFT JOIN `servis` ON `servis`.`kodeservis` = `temp_transaksi_servis`.`detserviskode`
LEFT JOIN `barang` ON `barang`.`kode` = `temp_transaksi_servis`.`detailbrgkode`
LEFT JOIN `satuan` ON `satuan`.`id` = `barang`.`satuanid`
WHERE `temp_transaksi_servis`.`session_id` = \'62a7016f6892d9032520491dd6b35857\'')
 3 SYSTEMPATH\Database\BaseConnection.php(825): CodeIgniter\Database\BaseConnection->simpleQuery('SELECT `temp_transaksi_servis`.*, `servis`.`jenis_servis`, `barang`.`nama_barng`, `satuan`.`nama_satuan`
FROM `temp_transaksi_servis`
LEFT JOIN `servis` ON `servis`.`kodeservis` = `temp_transaksi_servis`.`detserviskode`
LEFT JOIN `barang` ON `barang`.`kode` = `temp_transaksi_servis`.`detailbrgkode`
LEFT JOIN `satuan` ON `satuan`.`id` = `barang`.`satuanid`
WHERE `temp_transaksi_servis`.`session_id` = \'62a7016f6892d9032520491dd6b35857\'')
 4 SYSTEMPATH\Database\BaseBuilder.php(1659): CodeIgniter\Database\BaseConnection->query('SELECT `temp_transaksi_servis`.*, `servis`.`jenis_servis`, `barang`.`nama_barng`, `satuan`.`nama_satuan`
FROM `temp_transaksi_servis`
LEFT JOIN `servis` ON `servis`.`kodeservis` = `temp_transaksi_servis`.`detserviskode`
LEFT JOIN `barang` ON `barang`.`kode` = `temp_transaksi_servis`.`detailbrgkode`
LEFT JOIN `satuan` ON `satuan`.`id` = `barang`.`satuanid`
WHERE `temp_transaksi_servis`.`session_id` = :temp_transaksi_servis.session_id:', [...], false)
 5 SYSTEMPATH\Model.php(255): CodeIgniter\Database\BaseBuilder->get()
 6 SYSTEMPATH\BaseModel.php(676): CodeIgniter\Model->doFindAll(0, 0)
 7 APPPATH\Models\TempTransaksiServisModel.php(32): CodeIgniter\BaseModel->findAll()
 8 APPPATH\Controllers\TransaksiServis.php(97): App\Models\TempTransaksiServisModel->getTempWithInfo('62a7016f6892d9032520491dd6b35857')
 9 SYSTEMPATH\CodeIgniter.php(974): App\Controllers\TransaksiServis->getTemp()
10 SYSTEMPATH\CodeIgniter.php(520): CodeIgniter\CodeIgniter->runController(Object(App\Controllers\TransaksiServis))
11 SYSTEMPATH\CodeIgniter.php(363): CodeIgniter\CodeIgniter->handleRequest(null, Object(Config\Cache), false)
12 SYSTEMPATH\Boot.php(417): CodeIgniter\CodeIgniter->run()
13 SYSTEMPATH\Boot.php(68): CodeIgniter\Boot::runCodeIgniter(Object(CodeIgniter\CodeIgniter))
14 FCPATH\index.php(56): CodeIgniter\Boot::bootWeb(Object(Config\Paths))
15 SYSTEMPATH\rewrite.php(44): require_once('C:\\Users\\AKU BANGGA JADI IT 2\\Documents\\RafiChandra\\Codeigniter4\\bengkel-salsa-motor\\public\\index.php')
CRITICAL - 2026-08-13 08:37:46 --> CodeIgniter\Database\Exceptions\DatabaseException: Unknown column 'satuan.id' in 'on clause'
[Method: GET, Route: admin/transaksiservis/getTemp]
in SYSTEMPATH\Database\BaseConnection.php on line 863.
 1 SYSTEMPATH\Database\BaseBuilder.php(1659): CodeIgniter\Database\BaseConnection->query('SELECT `temp_transaksi_servis`.*, `servis`.`jenis_servis`, `barang`.`nama_barng`, `satuan`.`nama_satuan`
FROM `temp_transaksi_servis`
LEFT JOIN `servis` ON `servis`.`kodeservis` = `temp_transaksi_servis`.`detserviskode`
LEFT JOIN `barang` ON `barang`.`kode` = `temp_transaksi_servis`.`detailbrgkode`
LEFT JOIN `satuan` ON `satuan`.`id` = `barang`.`satuanid`
WHERE `temp_transaksi_servis`.`session_id` = :temp_transaksi_servis.session_id:', [...], false)
 2 SYSTEMPATH\Model.php(255): CodeIgniter\Database\BaseBuilder->get()
 3 SYSTEMPATH\BaseModel.php(676): CodeIgniter\Model->doFindAll(0, 0)
 4 APPPATH\Models\TempTransaksiServisModel.php(32): CodeIgniter\BaseModel->findAll()
 5 APPPATH\Controllers\TransaksiServis.php(97): App\Models\TempTransaksiServisModel->getTempWithInfo('62a7016f6892d9032520491dd6b35857')
 6 SYSTEMPATH\CodeIgniter.php(974): App\Controllers\TransaksiServis->getTemp()
 7 SYSTEMPATH\CodeIgniter.php(520): CodeIgniter\CodeIgniter->runController(Object(App\Controllers\TransaksiServis))
 8 SYSTEMPATH\CodeIgniter.php(363): CodeIgniter\CodeIgniter->handleRequest(null, Object(Config\Cache), false)
 9 SYSTEMPATH\Boot.php(417): CodeIgniter\CodeIgniter->run()
10 SYSTEMPATH\Boot.php(68): CodeIgniter\Boot::runCodeIgniter(Object(CodeIgniter\CodeIgniter))
11 FCPATH\index.php(56): CodeIgniter\Boot::bootWeb(Object(Config\Paths))
12 SYSTEMPATH\rewrite.php(44): require_once('C:\\Users\\AKU BANGGA JADI IT 2\\Documents\\RafiChandra\\Codeigniter4\\bengkel-salsa-motor\\public\\index.php')
CRITICAL - 2026-08-13 08:37:46 --> [Caused by] CodeIgniter\Database\Exceptions\DatabaseException: Unknown column 'satuan.id' in 'on clause'
in SYSTEMPATH\Database\MySQLi\Connection.php on line 310.
 1 SYSTEMPATH\Database\BaseConnection.php(908): CodeIgniter\Database\MySQLi\Connection->execute('SELECT `temp_transaksi_servis`.*, `servis`.`jenis_servis`, `barang`.`nama_barng`, `satuan`.`nama_satuan`
FROM `temp_transaksi_servis`
LEFT JOIN `servis` ON `servis`.`kodeservis` = `temp_transaksi_servis`.`detserviskode`
LEFT JOIN `barang` ON `barang`.`kode` = `temp_transaksi_servis`.`detailbrgkode`
LEFT JOIN `satuan` ON `satuan`.`id` = `barang`.`satuanid`
WHERE `temp_transaksi_servis`.`session_id` = \'62a7016f6892d9032520491dd6b35857\'')
 2 SYSTEMPATH\Database\BaseConnection.php(825): CodeIgniter\Database\BaseConnection->simpleQuery('SELECT `temp_transaksi_servis`.*, `servis`.`jenis_servis`, `barang`.`nama_barng`, `satuan`.`nama_satuan`
FROM `temp_transaksi_servis`
LEFT JOIN `servis` ON `servis`.`kodeservis` = `temp_transaksi_servis`.`detserviskode`
LEFT JOIN `barang` ON `barang`.`kode` = `temp_transaksi_servis`.`detailbrgkode`
LEFT JOIN `satuan` ON `satuan`.`id` = `barang`.`satuanid`
WHERE `temp_transaksi_servis`.`session_id` = \'62a7016f6892d9032520491dd6b35857\'')
 3 SYSTEMPATH\Database\BaseBuilder.php(1659): CodeIgniter\Database\BaseConnection->query('SELECT `temp_transaksi_servis`.*, `servis`.`jenis_servis`, `barang`.`nama_barng`, `satuan`.`nama_satuan`
FROM `temp_transaksi_servis`
LEFT JOIN `servis` ON `servis`.`kodeservis` = `temp_transaksi_servis`.`detserviskode`
LEFT JOIN `barang` ON `barang`.`kode` = `temp_transaksi_servis`.`detailbrgkode`
LEFT JOIN `satuan` ON `satuan`.`id` = `barang`.`satuanid`
WHERE `temp_transaksi_servis`.`session_id` = :temp_transaksi_servis.session_id:', [...], false)
 4 SYSTEMPATH\Model.php(255): CodeIgniter\Database\BaseBuilder->get()
 5 SYSTEMPATH\BaseModel.php(676): CodeIgniter\Model->doFindAll(0, 0)
 6 APPPATH\Models\TempTransaksiServisModel.php(32): CodeIgniter\BaseModel->findAll()
 7 APPPATH\Controllers\TransaksiServis.php(97): App\Models\TempTransaksiServisModel->getTempWithInfo('62a7016f6892d9032520491dd6b35857')
 8 SYSTEMPATH\CodeIgniter.php(974): App\Controllers\TransaksiServis->getTemp()
 9 SYSTEMPATH\CodeIgniter.php(520): CodeIgniter\CodeIgniter->runController(Object(App\Controllers\TransaksiServis))
10 SYSTEMPATH\CodeIgniter.php(363): CodeIgniter\CodeIgniter->handleRequest(null, Object(Config\Cache), false)
11 SYSTEMPATH\Boot.php(417): CodeIgniter\CodeIgniter->run()
12 SYSTEMPATH\Boot.php(68): CodeIgniter\Boot::runCodeIgniter(Object(CodeIgniter\CodeIgniter))
13 FCPATH\index.php(56): CodeIgniter\Boot::bootWeb(Object(Config\Paths))
14 SYSTEMPATH\rewrite.php(44): require_once('C:\\Users\\AKU BANGGA JADI IT 2\\Documents\\RafiChandra\\Codeigniter4\\bengkel-salsa-motor\\public\\index.php')
CRITICAL - 2026-08-13 08:37:46 --> [Caused by] mysqli_sql_exception: Unknown column 'satuan.id' in 'on clause'
in SYSTEMPATH\Database\MySQLi\Connection.php on line 300.
 1 SYSTEMPATH\Database\MySQLi\Connection.php(300): mysqli->query('SELECT `temp_transaksi_servis`.*, `servis`.`jenis_servis`, `barang`.`nama_barng`, `satuan`.`nama_satuan`
FROM `temp_transaksi_servis`
LEFT JOIN `servis` ON `servis`.`kodeservis` = `temp_transaksi_servis`.`detserviskode`
LEFT JOIN `barang` ON `barang`.`kode` = `temp_transaksi_servis`.`detailbrgkode`
LEFT JOIN `satuan` ON `satuan`.`id` = `barang`.`satuanid`
WHERE `temp_transaksi_servis`.`session_id` = \'62a7016f6892d9032520491dd6b35857\'', 0)
 2 SYSTEMPATH\Database\BaseConnection.php(908): CodeIgniter\Database\MySQLi\Connection->execute('SELECT `temp_transaksi_servis`.*, `servis`.`jenis_servis`, `barang`.`nama_barng`, `satuan`.`nama_satuan`
FROM `temp_transaksi_servis`
LEFT JOIN `servis` ON `servis`.`kodeservis` = `temp_transaksi_servis`.`detserviskode`
LEFT JOIN `barang` ON `barang`.`kode` = `temp_transaksi_servis`.`detailbrgkode`
LEFT JOIN `satuan` ON `satuan`.`id` = `barang`.`satuanid`
WHERE `temp_transaksi_servis`.`session_id` = \'62a7016f6892d9032520491dd6b35857\'')
 3 SYSTEMPATH\Database\BaseConnection.php(825): CodeIgniter\Database\BaseConnection->simpleQuery('SELECT `temp_transaksi_servis`.*, `servis`.`jenis_servis`, `barang`.`nama_barng`, `satuan`.`nama_satuan`
FROM `temp_transaksi_servis`
LEFT JOIN `servis` ON `servis`.`kodeservis` = `temp_transaksi_servis`.`detserviskode`
LEFT JOIN `barang` ON `barang`.`kode` = `temp_transaksi_servis`.`detailbrgkode`
LEFT JOIN `satuan` ON `satuan`.`id` = `barang`.`satuanid`
WHERE `temp_transaksi_servis`.`session_id` = \'62a7016f6892d9032520491dd6b35857\'')
 4 SYSTEMPATH\Database\BaseBuilder.php(1659): CodeIgniter\Database\BaseConnection->query('SELECT `temp_transaksi_servis`.*, `servis`.`jenis_servis`, `barang`.`nama_barng`, `satuan`.`nama_satuan`
FROM `temp_transaksi_servis`
LEFT JOIN `servis` ON `servis`.`kodeservis` = `temp_transaksi_servis`.`detserviskode`
LEFT JOIN `barang` ON `barang`.`kode` = `temp_transaksi_servis`.`detailbrgkode`
LEFT JOIN `satuan` ON `satuan`.`id` = `barang`.`satuanid`
WHERE `temp_transaksi_servis`.`session_id` = :temp_transaksi_servis.session_id:', [...], false)
 5 SYSTEMPATH\Model.php(255): CodeIgniter\Database\BaseBuilder->get()
 6 SYSTEMPATH\BaseModel.php(676): CodeIgniter\Model->doFindAll(0, 0)
 7 APPPATH\Models\TempTransaksiServisModel.php(32): CodeIgniter\BaseModel->findAll()
 8 APPPATH\Controllers\TransaksiServis.php(97): App\Models\TempTransaksiServisModel->getTempWithInfo('62a7016f6892d9032520491dd6b35857')
 9 SYSTEMPATH\CodeIgniter.php(974): App\Controllers\TransaksiServis->getTemp()
10 SYSTEMPATH\CodeIgniter.php(520): CodeIgniter\CodeIgniter->runController(Object(App\Controllers\TransaksiServis))
11 SYSTEMPATH\CodeIgniter.php(363): CodeIgniter\CodeIgniter->handleRequest(null, Object(Config\Cache), false)
12 SYSTEMPATH\Boot.php(417): CodeIgniter\CodeIgniter->run()
13 SYSTEMPATH\Boot.php(68): CodeIgniter\Boot::runCodeIgniter(Object(CodeIgniter\CodeIgniter))
14 FCPATH\index.php(56): CodeIgniter\Boot::bootWeb(Object(Config\Paths))
15 SYSTEMPATH\rewrite.php(44): require_once('C:\\Users\\AKU BANGGA JADI IT 2\\Documents\\RafiChandra\\Codeigniter4\\bengkel-salsa-motor\\public\\index.php')
DEBUG - 2026-08-13 08:38:10 --> Session: Class initialized using 'CodeIgniter\Session\Handlers\FileHandler' driver.
DEBUG - 2026-08-13 08:38:13 --> Session: Class initialized using 'CodeIgniter\Session\Handlers\FileHandler' driver.
DEBUG - 2026-08-13 08:38:17 --> Session: Class initialized using 'CodeIgniter\Session\Handlers\FileHandler' driver.
ERROR - 2026-08-13 08:38:17 --> Unknown column 'satuan.id' in 'on clause'
in SYSTEMPATH\Database\MySQLi\Connection.php on line 300.
 1 SYSTEMPATH\Database\MySQLi\Connection.php(300): mysqli->query('SELECT `detail_transaksi_servis`.*, `servis`.`jenis_servis`, `barang`.`nama_barng`, `satuan`.`nama_satuan`
FROM `detail_transaksi_servis`
LEFT JOIN `servis` ON `servis`.`kodeservis` = `detail_transaksi_servis`.`detserviskode`
LEFT JOIN `barang` ON `barang`.`kode` = `detail_transaksi_servis`.`detailbrgkode`
LEFT JOIN `satuan` ON `satuan`.`id` = `barang`.`satuanid`
WHERE `detail_transaksi_servis`.`detfaktur` = \'SV-20260813-001\'', 0)
 2 SYSTEMPATH\Database\BaseConnection.php(908): CodeIgniter\Database\MySQLi\Connection->execute('SELECT `detail_transaksi_servis`.*, `servis`.`jenis_servis`, `barang`.`nama_barng`, `satuan`.`nama_satuan`
FROM `detail_transaksi_servis`
LEFT JOIN `servis` ON `servis`.`kodeservis` = `detail_transaksi_servis`.`detserviskode`
LEFT JOIN `barang` ON `barang`.`kode` = `detail_transaksi_servis`.`detailbrgkode`
LEFT JOIN `satuan` ON `satuan`.`id` = `barang`.`satuanid`
WHERE `detail_transaksi_servis`.`detfaktur` = \'SV-20260813-001\'')
 3 SYSTEMPATH\Database\BaseConnection.php(825): CodeIgniter\Database\BaseConnection->simpleQuery('SELECT `detail_transaksi_servis`.*, `servis`.`jenis_servis`, `barang`.`nama_barng`, `satuan`.`nama_satuan`
FROM `detail_transaksi_servis`
LEFT JOIN `servis` ON `servis`.`kodeservis` = `detail_transaksi_servis`.`detserviskode`
LEFT JOIN `barang` ON `barang`.`kode` = `detail_transaksi_servis`.`detailbrgkode`
LEFT JOIN `satuan` ON `satuan`.`id` = `barang`.`satuanid`
WHERE `detail_transaksi_servis`.`detfaktur` = \'SV-20260813-001\'')
 4 SYSTEMPATH\Database\BaseBuilder.php(1659): CodeIgniter\Database\BaseConnection->query('SELECT `detail_transaksi_servis`.*, `servis`.`jenis_servis`, `barang`.`nama_barng`, `satuan`.`nama_satuan`
FROM `detail_transaksi_servis`
LEFT JOIN `servis` ON `servis`.`kodeservis` = `detail_transaksi_servis`.`detserviskode`
LEFT JOIN `barang` ON `barang`.`kode` = `detail_transaksi_servis`.`detailbrgkode`
LEFT JOIN `satuan` ON `satuan`.`id` = `barang`.`satuanid`
WHERE `detail_transaksi_servis`.`detfaktur` = :detail_transaksi_servis.detfaktur:', [...], false)
 5 SYSTEMPATH\Model.php(255): CodeIgniter\Database\BaseBuilder->get()
 6 SYSTEMPATH\BaseModel.php(676): CodeIgniter\Model->doFindAll(0, 0)
 7 APPPATH\Models\DetailTransaksiServisModel.php(31): CodeIgniter\BaseModel->findAll()
 8 APPPATH\Controllers\TransaksiServis.php(634): App\Models\DetailTransaksiServisModel->getDetailWithInfo('SV-20260813-001')
 9 SYSTEMPATH\CodeIgniter.php(974): App\Controllers\TransaksiServis->cetak('SV-20260813-001')
10 SYSTEMPATH\CodeIgniter.php(520): CodeIgniter\CodeIgniter->runController(Object(App\Controllers\TransaksiServis))
11 SYSTEMPATH\CodeIgniter.php(363): CodeIgniter\CodeIgniter->handleRequest(null, Object(Config\Cache), false)
12 SYSTEMPATH\Boot.php(417): CodeIgniter\CodeIgniter->run()
13 SYSTEMPATH\Boot.php(68): CodeIgniter\Boot::runCodeIgniter(Object(CodeIgniter\CodeIgniter))
14 FCPATH\index.php(56): CodeIgniter\Boot::bootWeb(Object(Config\Paths))
15 SYSTEMPATH\rewrite.php(44): require_once('C:\\Users\\AKU BANGGA JADI IT 2\\Documents\\RafiChandra\\Codeigniter4\\bengkel-salsa-motor\\public\\index.php')
CRITICAL - 2026-08-13 08:38:17 --> CodeIgniter\Database\Exceptions\DatabaseException: Unknown column 'satuan.id' in 'on clause'
[Method: GET, Route: admin/transaksiservis/cetak/SV-20260813-001]
in SYSTEMPATH\Database\BaseConnection.php on line 863.
 1 SYSTEMPATH\Database\BaseBuilder.php(1659): CodeIgniter\Database\BaseConnection->query('SELECT `detail_transaksi_servis`.*, `servis`.`jenis_servis`, `barang`.`nama_barng`, `satuan`.`nama_satuan`
FROM `detail_transaksi_servis`
LEFT JOIN `servis` ON `servis`.`kodeservis` = `detail_transaksi_servis`.`detserviskode`
LEFT JOIN `barang` ON `barang`.`kode` = `detail_transaksi_servis`.`detailbrgkode`
LEFT JOIN `satuan` ON `satuan`.`id` = `barang`.`satuanid`
WHERE `detail_transaksi_servis`.`detfaktur` = :detail_transaksi_servis.detfaktur:', [...], false)
 2 SYSTEMPATH\Model.php(255): CodeIgniter\Database\BaseBuilder->get()
 3 SYSTEMPATH\BaseModel.php(676): CodeIgniter\Model->doFindAll(0, 0)
 4 APPPATH\Models\DetailTransaksiServisModel.php(31): CodeIgniter\BaseModel->findAll()
 5 APPPATH\Controllers\TransaksiServis.php(634): App\Models\DetailTransaksiServisModel->getDetailWithInfo('SV-20260813-001')
 6 SYSTEMPATH\CodeIgniter.php(974): App\Controllers\TransaksiServis->cetak('SV-20260813-001')
 7 SYSTEMPATH\CodeIgniter.php(520): CodeIgniter\CodeIgniter->runController(Object(App\Controllers\TransaksiServis))
 8 SYSTEMPATH\CodeIgniter.php(363): CodeIgniter\CodeIgniter->handleRequest(null, Object(Config\Cache), false)
 9 SYSTEMPATH\Boot.php(417): CodeIgniter\CodeIgniter->run()
10 SYSTEMPATH\Boot.php(68): CodeIgniter\Boot::runCodeIgniter(Object(CodeIgniter\CodeIgniter))
11 FCPATH\index.php(56): CodeIgniter\Boot::bootWeb(Object(Config\Paths))
12 SYSTEMPATH\rewrite.php(44): require_once('C:\\Users\\AKU BANGGA JADI IT 2\\Documents\\RafiChandra\\Codeigniter4\\bengkel-salsa-motor\\public\\index.php')
CRITICAL - 2026-08-13 08:38:17 --> [Caused by] CodeIgniter\Database\Exceptions\DatabaseException: Unknown column 'satuan.id' in 'on clause'
in SYSTEMPATH\Database\MySQLi\Connection.php on line 310.
 1 SYSTEMPATH\Database\BaseConnection.php(908): CodeIgniter\Database\MySQLi\Connection->execute('SELECT `detail_transaksi_servis`.*, `servis`.`jenis_servis`, `barang`.`nama_barng`, `satuan`.`nama_satuan`
FROM `detail_transaksi_servis`
LEFT JOIN `servis` ON `servis`.`kodeservis` = `detail_transaksi_servis`.`detserviskode`
LEFT JOIN `barang` ON `barang`.`kode` = `detail_transaksi_servis`.`detailbrgkode`
LEFT JOIN `satuan` ON `satuan`.`id` = `barang`.`satuanid`
WHERE `detail_transaksi_servis`.`detfaktur` = \'SV-20260813-001\'')
 2 SYSTEMPATH\Database\BaseConnection.php(825): CodeIgniter\Database\BaseConnection->simpleQuery('SELECT `detail_transaksi_servis`.*, `servis`.`jenis_servis`, `barang`.`nama_barng`, `satuan`.`nama_satuan`
FROM `detail_transaksi_servis`
LEFT JOIN `servis` ON `servis`.`kodeservis` = `detail_transaksi_servis`.`detserviskode`
LEFT JOIN `barang` ON `barang`.`kode` = `detail_transaksi_servis`.`detailbrgkode`
LEFT JOIN `satuan` ON `satuan`.`id` = `barang`.`satuanid`
WHERE `detail_transaksi_servis`.`detfaktur` = \'SV-20260813-001\'')
 3 SYSTEMPATH\Database\BaseBuilder.php(1659): CodeIgniter\Database\BaseConnection->query('SELECT `detail_transaksi_servis`.*, `servis`.`jenis_servis`, `barang`.`nama_barng`, `satuan`.`nama_satuan`
FROM `detail_transaksi_servis`
LEFT JOIN `servis` ON `servis`.`kodeservis` = `detail_transaksi_servis`.`detserviskode`
LEFT JOIN `barang` ON `barang`.`kode` = `detail_transaksi_servis`.`detailbrgkode`
LEFT JOIN `satuan` ON `satuan`.`id` = `barang`.`satuanid`
WHERE `detail_transaksi_servis`.`detfaktur` = :detail_transaksi_servis.detfaktur:', [...], false)
 4 SYSTEMPATH\Model.php(255): CodeIgniter\Database\BaseBuilder->get()
 5 SYSTEMPATH\BaseModel.php(676): CodeIgniter\Model->doFindAll(0, 0)
 6 APPPATH\Models\DetailTransaksiServisModel.php(31): CodeIgniter\BaseModel->findAll()
 7 APPPATH\Controllers\TransaksiServis.php(634): App\Models\DetailTransaksiServisModel->getDetailWithInfo('SV-20260813-001')
 8 SYSTEMPATH\CodeIgniter.php(974): App\Controllers\TransaksiServis->cetak('SV-20260813-001')
 9 SYSTEMPATH\CodeIgniter.php(520): CodeIgniter\CodeIgniter->runController(Object(App\Controllers\TransaksiServis))
10 SYSTEMPATH\CodeIgniter.php(363): CodeIgniter\CodeIgniter->handleRequest(null, Object(Config\Cache), false)
11 SYSTEMPATH\Boot.php(417): CodeIgniter\CodeIgniter->run()
12 SYSTEMPATH\Boot.php(68): CodeIgniter\Boot::runCodeIgniter(Object(CodeIgniter\CodeIgniter))
13 FCPATH\index.php(56): CodeIgniter\Boot::bootWeb(Object(Config\Paths))
14 SYSTEMPATH\rewrite.php(44): require_once('C:\\Users\\AKU BANGGA JADI IT 2\\Documents\\RafiChandra\\Codeigniter4\\bengkel-salsa-motor\\public\\index.php')
CRITICAL - 2026-08-13 08:38:17 --> [Caused by] mysqli_sql_exception: Unknown column 'satuan.id' in 'on clause'
in SYSTEMPATH\Database\MySQLi\Connection.php on line 300.
 1 SYSTEMPATH\Database\MySQLi\Connection.php(300): mysqli->query('SELECT `detail_transaksi_servis`.*, `servis`.`jenis_servis`, `barang`.`nama_barng`, `satuan`.`nama_satuan`
FROM `detail_transaksi_servis`
LEFT JOIN `servis` ON `servis`.`kodeservis` = `detail_transaksi_servis`.`detserviskode`
LEFT JOIN `barang` ON `barang`.`kode` = `detail_transaksi_servis`.`detailbrgkode`
LEFT JOIN `satuan` ON `satuan`.`id` = `barang`.`satuanid`
WHERE `detail_transaksi_servis`.`detfaktur` = \'SV-20260813-001\'', 0)
 2 SYSTEMPATH\Database\BaseConnection.php(908): CodeIgniter\Database\MySQLi\Connection->execute('SELECT `detail_transaksi_servis`.*, `servis`.`jenis_servis`, `barang`.`nama_barng`, `satuan`.`nama_satuan`
FROM `detail_transaksi_servis`
LEFT JOIN `servis` ON `servis`.`kodeservis` = `detail_transaksi_servis`.`detserviskode`
LEFT JOIN `barang` ON `barang`.`kode` = `detail_transaksi_servis`.`detailbrgkode`
LEFT JOIN `satuan` ON `satuan`.`id` = `barang`.`satuanid`
WHERE `detail_transaksi_servis`.`detfaktur` = \'SV-20260813-001\'')
 3 SYSTEMPATH\Database\BaseConnection.php(825): CodeIgniter\Database\BaseConnection->simpleQuery('SELECT `detail_transaksi_servis`.*, `servis`.`jenis_servis`, `barang`.`nama_barng`, `satuan`.`nama_satuan`
FROM `detail_transaksi_servis`
LEFT JOIN `servis` ON `servis`.`kodeservis` = `detail_transaksi_servis`.`detserviskode`
LEFT JOIN `barang` ON `barang`.`kode` = `detail_transaksi_servis`.`detailbrgkode`
LEFT JOIN `satuan` ON `satuan`.`id` = `barang`.`satuanid`
WHERE `detail_transaksi_servis`.`detfaktur` = \'SV-20260813-001\'')
 4 SYSTEMPATH\Database\BaseBuilder.php(1659): CodeIgniter\Database\BaseConnection->query('SELECT `detail_transaksi_servis`.*, `servis`.`jenis_servis`, `barang`.`nama_barng`, `satuan`.`nama_satuan`
FROM `detail_transaksi_servis`
LEFT JOIN `servis` ON `servis`.`kodeservis` = `detail_transaksi_servis`.`detserviskode`
LEFT JOIN `barang` ON `barang`.`kode` = `detail_transaksi_servis`.`detailbrgkode`
LEFT JOIN `satuan` ON `satuan`.`id` = `barang`.`satuanid`
WHERE `detail_transaksi_servis`.`detfaktur` = :detail_transaksi_servis.detfaktur:', [...], false)
 5 SYSTEMPATH\Model.php(255): CodeIgniter\Database\BaseBuilder->get()
 6 SYSTEMPATH\BaseModel.php(676): CodeIgniter\Model->doFindAll(0, 0)
 7 APPPATH\Models\DetailTransaksiServisModel.php(31): CodeIgniter\BaseModel->findAll()
 8 APPPATH\Controllers\TransaksiServis.php(634): App\Models\DetailTransaksiServisModel->getDetailWithInfo('SV-20260813-001')
 9 SYSTEMPATH\CodeIgniter.php(974): App\Controllers\TransaksiServis->cetak('SV-20260813-001')
10 SYSTEMPATH\CodeIgniter.php(520): CodeIgniter\CodeIgniter->runController(Object(App\Controllers\TransaksiServis))
11 SYSTEMPATH\CodeIgniter.php(363): CodeIgniter\CodeIgniter->handleRequest(null, Object(Config\Cache), false)
12 SYSTEMPATH\Boot.php(417): CodeIgniter\CodeIgniter->run()
13 SYSTEMPATH\Boot.php(68): CodeIgniter\Boot::runCodeIgniter(Object(CodeIgniter\CodeIgniter))
14 FCPATH\index.php(56): CodeIgniter\Boot::bootWeb(Object(Config\Paths))
15 SYSTEMPATH\rewrite.php(44): require_once('C:\\Users\\AKU BANGGA JADI IT 2\\Documents\\RafiChandra\\Codeigniter4\\bengkel-salsa-motor\\public\\index.php')
DEBUG - 2026-08-13 08:38:21 --> Session: Class initialized using 'CodeIgniter\Session\Handlers\FileHandler' driver.
DEBUG - 2026-08-13 08:38:21 --> Session: Class initialized using 'CodeIgniter\Session\Handlers\FileHandler' driver.
ERROR - 2026-08-13 08:38:21 --> Unknown column 'satuan.id' in 'on clause'
in SYSTEMPATH\Database\MySQLi\Connection.php on line 300.
 1 SYSTEMPATH\Database\MySQLi\Connection.php(300): mysqli->query('SELECT `temp_transaksi_servis`.*, `servis`.`jenis_servis`, `barang`.`nama_barng`, `satuan`.`nama_satuan`
FROM `temp_transaksi_servis`
LEFT JOIN `servis` ON `servis`.`kodeservis` = `temp_transaksi_servis`.`detserviskode`
LEFT JOIN `barang` ON `barang`.`kode` = `temp_transaksi_servis`.`detailbrgkode`
LEFT JOIN `satuan` ON `satuan`.`id` = `barang`.`satuanid`
WHERE `temp_transaksi_servis`.`session_id` = \'62a7016f6892d9032520491dd6b35857\'', 0)
 2 SYSTEMPATH\Database\BaseConnection.php(908): CodeIgniter\Database\MySQLi\Connection->execute('SELECT `temp_transaksi_servis`.*, `servis`.`jenis_servis`, `barang`.`nama_barng`, `satuan`.`nama_satuan`
FROM `temp_transaksi_servis`
LEFT JOIN `servis` ON `servis`.`kodeservis` = `temp_transaksi_servis`.`detserviskode`
LEFT JOIN `barang` ON `barang`.`kode` = `temp_transaksi_servis`.`detailbrgkode`
LEFT JOIN `satuan` ON `satuan`.`id` = `barang`.`satuanid`
WHERE `temp_transaksi_servis`.`session_id` = \'62a7016f6892d9032520491dd6b35857\'')
 3 SYSTEMPATH\Database\BaseConnection.php(825): CodeIgniter\Database\BaseConnection->simpleQuery('SELECT `temp_transaksi_servis`.*, `servis`.`jenis_servis`, `barang`.`nama_barng`, `satuan`.`nama_satuan`
FROM `temp_transaksi_servis`
LEFT JOIN `servis` ON `servis`.`kodeservis` = `temp_transaksi_servis`.`detserviskode`
LEFT JOIN `barang` ON `barang`.`kode` = `temp_transaksi_servis`.`detailbrgkode`
LEFT JOIN `satuan` ON `satuan`.`id` = `barang`.`satuanid`
WHERE `temp_transaksi_servis`.`session_id` = \'62a7016f6892d9032520491dd6b35857\'')
 4 SYSTEMPATH\Database\BaseBuilder.php(1659): CodeIgniter\Database\BaseConnection->query('SELECT `temp_transaksi_servis`.*, `servis`.`jenis_servis`, `barang`.`nama_barng`, `satuan`.`nama_satuan`
FROM `temp_transaksi_servis`
LEFT JOIN `servis` ON `servis`.`kodeservis` = `temp_transaksi_servis`.`detserviskode`
LEFT JOIN `barang` ON `barang`.`kode` = `temp_transaksi_servis`.`detailbrgkode`
LEFT JOIN `satuan` ON `satuan`.`id` = `barang`.`satuanid`
WHERE `temp_transaksi_servis`.`session_id` = :temp_transaksi_servis.session_id:', [...], false)
 5 SYSTEMPATH\Model.php(255): CodeIgniter\Database\BaseBuilder->get()
 6 SYSTEMPATH\BaseModel.php(676): CodeIgniter\Model->doFindAll(0, 0)
 7 APPPATH\Models\TempTransaksiServisModel.php(32): CodeIgniter\BaseModel->findAll()
 8 APPPATH\Controllers\TransaksiServis.php(97): App\Models\TempTransaksiServisModel->getTempWithInfo('62a7016f6892d9032520491dd6b35857')
 9 SYSTEMPATH\CodeIgniter.php(974): App\Controllers\TransaksiServis->getTemp()
10 SYSTEMPATH\CodeIgniter.php(520): CodeIgniter\CodeIgniter->runController(Object(App\Controllers\TransaksiServis))
11 SYSTEMPATH\CodeIgniter.php(363): CodeIgniter\CodeIgniter->handleRequest(null, Object(Config\Cache), false)
12 SYSTEMPATH\Boot.php(417): CodeIgniter\CodeIgniter->run()
13 SYSTEMPATH\Boot.php(68): CodeIgniter\Boot::runCodeIgniter(Object(CodeIgniter\CodeIgniter))
14 FCPATH\index.php(56): CodeIgniter\Boot::bootWeb(Object(Config\Paths))
15 SYSTEMPATH\rewrite.php(44): require_once('C:\\Users\\AKU BANGGA JADI IT 2\\Documents\\RafiChandra\\Codeigniter4\\bengkel-salsa-motor\\public\\index.php')
CRITICAL - 2026-08-13 08:38:21 --> CodeIgniter\Database\Exceptions\DatabaseException: Unknown column 'satuan.id' in 'on clause'
[Method: GET, Route: admin/transaksiservis/getTemp]
in SYSTEMPATH\Database\BaseConnection.php on line 863.
 1 SYSTEMPATH\Database\BaseBuilder.php(1659): CodeIgniter\Database\BaseConnection->query('SELECT `temp_transaksi_servis`.*, `servis`.`jenis_servis`, `barang`.`nama_barng`, `satuan`.`nama_satuan`
FROM `temp_transaksi_servis`
LEFT JOIN `servis` ON `servis`.`kodeservis` = `temp_transaksi_servis`.`detserviskode`
LEFT JOIN `barang` ON `barang`.`kode` = `temp_transaksi_servis`.`detailbrgkode`
LEFT JOIN `satuan` ON `satuan`.`id` = `barang`.`satuanid`
WHERE `temp_transaksi_servis`.`session_id` = :temp_transaksi_servis.session_id:', [...], false)
 2 SYSTEMPATH\Model.php(255): CodeIgniter\Database\BaseBuilder->get()
 3 SYSTEMPATH\BaseModel.php(676): CodeIgniter\Model->doFindAll(0, 0)
 4 APPPATH\Models\TempTransaksiServisModel.php(32): CodeIgniter\BaseModel->findAll()
 5 APPPATH\Controllers\TransaksiServis.php(97): App\Models\TempTransaksiServisModel->getTempWithInfo('62a7016f6892d9032520491dd6b35857')
 6 SYSTEMPATH\CodeIgniter.php(974): App\Controllers\TransaksiServis->getTemp()
 7 SYSTEMPATH\CodeIgniter.php(520): CodeIgniter\CodeIgniter->runController(Object(App\Controllers\TransaksiServis))
 8 SYSTEMPATH\CodeIgniter.php(363): CodeIgniter\CodeIgniter->handleRequest(null, Object(Config\Cache), false)
 9 SYSTEMPATH\Boot.php(417): CodeIgniter\CodeIgniter->run()
10 SYSTEMPATH\Boot.php(68): CodeIgniter\Boot::runCodeIgniter(Object(CodeIgniter\CodeIgniter))
11 FCPATH\index.php(56): CodeIgniter\Boot::bootWeb(Object(Config\Paths))
12 SYSTEMPATH\rewrite.php(44): require_once('C:\\Users\\AKU BANGGA JADI IT 2\\Documents\\RafiChandra\\Codeigniter4\\bengkel-salsa-motor\\public\\index.php')
CRITICAL - 2026-08-13 08:38:21 --> [Caused by] CodeIgniter\Database\Exceptions\DatabaseException: Unknown column 'satuan.id' in 'on clause'
in SYSTEMPATH\Database\MySQLi\Connection.php on line 310.
 1 SYSTEMPATH\Database\BaseConnection.php(908): CodeIgniter\Database\MySQLi\Connection->execute('SELECT `temp_transaksi_servis`.*, `servis`.`jenis_servis`, `barang`.`nama_barng`, `satuan`.`nama_satuan`
FROM `temp_transaksi_servis`
LEFT JOIN `servis` ON `servis`.`kodeservis` = `temp_transaksi_servis`.`detserviskode`
LEFT JOIN `barang` ON `barang`.`kode` = `temp_transaksi_servis`.`detailbrgkode`
LEFT JOIN `satuan` ON `satuan`.`id` = `barang`.`satuanid`
WHERE `temp_transaksi_servis`.`session_id` = \'62a7016f6892d9032520491dd6b35857\'')
 2 SYSTEMPATH\Database\BaseConnection.php(825): CodeIgniter\Database\BaseConnection->simpleQuery('SELECT `temp_transaksi_servis`.*, `servis`.`jenis_servis`, `barang`.`nama_barng`, `satuan`.`nama_satuan`
FROM `temp_transaksi_servis`
LEFT JOIN `servis` ON `servis`.`kodeservis` = `temp_transaksi_servis`.`detserviskode`
LEFT JOIN `barang` ON `barang`.`kode` = `temp_transaksi_servis`.`detailbrgkode`
LEFT JOIN `satuan` ON `satuan`.`id` = `barang`.`satuanid`
WHERE `temp_transaksi_servis`.`session_id` = \'62a7016f6892d9032520491dd6b35857\'')
 3 SYSTEMPATH\Database\BaseBuilder.php(1659): CodeIgniter\Database\BaseConnection->query('SELECT `temp_transaksi_servis`.*, `servis`.`jenis_servis`, `barang`.`nama_barng`, `satuan`.`nama_satuan`
FROM `temp_transaksi_servis`
LEFT JOIN `servis` ON `servis`.`kodeservis` = `temp_transaksi_servis`.`detserviskode`
LEFT JOIN `barang` ON `barang`.`kode` = `temp_transaksi_servis`.`detailbrgkode`
LEFT JOIN `satuan` ON `satuan`.`id` = `barang`.`satuanid`
WHERE `temp_transaksi_servis`.`session_id` = :temp_transaksi_servis.session_id:', [...], false)
 4 SYSTEMPATH\Model.php(255): CodeIgniter\Database\BaseBuilder->get()
 5 SYSTEMPATH\BaseModel.php(676): CodeIgniter\Model->doFindAll(0, 0)
 6 APPPATH\Models\TempTransaksiServisModel.php(32): CodeIgniter\BaseModel->findAll()
 7 APPPATH\Controllers\TransaksiServis.php(97): App\Models\TempTransaksiServisModel->getTempWithInfo('62a7016f6892d9032520491dd6b35857')
 8 SYSTEMPATH\CodeIgniter.php(974): App\Controllers\TransaksiServis->getTemp()
 9 SYSTEMPATH\CodeIgniter.php(520): CodeIgniter\CodeIgniter->runController(Object(App\Controllers\TransaksiServis))
10 SYSTEMPATH\CodeIgniter.php(363): CodeIgniter\CodeIgniter->handleRequest(null, Object(Config\Cache), false)
11 SYSTEMPATH\Boot.php(417): CodeIgniter\CodeIgniter->run()
12 SYSTEMPATH\Boot.php(68): CodeIgniter\Boot::runCodeIgniter(Object(CodeIgniter\CodeIgniter))
13 FCPATH\index.php(56): CodeIgniter\Boot::bootWeb(Object(Config\Paths))
14 SYSTEMPATH\rewrite.php(44): require_once('C:\\Users\\AKU BANGGA JADI IT 2\\Documents\\RafiChandra\\Codeigniter4\\bengkel-salsa-motor\\public\\index.php')
CRITICAL - 2026-08-13 08:38:21 --> [Caused by] mysqli_sql_exception: Unknown column 'satuan.id' in 'on clause'
in SYSTEMPATH\Database\MySQLi\Connection.php on line 300.
 1 SYSTEMPATH\Database\MySQLi\Connection.php(300): mysqli->query('SELECT `temp_transaksi_servis`.*, `servis`.`jenis_servis`, `barang`.`nama_barng`, `satuan`.`nama_satuan`
FROM `temp_transaksi_servis`
LEFT JOIN `servis` ON `servis`.`kodeservis` = `temp_transaksi_servis`.`detserviskode`
LEFT JOIN `barang` ON `barang`.`kode` = `temp_transaksi_servis`.`detailbrgkode`
LEFT JOIN `satuan` ON `satuan`.`id` = `barang`.`satuanid`
WHERE `temp_transaksi_servis`.`session_id` = \'62a7016f6892d9032520491dd6b35857\'', 0)
 2 SYSTEMPATH\Database\BaseConnection.php(908): CodeIgniter\Database\MySQLi\Connection->execute('SELECT `temp_transaksi_servis`.*, `servis`.`jenis_servis`, `barang`.`nama_barng`, `satuan`.`nama_satuan`
FROM `temp_transaksi_servis`
LEFT JOIN `servis` ON `servis`.`kodeservis` = `temp_transaksi_servis`.`detserviskode`
LEFT JOIN `barang` ON `barang`.`kode` = `temp_transaksi_servis`.`detailbrgkode`
LEFT JOIN `satuan` ON `satuan`.`id` = `barang`.`satuanid`
WHERE `temp_transaksi_servis`.`session_id` = \'62a7016f6892d9032520491dd6b35857\'')
 3 SYSTEMPATH\Database\BaseConnection.php(825): CodeIgniter\Database\BaseConnection->simpleQuery('SELECT `temp_transaksi_servis`.*, `servis`.`jenis_servis`, `barang`.`nama_barng`, `satuan`.`nama_satuan`
FROM `temp_transaksi_servis`
LEFT JOIN `servis` ON `servis`.`kodeservis` = `temp_transaksi_servis`.`detserviskode`
LEFT JOIN `barang` ON `barang`.`kode` = `temp_transaksi_servis`.`detailbrgkode`
LEFT JOIN `satuan` ON `satuan`.`id` = `barang`.`satuanid`
WHERE `temp_transaksi_servis`.`session_id` = \'62a7016f6892d9032520491dd6b35857\'')
 4 SYSTEMPATH\Database\BaseBuilder.php(1659): CodeIgniter\Database\BaseConnection->query('SELECT `temp_transaksi_servis`.*, `servis`.`jenis_servis`, `barang`.`nama_barng`, `satuan`.`nama_satuan`
FROM `temp_transaksi_servis`
LEFT JOIN `servis` ON `servis`.`kodeservis` = `temp_transaksi_servis`.`detserviskode`
LEFT JOIN `barang` ON `barang`.`kode` = `temp_transaksi_servis`.`detailbrgkode`
LEFT JOIN `satuan` ON `satuan`.`id` = `barang`.`satuanid`
WHERE `temp_transaksi_servis`.`session_id` = :temp_transaksi_servis.session_id:', [...], false)
 5 SYSTEMPATH\Model.php(255): CodeIgniter\Database\BaseBuilder->get()
 6 SYSTEMPATH\BaseModel.php(676): CodeIgniter\Model->doFindAll(0, 0)
 7 APPPATH\Models\TempTransaksiServisModel.php(32): CodeIgniter\BaseModel->findAll()
 8 APPPATH\Controllers\TransaksiServis.php(97): App\Models\TempTransaksiServisModel->getTempWithInfo('62a7016f6892d9032520491dd6b35857')
 9 SYSTEMPATH\CodeIgniter.php(974): App\Controllers\TransaksiServis->getTemp()
10 SYSTEMPATH\CodeIgniter.php(520): CodeIgniter\CodeIgniter->runController(Object(App\Controllers\TransaksiServis))
11 SYSTEMPATH\CodeIgniter.php(363): CodeIgniter\CodeIgniter->handleRequest(null, Object(Config\Cache), false)
12 SYSTEMPATH\Boot.php(417): CodeIgniter\CodeIgniter->run()
13 SYSTEMPATH\Boot.php(68): CodeIgniter\Boot::runCodeIgniter(Object(CodeIgniter\CodeIgniter))
14 FCPATH\index.php(56): CodeIgniter\Boot::bootWeb(Object(Config\Paths))
15 SYSTEMPATH\rewrite.php(44): require_once('C:\\Users\\AKU BANGGA JADI IT 2\\Documents\\RafiChandra\\Codeigniter4\\bengkel-salsa-motor\\public\\index.php')
DEBUG - 2026-08-13 08:38:24 --> Session: Class initialized using 'CodeIgniter\Session\Handlers\FileHandler' driver.
DEBUG - 2026-08-13 08:38:25 --> Session: Class initialized using 'CodeIgniter\Session\Handlers\FileHandler' driver.
ERROR - 2026-08-13 08:38:25 --> Unknown column 'satuan.id' in 'on clause'
in SYSTEMPATH\Database\MySQLi\Connection.php on line 300.
 1 SYSTEMPATH\Database\MySQLi\Connection.php(300): mysqli->query('SELECT `temp_transaksi_servis`.*, `servis`.`jenis_servis`, `barang`.`nama_barng`, `satuan`.`nama_satuan`
FROM `temp_transaksi_servis`
LEFT JOIN `servis` ON `servis`.`kodeservis` = `temp_transaksi_servis`.`detserviskode`
LEFT JOIN `barang` ON `barang`.`kode` = `temp_transaksi_servis`.`detailbrgkode`
LEFT JOIN `satuan` ON `satuan`.`id` = `barang`.`satuanid`
WHERE `temp_transaksi_servis`.`session_id` = \'62a7016f6892d9032520491dd6b35857\'', 0)
 2 SYSTEMPATH\Database\BaseConnection.php(908): CodeIgniter\Database\MySQLi\Connection->execute('SELECT `temp_transaksi_servis`.*, `servis`.`jenis_servis`, `barang`.`nama_barng`, `satuan`.`nama_satuan`
FROM `temp_transaksi_servis`
LEFT JOIN `servis` ON `servis`.`kodeservis` = `temp_transaksi_servis`.`detserviskode`
LEFT JOIN `barang` ON `barang`.`kode` = `temp_transaksi_servis`.`detailbrgkode`
LEFT JOIN `satuan` ON `satuan`.`id` = `barang`.`satuanid`
WHERE `temp_transaksi_servis`.`session_id` = \'62a7016f6892d9032520491dd6b35857\'')
 3 SYSTEMPATH\Database\BaseConnection.php(825): CodeIgniter\Database\BaseConnection->simpleQuery('SELECT `temp_transaksi_servis`.*, `servis`.`jenis_servis`, `barang`.`nama_barng`, `satuan`.`nama_satuan`
FROM `temp_transaksi_servis`
LEFT JOIN `servis` ON `servis`.`kodeservis` = `temp_transaksi_servis`.`detserviskode`
LEFT JOIN `barang` ON `barang`.`kode` = `temp_transaksi_servis`.`detailbrgkode`
LEFT JOIN `satuan` ON `satuan`.`id` = `barang`.`satuanid`
WHERE `temp_transaksi_servis`.`session_id` = \'62a7016f6892d9032520491dd6b35857\'')
 4 SYSTEMPATH\Database\BaseBuilder.php(1659): CodeIgniter\Database\BaseConnection->query('SELECT `temp_transaksi_servis`.*, `servis`.`jenis_servis`, `barang`.`nama_barng`, `satuan`.`nama_satuan`
FROM `temp_transaksi_servis`
LEFT JOIN `servis` ON `servis`.`kodeservis` = `temp_transaksi_servis`.`detserviskode`
LEFT JOIN `barang` ON `barang`.`kode` = `temp_transaksi_servis`.`detailbrgkode`
LEFT JOIN `satuan` ON `satuan`.`id` = `barang`.`satuanid`
WHERE `temp_transaksi_servis`.`session_id` = :temp_transaksi_servis.session_id:', [...], false)
 5 SYSTEMPATH\Model.php(255): CodeIgniter\Database\BaseBuilder->get()
 6 SYSTEMPATH\BaseModel.php(676): CodeIgniter\Model->doFindAll(0, 0)
 7 APPPATH\Models\TempTransaksiServisModel.php(32): CodeIgniter\BaseModel->findAll()
 8 APPPATH\Controllers\TransaksiServis.php(97): App\Models\TempTransaksiServisModel->getTempWithInfo('62a7016f6892d9032520491dd6b35857')
 9 SYSTEMPATH\CodeIgniter.php(974): App\Controllers\TransaksiServis->getTemp()
10 SYSTEMPATH\CodeIgniter.php(520): CodeIgniter\CodeIgniter->runController(Object(App\Controllers\TransaksiServis))
11 SYSTEMPATH\CodeIgniter.php(363): CodeIgniter\CodeIgniter->handleRequest(null, Object(Config\Cache), false)
12 SYSTEMPATH\Boot.php(417): CodeIgniter\CodeIgniter->run()
13 SYSTEMPATH\Boot.php(68): CodeIgniter\Boot::runCodeIgniter(Object(CodeIgniter\CodeIgniter))
14 FCPATH\index.php(56): CodeIgniter\Boot::bootWeb(Object(Config\Paths))
15 SYSTEMPATH\rewrite.php(44): require_once('C:\\Users\\AKU BANGGA JADI IT 2\\Documents\\RafiChandra\\Codeigniter4\\bengkel-salsa-motor\\public\\index.php')
CRITICAL - 2026-08-13 08:38:25 --> CodeIgniter\Database\Exceptions\DatabaseException: Unknown column 'satuan.id' in 'on clause'
[Method: GET, Route: admin/transaksiservis/getTemp]
in SYSTEMPATH\Database\BaseConnection.php on line 863.
 1 SYSTEMPATH\Database\BaseBuilder.php(1659): CodeIgniter\Database\BaseConnection->query('SELECT `temp_transaksi_servis`.*, `servis`.`jenis_servis`, `barang`.`nama_barng`, `satuan`.`nama_satuan`
FROM `temp_transaksi_servis`
LEFT JOIN `servis` ON `servis`.`kodeservis` = `temp_transaksi_servis`.`detserviskode`
LEFT JOIN `barang` ON `barang`.`kode` = `temp_transaksi_servis`.`detailbrgkode`
LEFT JOIN `satuan` ON `satuan`.`id` = `barang`.`satuanid`
WHERE `temp_transaksi_servis`.`session_id` = :temp_transaksi_servis.session_id:', [...], false)
 2 SYSTEMPATH\Model.php(255): CodeIgniter\Database\BaseBuilder->get()
 3 SYSTEMPATH\BaseModel.php(676): CodeIgniter\Model->doFindAll(0, 0)
 4 APPPATH\Models\TempTransaksiServisModel.php(32): CodeIgniter\BaseModel->findAll()
 5 APPPATH\Controllers\TransaksiServis.php(97): App\Models\TempTransaksiServisModel->getTempWithInfo('62a7016f6892d9032520491dd6b35857')
 6 SYSTEMPATH\CodeIgniter.php(974): App\Controllers\TransaksiServis->getTemp()
 7 SYSTEMPATH\CodeIgniter.php(520): CodeIgniter\CodeIgniter->runController(Object(App\Controllers\TransaksiServis))
 8 SYSTEMPATH\CodeIgniter.php(363): CodeIgniter\CodeIgniter->handleRequest(null, Object(Config\Cache), false)
 9 SYSTEMPATH\Boot.php(417): CodeIgniter\CodeIgniter->run()
10 SYSTEMPATH\Boot.php(68): CodeIgniter\Boot::runCodeIgniter(Object(CodeIgniter\CodeIgniter))
11 FCPATH\index.php(56): CodeIgniter\Boot::bootWeb(Object(Config\Paths))
12 SYSTEMPATH\rewrite.php(44): require_once('C:\\Users\\AKU BANGGA JADI IT 2\\Documents\\RafiChandra\\Codeigniter4\\bengkel-salsa-motor\\public\\index.php')
CRITICAL - 2026-08-13 08:38:25 --> [Caused by] CodeIgniter\Database\Exceptions\DatabaseException: Unknown column 'satuan.id' in 'on clause'
in SYSTEMPATH\Database\MySQLi\Connection.php on line 310.
 1 SYSTEMPATH\Database\BaseConnection.php(908): CodeIgniter\Database\MySQLi\Connection->execute('SELECT `temp_transaksi_servis`.*, `servis`.`jenis_servis`, `barang`.`nama_barng`, `satuan`.`nama_satuan`
FROM `temp_transaksi_servis`
LEFT JOIN `servis` ON `servis`.`kodeservis` = `temp_transaksi_servis`.`detserviskode`
LEFT JOIN `barang` ON `barang`.`kode` = `temp_transaksi_servis`.`detailbrgkode`
LEFT JOIN `satuan` ON `satuan`.`id` = `barang`.`satuanid`
WHERE `temp_transaksi_servis`.`session_id` = \'62a7016f6892d9032520491dd6b35857\'')
 2 SYSTEMPATH\Database\BaseConnection.php(825): CodeIgniter\Database\BaseConnection->simpleQuery('SELECT `temp_transaksi_servis`.*, `servis`.`jenis_servis`, `barang`.`nama_barng`, `satuan`.`nama_satuan`
FROM `temp_transaksi_servis`
LEFT JOIN `servis` ON `servis`.`kodeservis` = `temp_transaksi_servis`.`detserviskode`
LEFT JOIN `barang` ON `barang`.`kode` = `temp_transaksi_servis`.`detailbrgkode`
LEFT JOIN `satuan` ON `satuan`.`id` = `barang`.`satuanid`
WHERE `temp_transaksi_servis`.`session_id` = \'62a7016f6892d9032520491dd6b35857\'')
 3 SYSTEMPATH\Database\BaseBuilder.php(1659): CodeIgniter\Database\BaseConnection->query('SELECT `temp_transaksi_servis`.*, `servis`.`jenis_servis`, `barang`.`nama_barng`, `satuan`.`nama_satuan`
FROM `temp_transaksi_servis`
LEFT JOIN `servis` ON `servis`.`kodeservis` = `temp_transaksi_servis`.`detserviskode`
LEFT JOIN `barang` ON `barang`.`kode` = `temp_transaksi_servis`.`detailbrgkode`
LEFT JOIN `satuan` ON `satuan`.`id` = `barang`.`satuanid`
WHERE `temp_transaksi_servis`.`session_id` = :temp_transaksi_servis.session_id:', [...], false)
 4 SYSTEMPATH\Model.php(255): CodeIgniter\Database\BaseBuilder->get()
 5 SYSTEMPATH\BaseModel.php(676): CodeIgniter\Model->doFindAll(0, 0)
 6 APPPATH\Models\TempTransaksiServisModel.php(32): CodeIgniter\BaseModel->findAll()
 7 APPPATH\Controllers\TransaksiServis.php(97): App\Models\TempTransaksiServisModel->getTempWithInfo('62a7016f6892d9032520491dd6b35857')
 8 SYSTEMPATH\CodeIgniter.php(974): App\Controllers\TransaksiServis->getTemp()
 9 SYSTEMPATH\CodeIgniter.php(520): CodeIgniter\CodeIgniter->runController(Object(App\Controllers\TransaksiServis))
10 SYSTEMPATH\CodeIgniter.php(363): CodeIgniter\CodeIgniter->handleRequest(null, Object(Config\Cache), false)
11 SYSTEMPATH\Boot.php(417): CodeIgniter\CodeIgniter->run()
12 SYSTEMPATH\Boot.php(68): CodeIgniter\Boot::runCodeIgniter(Object(CodeIgniter\CodeIgniter))
13 FCPATH\index.php(56): CodeIgniter\Boot::bootWeb(Object(Config\Paths))
14 SYSTEMPATH\rewrite.php(44): require_once('C:\\Users\\AKU BANGGA JADI IT 2\\Documents\\RafiChandra\\Codeigniter4\\bengkel-salsa-motor\\public\\index.php')
CRITICAL - 2026-08-13 08:38:25 --> [Caused by] mysqli_sql_exception: Unknown column 'satuan.id' in 'on clause'
in SYSTEMPATH\Database\MySQLi\Connection.php on line 300.
 1 SYSTEMPATH\Database\MySQLi\Connection.php(300): mysqli->query('SELECT `temp_transaksi_servis`.*, `servis`.`jenis_servis`, `barang`.`nama_barng`, `satuan`.`nama_satuan`
FROM `temp_transaksi_servis`
LEFT JOIN `servis` ON `servis`.`kodeservis` = `temp_transaksi_servis`.`detserviskode`
LEFT JOIN `barang` ON `barang`.`kode` = `temp_transaksi_servis`.`detailbrgkode`
LEFT JOIN `satuan` ON `satuan`.`id` = `barang`.`satuanid`
WHERE `temp_transaksi_servis`.`session_id` = \'62a7016f6892d9032520491dd6b35857\'', 0)
 2 SYSTEMPATH\Database\BaseConnection.php(908): CodeIgniter\Database\MySQLi\Connection->execute('SELECT `temp_transaksi_servis`.*, `servis`.`jenis_servis`, `barang`.`nama_barng`, `satuan`.`nama_satuan`
FROM `temp_transaksi_servis`
LEFT JOIN `servis` ON `servis`.`kodeservis` = `temp_transaksi_servis`.`detserviskode`
LEFT JOIN `barang` ON `barang`.`kode` = `temp_transaksi_servis`.`detailbrgkode`
LEFT JOIN `satuan` ON `satuan`.`id` = `barang`.`satuanid`
WHERE `temp_transaksi_servis`.`session_id` = \'62a7016f6892d9032520491dd6b35857\'')
 3 SYSTEMPATH\Database\BaseConnection.php(825): CodeIgniter\Database\BaseConnection->simpleQuery('SELECT `temp_transaksi_servis`.*, `servis`.`jenis_servis`, `barang`.`nama_barng`, `satuan`.`nama_satuan`
FROM `temp_transaksi_servis`
LEFT JOIN `servis` ON `servis`.`kodeservis` = `temp_transaksi_servis`.`detserviskode`
LEFT JOIN `barang` ON `barang`.`kode` = `temp_transaksi_servis`.`detailbrgkode`
LEFT JOIN `satuan` ON `satuan`.`id` = `barang`.`satuanid`
WHERE `temp_transaksi_servis`.`session_id` = \'62a7016f6892d9032520491dd6b35857\'')
 4 SYSTEMPATH\Database\BaseBuilder.php(1659): CodeIgniter\Database\BaseConnection->query('SELECT `temp_transaksi_servis`.*, `servis`.`jenis_servis`, `barang`.`nama_barng`, `satuan`.`nama_satuan`
FROM `temp_transaksi_servis`
LEFT JOIN `servis` ON `servis`.`kodeservis` = `temp_transaksi_servis`.`detserviskode`
LEFT JOIN `barang` ON `barang`.`kode` = `temp_transaksi_servis`.`detailbrgkode`
LEFT JOIN `satuan` ON `satuan`.`id` = `barang`.`satuanid`
WHERE `temp_transaksi_servis`.`session_id` = :temp_transaksi_servis.session_id:', [...], false)
 5 SYSTEMPATH\Model.php(255): CodeIgniter\Database\BaseBuilder->get()
 6 SYSTEMPATH\BaseModel.php(676): CodeIgniter\Model->doFindAll(0, 0)
 7 APPPATH\Models\TempTransaksiServisModel.php(32): CodeIgniter\BaseModel->findAll()
 8 APPPATH\Controllers\TransaksiServis.php(97): App\Models\TempTransaksiServisModel->getTempWithInfo('62a7016f6892d9032520491dd6b35857')
 9 SYSTEMPATH\CodeIgniter.php(974): App\Controllers\TransaksiServis->getTemp()
10 SYSTEMPATH\CodeIgniter.php(520): CodeIgniter\CodeIgniter->runController(Object(App\Controllers\TransaksiServis))
11 SYSTEMPATH\CodeIgniter.php(363): CodeIgniter\CodeIgniter->handleRequest(null, Object(Config\Cache), false)
12 SYSTEMPATH\Boot.php(417): CodeIgniter\CodeIgniter->run()
13 SYSTEMPATH\Boot.php(68): CodeIgniter\Boot::runCodeIgniter(Object(CodeIgniter\CodeIgniter))
14 FCPATH\index.php(56): CodeIgniter\Boot::bootWeb(Object(Config\Paths))
15 SYSTEMPATH\rewrite.php(44): require_once('C:\\Users\\AKU BANGGA JADI IT 2\\Documents\\RafiChandra\\Codeigniter4\\bengkel-salsa-motor\\public\\index.php')
DEBUG - 2026-08-13 08:40:01 --> Session: Class initialized using 'CodeIgniter\Session\Handlers\FileHandler' driver.
DEBUG - 2026-08-13 08:40:16 --> Session: Class initialized using 'CodeIgniter\Session\Handlers\FileHandler' driver.
DEBUG - 2026-08-13 08:40:17 --> Session: Class initialized using 'CodeIgniter\Session\Handlers\FileHandler' driver.
DEBUG - 2026-08-13 08:40:18 --> Session: Class initialized using 'CodeIgniter\Session\Handlers\FileHandler' driver.
ERROR - 2026-08-13 08:40:18 --> Unknown column 'satuan.id' in 'on clause'
in SYSTEMPATH\Database\MySQLi\Connection.php on line 300.
 1 SYSTEMPATH\Database\MySQLi\Connection.php(300): mysqli->query('SELECT `temp_transaksi_servis`.*, `servis`.`jenis_servis`, `barang`.`nama_barng`, `satuan`.`nama_satuan`
FROM `temp_transaksi_servis`
LEFT JOIN `servis` ON `servis`.`kodeservis` = `temp_transaksi_servis`.`detserviskode`
LEFT JOIN `barang` ON `barang`.`kode` = `temp_transaksi_servis`.`detailbrgkode`
LEFT JOIN `satuan` ON `satuan`.`id` = `barang`.`satuanid`
WHERE `temp_transaksi_servis`.`session_id` = \'62a7016f6892d9032520491dd6b35857\'', 0)
 2 SYSTEMPATH\Database\BaseConnection.php(908): CodeIgniter\Database\MySQLi\Connection->execute('SELECT `temp_transaksi_servis`.*, `servis`.`jenis_servis`, `barang`.`nama_barng`, `satuan`.`nama_satuan`
FROM `temp_transaksi_servis`
LEFT JOIN `servis` ON `servis`.`kodeservis` = `temp_transaksi_servis`.`detserviskode`
LEFT JOIN `barang` ON `barang`.`kode` = `temp_transaksi_servis`.`detailbrgkode`
LEFT JOIN `satuan` ON `satuan`.`id` = `barang`.`satuanid`
WHERE `temp_transaksi_servis`.`session_id` = \'62a7016f6892d9032520491dd6b35857\'')
 3 SYSTEMPATH\Database\BaseConnection.php(825): CodeIgniter\Database\BaseConnection->simpleQuery('SELECT `temp_transaksi_servis`.*, `servis`.`jenis_servis`, `barang`.`nama_barng`, `satuan`.`nama_satuan`
FROM `temp_transaksi_servis`
LEFT JOIN `servis` ON `servis`.`kodeservis` = `temp_transaksi_servis`.`detserviskode`
LEFT JOIN `barang` ON `barang`.`kode` = `temp_transaksi_servis`.`detailbrgkode`
LEFT JOIN `satuan` ON `satuan`.`id` = `barang`.`satuanid`
WHERE `temp_transaksi_servis`.`session_id` = \'62a7016f6892d9032520491dd6b35857\'')
 4 SYSTEMPATH\Database\BaseBuilder.php(1659): CodeIgniter\Database\BaseConnection->query('SELECT `temp_transaksi_servis`.*, `servis`.`jenis_servis`, `barang`.`nama_barng`, `satuan`.`nama_satuan`
FROM `temp_transaksi_servis`
LEFT JOIN `servis` ON `servis`.`kodeservis` = `temp_transaksi_servis`.`detserviskode`
LEFT JOIN `barang` ON `barang`.`kode` = `temp_transaksi_servis`.`detailbrgkode`
LEFT JOIN `satuan` ON `satuan`.`id` = `barang`.`satuanid`
WHERE `temp_transaksi_servis`.`session_id` = :temp_transaksi_servis.session_id:', [...], false)
 5 SYSTEMPATH\Model.php(255): CodeIgniter\Database\BaseBuilder->get()
 6 SYSTEMPATH\BaseModel.php(676): CodeIgniter\Model->doFindAll(0, 0)
 7 APPPATH\Models\TempTransaksiServisModel.php(32): CodeIgniter\BaseModel->findAll()
 8 APPPATH\Controllers\TransaksiServis.php(97): App\Models\TempTransaksiServisModel->getTempWithInfo('62a7016f6892d9032520491dd6b35857')
 9 SYSTEMPATH\CodeIgniter.php(974): App\Controllers\TransaksiServis->getTemp()
10 SYSTEMPATH\CodeIgniter.php(520): CodeIgniter\CodeIgniter->runController(Object(App\Controllers\TransaksiServis))
11 SYSTEMPATH\CodeIgniter.php(363): CodeIgniter\CodeIgniter->handleRequest(null, Object(Config\Cache), false)
12 SYSTEMPATH\Boot.php(417): CodeIgniter\CodeIgniter->run()
13 SYSTEMPATH\Boot.php(68): CodeIgniter\Boot::runCodeIgniter(Object(CodeIgniter\CodeIgniter))
14 FCPATH\index.php(56): CodeIgniter\Boot::bootWeb(Object(Config\Paths))
15 SYSTEMPATH\rewrite.php(44): require_once('C:\\Users\\AKU BANGGA JADI IT 2\\Documents\\RafiChandra\\Codeigniter4\\bengkel-salsa-motor\\public\\index.php')
CRITICAL - 2026-08-13 08:40:18 --> CodeIgniter\Database\Exceptions\DatabaseException: Unknown column 'satuan.id' in 'on clause'
[Method: GET, Route: admin/transaksiservis/getTemp]
in SYSTEMPATH\Database\BaseConnection.php on line 863.
 1 SYSTEMPATH\Database\BaseBuilder.php(1659): CodeIgniter\Database\BaseConnection->query('SELECT `temp_transaksi_servis`.*, `servis`.`jenis_servis`, `barang`.`nama_barng`, `satuan`.`nama_satuan`
FROM `temp_transaksi_servis`
LEFT JOIN `servis` ON `servis`.`kodeservis` = `temp_transaksi_servis`.`detserviskode`
LEFT JOIN `barang` ON `barang`.`kode` = `temp_transaksi_servis`.`detailbrgkode`
LEFT JOIN `satuan` ON `satuan`.`id` = `barang`.`satuanid`
WHERE `temp_transaksi_servis`.`session_id` = :temp_transaksi_servis.session_id:', [...], false)
 2 SYSTEMPATH\Model.php(255): CodeIgniter\Database\BaseBuilder->get()
 3 SYSTEMPATH\BaseModel.php(676): CodeIgniter\Model->doFindAll(0, 0)
 4 APPPATH\Models\TempTransaksiServisModel.php(32): CodeIgniter\BaseModel->findAll()
 5 APPPATH\Controllers\TransaksiServis.php(97): App\Models\TempTransaksiServisModel->getTempWithInfo('62a7016f6892d9032520491dd6b35857')
 6 SYSTEMPATH\CodeIgniter.php(974): App\Controllers\TransaksiServis->getTemp()
 7 SYSTEMPATH\CodeIgniter.php(520): CodeIgniter\CodeIgniter->runController(Object(App\Controllers\TransaksiServis))
 8 SYSTEMPATH\CodeIgniter.php(363): CodeIgniter\CodeIgniter->handleRequest(null, Object(Config\Cache), false)
 9 SYSTEMPATH\Boot.php(417): CodeIgniter\CodeIgniter->run()
10 SYSTEMPATH\Boot.php(68): CodeIgniter\Boot::runCodeIgniter(Object(CodeIgniter\CodeIgniter))
11 FCPATH\index.php(56): CodeIgniter\Boot::bootWeb(Object(Config\Paths))
12 SYSTEMPATH\rewrite.php(44): require_once('C:\\Users\\AKU BANGGA JADI IT 2\\Documents\\RafiChandra\\Codeigniter4\\bengkel-salsa-motor\\public\\index.php')
CRITICAL - 2026-08-13 08:40:18 --> [Caused by] CodeIgniter\Database\Exceptions\DatabaseException: Unknown column 'satuan.id' in 'on clause'
in SYSTEMPATH\Database\MySQLi\Connection.php on line 310.
 1 SYSTEMPATH\Database\BaseConnection.php(908): CodeIgniter\Database\MySQLi\Connection->execute('SELECT `temp_transaksi_servis`.*, `servis`.`jenis_servis`, `barang`.`nama_barng`, `satuan`.`nama_satuan`
FROM `temp_transaksi_servis`
LEFT JOIN `servis` ON `servis`.`kodeservis` = `temp_transaksi_servis`.`detserviskode`
LEFT JOIN `barang` ON `barang`.`kode` = `temp_transaksi_servis`.`detailbrgkode`
LEFT JOIN `satuan` ON `satuan`.`id` = `barang`.`satuanid`
WHERE `temp_transaksi_servis`.`session_id` = \'62a7016f6892d9032520491dd6b35857\'')
 2 SYSTEMPATH\Database\BaseConnection.php(825): CodeIgniter\Database\BaseConnection->simpleQuery('SELECT `temp_transaksi_servis`.*, `servis`.`jenis_servis`, `barang`.`nama_barng`, `satuan`.`nama_satuan`
FROM `temp_transaksi_servis`
LEFT JOIN `servis` ON `servis`.`kodeservis` = `temp_transaksi_servis`.`detserviskode`
LEFT JOIN `barang` ON `barang`.`kode` = `temp_transaksi_servis`.`detailbrgkode`
LEFT JOIN `satuan` ON `satuan`.`id` = `barang`.`satuanid`
WHERE `temp_transaksi_servis`.`session_id` = \'62a7016f6892d9032520491dd6b35857\'')
 3 SYSTEMPATH\Database\BaseBuilder.php(1659): CodeIgniter\Database\BaseConnection->query('SELECT `temp_transaksi_servis`.*, `servis`.`jenis_servis`, `barang`.`nama_barng`, `satuan`.`nama_satuan`
FROM `temp_transaksi_servis`
LEFT JOIN `servis` ON `servis`.`kodeservis` = `temp_transaksi_servis`.`detserviskode`
LEFT JOIN `barang` ON `barang`.`kode` = `temp_transaksi_servis`.`detailbrgkode`
LEFT JOIN `satuan` ON `satuan`.`id` = `barang`.`satuanid`
WHERE `temp_transaksi_servis`.`session_id` = :temp_transaksi_servis.session_id:', [...], false)
 4 SYSTEMPATH\Model.php(255): CodeIgniter\Database\BaseBuilder->get()
 5 SYSTEMPATH\BaseModel.php(676): CodeIgniter\Model->doFindAll(0, 0)
 6 APPPATH\Models\TempTransaksiServisModel.php(32): CodeIgniter\BaseModel->findAll()
 7 APPPATH\Controllers\TransaksiServis.php(97): App\Models\TempTransaksiServisModel->getTempWithInfo('62a7016f6892d9032520491dd6b35857')
 8 SYSTEMPATH\CodeIgniter.php(974): App\Controllers\TransaksiServis->getTemp()
 9 SYSTEMPATH\CodeIgniter.php(520): CodeIgniter\CodeIgniter->runController(Object(App\Controllers\TransaksiServis))
10 SYSTEMPATH\CodeIgniter.php(363): CodeIgniter\CodeIgniter->handleRequest(null, Object(Config\Cache), false)
11 SYSTEMPATH\Boot.php(417): CodeIgniter\CodeIgniter->run()
12 SYSTEMPATH\Boot.php(68): CodeIgniter\Boot::runCodeIgniter(Object(CodeIgniter\CodeIgniter))
13 FCPATH\index.php(56): CodeIgniter\Boot::bootWeb(Object(Config\Paths))
14 SYSTEMPATH\rewrite.php(44): require_once('C:\\Users\\AKU BANGGA JADI IT 2\\Documents\\RafiChandra\\Codeigniter4\\bengkel-salsa-motor\\public\\index.php')
CRITICAL - 2026-08-13 08:40:18 --> [Caused by] mysqli_sql_exception: Unknown column 'satuan.id' in 'on clause'
in SYSTEMPATH\Database\MySQLi\Connection.php on line 300.
 1 SYSTEMPATH\Database\MySQLi\Connection.php(300): mysqli->query('SELECT `temp_transaksi_servis`.*, `servis`.`jenis_servis`, `barang`.`nama_barng`, `satuan`.`nama_satuan`
FROM `temp_transaksi_servis`
LEFT JOIN `servis` ON `servis`.`kodeservis` = `temp_transaksi_servis`.`detserviskode`
LEFT JOIN `barang` ON `barang`.`kode` = `temp_transaksi_servis`.`detailbrgkode`
LEFT JOIN `satuan` ON `satuan`.`id` = `barang`.`satuanid`
WHERE `temp_transaksi_servis`.`session_id` = \'62a7016f6892d9032520491dd6b35857\'', 0)
 2 SYSTEMPATH\Database\BaseConnection.php(908): CodeIgniter\Database\MySQLi\Connection->execute('SELECT `temp_transaksi_servis`.*, `servis`.`jenis_servis`, `barang`.`nama_barng`, `satuan`.`nama_satuan`
FROM `temp_transaksi_servis`
LEFT JOIN `servis` ON `servis`.`kodeservis` = `temp_transaksi_servis`.`detserviskode`
LEFT JOIN `barang` ON `barang`.`kode` = `temp_transaksi_servis`.`detailbrgkode`
LEFT JOIN `satuan` ON `satuan`.`id` = `barang`.`satuanid`
WHERE `temp_transaksi_servis`.`session_id` = \'62a7016f6892d9032520491dd6b35857\'')
 3 SYSTEMPATH\Database\BaseConnection.php(825): CodeIgniter\Database\BaseConnection->simpleQuery('SELECT `temp_transaksi_servis`.*, `servis`.`jenis_servis`, `barang`.`nama_barng`, `satuan`.`nama_satuan`
FROM `temp_transaksi_servis`
LEFT JOIN `servis` ON `servis`.`kodeservis` = `temp_transaksi_servis`.`detserviskode`
LEFT JOIN `barang` ON `barang`.`kode` = `temp_transaksi_servis`.`detailbrgkode`
LEFT JOIN `satuan` ON `satuan`.`id` = `barang`.`satuanid`
WHERE `temp_transaksi_servis`.`session_id` = \'62a7016f6892d9032520491dd6b35857\'')
 4 SYSTEMPATH\Database\BaseBuilder.php(1659): CodeIgniter\Database\BaseConnection->query('SELECT `temp_transaksi_servis`.*, `servis`.`jenis_servis`, `barang`.`nama_barng`, `satuan`.`nama_satuan`
FROM `temp_transaksi_servis`
LEFT JOIN `servis` ON `servis`.`kodeservis` = `temp_transaksi_servis`.`detserviskode`
LEFT JOIN `barang` ON `barang`.`kode` = `temp_transaksi_servis`.`detailbrgkode`
LEFT JOIN `satuan` ON `satuan`.`id` = `barang`.`satuanid`
WHERE `temp_transaksi_servis`.`session_id` = :temp_transaksi_servis.session_id:', [...], false)
 5 SYSTEMPATH\Model.php(255): CodeIgniter\Database\BaseBuilder->get()
 6 SYSTEMPATH\BaseModel.php(676): CodeIgniter\Model->doFindAll(0, 0)
 7 APPPATH\Models\TempTransaksiServisModel.php(32): CodeIgniter\BaseModel->findAll()
 8 APPPATH\Controllers\TransaksiServis.php(97): App\Models\TempTransaksiServisModel->getTempWithInfo('62a7016f6892d9032520491dd6b35857')
 9 SYSTEMPATH\CodeIgniter.php(974): App\Controllers\TransaksiServis->getTemp()
10 SYSTEMPATH\CodeIgniter.php(520): CodeIgniter\CodeIgniter->runController(Object(App\Controllers\TransaksiServis))
11 SYSTEMPATH\CodeIgniter.php(363): CodeIgniter\CodeIgniter->handleRequest(null, Object(Config\Cache), false)
12 SYSTEMPATH\Boot.php(417): CodeIgniter\CodeIgniter->run()
13 SYSTEMPATH\Boot.php(68): CodeIgniter\Boot::runCodeIgniter(Object(CodeIgniter\CodeIgniter))
14 FCPATH\index.php(56): CodeIgniter\Boot::bootWeb(Object(Config\Paths))
15 SYSTEMPATH\rewrite.php(44): require_once('C:\\Users\\AKU BANGGA JADI IT 2\\Documents\\RafiChandra\\Codeigniter4\\bengkel-salsa-motor\\public\\index.php')
DEBUG - 2026-08-13 08:40:30 --> Session: Class initialized using 'CodeIgniter\Session\Handlers\FileHandler' driver.
DEBUG - 2026-08-13 08:40:31 --> Session: Class initialized using 'CodeIgniter\Session\Handlers\FileHandler' driver.
DEBUG - 2026-08-13 08:40:31 --> Session: Class initialized using 'CodeIgniter\Session\Handlers\FileHandler' driver.
DEBUG - 2026-08-13 08:40:32 --> Session: Class initialized using 'CodeIgniter\Session\Handlers\FileHandler' driver.
DEBUG - 2026-08-13 08:40:47 --> Session: Class initialized using 'CodeIgniter\Session\Handlers\FileHandler' driver.
DEBUG - 2026-08-13 08:40:47 --> Session: Class initialized using 'CodeIgniter\Session\Handlers\FileHandler' driver.
ERROR - 2026-08-13 08:40:47 --> Unknown column 'satuan.id' in 'on clause'
in SYSTEMPATH\Database\MySQLi\Connection.php on line 300.
 1 SYSTEMPATH\Database\MySQLi\Connection.php(300): mysqli->query('SELECT `temp_transaksi_servis`.*, `servis`.`jenis_servis`, `barang`.`nama_barng`, `satuan`.`nama_satuan`
FROM `temp_transaksi_servis`
LEFT JOIN `servis` ON `servis`.`kodeservis` = `temp_transaksi_servis`.`detserviskode`
LEFT JOIN `barang` ON `barang`.`kode` = `temp_transaksi_servis`.`detailbrgkode`
LEFT JOIN `satuan` ON `satuan`.`id` = `barang`.`satuanid`
WHERE `temp_transaksi_servis`.`session_id` = \'62a7016f6892d9032520491dd6b35857\'', 0)
 2 SYSTEMPATH\Database\BaseConnection.php(908): CodeIgniter\Database\MySQLi\Connection->execute('SELECT `temp_transaksi_servis`.*, `servis`.`jenis_servis`, `barang`.`nama_barng`, `satuan`.`nama_satuan`
FROM `temp_transaksi_servis`
LEFT JOIN `servis` ON `servis`.`kodeservis` = `temp_transaksi_servis`.`detserviskode`
LEFT JOIN `barang` ON `barang`.`kode` = `temp_transaksi_servis`.`detailbrgkode`
LEFT JOIN `satuan` ON `satuan`.`id` = `barang`.`satuanid`
WHERE `temp_transaksi_servis`.`session_id` = \'62a7016f6892d9032520491dd6b35857\'')
 3 SYSTEMPATH\Database\BaseConnection.php(825): CodeIgniter\Database\BaseConnection->simpleQuery('SELECT `temp_transaksi_servis`.*, `servis`.`jenis_servis`, `barang`.`nama_barng`, `satuan`.`nama_satuan`
FROM `temp_transaksi_servis`
LEFT JOIN `servis` ON `servis`.`kodeservis` = `temp_transaksi_servis`.`detserviskode`
LEFT JOIN `barang` ON `barang`.`kode` = `temp_transaksi_servis`.`detailbrgkode`
LEFT JOIN `satuan` ON `satuan`.`id` = `barang`.`satuanid`
WHERE `temp_transaksi_servis`.`session_id` = \'62a7016f6892d9032520491dd6b35857\'')
 4 SYSTEMPATH\Database\BaseBuilder.php(1659): CodeIgniter\Database\BaseConnection->query('SELECT `temp_transaksi_servis`.*, `servis`.`jenis_servis`, `barang`.`nama_barng`, `satuan`.`nama_satuan`
FROM `temp_transaksi_servis`
LEFT JOIN `servis` ON `servis`.`kodeservis` = `temp_transaksi_servis`.`detserviskode`
LEFT JOIN `barang` ON `barang`.`kode` = `temp_transaksi_servis`.`detailbrgkode`
LEFT JOIN `satuan` ON `satuan`.`id` = `barang`.`satuanid`
WHERE `temp_transaksi_servis`.`session_id` = :temp_transaksi_servis.session_id:', [...], false)
 5 SYSTEMPATH\Model.php(255): CodeIgniter\Database\BaseBuilder->get()
 6 SYSTEMPATH\BaseModel.php(676): CodeIgniter\Model->doFindAll(0, 0)
 7 APPPATH\Models\TempTransaksiServisModel.php(32): CodeIgniter\BaseModel->findAll()
 8 APPPATH\Controllers\TransaksiServis.php(97): App\Models\TempTransaksiServisModel->getTempWithInfo('62a7016f6892d9032520491dd6b35857')
 9 SYSTEMPATH\CodeIgniter.php(974): App\Controllers\TransaksiServis->getTemp()
10 SYSTEMPATH\CodeIgniter.php(520): CodeIgniter\CodeIgniter->runController(Object(App\Controllers\TransaksiServis))
11 SYSTEMPATH\CodeIgniter.php(363): CodeIgniter\CodeIgniter->handleRequest(null, Object(Config\Cache), false)
12 SYSTEMPATH\Boot.php(417): CodeIgniter\CodeIgniter->run()
13 SYSTEMPATH\Boot.php(68): CodeIgniter\Boot::runCodeIgniter(Object(CodeIgniter\CodeIgniter))
14 FCPATH\index.php(56): CodeIgniter\Boot::bootWeb(Object(Config\Paths))
15 SYSTEMPATH\rewrite.php(44): require_once('C:\\Users\\AKU BANGGA JADI IT 2\\Documents\\RafiChandra\\Codeigniter4\\bengkel-salsa-motor\\public\\index.php')
CRITICAL - 2026-08-13 08:40:47 --> CodeIgniter\Database\Exceptions\DatabaseException: Unknown column 'satuan.id' in 'on clause'
[Method: GET, Route: admin/transaksiservis/getTemp]
in SYSTEMPATH\Database\BaseConnection.php on line 863.
 1 SYSTEMPATH\Database\BaseBuilder.php(1659): CodeIgniter\Database\BaseConnection->query('SELECT `temp_transaksi_servis`.*, `servis`.`jenis_servis`, `barang`.`nama_barng`, `satuan`.`nama_satuan`
FROM `temp_transaksi_servis`
LEFT JOIN `servis` ON `servis`.`kodeservis` = `temp_transaksi_servis`.`detserviskode`
LEFT JOIN `barang` ON `barang`.`kode` = `temp_transaksi_servis`.`detailbrgkode`
LEFT JOIN `satuan` ON `satuan`.`id` = `barang`.`satuanid`
WHERE `temp_transaksi_servis`.`session_id` = :temp_transaksi_servis.session_id:', [...], false)
 2 SYSTEMPATH\Model.php(255): CodeIgniter\Database\BaseBuilder->get()
 3 SYSTEMPATH\BaseModel.php(676): CodeIgniter\Model->doFindAll(0, 0)
 4 APPPATH\Models\TempTransaksiServisModel.php(32): CodeIgniter\BaseModel->findAll()
 5 APPPATH\Controllers\TransaksiServis.php(97): App\Models\TempTransaksiServisModel->getTempWithInfo('62a7016f6892d9032520491dd6b35857')
 6 SYSTEMPATH\CodeIgniter.php(974): App\Controllers\TransaksiServis->getTemp()
 7 SYSTEMPATH\CodeIgniter.php(520): CodeIgniter\CodeIgniter->runController(Object(App\Controllers\TransaksiServis))
 8 SYSTEMPATH\CodeIgniter.php(363): CodeIgniter\CodeIgniter->handleRequest(null, Object(Config\Cache), false)
 9 SYSTEMPATH\Boot.php(417): CodeIgniter\CodeIgniter->run()
10 SYSTEMPATH\Boot.php(68): CodeIgniter\Boot::runCodeIgniter(Object(CodeIgniter\CodeIgniter))
11 FCPATH\index.php(56): CodeIgniter\Boot::bootWeb(Object(Config\Paths))
12 SYSTEMPATH\rewrite.php(44): require_once('C:\\Users\\AKU BANGGA JADI IT 2\\Documents\\RafiChandra\\Codeigniter4\\bengkel-salsa-motor\\public\\index.php')
CRITICAL - 2026-08-13 08:40:47 --> [Caused by] CodeIgniter\Database\Exceptions\DatabaseException: Unknown column 'satuan.id' in 'on clause'
in SYSTEMPATH\Database\MySQLi\Connection.php on line 310.
 1 SYSTEMPATH\Database\BaseConnection.php(908): CodeIgniter\Database\MySQLi\Connection->execute('SELECT `temp_transaksi_servis`.*, `servis`.`jenis_servis`, `barang`.`nama_barng`, `satuan`.`nama_satuan`
FROM `temp_transaksi_servis`
LEFT JOIN `servis` ON `servis`.`kodeservis` = `temp_transaksi_servis`.`detserviskode`
LEFT JOIN `barang` ON `barang`.`kode` = `temp_transaksi_servis`.`detailbrgkode`
LEFT JOIN `satuan` ON `satuan`.`id` = `barang`.`satuanid`
WHERE `temp_transaksi_servis`.`session_id` = \'62a7016f6892d9032520491dd6b35857\'')
 2 SYSTEMPATH\Database\BaseConnection.php(825): CodeIgniter\Database\BaseConnection->simpleQuery('SELECT `temp_transaksi_servis`.*, `servis`.`jenis_servis`, `barang`.`nama_barng`, `satuan`.`nama_satuan`
FROM `temp_transaksi_servis`
LEFT JOIN `servis` ON `servis`.`kodeservis` = `temp_transaksi_servis`.`detserviskode`
LEFT JOIN `barang` ON `barang`.`kode` = `temp_transaksi_servis`.`detailbrgkode`
LEFT JOIN `satuan` ON `satuan`.`id` = `barang`.`satuanid`
WHERE `temp_transaksi_servis`.`session_id` = \'62a7016f6892d9032520491dd6b35857\'')
 3 SYSTEMPATH\Database\BaseBuilder.php(1659): CodeIgniter\Database\BaseConnection->query('SELECT `temp_transaksi_servis`.*, `servis`.`jenis_servis`, `barang`.`nama_barng`, `satuan`.`nama_satuan`
FROM `temp_transaksi_servis`
LEFT JOIN `servis` ON `servis`.`kodeservis` = `temp_transaksi_servis`.`detserviskode`
LEFT JOIN `barang` ON `barang`.`kode` = `temp_transaksi_servis`.`detailbrgkode`
LEFT JOIN `satuan` ON `satuan`.`id` = `barang`.`satuanid`
WHERE `temp_transaksi_servis`.`session_id` = :temp_transaksi_servis.session_id:', [...], false)
 4 SYSTEMPATH\Model.php(255): CodeIgniter\Database\BaseBuilder->get()
 5 SYSTEMPATH\BaseModel.php(676): CodeIgniter\Model->doFindAll(0, 0)
 6 APPPATH\Models\TempTransaksiServisModel.php(32): CodeIgniter\BaseModel->findAll()
 7 APPPATH\Controllers\TransaksiServis.php(97): App\Models\TempTransaksiServisModel->getTempWithInfo('62a7016f6892d9032520491dd6b35857')
 8 SYSTEMPATH\CodeIgniter.php(974): App\Controllers\TransaksiServis->getTemp()
 9 SYSTEMPATH\CodeIgniter.php(520): CodeIgniter\CodeIgniter->runController(Object(App\Controllers\TransaksiServis))
10 SYSTEMPATH\CodeIgniter.php(363): CodeIgniter\CodeIgniter->handleRequest(null, Object(Config\Cache), false)
11 SYSTEMPATH\Boot.php(417): CodeIgniter\CodeIgniter->run()
12 SYSTEMPATH\Boot.php(68): CodeIgniter\Boot::runCodeIgniter(Object(CodeIgniter\CodeIgniter))
13 FCPATH\index.php(56): CodeIgniter\Boot::bootWeb(Object(Config\Paths))
14 SYSTEMPATH\rewrite.php(44): require_once('C:\\Users\\AKU BANGGA JADI IT 2\\Documents\\RafiChandra\\Codeigniter4\\bengkel-salsa-motor\\public\\index.php')
CRITICAL - 2026-08-13 08:40:47 --> [Caused by] mysqli_sql_exception: Unknown column 'satuan.id' in 'on clause'
in SYSTEMPATH\Database\MySQLi\Connection.php on line 300.
 1 SYSTEMPATH\Database\MySQLi\Connection.php(300): mysqli->query('SELECT `temp_transaksi_servis`.*, `servis`.`jenis_servis`, `barang`.`nama_barng`, `satuan`.`nama_satuan`
FROM `temp_transaksi_servis`
LEFT JOIN `servis` ON `servis`.`kodeservis` = `temp_transaksi_servis`.`detserviskode`
LEFT JOIN `barang` ON `barang`.`kode` = `temp_transaksi_servis`.`detailbrgkode`
LEFT JOIN `satuan` ON `satuan`.`id` = `barang`.`satuanid`
WHERE `temp_transaksi_servis`.`session_id` = \'62a7016f6892d9032520491dd6b35857\'', 0)
 2 SYSTEMPATH\Database\BaseConnection.php(908): CodeIgniter\Database\MySQLi\Connection->execute('SELECT `temp_transaksi_servis`.*, `servis`.`jenis_servis`, `barang`.`nama_barng`, `satuan`.`nama_satuan`
FROM `temp_transaksi_servis`
LEFT JOIN `servis` ON `servis`.`kodeservis` = `temp_transaksi_servis`.`detserviskode`
LEFT JOIN `barang` ON `barang`.`kode` = `temp_transaksi_servis`.`detailbrgkode`
LEFT JOIN `satuan` ON `satuan`.`id` = `barang`.`satuanid`
WHERE `temp_transaksi_servis`.`session_id` = \'62a7016f6892d9032520491dd6b35857\'')
 3 SYSTEMPATH\Database\BaseConnection.php(825): CodeIgniter\Database\BaseConnection->simpleQuery('SELECT `temp_transaksi_servis`.*, `servis`.`jenis_servis`, `barang`.`nama_barng`, `satuan`.`nama_satuan`
FROM `temp_transaksi_servis`
LEFT JOIN `servis` ON `servis`.`kodeservis` = `temp_transaksi_servis`.`detserviskode`
LEFT JOIN `barang` ON `barang`.`kode` = `temp_transaksi_servis`.`detailbrgkode`
LEFT JOIN `satuan` ON `satuan`.`id` = `barang`.`satuanid`
WHERE `temp_transaksi_servis`.`session_id` = \'62a7016f6892d9032520491dd6b35857\'')
 4 SYSTEMPATH\Database\BaseBuilder.php(1659): CodeIgniter\Database\BaseConnection->query('SELECT `temp_transaksi_servis`.*, `servis`.`jenis_servis`, `barang`.`nama_barng`, `satuan`.`nama_satuan`
FROM `temp_transaksi_servis`
LEFT JOIN `servis` ON `servis`.`kodeservis` = `temp_transaksi_servis`.`detserviskode`
LEFT JOIN `barang` ON `barang`.`kode` = `temp_transaksi_servis`.`detailbrgkode`
LEFT JOIN `satuan` ON `satuan`.`id` = `barang`.`satuanid`
WHERE `temp_transaksi_servis`.`session_id` = :temp_transaksi_servis.session_id:', [...], false)
 5 SYSTEMPATH\Model.php(255): CodeIgniter\Database\BaseBuilder->get()
 6 SYSTEMPATH\BaseModel.php(676): CodeIgniter\Model->doFindAll(0, 0)
 7 APPPATH\Models\TempTransaksiServisModel.php(32): CodeIgniter\BaseModel->findAll()
 8 APPPATH\Controllers\TransaksiServis.php(97): App\Models\TempTransaksiServisModel->getTempWithInfo('62a7016f6892d9032520491dd6b35857')
 9 SYSTEMPATH\CodeIgniter.php(974): App\Controllers\TransaksiServis->getTemp()
10 SYSTEMPATH\CodeIgniter.php(520): CodeIgniter\CodeIgniter->runController(Object(App\Controllers\TransaksiServis))
11 SYSTEMPATH\CodeIgniter.php(363): CodeIgniter\CodeIgniter->handleRequest(null, Object(Config\Cache), false)
12 SYSTEMPATH\Boot.php(417): CodeIgniter\CodeIgniter->run()
13 SYSTEMPATH\Boot.php(68): CodeIgniter\Boot::runCodeIgniter(Object(CodeIgniter\CodeIgniter))
14 FCPATH\index.php(56): CodeIgniter\Boot::bootWeb(Object(Config\Paths))
15 SYSTEMPATH\rewrite.php(44): require_once('C:\\Users\\AKU BANGGA JADI IT 2\\Documents\\RafiChandra\\Codeigniter4\\bengkel-salsa-motor\\public\\index.php')
DEBUG - 2026-08-13 08:42:01 --> Session: Class initialized using 'CodeIgniter\Session\Handlers\FileHandler' driver.
DEBUG - 2026-08-13 08:42:01 --> Session: Class initialized using 'CodeIgniter\Session\Handlers\FileHandler' driver.
ERROR - 2026-08-13 08:42:01 --> Unknown column 'satuan.id' in 'on clause'
in SYSTEMPATH\Database\MySQLi\Connection.php on line 300.
 1 SYSTEMPATH\Database\MySQLi\Connection.php(300): mysqli->query('SELECT `temp_transaksi_servis`.*, `servis`.`jenis_servis`, `barang`.`nama_barng`, `satuan`.`nama_satuan`
FROM `temp_transaksi_servis`
LEFT JOIN `servis` ON `servis`.`kodeservis` = `temp_transaksi_servis`.`detserviskode`
LEFT JOIN `barang` ON `barang`.`kode` = `temp_transaksi_servis`.`detailbrgkode`
LEFT JOIN `satuan` ON `satuan`.`id` = `barang`.`satuanid`
WHERE `temp_transaksi_servis`.`session_id` = \'62a7016f6892d9032520491dd6b35857\'', 0)
 2 SYSTEMPATH\Database\BaseConnection.php(908): CodeIgniter\Database\MySQLi\Connection->execute('SELECT `temp_transaksi_servis`.*, `servis`.`jenis_servis`, `barang`.`nama_barng`, `satuan`.`nama_satuan`
FROM `temp_transaksi_servis`
LEFT JOIN `servis` ON `servis`.`kodeservis` = `temp_transaksi_servis`.`detserviskode`
LEFT JOIN `barang` ON `barang`.`kode` = `temp_transaksi_servis`.`detailbrgkode`
LEFT JOIN `satuan` ON `satuan`.`id` = `barang`.`satuanid`
WHERE `temp_transaksi_servis`.`session_id` = \'62a7016f6892d9032520491dd6b35857\'')
 3 SYSTEMPATH\Database\BaseConnection.php(825): CodeIgniter\Database\BaseConnection->simpleQuery('SELECT `temp_transaksi_servis`.*, `servis`.`jenis_servis`, `barang`.`nama_barng`, `satuan`.`nama_satuan`
FROM `temp_transaksi_servis`
LEFT JOIN `servis` ON `servis`.`kodeservis` = `temp_transaksi_servis`.`detserviskode`
LEFT JOIN `barang` ON `barang`.`kode` = `temp_transaksi_servis`.`detailbrgkode`
LEFT JOIN `satuan` ON `satuan`.`id` = `barang`.`satuanid`
WHERE `temp_transaksi_servis`.`session_id` = \'62a7016f6892d9032520491dd6b35857\'')
 4 SYSTEMPATH\Database\BaseBuilder.php(1659): CodeIgniter\Database\BaseConnection->query('SELECT `temp_transaksi_servis`.*, `servis`.`jenis_servis`, `barang`.`nama_barng`, `satuan`.`nama_satuan`
FROM `temp_transaksi_servis`
LEFT JOIN `servis` ON `servis`.`kodeservis` = `temp_transaksi_servis`.`detserviskode`
LEFT JOIN `barang` ON `barang`.`kode` = `temp_transaksi_servis`.`detailbrgkode`
LEFT JOIN `satuan` ON `satuan`.`id` = `barang`.`satuanid`
WHERE `temp_transaksi_servis`.`session_id` = :temp_transaksi_servis.session_id:', [...], false)
 5 SYSTEMPATH\Model.php(255): CodeIgniter\Database\BaseBuilder->get()
 6 SYSTEMPATH\BaseModel.php(676): CodeIgniter\Model->doFindAll(0, 0)
 7 APPPATH\Models\TempTransaksiServisModel.php(32): CodeIgniter\BaseModel->findAll()
 8 APPPATH\Controllers\TransaksiServis.php(97): App\Models\TempTransaksiServisModel->getTempWithInfo('62a7016f6892d9032520491dd6b35857')
 9 SYSTEMPATH\CodeIgniter.php(974): App\Controllers\TransaksiServis->getTemp()
10 SYSTEMPATH\CodeIgniter.php(520): CodeIgniter\CodeIgniter->runController(Object(App\Controllers\TransaksiServis))
11 SYSTEMPATH\CodeIgniter.php(363): CodeIgniter\CodeIgniter->handleRequest(null, Object(Config\Cache), false)
12 SYSTEMPATH\Boot.php(417): CodeIgniter\CodeIgniter->run()
13 SYSTEMPATH\Boot.php(68): CodeIgniter\Boot::runCodeIgniter(Object(CodeIgniter\CodeIgniter))
14 FCPATH\index.php(56): CodeIgniter\Boot::bootWeb(Object(Config\Paths))
15 SYSTEMPATH\rewrite.php(44): require_once('C:\\Users\\AKU BANGGA JADI IT 2\\Documents\\RafiChandra\\Codeigniter4\\bengkel-salsa-motor\\public\\index.php')
CRITICAL - 2026-08-13 08:42:01 --> CodeIgniter\Database\Exceptions\DatabaseException: Unknown column 'satuan.id' in 'on clause'
[Method: GET, Route: admin/transaksiservis/getTemp]
in SYSTEMPATH\Database\BaseConnection.php on line 863.
 1 SYSTEMPATH\Database\BaseBuilder.php(1659): CodeIgniter\Database\BaseConnection->query('SELECT `temp_transaksi_servis`.*, `servis`.`jenis_servis`, `barang`.`nama_barng`, `satuan`.`nama_satuan`
FROM `temp_transaksi_servis`
LEFT JOIN `servis` ON `servis`.`kodeservis` = `temp_transaksi_servis`.`detserviskode`
LEFT JOIN `barang` ON `barang`.`kode` = `temp_transaksi_servis`.`detailbrgkode`
LEFT JOIN `satuan` ON `satuan`.`id` = `barang`.`satuanid`
WHERE `temp_transaksi_servis`.`session_id` = :temp_transaksi_servis.session_id:', [...], false)
 2 SYSTEMPATH\Model.php(255): CodeIgniter\Database\BaseBuilder->get()
 3 SYSTEMPATH\BaseModel.php(676): CodeIgniter\Model->doFindAll(0, 0)
 4 APPPATH\Models\TempTransaksiServisModel.php(32): CodeIgniter\BaseModel->findAll()
 5 APPPATH\Controllers\TransaksiServis.php(97): App\Models\TempTransaksiServisModel->getTempWithInfo('62a7016f6892d9032520491dd6b35857')
 6 SYSTEMPATH\CodeIgniter.php(974): App\Controllers\TransaksiServis->getTemp()
 7 SYSTEMPATH\CodeIgniter.php(520): CodeIgniter\CodeIgniter->runController(Object(App\Controllers\TransaksiServis))
 8 SYSTEMPATH\CodeIgniter.php(363): CodeIgniter\CodeIgniter->handleRequest(null, Object(Config\Cache), false)
 9 SYSTEMPATH\Boot.php(417): CodeIgniter\CodeIgniter->run()
10 SYSTEMPATH\Boot.php(68): CodeIgniter\Boot::runCodeIgniter(Object(CodeIgniter\CodeIgniter))
11 FCPATH\index.php(56): CodeIgniter\Boot::bootWeb(Object(Config\Paths))
12 SYSTEMPATH\rewrite.php(44): require_once('C:\\Users\\AKU BANGGA JADI IT 2\\Documents\\RafiChandra\\Codeigniter4\\bengkel-salsa-motor\\public\\index.php')
CRITICAL - 2026-08-13 08:42:01 --> [Caused by] CodeIgniter\Database\Exceptions\DatabaseException: Unknown column 'satuan.id' in 'on clause'
in SYSTEMPATH\Database\MySQLi\Connection.php on line 310.
 1 SYSTEMPATH\Database\BaseConnection.php(908): CodeIgniter\Database\MySQLi\Connection->execute('SELECT `temp_transaksi_servis`.*, `servis`.`jenis_servis`, `barang`.`nama_barng`, `satuan`.`nama_satuan`
FROM `temp_transaksi_servis`
LEFT JOIN `servis` ON `servis`.`kodeservis` = `temp_transaksi_servis`.`detserviskode`
LEFT JOIN `barang` ON `barang`.`kode` = `temp_transaksi_servis`.`detailbrgkode`
LEFT JOIN `satuan` ON `satuan`.`id` = `barang`.`satuanid`
WHERE `temp_transaksi_servis`.`session_id` = \'62a7016f6892d9032520491dd6b35857\'')
 2 SYSTEMPATH\Database\BaseConnection.php(825): CodeIgniter\Database\BaseConnection->simpleQuery('SELECT `temp_transaksi_servis`.*, `servis`.`jenis_servis`, `barang`.`nama_barng`, `satuan`.`nama_satuan`
FROM `temp_transaksi_servis`
LEFT JOIN `servis` ON `servis`.`kodeservis` = `temp_transaksi_servis`.`detserviskode`
LEFT JOIN `barang` ON `barang`.`kode` = `temp_transaksi_servis`.`detailbrgkode`
LEFT JOIN `satuan` ON `satuan`.`id` = `barang`.`satuanid`
WHERE `temp_transaksi_servis`.`session_id` = \'62a7016f6892d9032520491dd6b35857\'')
 3 SYSTEMPATH\Database\BaseBuilder.php(1659): CodeIgniter\Database\BaseConnection->query('SELECT `temp_transaksi_servis`.*, `servis`.`jenis_servis`, `barang`.`nama_barng`, `satuan`.`nama_satuan`
FROM `temp_transaksi_servis`
LEFT JOIN `servis` ON `servis`.`kodeservis` = `temp_transaksi_servis`.`detserviskode`
LEFT JOIN `barang` ON `barang`.`kode` = `temp_transaksi_servis`.`detailbrgkode`
LEFT JOIN `satuan` ON `satuan`.`id` = `barang`.`satuanid`
WHERE `temp_transaksi_servis`.`session_id` = :temp_transaksi_servis.session_id:', [...], false)
 4 SYSTEMPATH\Model.php(255): CodeIgniter\Database\BaseBuilder->get()
 5 SYSTEMPATH\BaseModel.php(676): CodeIgniter\Model->doFindAll(0, 0)
 6 APPPATH\Models\TempTransaksiServisModel.php(32): CodeIgniter\BaseModel->findAll()
 7 APPPATH\Controllers\TransaksiServis.php(97): App\Models\TempTransaksiServisModel->getTempWithInfo('62a7016f6892d9032520491dd6b35857')
 8 SYSTEMPATH\CodeIgniter.php(974): App\Controllers\TransaksiServis->getTemp()
 9 SYSTEMPATH\CodeIgniter.php(520): CodeIgniter\CodeIgniter->runController(Object(App\Controllers\TransaksiServis))
10 SYSTEMPATH\CodeIgniter.php(363): CodeIgniter\CodeIgniter->handleRequest(null, Object(Config\Cache), false)
11 SYSTEMPATH\Boot.php(417): CodeIgniter\CodeIgniter->run()
12 SYSTEMPATH\Boot.php(68): CodeIgniter\Boot::runCodeIgniter(Object(CodeIgniter\CodeIgniter))
13 FCPATH\index.php(56): CodeIgniter\Boot::bootWeb(Object(Config\Paths))
14 SYSTEMPATH\rewrite.php(44): require_once('C:\\Users\\AKU BANGGA JADI IT 2\\Documents\\RafiChandra\\Codeigniter4\\bengkel-salsa-motor\\public\\index.php')
CRITICAL - 2026-08-13 08:42:01 --> [Caused by] mysqli_sql_exception: Unknown column 'satuan.id' in 'on clause'
in SYSTEMPATH\Database\MySQLi\Connection.php on line 300.
 1 SYSTEMPATH\Database\MySQLi\Connection.php(300): mysqli->query('SELECT `temp_transaksi_servis`.*, `servis`.`jenis_servis`, `barang`.`nama_barng`, `satuan`.`nama_satuan`
FROM `temp_transaksi_servis`
LEFT JOIN `servis` ON `servis`.`kodeservis` = `temp_transaksi_servis`.`detserviskode`
LEFT JOIN `barang` ON `barang`.`kode` = `temp_transaksi_servis`.`detailbrgkode`
LEFT JOIN `satuan` ON `satuan`.`id` = `barang`.`satuanid`
WHERE `temp_transaksi_servis`.`session_id` = \'62a7016f6892d9032520491dd6b35857\'', 0)
 2 SYSTEMPATH\Database\BaseConnection.php(908): CodeIgniter\Database\MySQLi\Connection->execute('SELECT `temp_transaksi_servis`.*, `servis`.`jenis_servis`, `barang`.`nama_barng`, `satuan`.`nama_satuan`
FROM `temp_transaksi_servis`
LEFT JOIN `servis` ON `servis`.`kodeservis` = `temp_transaksi_servis`.`detserviskode`
LEFT JOIN `barang` ON `barang`.`kode` = `temp_transaksi_servis`.`detailbrgkode`
LEFT JOIN `satuan` ON `satuan`.`id` = `barang`.`satuanid`
WHERE `temp_transaksi_servis`.`session_id` = \'62a7016f6892d9032520491dd6b35857\'')
 3 SYSTEMPATH\Database\BaseConnection.php(825): CodeIgniter\Database\BaseConnection->simpleQuery('SELECT `temp_transaksi_servis`.*, `servis`.`jenis_servis`, `barang`.`nama_barng`, `satuan`.`nama_satuan`
FROM `temp_transaksi_servis`
LEFT JOIN `servis` ON `servis`.`kodeservis` = `temp_transaksi_servis`.`detserviskode`
LEFT JOIN `barang` ON `barang`.`kode` = `temp_transaksi_servis`.`detailbrgkode`
LEFT JOIN `satuan` ON `satuan`.`id` = `barang`.`satuanid`
WHERE `temp_transaksi_servis`.`session_id` = \'62a7016f6892d9032520491dd6b35857\'')
 4 SYSTEMPATH\Database\BaseBuilder.php(1659): CodeIgniter\Database\BaseConnection->query('SELECT `temp_transaksi_servis`.*, `servis`.`jenis_servis`, `barang`.`nama_barng`, `satuan`.`nama_satuan`
FROM `temp_transaksi_servis`
LEFT JOIN `servis` ON `servis`.`kodeservis` = `temp_transaksi_servis`.`detserviskode`
LEFT JOIN `barang` ON `barang`.`kode` = `temp_transaksi_servis`.`detailbrgkode`
LEFT JOIN `satuan` ON `satuan`.`id` = `barang`.`satuanid`
WHERE `temp_transaksi_servis`.`session_id` = :temp_transaksi_servis.session_id:', [...], false)
 5 SYSTEMPATH\Model.php(255): CodeIgniter\Database\BaseBuilder->get()
 6 SYSTEMPATH\BaseModel.php(676): CodeIgniter\Model->doFindAll(0, 0)
 7 APPPATH\Models\TempTransaksiServisModel.php(32): CodeIgniter\BaseModel->findAll()
 8 APPPATH\Controllers\TransaksiServis.php(97): App\Models\TempTransaksiServisModel->getTempWithInfo('62a7016f6892d9032520491dd6b35857')
 9 SYSTEMPATH\CodeIgniter.php(974): App\Controllers\TransaksiServis->getTemp()
10 SYSTEMPATH\CodeIgniter.php(520): CodeIgniter\CodeIgniter->runController(Object(App\Controllers\TransaksiServis))
11 SYSTEMPATH\CodeIgniter.php(363): CodeIgniter\CodeIgniter->handleRequest(null, Object(Config\Cache), false)
12 SYSTEMPATH\Boot.php(417): CodeIgniter\CodeIgniter->run()
13 SYSTEMPATH\Boot.php(68): CodeIgniter\Boot::runCodeIgniter(Object(CodeIgniter\CodeIgniter))
14 FCPATH\index.php(56): CodeIgniter\Boot::bootWeb(Object(Config\Paths))
15 SYSTEMPATH\rewrite.php(44): require_once('C:\\Users\\AKU BANGGA JADI IT 2\\Documents\\RafiChandra\\Codeigniter4\\bengkel-salsa-motor\\public\\index.php')
DEBUG - 2026-08-13 08:42:04 --> Session: Class initialized using 'CodeIgniter\Session\Handlers\FileHandler' driver.
DEBUG - 2026-08-13 08:42:05 --> Session: Class initialized using 'CodeIgniter\Session\Handlers\FileHandler' driver.
ERROR - 2026-08-13 08:42:05 --> Unknown column 'satuan.id' in 'on clause'
in SYSTEMPATH\Database\MySQLi\Connection.php on line 300.
 1 SYSTEMPATH\Database\MySQLi\Connection.php(300): mysqli->query('SELECT `temp_transaksi_servis`.*, `servis`.`jenis_servis`, `barang`.`nama_barng`, `satuan`.`nama_satuan`
FROM `temp_transaksi_servis`
LEFT JOIN `servis` ON `servis`.`kodeservis` = `temp_transaksi_servis`.`detserviskode`
LEFT JOIN `barang` ON `barang`.`kode` = `temp_transaksi_servis`.`detailbrgkode`
LEFT JOIN `satuan` ON `satuan`.`id` = `barang`.`satuanid`
WHERE `temp_transaksi_servis`.`session_id` = \'62a7016f6892d9032520491dd6b35857\'', 0)
 2 SYSTEMPATH\Database\BaseConnection.php(908): CodeIgniter\Database\MySQLi\Connection->execute('SELECT `temp_transaksi_servis`.*, `servis`.`jenis_servis`, `barang`.`nama_barng`, `satuan`.`nama_satuan`
FROM `temp_transaksi_servis`
LEFT JOIN `servis` ON `servis`.`kodeservis` = `temp_transaksi_servis`.`detserviskode`
LEFT JOIN `barang` ON `barang`.`kode` = `temp_transaksi_servis`.`detailbrgkode`
LEFT JOIN `satuan` ON `satuan`.`id` = `barang`.`satuanid`
WHERE `temp_transaksi_servis`.`session_id` = \'62a7016f6892d9032520491dd6b35857\'')
 3 SYSTEMPATH\Database\BaseConnection.php(825): CodeIgniter\Database\BaseConnection->simpleQuery('SELECT `temp_transaksi_servis`.*, `servis`.`jenis_servis`, `barang`.`nama_barng`, `satuan`.`nama_satuan`
FROM `temp_transaksi_servis`
LEFT JOIN `servis` ON `servis`.`kodeservis` = `temp_transaksi_servis`.`detserviskode`
LEFT JOIN `barang` ON `barang`.`kode` = `temp_transaksi_servis`.`detailbrgkode`
LEFT JOIN `satuan` ON `satuan`.`id` = `barang`.`satuanid`
WHERE `temp_transaksi_servis`.`session_id` = \'62a7016f6892d9032520491dd6b35857\'')
 4 SYSTEMPATH\Database\BaseBuilder.php(1659): CodeIgniter\Database\BaseConnection->query('SELECT `temp_transaksi_servis`.*, `servis`.`jenis_servis`, `barang`.`nama_barng`, `satuan`.`nama_satuan`
FROM `temp_transaksi_servis`
LEFT JOIN `servis` ON `servis`.`kodeservis` = `temp_transaksi_servis`.`detserviskode`
LEFT JOIN `barang` ON `barang`.`kode` = `temp_transaksi_servis`.`detailbrgkode`
LEFT JOIN `satuan` ON `satuan`.`id` = `barang`.`satuanid`
WHERE `temp_transaksi_servis`.`session_id` = :temp_transaksi_servis.session_id:', [...], false)
 5 SYSTEMPATH\Model.php(255): CodeIgniter\Database\BaseBuilder->get()
 6 SYSTEMPATH\BaseModel.php(676): CodeIgniter\Model->doFindAll(0, 0)
 7 APPPATH\Models\TempTransaksiServisModel.php(32): CodeIgniter\BaseModel->findAll()
 8 APPPATH\Controllers\TransaksiServis.php(97): App\Models\TempTransaksiServisModel->getTempWithInfo('62a7016f6892d9032520491dd6b35857')
 9 SYSTEMPATH\CodeIgniter.php(974): App\Controllers\TransaksiServis->getTemp()
10 SYSTEMPATH\CodeIgniter.php(520): CodeIgniter\CodeIgniter->runController(Object(App\Controllers\TransaksiServis))
11 SYSTEMPATH\CodeIgniter.php(363): CodeIgniter\CodeIgniter->handleRequest(null, Object(Config\Cache), false)
12 SYSTEMPATH\Boot.php(417): CodeIgniter\CodeIgniter->run()
13 SYSTEMPATH\Boot.php(68): CodeIgniter\Boot::runCodeIgniter(Object(CodeIgniter\CodeIgniter))
14 FCPATH\index.php(56): CodeIgniter\Boot::bootWeb(Object(Config\Paths))
15 SYSTEMPATH\rewrite.php(44): require_once('C:\\Users\\AKU BANGGA JADI IT 2\\Documents\\RafiChandra\\Codeigniter4\\bengkel-salsa-motor\\public\\index.php')
CRITICAL - 2026-08-13 08:42:05 --> CodeIgniter\Database\Exceptions\DatabaseException: Unknown column 'satuan.id' in 'on clause'
[Method: GET, Route: admin/transaksiservis/getTemp]
in SYSTEMPATH\Database\BaseConnection.php on line 863.
 1 SYSTEMPATH\Database\BaseBuilder.php(1659): CodeIgniter\Database\BaseConnection->query('SELECT `temp_transaksi_servis`.*, `servis`.`jenis_servis`, `barang`.`nama_barng`, `satuan`.`nama_satuan`
FROM `temp_transaksi_servis`
LEFT JOIN `servis` ON `servis`.`kodeservis` = `temp_transaksi_servis`.`detserviskode`
LEFT JOIN `barang` ON `barang`.`kode` = `temp_transaksi_servis`.`detailbrgkode`
LEFT JOIN `satuan` ON `satuan`.`id` = `barang`.`satuanid`
WHERE `temp_transaksi_servis`.`session_id` = :temp_transaksi_servis.session_id:', [...], false)
 2 SYSTEMPATH\Model.php(255): CodeIgniter\Database\BaseBuilder->get()
 3 SYSTEMPATH\BaseModel.php(676): CodeIgniter\Model->doFindAll(0, 0)
 4 APPPATH\Models\TempTransaksiServisModel.php(32): CodeIgniter\BaseModel->findAll()
 5 APPPATH\Controllers\TransaksiServis.php(97): App\Models\TempTransaksiServisModel->getTempWithInfo('62a7016f6892d9032520491dd6b35857')
 6 SYSTEMPATH\CodeIgniter.php(974): App\Controllers\TransaksiServis->getTemp()
 7 SYSTEMPATH\CodeIgniter.php(520): CodeIgniter\CodeIgniter->runController(Object(App\Controllers\TransaksiServis))
 8 SYSTEMPATH\CodeIgniter.php(363): CodeIgniter\CodeIgniter->handleRequest(null, Object(Config\Cache), false)
 9 SYSTEMPATH\Boot.php(417): CodeIgniter\CodeIgniter->run()
10 SYSTEMPATH\Boot.php(68): CodeIgniter\Boot::runCodeIgniter(Object(CodeIgniter\CodeIgniter))
11 FCPATH\index.php(56): CodeIgniter\Boot::bootWeb(Object(Config\Paths))
12 SYSTEMPATH\rewrite.php(44): require_once('C:\\Users\\AKU BANGGA JADI IT 2\\Documents\\RafiChandra\\Codeigniter4\\bengkel-salsa-motor\\public\\index.php')
CRITICAL - 2026-08-13 08:42:05 --> [Caused by] CodeIgniter\Database\Exceptions\DatabaseException: Unknown column 'satuan.id' in 'on clause'
in SYSTEMPATH\Database\MySQLi\Connection.php on line 310.
 1 SYSTEMPATH\Database\BaseConnection.php(908): CodeIgniter\Database\MySQLi\Connection->execute('SELECT `temp_transaksi_servis`.*, `servis`.`jenis_servis`, `barang`.`nama_barng`, `satuan`.`nama_satuan`
FROM `temp_transaksi_servis`
LEFT JOIN `servis` ON `servis`.`kodeservis` = `temp_transaksi_servis`.`detserviskode`
LEFT JOIN `barang` ON `barang`.`kode` = `temp_transaksi_servis`.`detailbrgkode`
LEFT JOIN `satuan` ON `satuan`.`id` = `barang`.`satuanid`
WHERE `temp_transaksi_servis`.`session_id` = \'62a7016f6892d9032520491dd6b35857\'')
 2 SYSTEMPATH\Database\BaseConnection.php(825): CodeIgniter\Database\BaseConnection->simpleQuery('SELECT `temp_transaksi_servis`.*, `servis`.`jenis_servis`, `barang`.`nama_barng`, `satuan`.`nama_satuan`
FROM `temp_transaksi_servis`
LEFT JOIN `servis` ON `servis`.`kodeservis` = `temp_transaksi_servis`.`detserviskode`
LEFT JOIN `barang` ON `barang`.`kode` = `temp_transaksi_servis`.`detailbrgkode`
LEFT JOIN `satuan` ON `satuan`.`id` = `barang`.`satuanid`
WHERE `temp_transaksi_servis`.`session_id` = \'62a7016f6892d9032520491dd6b35857\'')
 3 SYSTEMPATH\Database\BaseBuilder.php(1659): CodeIgniter\Database\BaseConnection->query('SELECT `temp_transaksi_servis`.*, `servis`.`jenis_servis`, `barang`.`nama_barng`, `satuan`.`nama_satuan`
FROM `temp_transaksi_servis`
LEFT JOIN `servis` ON `servis`.`kodeservis` = `temp_transaksi_servis`.`detserviskode`
LEFT JOIN `barang` ON `barang`.`kode` = `temp_transaksi_servis`.`detailbrgkode`
LEFT JOIN `satuan` ON `satuan`.`id` = `barang`.`satuanid`
WHERE `temp_transaksi_servis`.`session_id` = :temp_transaksi_servis.session_id:', [...], false)
 4 SYSTEMPATH\Model.php(255): CodeIgniter\Database\BaseBuilder->get()
 5 SYSTEMPATH\BaseModel.php(676): CodeIgniter\Model->doFindAll(0, 0)
 6 APPPATH\Models\TempTransaksiServisModel.php(32): CodeIgniter\BaseModel->findAll()
 7 APPPATH\Controllers\TransaksiServis.php(97): App\Models\TempTransaksiServisModel->getTempWithInfo('62a7016f6892d9032520491dd6b35857')
 8 SYSTEMPATH\CodeIgniter.php(974): App\Controllers\TransaksiServis->getTemp()
 9 SYSTEMPATH\CodeIgniter.php(520): CodeIgniter\CodeIgniter->runController(Object(App\Controllers\TransaksiServis))
10 SYSTEMPATH\CodeIgniter.php(363): CodeIgniter\CodeIgniter->handleRequest(null, Object(Config\Cache), false)
11 SYSTEMPATH\Boot.php(417): CodeIgniter\CodeIgniter->run()
12 SYSTEMPATH\Boot.php(68): CodeIgniter\Boot::runCodeIgniter(Object(CodeIgniter\CodeIgniter))
13 FCPATH\index.php(56): CodeIgniter\Boot::bootWeb(Object(Config\Paths))
14 SYSTEMPATH\rewrite.php(44): require_once('C:\\Users\\AKU BANGGA JADI IT 2\\Documents\\RafiChandra\\Codeigniter4\\bengkel-salsa-motor\\public\\index.php')
CRITICAL - 2026-08-13 08:42:05 --> [Caused by] mysqli_sql_exception: Unknown column 'satuan.id' in 'on clause'
in SYSTEMPATH\Database\MySQLi\Connection.php on line 300.
 1 SYSTEMPATH\Database\MySQLi\Connection.php(300): mysqli->query('SELECT `temp_transaksi_servis`.*, `servis`.`jenis_servis`, `barang`.`nama_barng`, `satuan`.`nama_satuan`
FROM `temp_transaksi_servis`
LEFT JOIN `servis` ON `servis`.`kodeservis` = `temp_transaksi_servis`.`detserviskode`
LEFT JOIN `barang` ON `barang`.`kode` = `temp_transaksi_servis`.`detailbrgkode`
LEFT JOIN `satuan` ON `satuan`.`id` = `barang`.`satuanid`
WHERE `temp_transaksi_servis`.`session_id` = \'62a7016f6892d9032520491dd6b35857\'', 0)
 2 SYSTEMPATH\Database\BaseConnection.php(908): CodeIgniter\Database\MySQLi\Connection->execute('SELECT `temp_transaksi_servis`.*, `servis`.`jenis_servis`, `barang`.`nama_barng`, `satuan`.`nama_satuan`
FROM `temp_transaksi_servis`
LEFT JOIN `servis` ON `servis`.`kodeservis` = `temp_transaksi_servis`.`detserviskode`
LEFT JOIN `barang` ON `barang`.`kode` = `temp_transaksi_servis`.`detailbrgkode`
LEFT JOIN `satuan` ON `satuan`.`id` = `barang`.`satuanid`
WHERE `temp_transaksi_servis`.`session_id` = \'62a7016f6892d9032520491dd6b35857\'')
 3 SYSTEMPATH\Database\BaseConnection.php(825): CodeIgniter\Database\BaseConnection->simpleQuery('SELECT `temp_transaksi_servis`.*, `servis`.`jenis_servis`, `barang`.`nama_barng`, `satuan`.`nama_satuan`
FROM `temp_transaksi_servis`
LEFT JOIN `servis` ON `servis`.`kodeservis` = `temp_transaksi_servis`.`detserviskode`
LEFT JOIN `barang` ON `barang`.`kode` = `temp_transaksi_servis`.`detailbrgkode`
LEFT JOIN `satuan` ON `satuan`.`id` = `barang`.`satuanid`
WHERE `temp_transaksi_servis`.`session_id` = \'62a7016f6892d9032520491dd6b35857\'')
 4 SYSTEMPATH\Database\BaseBuilder.php(1659): CodeIgniter\Database\BaseConnection->query('SELECT `temp_transaksi_servis`.*, `servis`.`jenis_servis`, `barang`.`nama_barng`, `satuan`.`nama_satuan`
FROM `temp_transaksi_servis`
LEFT JOIN `servis` ON `servis`.`kodeservis` = `temp_transaksi_servis`.`detserviskode`
LEFT JOIN `barang` ON `barang`.`kode` = `temp_transaksi_servis`.`detailbrgkode`
LEFT JOIN `satuan` ON `satuan`.`id` = `barang`.`satuanid`
WHERE `temp_transaksi_servis`.`session_id` = :temp_transaksi_servis.session_id:', [...], false)
 5 SYSTEMPATH\Model.php(255): CodeIgniter\Database\BaseBuilder->get()
 6 SYSTEMPATH\BaseModel.php(676): CodeIgniter\Model->doFindAll(0, 0)
 7 APPPATH\Models\TempTransaksiServisModel.php(32): CodeIgniter\BaseModel->findAll()
 8 APPPATH\Controllers\TransaksiServis.php(97): App\Models\TempTransaksiServisModel->getTempWithInfo('62a7016f6892d9032520491dd6b35857')
 9 SYSTEMPATH\CodeIgniter.php(974): App\Controllers\TransaksiServis->getTemp()
10 SYSTEMPATH\CodeIgniter.php(520): CodeIgniter\CodeIgniter->runController(Object(App\Controllers\TransaksiServis))
11 SYSTEMPATH\CodeIgniter.php(363): CodeIgniter\CodeIgniter->handleRequest(null, Object(Config\Cache), false)
12 SYSTEMPATH\Boot.php(417): CodeIgniter\CodeIgniter->run()
13 SYSTEMPATH\Boot.php(68): CodeIgniter\Boot::runCodeIgniter(Object(CodeIgniter\CodeIgniter))
14 FCPATH\index.php(56): CodeIgniter\Boot::bootWeb(Object(Config\Paths))
15 SYSTEMPATH\rewrite.php(44): require_once('C:\\Users\\AKU BANGGA JADI IT 2\\Documents\\RafiChandra\\Codeigniter4\\bengkel-salsa-motor\\public\\index.php')
DEBUG - 2026-08-13 08:42:13 --> Session: Class initialized using 'CodeIgniter\Session\Handlers\FileHandler' driver.
ERROR - 2026-08-13 08:42:13 --> Unknown column 'satuan.id' in 'on clause'
in SYSTEMPATH\Database\MySQLi\Connection.php on line 300.
 1 SYSTEMPATH\Database\MySQLi\Connection.php(300): mysqli->query('SELECT `temp_transaksi_servis`.*, `servis`.`jenis_servis`, `barang`.`nama_barng`, `satuan`.`nama_satuan`
FROM `temp_transaksi_servis`
LEFT JOIN `servis` ON `servis`.`kodeservis` = `temp_transaksi_servis`.`detserviskode`
LEFT JOIN `barang` ON `barang`.`kode` = `temp_transaksi_servis`.`detailbrgkode`
LEFT JOIN `satuan` ON `satuan`.`id` = `barang`.`satuanid`
WHERE `temp_transaksi_servis`.`session_id` = \'62a7016f6892d9032520491dd6b35857\'', 0)
 2 SYSTEMPATH\Database\BaseConnection.php(908): CodeIgniter\Database\MySQLi\Connection->execute('SELECT `temp_transaksi_servis`.*, `servis`.`jenis_servis`, `barang`.`nama_barng`, `satuan`.`nama_satuan`
FROM `temp_transaksi_servis`
LEFT JOIN `servis` ON `servis`.`kodeservis` = `temp_transaksi_servis`.`detserviskode`
LEFT JOIN `barang` ON `barang`.`kode` = `temp_transaksi_servis`.`detailbrgkode`
LEFT JOIN `satuan` ON `satuan`.`id` = `barang`.`satuanid`
WHERE `temp_transaksi_servis`.`session_id` = \'62a7016f6892d9032520491dd6b35857\'')
 3 SYSTEMPATH\Database\BaseConnection.php(825): CodeIgniter\Database\BaseConnection->simpleQuery('SELECT `temp_transaksi_servis`.*, `servis`.`jenis_servis`, `barang`.`nama_barng`, `satuan`.`nama_satuan`
FROM `temp_transaksi_servis`
LEFT JOIN `servis` ON `servis`.`kodeservis` = `temp_transaksi_servis`.`detserviskode`
LEFT JOIN `barang` ON `barang`.`kode` = `temp_transaksi_servis`.`detailbrgkode`
LEFT JOIN `satuan` ON `satuan`.`id` = `barang`.`satuanid`
WHERE `temp_transaksi_servis`.`session_id` = \'62a7016f6892d9032520491dd6b35857\'')
 4 SYSTEMPATH\Database\BaseBuilder.php(1659): CodeIgniter\Database\BaseConnection->query('SELECT `temp_transaksi_servis`.*, `servis`.`jenis_servis`, `barang`.`nama_barng`, `satuan`.`nama_satuan`
FROM `temp_transaksi_servis`
LEFT JOIN `servis` ON `servis`.`kodeservis` = `temp_transaksi_servis`.`detserviskode`
LEFT JOIN `barang` ON `barang`.`kode` = `temp_transaksi_servis`.`detailbrgkode`
LEFT JOIN `satuan` ON `satuan`.`id` = `barang`.`satuanid`
WHERE `temp_transaksi_servis`.`session_id` = :temp_transaksi_servis.session_id:', [...], false)
 5 SYSTEMPATH\Model.php(255): CodeIgniter\Database\BaseBuilder->get()
 6 SYSTEMPATH\BaseModel.php(676): CodeIgniter\Model->doFindAll(0, 0)
 7 APPPATH\Models\TempTransaksiServisModel.php(32): CodeIgniter\BaseModel->findAll()
 8 APPPATH\Controllers\TransaksiServis.php(97): App\Models\TempTransaksiServisModel->getTempWithInfo('62a7016f6892d9032520491dd6b35857')
 9 SYSTEMPATH\CodeIgniter.php(974): App\Controllers\TransaksiServis->getTemp()
10 SYSTEMPATH\CodeIgniter.php(520): CodeIgniter\CodeIgniter->runController(Object(App\Controllers\TransaksiServis))
11 SYSTEMPATH\CodeIgniter.php(363): CodeIgniter\CodeIgniter->handleRequest(null, Object(Config\Cache), false)
12 SYSTEMPATH\Boot.php(417): CodeIgniter\CodeIgniter->run()
13 SYSTEMPATH\Boot.php(68): CodeIgniter\Boot::runCodeIgniter(Object(CodeIgniter\CodeIgniter))
14 FCPATH\index.php(56): CodeIgniter\Boot::bootWeb(Object(Config\Paths))
15 SYSTEMPATH\rewrite.php(44): require_once('C:\\Users\\AKU BANGGA JADI IT 2\\Documents\\RafiChandra\\Codeigniter4\\bengkel-salsa-motor\\public\\index.php')
CRITICAL - 2026-08-13 08:42:13 --> CodeIgniter\Database\Exceptions\DatabaseException: Unknown column 'satuan.id' in 'on clause'
[Method: GET, Route: admin/transaksiservis/getTemp]
in SYSTEMPATH\Database\BaseConnection.php on line 863.
 1 SYSTEMPATH\Database\BaseBuilder.php(1659): CodeIgniter\Database\BaseConnection->query('SELECT `temp_transaksi_servis`.*, `servis`.`jenis_servis`, `barang`.`nama_barng`, `satuan`.`nama_satuan`
FROM `temp_transaksi_servis`
LEFT JOIN `servis` ON `servis`.`kodeservis` = `temp_transaksi_servis`.`detserviskode`
LEFT JOIN `barang` ON `barang`.`kode` = `temp_transaksi_servis`.`detailbrgkode`
LEFT JOIN `satuan` ON `satuan`.`id` = `barang`.`satuanid`
WHERE `temp_transaksi_servis`.`session_id` = :temp_transaksi_servis.session_id:', [...], false)
 2 SYSTEMPATH\Model.php(255): CodeIgniter\Database\BaseBuilder->get()
 3 SYSTEMPATH\BaseModel.php(676): CodeIgniter\Model->doFindAll(0, 0)
 4 APPPATH\Models\TempTransaksiServisModel.php(32): CodeIgniter\BaseModel->findAll()
 5 APPPATH\Controllers\TransaksiServis.php(97): App\Models\TempTransaksiServisModel->getTempWithInfo('62a7016f6892d9032520491dd6b35857')
 6 SYSTEMPATH\CodeIgniter.php(974): App\Controllers\TransaksiServis->getTemp()
 7 SYSTEMPATH\CodeIgniter.php(520): CodeIgniter\CodeIgniter->runController(Object(App\Controllers\TransaksiServis))
 8 SYSTEMPATH\CodeIgniter.php(363): CodeIgniter\CodeIgniter->handleRequest(null, Object(Config\Cache), false)
 9 SYSTEMPATH\Boot.php(417): CodeIgniter\CodeIgniter->run()
10 SYSTEMPATH\Boot.php(68): CodeIgniter\Boot::runCodeIgniter(Object(CodeIgniter\CodeIgniter))
11 FCPATH\index.php(56): CodeIgniter\Boot::bootWeb(Object(Config\Paths))
12 SYSTEMPATH\rewrite.php(44): require_once('C:\\Users\\AKU BANGGA JADI IT 2\\Documents\\RafiChandra\\Codeigniter4\\bengkel-salsa-motor\\public\\index.php')
CRITICAL - 2026-08-13 08:42:13 --> [Caused by] CodeIgniter\Database\Exceptions\DatabaseException: Unknown column 'satuan.id' in 'on clause'
in SYSTEMPATH\Database\MySQLi\Connection.php on line 310.
 1 SYSTEMPATH\Database\BaseConnection.php(908): CodeIgniter\Database\MySQLi\Connection->execute('SELECT `temp_transaksi_servis`.*, `servis`.`jenis_servis`, `barang`.`nama_barng`, `satuan`.`nama_satuan`
FROM `temp_transaksi_servis`
LEFT JOIN `servis` ON `servis`.`kodeservis` = `temp_transaksi_servis`.`detserviskode`
LEFT JOIN `barang` ON `barang`.`kode` = `temp_transaksi_servis`.`detailbrgkode`
LEFT JOIN `satuan` ON `satuan`.`id` = `barang`.`satuanid`
WHERE `temp_transaksi_servis`.`session_id` = \'62a7016f6892d9032520491dd6b35857\'')
 2 SYSTEMPATH\Database\BaseConnection.php(825): CodeIgniter\Database\BaseConnection->simpleQuery('SELECT `temp_transaksi_servis`.*, `servis`.`jenis_servis`, `barang`.`nama_barng`, `satuan`.`nama_satuan`
FROM `temp_transaksi_servis`
LEFT JOIN `servis` ON `servis`.`kodeservis` = `temp_transaksi_servis`.`detserviskode`
LEFT JOIN `barang` ON `barang`.`kode` = `temp_transaksi_servis`.`detailbrgkode`
LEFT JOIN `satuan` ON `satuan`.`id` = `barang`.`satuanid`
WHERE `temp_transaksi_servis`.`session_id` = \'62a7016f6892d9032520491dd6b35857\'')
 3 SYSTEMPATH\Database\BaseBuilder.php(1659): CodeIgniter\Database\BaseConnection->query('SELECT `temp_transaksi_servis`.*, `servis`.`jenis_servis`, `barang`.`nama_barng`, `satuan`.`nama_satuan`
FROM `temp_transaksi_servis`
LEFT JOIN `servis` ON `servis`.`kodeservis` = `temp_transaksi_servis`.`detserviskode`
LEFT JOIN `barang` ON `barang`.`kode` = `temp_transaksi_servis`.`detailbrgkode`
LEFT JOIN `satuan` ON `satuan`.`id` = `barang`.`satuanid`
WHERE `temp_transaksi_servis`.`session_id` = :temp_transaksi_servis.session_id:', [...], false)
 4 SYSTEMPATH\Model.php(255): CodeIgniter\Database\BaseBuilder->get()
 5 SYSTEMPATH\BaseModel.php(676): CodeIgniter\Model->doFindAll(0, 0)
 6 APPPATH\Models\TempTransaksiServisModel.php(32): CodeIgniter\BaseModel->findAll()
 7 APPPATH\Controllers\TransaksiServis.php(97): App\Models\TempTransaksiServisModel->getTempWithInfo('62a7016f6892d9032520491dd6b35857')
 8 SYSTEMPATH\CodeIgniter.php(974): App\Controllers\TransaksiServis->getTemp()
 9 SYSTEMPATH\CodeIgniter.php(520): CodeIgniter\CodeIgniter->runController(Object(App\Controllers\TransaksiServis))
10 SYSTEMPATH\CodeIgniter.php(363): CodeIgniter\CodeIgniter->handleRequest(null, Object(Config\Cache), false)
11 SYSTEMPATH\Boot.php(417): CodeIgniter\CodeIgniter->run()
12 SYSTEMPATH\Boot.php(68): CodeIgniter\Boot::runCodeIgniter(Object(CodeIgniter\CodeIgniter))
13 FCPATH\index.php(56): CodeIgniter\Boot::bootWeb(Object(Config\Paths))
14 SYSTEMPATH\rewrite.php(44): require_once('C:\\Users\\AKU BANGGA JADI IT 2\\Documents\\RafiChandra\\Codeigniter4\\bengkel-salsa-motor\\public\\index.php')
CRITICAL - 2026-08-13 08:42:13 --> [Caused by] mysqli_sql_exception: Unknown column 'satuan.id' in 'on clause'
in SYSTEMPATH\Database\MySQLi\Connection.php on line 300.
 1 SYSTEMPATH\Database\MySQLi\Connection.php(300): mysqli->query('SELECT `temp_transaksi_servis`.*, `servis`.`jenis_servis`, `barang`.`nama_barng`, `satuan`.`nama_satuan`
FROM `temp_transaksi_servis`
LEFT JOIN `servis` ON `servis`.`kodeservis` = `temp_transaksi_servis`.`detserviskode`
LEFT JOIN `barang` ON `barang`.`kode` = `temp_transaksi_servis`.`detailbrgkode`
LEFT JOIN `satuan` ON `satuan`.`id` = `barang`.`satuanid`
WHERE `temp_transaksi_servis`.`session_id` = \'62a7016f6892d9032520491dd6b35857\'', 0)
 2 SYSTEMPATH\Database\BaseConnection.php(908): CodeIgniter\Database\MySQLi\Connection->execute('SELECT `temp_transaksi_servis`.*, `servis`.`jenis_servis`, `barang`.`nama_barng`, `satuan`.`nama_satuan`
FROM `temp_transaksi_servis`
LEFT JOIN `servis` ON `servis`.`kodeservis` = `temp_transaksi_servis`.`detserviskode`
LEFT JOIN `barang` ON `barang`.`kode` = `temp_transaksi_servis`.`detailbrgkode`
LEFT JOIN `satuan` ON `satuan`.`id` = `barang`.`satuanid`
WHERE `temp_transaksi_servis`.`session_id` = \'62a7016f6892d9032520491dd6b35857\'')
 3 SYSTEMPATH\Database\BaseConnection.php(825): CodeIgniter\Database\BaseConnection->simpleQuery('SELECT `temp_transaksi_servis`.*, `servis`.`jenis_servis`, `barang`.`nama_barng`, `satuan`.`nama_satuan`
FROM `temp_transaksi_servis`
LEFT JOIN `servis` ON `servis`.`kodeservis` = `temp_transaksi_servis`.`detserviskode`
LEFT JOIN `barang` ON `barang`.`kode` = `temp_transaksi_servis`.`detailbrgkode`
LEFT JOIN `satuan` ON `satuan`.`id` = `barang`.`satuanid`
WHERE `temp_transaksi_servis`.`session_id` = \'62a7016f6892d9032520491dd6b35857\'')
 4 SYSTEMPATH\Database\BaseBuilder.php(1659): CodeIgniter\Database\BaseConnection->query('SELECT `temp_transaksi_servis`.*, `servis`.`jenis_servis`, `barang`.`nama_barng`, `satuan`.`nama_satuan`
FROM `temp_transaksi_servis`
LEFT JOIN `servis` ON `servis`.`kodeservis` = `temp_transaksi_servis`.`detserviskode`
LEFT JOIN `barang` ON `barang`.`kode` = `temp_transaksi_servis`.`detailbrgkode`
LEFT JOIN `satuan` ON `satuan`.`id` = `barang`.`satuanid`
WHERE `temp_transaksi_servis`.`session_id` = :temp_transaksi_servis.session_id:', [...], false)
 5 SYSTEMPATH\Model.php(255): CodeIgniter\Database\BaseBuilder->get()
 6 SYSTEMPATH\BaseModel.php(676): CodeIgniter\Model->doFindAll(0, 0)
 7 APPPATH\Models\TempTransaksiServisModel.php(32): CodeIgniter\BaseModel->findAll()
 8 APPPATH\Controllers\TransaksiServis.php(97): App\Models\TempTransaksiServisModel->getTempWithInfo('62a7016f6892d9032520491dd6b35857')
 9 SYSTEMPATH\CodeIgniter.php(974): App\Controllers\TransaksiServis->getTemp()
10 SYSTEMPATH\CodeIgniter.php(520): CodeIgniter\CodeIgniter->runController(Object(App\Controllers\TransaksiServis))
11 SYSTEMPATH\CodeIgniter.php(363): CodeIgniter\CodeIgniter->handleRequest(null, Object(Config\Cache), false)
12 SYSTEMPATH\Boot.php(417): CodeIgniter\CodeIgniter->run()
13 SYSTEMPATH\Boot.php(68): CodeIgniter\Boot::runCodeIgniter(Object(CodeIgniter\CodeIgniter))
14 FCPATH\index.php(56): CodeIgniter\Boot::bootWeb(Object(Config\Paths))
15 SYSTEMPATH\rewrite.php(44): require_once('C:\\Users\\AKU BANGGA JADI IT 2\\Documents\\RafiChandra\\Codeigniter4\\bengkel-salsa-motor\\public\\index.php')
DEBUG - 2026-08-13 08:42:57 --> Session: Class initialized using 'CodeIgniter\Session\Handlers\FileHandler' driver.
DEBUG - 2026-08-13 08:42:58 --> Session: Class initialized using 'CodeIgniter\Session\Handlers\FileHandler' driver.
ERROR - 2026-08-13 08:42:58 --> Unknown column 'satuan.id' in 'on clause'
in SYSTEMPATH\Database\MySQLi\Connection.php on line 300.
 1 SYSTEMPATH\Database\MySQLi\Connection.php(300): mysqli->query('SELECT `temp_transaksi_servis`.*, `servis`.`jenis_servis`, `barang`.`nama_barng`, `satuan`.`nama_satuan`
FROM `temp_transaksi_servis`
LEFT JOIN `servis` ON `servis`.`kodeservis` = `temp_transaksi_servis`.`detserviskode`
LEFT JOIN `barang` ON `barang`.`kode` = `temp_transaksi_servis`.`detailbrgkode`
LEFT JOIN `satuan` ON `satuan`.`id` = `barang`.`satuanid`
WHERE `temp_transaksi_servis`.`session_id` = \'62a7016f6892d9032520491dd6b35857\'', 0)
 2 SYSTEMPATH\Database\BaseConnection.php(908): CodeIgniter\Database\MySQLi\Connection->execute('SELECT `temp_transaksi_servis`.*, `servis`.`jenis_servis`, `barang`.`nama_barng`, `satuan`.`nama_satuan`
FROM `temp_transaksi_servis`
LEFT JOIN `servis` ON `servis`.`kodeservis` = `temp_transaksi_servis`.`detserviskode`
LEFT JOIN `barang` ON `barang`.`kode` = `temp_transaksi_servis`.`detailbrgkode`
LEFT JOIN `satuan` ON `satuan`.`id` = `barang`.`satuanid`
WHERE `temp_transaksi_servis`.`session_id` = \'62a7016f6892d9032520491dd6b35857\'')
 3 SYSTEMPATH\Database\BaseConnection.php(825): CodeIgniter\Database\BaseConnection->simpleQuery('SELECT `temp_transaksi_servis`.*, `servis`.`jenis_servis`, `barang`.`nama_barng`, `satuan`.`nama_satuan`
FROM `temp_transaksi_servis`
LEFT JOIN `servis` ON `servis`.`kodeservis` = `temp_transaksi_servis`.`detserviskode`
LEFT JOIN `barang` ON `barang`.`kode` = `temp_transaksi_servis`.`detailbrgkode`
LEFT JOIN `satuan` ON `satuan`.`id` = `barang`.`satuanid`
WHERE `temp_transaksi_servis`.`session_id` = \'62a7016f6892d9032520491dd6b35857\'')
 4 SYSTEMPATH\Database\BaseBuilder.php(1659): CodeIgniter\Database\BaseConnection->query('SELECT `temp_transaksi_servis`.*, `servis`.`jenis_servis`, `barang`.`nama_barng`, `satuan`.`nama_satuan`
FROM `temp_transaksi_servis`
LEFT JOIN `servis` ON `servis`.`kodeservis` = `temp_transaksi_servis`.`detserviskode`
LEFT JOIN `barang` ON `barang`.`kode` = `temp_transaksi_servis`.`detailbrgkode`
LEFT JOIN `satuan` ON `satuan`.`id` = `barang`.`satuanid`
WHERE `temp_transaksi_servis`.`session_id` = :temp_transaksi_servis.session_id:', [...], false)
 5 SYSTEMPATH\Model.php(255): CodeIgniter\Database\BaseBuilder->get()
 6 SYSTEMPATH\BaseModel.php(676): CodeIgniter\Model->doFindAll(0, 0)
 7 APPPATH\Models\TempTransaksiServisModel.php(32): CodeIgniter\BaseModel->findAll()
 8 APPPATH\Controllers\TransaksiServis.php(97): App\Models\TempTransaksiServisModel->getTempWithInfo('62a7016f6892d9032520491dd6b35857')
 9 SYSTEMPATH\CodeIgniter.php(974): App\Controllers\TransaksiServis->getTemp()
10 SYSTEMPATH\CodeIgniter.php(520): CodeIgniter\CodeIgniter->runController(Object(App\Controllers\TransaksiServis))
11 SYSTEMPATH\CodeIgniter.php(363): CodeIgniter\CodeIgniter->handleRequest(null, Object(Config\Cache), false)
12 SYSTEMPATH\Boot.php(417): CodeIgniter\CodeIgniter->run()
13 SYSTEMPATH\Boot.php(68): CodeIgniter\Boot::runCodeIgniter(Object(CodeIgniter\CodeIgniter))
14 FCPATH\index.php(56): CodeIgniter\Boot::bootWeb(Object(Config\Paths))
15 SYSTEMPATH\rewrite.php(44): require_once('C:\\Users\\AKU BANGGA JADI IT 2\\Documents\\RafiChandra\\Codeigniter4\\bengkel-salsa-motor\\public\\index.php')
CRITICAL - 2026-08-13 08:42:58 --> CodeIgniter\Database\Exceptions\DatabaseException: Unknown column 'satuan.id' in 'on clause'
[Method: GET, Route: admin/transaksiservis/getTemp]
in SYSTEMPATH\Database\BaseConnection.php on line 863.
 1 SYSTEMPATH\Database\BaseBuilder.php(1659): CodeIgniter\Database\BaseConnection->query('SELECT `temp_transaksi_servis`.*, `servis`.`jenis_servis`, `barang`.`nama_barng`, `satuan`.`nama_satuan`
FROM `temp_transaksi_servis`
LEFT JOIN `servis` ON `servis`.`kodeservis` = `temp_transaksi_servis`.`detserviskode`
LEFT JOIN `barang` ON `barang`.`kode` = `temp_transaksi_servis`.`detailbrgkode`
LEFT JOIN `satuan` ON `satuan`.`id` = `barang`.`satuanid`
WHERE `temp_transaksi_servis`.`session_id` = :temp_transaksi_servis.session_id:', [...], false)
 2 SYSTEMPATH\Model.php(255): CodeIgniter\Database\BaseBuilder->get()
 3 SYSTEMPATH\BaseModel.php(676): CodeIgniter\Model->doFindAll(0, 0)
 4 APPPATH\Models\TempTransaksiServisModel.php(32): CodeIgniter\BaseModel->findAll()
 5 APPPATH\Controllers\TransaksiServis.php(97): App\Models\TempTransaksiServisModel->getTempWithInfo('62a7016f6892d9032520491dd6b35857')
 6 SYSTEMPATH\CodeIgniter.php(974): App\Controllers\TransaksiServis->getTemp()
 7 SYSTEMPATH\CodeIgniter.php(520): CodeIgniter\CodeIgniter->runController(Object(App\Controllers\TransaksiServis))
 8 SYSTEMPATH\CodeIgniter.php(363): CodeIgniter\CodeIgniter->handleRequest(null, Object(Config\Cache), false)
 9 SYSTEMPATH\Boot.php(417): CodeIgniter\CodeIgniter->run()
10 SYSTEMPATH\Boot.php(68): CodeIgniter\Boot::runCodeIgniter(Object(CodeIgniter\CodeIgniter))
11 FCPATH\index.php(56): CodeIgniter\Boot::bootWeb(Object(Config\Paths))
12 SYSTEMPATH\rewrite.php(44): require_once('C:\\Users\\AKU BANGGA JADI IT 2\\Documents\\RafiChandra\\Codeigniter4\\bengkel-salsa-motor\\public\\index.php')
CRITICAL - 2026-08-13 08:42:58 --> [Caused by] CodeIgniter\Database\Exceptions\DatabaseException: Unknown column 'satuan.id' in 'on clause'
in SYSTEMPATH\Database\MySQLi\Connection.php on line 310.
 1 SYSTEMPATH\Database\BaseConnection.php(908): CodeIgniter\Database\MySQLi\Connection->execute('SELECT `temp_transaksi_servis`.*, `servis`.`jenis_servis`, `barang`.`nama_barng`, `satuan`.`nama_satuan`
FROM `temp_transaksi_servis`
LEFT JOIN `servis` ON `servis`.`kodeservis` = `temp_transaksi_servis`.`detserviskode`
LEFT JOIN `barang` ON `barang`.`kode` = `temp_transaksi_servis`.`detailbrgkode`
LEFT JOIN `satuan` ON `satuan`.`id` = `barang`.`satuanid`
WHERE `temp_transaksi_servis`.`session_id` = \'62a7016f6892d9032520491dd6b35857\'')
 2 SYSTEMPATH\Database\BaseConnection.php(825): CodeIgniter\Database\BaseConnection->simpleQuery('SELECT `temp_transaksi_servis`.*, `servis`.`jenis_servis`, `barang`.`nama_barng`, `satuan`.`nama_satuan`
FROM `temp_transaksi_servis`
LEFT JOIN `servis` ON `servis`.`kodeservis` = `temp_transaksi_servis`.`detserviskode`
LEFT JOIN `barang` ON `barang`.`kode` = `temp_transaksi_servis`.`detailbrgkode`
LEFT JOIN `satuan` ON `satuan`.`id` = `barang`.`satuanid`
WHERE `temp_transaksi_servis`.`session_id` = \'62a7016f6892d9032520491dd6b35857\'')
 3 SYSTEMPATH\Database\BaseBuilder.php(1659): CodeIgniter\Database\BaseConnection->query('SELECT `temp_transaksi_servis`.*, `servis`.`jenis_servis`, `barang`.`nama_barng`, `satuan`.`nama_satuan`
FROM `temp_transaksi_servis`
LEFT JOIN `servis` ON `servis`.`kodeservis` = `temp_transaksi_servis`.`detserviskode`
LEFT JOIN `barang` ON `barang`.`kode` = `temp_transaksi_servis`.`detailbrgkode`
LEFT JOIN `satuan` ON `satuan`.`id` = `barang`.`satuanid`
WHERE `temp_transaksi_servis`.`session_id` = :temp_transaksi_servis.session_id:', [...], false)
 4 SYSTEMPATH\Model.php(255): CodeIgniter\Database\BaseBuilder->get()
 5 SYSTEMPATH\BaseModel.php(676): CodeIgniter\Model->doFindAll(0, 0)
 6 APPPATH\Models\TempTransaksiServisModel.php(32): CodeIgniter\BaseModel->findAll()
 7 APPPATH\Controllers\TransaksiServis.php(97): App\Models\TempTransaksiServisModel->getTempWithInfo('62a7016f6892d9032520491dd6b35857')
 8 SYSTEMPATH\CodeIgniter.php(974): App\Controllers\TransaksiServis->getTemp()
 9 SYSTEMPATH\CodeIgniter.php(520): CodeIgniter\CodeIgniter->runController(Object(App\Controllers\TransaksiServis))
10 SYSTEMPATH\CodeIgniter.php(363): CodeIgniter\CodeIgniter->handleRequest(null, Object(Config\Cache), false)
11 SYSTEMPATH\Boot.php(417): CodeIgniter\CodeIgniter->run()
12 SYSTEMPATH\Boot.php(68): CodeIgniter\Boot::runCodeIgniter(Object(CodeIgniter\CodeIgniter))
13 FCPATH\index.php(56): CodeIgniter\Boot::bootWeb(Object(Config\Paths))
14 SYSTEMPATH\rewrite.php(44): require_once('C:\\Users\\AKU BANGGA JADI IT 2\\Documents\\RafiChandra\\Codeigniter4\\bengkel-salsa-motor\\public\\index.php')
CRITICAL - 2026-08-13 08:42:58 --> [Caused by] mysqli_sql_exception: Unknown column 'satuan.id' in 'on clause'
in SYSTEMPATH\Database\MySQLi\Connection.php on line 300.
 1 SYSTEMPATH\Database\MySQLi\Connection.php(300): mysqli->query('SELECT `temp_transaksi_servis`.*, `servis`.`jenis_servis`, `barang`.`nama_barng`, `satuan`.`nama_satuan`
FROM `temp_transaksi_servis`
LEFT JOIN `servis` ON `servis`.`kodeservis` = `temp_transaksi_servis`.`detserviskode`
LEFT JOIN `barang` ON `barang`.`kode` = `temp_transaksi_servis`.`detailbrgkode`
LEFT JOIN `satuan` ON `satuan`.`id` = `barang`.`satuanid`
WHERE `temp_transaksi_servis`.`session_id` = \'62a7016f6892d9032520491dd6b35857\'', 0)
 2 SYSTEMPATH\Database\BaseConnection.php(908): CodeIgniter\Database\MySQLi\Connection->execute('SELECT `temp_transaksi_servis`.*, `servis`.`jenis_servis`, `barang`.`nama_barng`, `satuan`.`nama_satuan`
FROM `temp_transaksi_servis`
LEFT JOIN `servis` ON `servis`.`kodeservis` = `temp_transaksi_servis`.`detserviskode`
LEFT JOIN `barang` ON `barang`.`kode` = `temp_transaksi_servis`.`detailbrgkode`
LEFT JOIN `satuan` ON `satuan`.`id` = `barang`.`satuanid`
WHERE `temp_transaksi_servis`.`session_id` = \'62a7016f6892d9032520491dd6b35857\'')
 3 SYSTEMPATH\Database\BaseConnection.php(825): CodeIgniter\Database\BaseConnection->simpleQuery('SELECT `temp_transaksi_servis`.*, `servis`.`jenis_servis`, `barang`.`nama_barng`, `satuan`.`nama_satuan`
FROM `temp_transaksi_servis`
LEFT JOIN `servis` ON `servis`.`kodeservis` = `temp_transaksi_servis`.`detserviskode`
LEFT JOIN `barang` ON `barang`.`kode` = `temp_transaksi_servis`.`detailbrgkode`
LEFT JOIN `satuan` ON `satuan`.`id` = `barang`.`satuanid`
WHERE `temp_transaksi_servis`.`session_id` = \'62a7016f6892d9032520491dd6b35857\'')
 4 SYSTEMPATH\Database\BaseBuilder.php(1659): CodeIgniter\Database\BaseConnection->query('SELECT `temp_transaksi_servis`.*, `servis`.`jenis_servis`, `barang`.`nama_barng`, `satuan`.`nama_satuan`
FROM `temp_transaksi_servis`
LEFT JOIN `servis` ON `servis`.`kodeservis` = `temp_transaksi_servis`.`detserviskode`
LEFT JOIN `barang` ON `barang`.`kode` = `temp_transaksi_servis`.`detailbrgkode`
LEFT JOIN `satuan` ON `satuan`.`id` = `barang`.`satuanid`
WHERE `temp_transaksi_servis`.`session_id` = :temp_transaksi_servis.session_id:', [...], false)
 5 SYSTEMPATH\Model.php(255): CodeIgniter\Database\BaseBuilder->get()
 6 SYSTEMPATH\BaseModel.php(676): CodeIgniter\Model->doFindAll(0, 0)
 7 APPPATH\Models\TempTransaksiServisModel.php(32): CodeIgniter\BaseModel->findAll()
 8 APPPATH\Controllers\TransaksiServis.php(97): App\Models\TempTransaksiServisModel->getTempWithInfo('62a7016f6892d9032520491dd6b35857')
 9 SYSTEMPATH\CodeIgniter.php(974): App\Controllers\TransaksiServis->getTemp()
10 SYSTEMPATH\CodeIgniter.php(520): CodeIgniter\CodeIgniter->runController(Object(App\Controllers\TransaksiServis))
11 SYSTEMPATH\CodeIgniter.php(363): CodeIgniter\CodeIgniter->handleRequest(null, Object(Config\Cache), false)
12 SYSTEMPATH\Boot.php(417): CodeIgniter\CodeIgniter->run()
13 SYSTEMPATH\Boot.php(68): CodeIgniter\Boot::runCodeIgniter(Object(CodeIgniter\CodeIgniter))
14 FCPATH\index.php(56): CodeIgniter\Boot::bootWeb(Object(Config\Paths))
15 SYSTEMPATH\rewrite.php(44): require_once('C:\\Users\\AKU BANGGA JADI IT 2\\Documents\\RafiChandra\\Codeigniter4\\bengkel-salsa-motor\\public\\index.php')
DEBUG - 2026-08-13 08:43:28 --> Session: Class initialized using 'CodeIgniter\Session\Handlers\FileHandler' driver.
DEBUG - 2026-08-13 08:43:29 --> Session: Class initialized using 'CodeIgniter\Session\Handlers\FileHandler' driver.
DEBUG - 2026-08-13 08:43:42 --> Session: Class initialized using 'CodeIgniter\Session\Handlers\FileHandler' driver.
DEBUG - 2026-08-13 08:43:42 --> Session: Class initialized using 'CodeIgniter\Session\Handlers\FileHandler' driver.
DEBUG - 2026-08-13 08:43:50 --> Session: Class initialized using 'CodeIgniter\Session\Handlers\FileHandler' driver.
DEBUG - 2026-08-13 08:43:50 --> Session: Class initialized using 'CodeIgniter\Session\Handlers\FileHandler' driver.
DEBUG - 2026-08-13 08:46:12 --> Session: Class initialized using 'CodeIgniter\Session\Handlers\FileHandler' driver.
DEBUG - 2026-08-13 08:46:12 --> Session: Class initialized using 'CodeIgniter\Session\Handlers\FileHandler' driver.
DEBUG - 2026-08-13 08:46:18 --> Session: Class initialized using 'CodeIgniter\Session\Handlers\FileHandler' driver.
DEBUG - 2026-08-13 08:46:18 --> Session: Class initialized using 'CodeIgniter\Session\Handlers\FileHandler' driver.
DEBUG - 2026-08-13 08:46:54 --> Session: Class initialized using 'CodeIgniter\Session\Handlers\FileHandler' driver.
DEBUG - 2026-08-13 08:46:54 --> Session: Class initialized using 'CodeIgniter\Session\Handlers\FileHandler' driver.
DEBUG - 2026-08-13 08:47:22 --> Session: Class initialized using 'CodeIgniter\Session\Handlers\FileHandler' driver.
DEBUG - 2026-08-13 08:47:22 --> Session: Class initialized using 'CodeIgniter\Session\Handlers\FileHandler' driver.
DEBUG - 2026-08-13 08:47:27 --> Session: Class initialized using 'CodeIgniter\Session\Handlers\FileHandler' driver.
DEBUG - 2026-08-13 08:47:27 --> Session: Class initialized using 'CodeIgniter\Session\Handlers\FileHandler' driver.
DEBUG - 2026-08-13 08:47:39 --> Session: Class initialized using 'CodeIgniter\Session\Handlers\FileHandler' driver.
DEBUG - 2026-08-13 08:47:39 --> Session: Class initialized using 'CodeIgniter\Session\Handlers\FileHandler' driver.
DEBUG - 2026-08-13 08:48:36 --> Session: Class initialized using 'CodeIgniter\Session\Handlers\FileHandler' driver.
DEBUG - 2026-08-13 08:48:36 --> Session: Class initialized using 'CodeIgniter\Session\Handlers\FileHandler' driver.
DEBUG - 2026-08-13 08:48:56 --> Session: Class initialized using 'CodeIgniter\Session\Handlers\FileHandler' driver.
DEBUG - 2026-08-13 08:48:56 --> Session: Class initialized using 'CodeIgniter\Session\Handlers\FileHandler' driver.
DEBUG - 2026-08-13 08:49:02 --> Session: Class initialized using 'CodeIgniter\Session\Handlers\FileHandler' driver.
DEBUG - 2026-08-13 08:49:02 --> Session: Class initialized using 'CodeIgniter\Session\Handlers\FileHandler' driver.
DEBUG - 2026-08-13 08:49:08 --> Session: Class initialized using 'CodeIgniter\Session\Handlers\FileHandler' driver.
DEBUG - 2026-08-13 08:49:08 --> Session: Class initialized using 'CodeIgniter\Session\Handlers\FileHandler' driver.
DEBUG - 2026-08-13 08:49:49 --> Session: Class initialized using 'CodeIgniter\Session\Handlers\FileHandler' driver.
DEBUG - 2026-08-13 08:49:51 --> Session: Class initialized using 'CodeIgniter\Session\Handlers\FileHandler' driver.
DEBUG - 2026-08-13 08:49:54 --> Session: Class initialized using 'CodeIgniter\Session\Handlers\FileHandler' driver.
DEBUG - 2026-08-13 08:49:55 --> Session: Class initialized using 'CodeIgniter\Session\Handlers\FileHandler' driver.
DEBUG - 2026-08-13 08:50:00 --> Session: Class initialized using 'CodeIgniter\Session\Handlers\FileHandler' driver.
DEBUG - 2026-08-13 08:50:01 --> Session: Class initialized using 'CodeIgniter\Session\Handlers\FileHandler' driver.
DEBUG - 2026-08-13 08:50:07 --> Session: Class initialized using 'CodeIgniter\Session\Handlers\FileHandler' driver.
DEBUG - 2026-08-13 08:52:16 --> Session: Class initialized using 'CodeIgniter\Session\Handlers\FileHandler' driver.
DEBUG - 2026-08-13 08:52:16 --> Session: Class initialized using 'CodeIgniter\Session\Handlers\FileHandler' driver.
DEBUG - 2026-08-13 08:52:17 --> Session: Class initialized using 'CodeIgniter\Session\Handlers\FileHandler' driver.
DEBUG - 2026-08-13 08:52:17 --> Session: Class initialized using 'CodeIgniter\Session\Handlers\FileHandler' driver.
DEBUG - 2026-08-13 08:52:18 --> Session: Class initialized using 'CodeIgniter\Session\Handlers\FileHandler' driver.
DEBUG - 2026-08-13 08:57:10 --> Session: Class initialized using 'CodeIgniter\Session\Handlers\FileHandler' driver.
DEBUG - 2026-08-13 08:57:21 --> Session: Class initialized using 'CodeIgniter\Session\Handlers\FileHandler' driver.
DEBUG - 2026-08-13 08:57:25 --> Session: Class initialized using 'CodeIgniter\Session\Handlers\FileHandler' driver.
DEBUG - 2026-08-13 08:58:31 --> Session: Class initialized using 'CodeIgniter\Session\Handlers\FileHandler' driver.
DEBUG - 2026-08-13 08:58:32 --> Session: Class initialized using 'CodeIgniter\Session\Handlers\FileHandler' driver.
DEBUG - 2026-08-13 09:01:10 --> Session: Class initialized using 'CodeIgniter\Session\Handlers\FileHandler' driver.
DEBUG - 2026-08-13 09:01:26 --> Session: Class initialized using 'CodeIgniter\Session\Handlers\FileHandler' driver.
DEBUG - 2026-08-13 09:01:27 --> Session: Class initialized using 'CodeIgniter\Session\Handlers\FileHandler' driver.
DEBUG - 2026-08-13 09:01:27 --> Session: Class initialized using 'CodeIgniter\Session\Handlers\FileHandler' driver.
DEBUG - 2026-08-13 09:01:30 --> Session: Class initialized using 'CodeIgniter\Session\Handlers\FileHandler' driver.
DEBUG - 2026-08-13 09:01:30 --> Session: Class initialized using 'CodeIgniter\Session\Handlers\FileHandler' driver.
DEBUG - 2026-08-13 09:01:31 --> Session: Class initialized using 'CodeIgniter\Session\Handlers\FileHandler' driver.
DEBUG - 2026-08-13 09:01:31 --> Session: Class initialized using 'CodeIgniter\Session\Handlers\FileHandler' driver.
DEBUG - 2026-08-13 09:01:31 --> Session: Class initialized using 'CodeIgniter\Session\Handlers\FileHandler' driver.
DEBUG - 2026-08-13 09:01:31 --> Session: Class initialized using 'CodeIgniter\Session\Handlers\FileHandler' driver.
DEBUG - 2026-08-13 09:01:31 --> Session: Class initialized using 'CodeIgniter\Session\Handlers\FileHandler' driver.
DEBUG - 2026-08-13 09:01:31 --> Session: Class initialized using 'CodeIgniter\Session\Handlers\FileHandler' driver.
DEBUG - 2026-08-13 09:01:32 --> Session: Class initialized using 'CodeIgniter\Session\Handlers\FileHandler' driver.
DEBUG - 2026-08-13 09:01:32 --> Session: Class initialized using 'CodeIgniter\Session\Handlers\FileHandler' driver.
DEBUG - 2026-08-13 09:01:32 --> Session: Class initialized using 'CodeIgniter\Session\Handlers\FileHandler' driver.
DEBUG - 2026-08-13 09:01:36 --> Session: Class initialized using 'CodeIgniter\Session\Handlers\FileHandler' driver.
DEBUG - 2026-08-13 09:01:36 --> Session: Class initialized using 'CodeIgniter\Session\Handlers\FileHandler' driver.
DEBUG - 2026-08-13 09:01:37 --> Session: Class initialized using 'CodeIgniter\Session\Handlers\FileHandler' driver.
DEBUG - 2026-08-13 09:01:37 --> Session: Class initialized using 'CodeIgniter\Session\Handlers\FileHandler' driver.
DEBUG - 2026-08-13 09:01:38 --> Session: Class initialized using 'CodeIgniter\Session\Handlers\FileHandler' driver.
DEBUG - 2026-08-13 09:01:38 --> Session: Class initialized using 'CodeIgniter\Session\Handlers\FileHandler' driver.
DEBUG - 2026-08-13 09:01:38 --> Session: Class initialized using 'CodeIgniter\Session\Handlers\FileHandler' driver.
DEBUG - 2026-08-13 09:01:38 --> Session: Class initialized using 'CodeIgniter\Session\Handlers\FileHandler' driver.
DEBUG - 2026-08-13 09:01:38 --> Session: Class initialized using 'CodeIgniter\Session\Handlers\FileHandler' driver.
DEBUG - 2026-08-13 09:01:57 --> Session: Class initialized using 'CodeIgniter\Session\Handlers\FileHandler' driver.
DEBUG - 2026-08-13 09:02:30 --> Session: Class initialized using 'CodeIgniter\Session\Handlers\FileHandler' driver.
DEBUG - 2026-08-13 09:02:53 --> Session: Class initialized using 'CodeIgniter\Session\Handlers\FileHandler' driver.
DEBUG - 2026-08-13 09:03:01 --> Session: Class initialized using 'CodeIgniter\Session\Handlers\FileHandler' driver.
DEBUG - 2026-08-13 09:03:17 --> Session: Class initialized using 'CodeIgniter\Session\Handlers\FileHandler' driver.
DEBUG - 2026-08-13 09:03:18 --> Session: Class initialized using 'CodeIgniter\Session\Handlers\FileHandler' driver.
DEBUG - 2026-08-13 09:03:28 --> Session: Class initialized using 'CodeIgniter\Session\Handlers\FileHandler' driver.
DEBUG - 2026-08-13 09:03:29 --> Session: Class initialized using 'CodeIgniter\Session\Handlers\FileHandler' driver.
DEBUG - 2026-08-13 09:03:35 --> Session: Class initialized using 'CodeIgniter\Session\Handlers\FileHandler' driver.
DEBUG - 2026-08-13 09:03:45 --> Session: Class initialized using 'CodeIgniter\Session\Handlers\FileHandler' driver.
DEBUG - 2026-08-13 09:03:47 --> Session: Class initialized using 'CodeIgniter\Session\Handlers\FileHandler' driver.
DEBUG - 2026-08-13 09:03:52 --> Session: Class initialized using 'CodeIgniter\Session\Handlers\FileHandler' driver.
DEBUG - 2026-08-13 09:06:42 --> Session: Class initialized using 'CodeIgniter\Session\Handlers\FileHandler' driver.
DEBUG - 2026-08-13 09:07:47 --> Session: Class initialized using 'CodeIgniter\Session\Handlers\FileHandler' driver.
DEBUG - 2026-08-13 09:08:11 --> Session: Class initialized using 'CodeIgniter\Session\Handlers\FileHandler' driver.
DEBUG - 2026-08-13 09:08:13 --> Session: Class initialized using 'CodeIgniter\Session\Handlers\FileHandler' driver.
DEBUG - 2026-08-13 09:09:00 --> Session: Class initialized using 'CodeIgniter\Session\Handlers\FileHandler' driver.
DEBUG - 2026-08-13 09:09:33 --> Session: Class initialized using 'CodeIgniter\Session\Handlers\FileHandler' driver.
DEBUG - 2026-08-13 09:09:39 --> Session: Class initialized using 'CodeIgniter\Session\Handlers\FileHandler' driver.
DEBUG - 2026-08-13 09:09:43 --> Session: Class initialized using 'CodeIgniter\Session\Handlers\FileHandler' driver.
DEBUG - 2026-08-13 09:09:44 --> Session: Class initialized using 'CodeIgniter\Session\Handlers\FileHandler' driver.
DEBUG - 2026-08-13 09:09:45 --> Session: Class initialized using 'CodeIgniter\Session\Handlers\FileHandler' driver.
DEBUG - 2026-08-13 09:28:56 --> Session: Class initialized using 'CodeIgniter\Session\Handlers\FileHandler' driver.
DEBUG - 2026-08-13 09:29:43 --> Session: Class initialized using 'CodeIgniter\Session\Handlers\FileHandler' driver.
DEBUG - 2026-08-13 09:29:45 --> Session: Class initialized using 'CodeIgniter\Session\Handlers\FileHandler' driver.
DEBUG - 2026-08-13 09:30:13 --> Session: Class initialized using 'CodeIgniter\Session\Handlers\FileHandler' driver.
DEBUG - 2026-08-13 09:30:14 --> Session: Class initialized using 'CodeIgniter\Session\Handlers\FileHandler' driver.
ERROR - 2026-08-13 09:30:15 --> Table 'db_salsamotor.booking' doesn't exist
in SYSTEMPATH\Database\MySQLi\Connection.php on line 300.
 1 SYSTEMPATH\Database\MySQLi\Connection.php(300): mysqli->query('SELECT *
FROM `booking`
ORDER BY `tanggal_booking` ASC, `jam_booking` ASC', 0)
 2 SYSTEMPATH\Database\BaseConnection.php(908): CodeIgniter\Database\MySQLi\Connection->execute('SELECT *
FROM `booking`
ORDER BY `tanggal_booking` ASC, `jam_booking` ASC')
 3 SYSTEMPATH\Database\BaseConnection.php(825): CodeIgniter\Database\BaseConnection->simpleQuery('SELECT *
FROM `booking`
ORDER BY `tanggal_booking` ASC, `jam_booking` ASC')
 4 SYSTEMPATH\Database\BaseBuilder.php(1659): CodeIgniter\Database\BaseConnection->query('SELECT *
FROM `booking`
ORDER BY `tanggal_booking` ASC, `jam_booking` ASC', [], false)
 5 SYSTEMPATH\Model.php(255): CodeIgniter\Database\BaseBuilder->get()
 6 SYSTEMPATH\BaseModel.php(676): CodeIgniter\Model->doFindAll(0, 0)
 7 APPPATH\Controllers\AdminBooking.php(23): CodeIgniter\BaseModel->findAll()
 8 SYSTEMPATH\CodeIgniter.php(974): App\Controllers\AdminBooking->index()
 9 SYSTEMPATH\CodeIgniter.php(520): CodeIgniter\CodeIgniter->runController(Object(App\Controllers\AdminBooking))
10 SYSTEMPATH\CodeIgniter.php(363): CodeIgniter\CodeIgniter->handleRequest(null, Object(Config\Cache), false)
11 SYSTEMPATH\Boot.php(417): CodeIgniter\CodeIgniter->run()
12 SYSTEMPATH\Boot.php(68): CodeIgniter\Boot::runCodeIgniter(Object(CodeIgniter\CodeIgniter))
13 FCPATH\index.php(56): CodeIgniter\Boot::bootWeb(Object(Config\Paths))
14 SYSTEMPATH\rewrite.php(44): require_once('C:\\Users\\AKU BANGGA JADI IT 2\\Documents\\RafiChandra\\Codeigniter4\\bengkel-salsa-motor\\public\\index.php')
CRITICAL - 2026-08-13 09:30:15 --> CodeIgniter\Database\Exceptions\DatabaseException: Table 'db_salsamotor.booking' doesn't exist
[Method: GET, Route: admin/booking]
in SYSTEMPATH\Database\BaseConnection.php on line 863.
 1 SYSTEMPATH\Database\BaseBuilder.php(1659): CodeIgniter\Database\BaseConnection->query('SELECT *
FROM `booking`
ORDER BY `tanggal_booking` ASC, `jam_booking` ASC', [], false)
 2 SYSTEMPATH\Model.php(255): CodeIgniter\Database\BaseBuilder->get()
 3 SYSTEMPATH\BaseModel.php(676): CodeIgniter\Model->doFindAll(0, 0)
 4 APPPATH\Controllers\AdminBooking.php(23): CodeIgniter\BaseModel->findAll()
 5 SYSTEMPATH\CodeIgniter.php(974): App\Controllers\AdminBooking->index()
 6 SYSTEMPATH\CodeIgniter.php(520): CodeIgniter\CodeIgniter->runController(Object(App\Controllers\AdminBooking))
 7 SYSTEMPATH\CodeIgniter.php(363): CodeIgniter\CodeIgniter->handleRequest(null, Object(Config\Cache), false)
 8 SYSTEMPATH\Boot.php(417): CodeIgniter\CodeIgniter->run()
 9 SYSTEMPATH\Boot.php(68): CodeIgniter\Boot::runCodeIgniter(Object(CodeIgniter\CodeIgniter))
10 FCPATH\index.php(56): CodeIgniter\Boot::bootWeb(Object(Config\Paths))
11 SYSTEMPATH\rewrite.php(44): require_once('C:\\Users\\AKU BANGGA JADI IT 2\\Documents\\RafiChandra\\Codeigniter4\\bengkel-salsa-motor\\public\\index.php')
CRITICAL - 2026-08-13 09:30:15 --> [Caused by] CodeIgniter\Database\Exceptions\DatabaseException: Table 'db_salsamotor.booking' doesn't exist
in SYSTEMPATH\Database\MySQLi\Connection.php on line 310.
 1 SYSTEMPATH\Database\BaseConnection.php(908): CodeIgniter\Database\MySQLi\Connection->execute('SELECT *
FROM `booking`
ORDER BY `tanggal_booking` ASC, `jam_booking` ASC')
 2 SYSTEMPATH\Database\BaseConnection.php(825): CodeIgniter\Database\BaseConnection->simpleQuery('SELECT *
FROM `booking`
ORDER BY `tanggal_booking` ASC, `jam_booking` ASC')
 3 SYSTEMPATH\Database\BaseBuilder.php(1659): CodeIgniter\Database\BaseConnection->query('SELECT *
FROM `booking`
ORDER BY `tanggal_booking` ASC, `jam_booking` ASC', [], false)
 4 SYSTEMPATH\Model.php(255): CodeIgniter\Database\BaseBuilder->get()
 5 SYSTEMPATH\BaseModel.php(676): CodeIgniter\Model->doFindAll(0, 0)
 6 APPPATH\Controllers\AdminBooking.php(23): CodeIgniter\BaseModel->findAll()
 7 SYSTEMPATH\CodeIgniter.php(974): App\Controllers\AdminBooking->index()
 8 SYSTEMPATH\CodeIgniter.php(520): CodeIgniter\CodeIgniter->runController(Object(App\Controllers\AdminBooking))
 9 SYSTEMPATH\CodeIgniter.php(363): CodeIgniter\CodeIgniter->handleRequest(null, Object(Config\Cache), false)
10 SYSTEMPATH\Boot.php(417): CodeIgniter\CodeIgniter->run()
11 SYSTEMPATH\Boot.php(68): CodeIgniter\Boot::runCodeIgniter(Object(CodeIgniter\CodeIgniter))
12 FCPATH\index.php(56): CodeIgniter\Boot::bootWeb(Object(Config\Paths))
13 SYSTEMPATH\rewrite.php(44): require_once('C:\\Users\\AKU BANGGA JADI IT 2\\Documents\\RafiChandra\\Codeigniter4\\bengkel-salsa-motor\\public\\index.php')
CRITICAL - 2026-08-13 09:30:15 --> [Caused by] mysqli_sql_exception: Table 'db_salsamotor.booking' doesn't exist
in SYSTEMPATH\Database\MySQLi\Connection.php on line 300.
 1 SYSTEMPATH\Database\MySQLi\Connection.php(300): mysqli->query('SELECT *
FROM `booking`
ORDER BY `tanggal_booking` ASC, `jam_booking` ASC', 0)
 2 SYSTEMPATH\Database\BaseConnection.php(908): CodeIgniter\Database\MySQLi\Connection->execute('SELECT *
FROM `booking`
ORDER BY `tanggal_booking` ASC, `jam_booking` ASC')
 3 SYSTEMPATH\Database\BaseConnection.php(825): CodeIgniter\Database\BaseConnection->simpleQuery('SELECT *
FROM `booking`
ORDER BY `tanggal_booking` ASC, `jam_booking` ASC')
 4 SYSTEMPATH\Database\BaseBuilder.php(1659): CodeIgniter\Database\BaseConnection->query('SELECT *
FROM `booking`
ORDER BY `tanggal_booking` ASC, `jam_booking` ASC', [], false)
 5 SYSTEMPATH\Model.php(255): CodeIgniter\Database\BaseBuilder->get()
 6 SYSTEMPATH\BaseModel.php(676): CodeIgniter\Model->doFindAll(0, 0)
 7 APPPATH\Controllers\AdminBooking.php(23): CodeIgniter\BaseModel->findAll()
 8 SYSTEMPATH\CodeIgniter.php(974): App\Controllers\AdminBooking->index()
 9 SYSTEMPATH\CodeIgniter.php(520): CodeIgniter\CodeIgniter->runController(Object(App\Controllers\AdminBooking))
10 SYSTEMPATH\CodeIgniter.php(363): CodeIgniter\CodeIgniter->handleRequest(null, Object(Config\Cache), false)
11 SYSTEMPATH\Boot.php(417): CodeIgniter\CodeIgniter->run()
12 SYSTEMPATH\Boot.php(68): CodeIgniter\Boot::runCodeIgniter(Object(CodeIgniter\CodeIgniter))
13 FCPATH\index.php(56): CodeIgniter\Boot::bootWeb(Object(Config\Paths))
14 SYSTEMPATH\rewrite.php(44): require_once('C:\\Users\\AKU BANGGA JADI IT 2\\Documents\\RafiChandra\\Codeigniter4\\bengkel-salsa-motor\\public\\index.php')
DEBUG - 2026-08-13 09:30:16 --> Session: Class initialized using 'CodeIgniter\Session\Handlers\FileHandler' driver.
DEBUG - 2026-08-13 09:30:24 --> Session: Class initialized using 'CodeIgniter\Session\Handlers\FileHandler' driver.
DEBUG - 2026-08-13 09:30:51 --> Session: Class initialized using 'CodeIgniter\Session\Handlers\FileHandler' driver.
