CRITICAL - 2024-07-08 05:17:32 --> ErrorException: include(assets/css.php): Failed to open stream: No such file or directory
[Method: GET, Route: /]
in APPPATH\Views\auth\login.php on line 10.
 1 APPPATH\Views\auth\login.php(10): CodeIgniter\Debug\Exceptions->errorHandler(2, 'include(assets/css.php): Failed to open stream: No such file or directory', 'C:\\Users\\lenovo\\Documents\\data-valdo\\klinik-bersalin\\app\\Views\\auth\\login.php', 10)
 2 APPPATH\Views\auth\login.php(10): include()
 3 SYSTEMPATH\View\View.php(234): include('C:\\Users\\lenovo\\Documents\\data-valdo\\klinik-bersalin\\app\\Views\\auth\\login.php')
 4 SYSTEMPATH\View\View.php(237): CodeIgniter\View\View->CodeIgniter\View\{closure}()
 5 SYSTEMPATH\Common.php(1171): CodeIgniter\View\View->render('auth/login', [], true)
 6 APPPATH\Controllers\Auth.php(12): view('auth/login')
 7 SYSTEMPATH\CodeIgniter.php(933): App\Controllers\Auth->login()
 8 SYSTEMPATH\CodeIgniter.php(509): CodeIgniter\CodeIgniter->runController(Object(App\Controllers\Auth))
 9 SYSTEMPATH\CodeIgniter.php(355): CodeIgniter\CodeIgniter->handleRequest(null, Object(Config\Cache), false)
10 SYSTEMPATH\Boot.php(325): CodeIgniter\CodeIgniter->run()
11 SYSTEMPATH\Boot.php(67): CodeIgniter\Boot::runCodeIgniter(Object(CodeIgniter\CodeIgniter))
12 FCPATH\index.php(56): CodeIgniter\Boot::bootWeb(Object(Config\Paths))
13 SYSTEMPATH\rewrite.php(44): require_once('C:\\Users\\lenovo\\Documents\\data-valdo\\klinik-bersalin\\public\\index.php')
CRITICAL - 2024-07-08 05:17:40 --> ErrorException: include(/assets/css.php): Failed to open stream: No such file or directory
[Method: GET, Route: /]
in APPPATH\Views\auth\login.php on line 10.
 1 APPPATH\Views\auth\login.php(10): CodeIgniter\Debug\Exceptions->errorHandler(2, 'include(/assets/css.php): Failed to open stream: No such file or directory', 'C:\\Users\\lenovo\\Documents\\data-valdo\\klinik-bersalin\\app\\Views\\auth\\login.php', 10)
 2 APPPATH\Views\auth\login.php(10): include()
 3 SYSTEMPATH\View\View.php(234): include('C:\\Users\\lenovo\\Documents\\data-valdo\\klinik-bersalin\\app\\Views\\auth\\login.php')
 4 SYSTEMPATH\View\View.php(237): CodeIgniter\View\View->CodeIgniter\View\{closure}()
 5 SYSTEMPATH\Common.php(1171): CodeIgniter\View\View->render('auth/login', [], true)
 6 APPPATH\Controllers\Auth.php(12): view('auth/login')
 7 SYSTEMPATH\CodeIgniter.php(933): App\Controllers\Auth->login()
 8 SYSTEMPATH\CodeIgniter.php(509): CodeIgniter\CodeIgniter->runController(Object(App\Controllers\Auth))
 9 SYSTEMPATH\CodeIgniter.php(355): CodeIgniter\CodeIgniter->handleRequest(null, Object(Config\Cache), false)
10 SYSTEMPATH\Boot.php(325): CodeIgniter\CodeIgniter->run()
11 SYSTEMPATH\Boot.php(67): CodeIgniter\Boot::runCodeIgniter(Object(CodeIgniter\CodeIgniter))
12 FCPATH\index.php(56): CodeIgniter\Boot::bootWeb(Object(Config\Paths))
13 SYSTEMPATH\rewrite.php(44): require_once('C:\\Users\\lenovo\\Documents\\data-valdo\\klinik-bersalin\\public\\index.php')
CRITICAL - 2024-07-08 05:18:33 --> ErrorException: require(): http:// wrapper is disabled in the server configuration by allow_url_include=0
[Method: GET, Route: /]
in APPPATH\Views\auth\login.php on line 10.
 1 APPPATH\Views\auth\login.php(10): CodeIgniter\Debug\Exceptions->errorHandler(2, 'require(): http:// wrapper is disabled in the server configuration by allow_url_include=0', 'C:\\Users\\lenovo\\Documents\\data-valdo\\klinik-bersalin\\app\\Views\\auth\\login.php', 10)
 2 APPPATH\Views\auth\login.php(10): require()
 3 SYSTEMPATH\View\View.php(234): include('C:\\Users\\lenovo\\Documents\\data-valdo\\klinik-bersalin\\app\\Views\\auth\\login.php')
 4 SYSTEMPATH\View\View.php(237): CodeIgniter\View\View->CodeIgniter\View\{closure}()
 5 SYSTEMPATH\Common.php(1171): CodeIgniter\View\View->render('auth/login', [], true)
 6 APPPATH\Controllers\Auth.php(12): view('auth/login')
 7 SYSTEMPATH\CodeIgniter.php(933): App\Controllers\Auth->login()
 8 SYSTEMPATH\CodeIgniter.php(509): CodeIgniter\CodeIgniter->runController(Object(App\Controllers\Auth))
 9 SYSTEMPATH\CodeIgniter.php(355): CodeIgniter\CodeIgniter->handleRequest(null, Object(Config\Cache), false)
10 SYSTEMPATH\Boot.php(325): CodeIgniter\CodeIgniter->run()
11 SYSTEMPATH\Boot.php(67): CodeIgniter\Boot::runCodeIgniter(Object(CodeIgniter\CodeIgniter))
12 FCPATH\index.php(56): CodeIgniter\Boot::bootWeb(Object(Config\Paths))
13 SYSTEMPATH\rewrite.php(44): require_once('C:\\Users\\lenovo\\Documents\\data-valdo\\klinik-bersalin\\public\\index.php')
CRITICAL - 2024-07-08 05:18:39 --> ErrorException: require(): http:// wrapper is disabled in the server configuration by allow_url_include=0
[Method: GET, Route: /]
in APPPATH\Views\auth\login.php on line 10.
 1 APPPATH\Views\auth\login.php(10): CodeIgniter\Debug\Exceptions->errorHandler(2, 'require(): http:// wrapper is disabled in the server configuration by allow_url_include=0', 'C:\\Users\\lenovo\\Documents\\data-valdo\\klinik-bersalin\\app\\Views\\auth\\login.php', 10)
 2 APPPATH\Views\auth\login.php(10): require()
 3 SYSTEMPATH\View\View.php(234): include('C:\\Users\\lenovo\\Documents\\data-valdo\\klinik-bersalin\\app\\Views\\auth\\login.php')
 4 SYSTEMPATH\View\View.php(237): CodeIgniter\View\View->CodeIgniter\View\{closure}()
 5 SYSTEMPATH\Common.php(1171): CodeIgniter\View\View->render('auth/login', [], true)
 6 APPPATH\Controllers\Auth.php(12): view('auth/login')
 7 SYSTEMPATH\CodeIgniter.php(933): App\Controllers\Auth->login()
 8 SYSTEMPATH\CodeIgniter.php(509): CodeIgniter\CodeIgniter->runController(Object(App\Controllers\Auth))
 9 SYSTEMPATH\CodeIgniter.php(355): CodeIgniter\CodeIgniter->handleRequest(null, Object(Config\Cache), false)
10 SYSTEMPATH\Boot.php(325): CodeIgniter\CodeIgniter->run()
11 SYSTEMPATH\Boot.php(67): CodeIgniter\Boot::runCodeIgniter(Object(CodeIgniter\CodeIgniter))
12 FCPATH\index.php(56): CodeIgniter\Boot::bootWeb(Object(Config\Paths))
13 SYSTEMPATH\rewrite.php(44): require_once('C:\\Users\\lenovo\\Documents\\data-valdo\\klinik-bersalin\\public\\index.php')
CRITICAL - 2024-07-08 05:22:55 --> ErrorException: include(../assets/css.php): Failed to open stream: No such file or directory
[Method: GET, Route: /]
in APPPATH\Views\auth\login.php on line 10.
 1 APPPATH\Views\auth\login.php(10): CodeIgniter\Debug\Exceptions->errorHandler(2, 'include(../assets/css.php): Failed to open stream: No such file or directory', 'C:\\Users\\lenovo\\Documents\\data-valdo\\klinik-bersalin\\app\\Views\\auth\\login.php', 10)
 2 APPPATH\Views\auth\login.php(10): include()
 3 SYSTEMPATH\View\View.php(234): include('C:\\Users\\lenovo\\Documents\\data-valdo\\klinik-bersalin\\app\\Views\\auth\\login.php')
 4 SYSTEMPATH\View\View.php(237): CodeIgniter\View\View->CodeIgniter\View\{closure}()
 5 SYSTEMPATH\Common.php(1171): CodeIgniter\View\View->render('auth/login', [], true)
 6 APPPATH\Controllers\Auth.php(12): view('auth/login')
 7 SYSTEMPATH\CodeIgniter.php(933): App\Controllers\Auth->login()
 8 SYSTEMPATH\CodeIgniter.php(509): CodeIgniter\CodeIgniter->runController(Object(App\Controllers\Auth))
 9 SYSTEMPATH\CodeIgniter.php(355): CodeIgniter\CodeIgniter->handleRequest(null, Object(Config\Cache), false)
10 SYSTEMPATH\Boot.php(325): CodeIgniter\CodeIgniter->run()
11 SYSTEMPATH\Boot.php(67): CodeIgniter\Boot::runCodeIgniter(Object(CodeIgniter\CodeIgniter))
12 FCPATH\index.php(56): CodeIgniter\Boot::bootWeb(Object(Config\Paths))
13 SYSTEMPATH\rewrite.php(44): require_once('C:\\Users\\lenovo\\Documents\\data-valdo\\klinik-bersalin\\public\\index.php')
CRITICAL - 2024-07-08 05:23:13 --> ErrorException: include(../../assets/css.php): Failed to open stream: No such file or directory
[Method: GET, Route: /]
in APPPATH\Views\auth\login.php on line 10.
 1 APPPATH\Views\auth\login.php(10): CodeIgniter\Debug\Exceptions->errorHandler(2, 'include(../../assets/css.php): Failed to open stream: No such file or directory', 'C:\\Users\\lenovo\\Documents\\data-valdo\\klinik-bersalin\\app\\Views\\auth\\login.php', 10)
 2 APPPATH\Views\auth\login.php(10): include()
 3 SYSTEMPATH\View\View.php(234): include('C:\\Users\\lenovo\\Documents\\data-valdo\\klinik-bersalin\\app\\Views\\auth\\login.php')
 4 SYSTEMPATH\View\View.php(237): CodeIgniter\View\View->CodeIgniter\View\{closure}()
 5 SYSTEMPATH\Common.php(1171): CodeIgniter\View\View->render('auth/login', [], true)
 6 APPPATH\Controllers\Auth.php(12): view('auth/login')
 7 SYSTEMPATH\CodeIgniter.php(933): App\Controllers\Auth->login()
 8 SYSTEMPATH\CodeIgniter.php(509): CodeIgniter\CodeIgniter->runController(Object(App\Controllers\Auth))
 9 SYSTEMPATH\CodeIgniter.php(355): CodeIgniter\CodeIgniter->handleRequest(null, Object(Config\Cache), false)
10 SYSTEMPATH\Boot.php(325): CodeIgniter\CodeIgniter->run()
11 SYSTEMPATH\Boot.php(67): CodeIgniter\Boot::runCodeIgniter(Object(CodeIgniter\CodeIgniter))
12 FCPATH\index.php(56): CodeIgniter\Boot::bootWeb(Object(Config\Paths))
13 SYSTEMPATH\rewrite.php(44): require_once('C:\\Users\\lenovo\\Documents\\data-valdo\\klinik-bersalin\\public\\index.php')
CRITICAL - 2024-07-08 05:40:27 --> TypeError: App\Controllers\Home::index(): Return value must be of type string, CodeIgniter\HTTP\RedirectResponse returned
[Method: GET, Route: /]
in APPPATH\Controllers\Home.php on line 9.
 1 SYSTEMPATH\CodeIgniter.php(933): App\Controllers\Home->index()
 2 SYSTEMPATH\CodeIgniter.php(509): CodeIgniter\CodeIgniter->runController(Object(App\Controllers\Home))
 3 SYSTEMPATH\CodeIgniter.php(355): CodeIgniter\CodeIgniter->handleRequest(null, Object(Config\Cache), false)
 4 SYSTEMPATH\Boot.php(325): CodeIgniter\CodeIgniter->run()
 5 SYSTEMPATH\Boot.php(67): CodeIgniter\Boot::runCodeIgniter(Object(CodeIgniter\CodeIgniter))
 6 FCPATH\index.php(56): CodeIgniter\Boot::bootWeb(Object(Config\Paths))
 7 SYSTEMPATH\rewrite.php(44): require_once('C:\\Users\\lenovo\\Documents\\data-valdo\\klinik-bersalin\\public\\index.php')
CRITICAL - 2024-07-08 05:40:35 --> TypeError: App\Controllers\Home::index(): Return value must be of type string, CodeIgniter\HTTP\RedirectResponse returned
[Method: GET, Route: /]
in APPPATH\Controllers\Home.php on line 9.
 1 SYSTEMPATH\CodeIgniter.php(933): App\Controllers\Home->index()
 2 SYSTEMPATH\CodeIgniter.php(509): CodeIgniter\CodeIgniter->runController(Object(App\Controllers\Home))
 3 SYSTEMPATH\CodeIgniter.php(355): CodeIgniter\CodeIgniter->handleRequest(null, Object(Config\Cache), false)
 4 SYSTEMPATH\Boot.php(325): CodeIgniter\CodeIgniter->run()
 5 SYSTEMPATH\Boot.php(67): CodeIgniter\Boot::runCodeIgniter(Object(CodeIgniter\CodeIgniter))
 6 FCPATH\index.php(56): CodeIgniter\Boot::bootWeb(Object(Config\Paths))
 7 SYSTEMPATH\rewrite.php(44): require_once('C:\\Users\\lenovo\\Documents\\data-valdo\\klinik-bersalin\\public\\index.php')
INFO - 2024-07-08 06:03:09 --> Session: Class initialized using 'CodeIgniter\Session\Handlers\FileHandler' driver.
CRITICAL - 2024-07-08 06:03:09 --> Error: Class "App\Controllers\UserModel" not found
[Method: POST, Route: login]
in APPPATH\Controllers\Auth.php on line 18.
 1 SYSTEMPATH\CodeIgniter.php(933): App\Controllers\Auth->loginPost()
 2 SYSTEMPATH\CodeIgniter.php(509): CodeIgniter\CodeIgniter->runController(Object(App\Controllers\Auth))
 3 SYSTEMPATH\CodeIgniter.php(355): CodeIgniter\CodeIgniter->handleRequest(null, Object(Config\Cache), false)
 4 SYSTEMPATH\Boot.php(325): CodeIgniter\CodeIgniter->run()
 5 SYSTEMPATH\Boot.php(67): CodeIgniter\Boot::runCodeIgniter(Object(CodeIgniter\CodeIgniter))
 6 FCPATH\index.php(56): CodeIgniter\Boot::bootWeb(Object(Config\Paths))
 7 SYSTEMPATH\rewrite.php(44): require_once('C:\\Users\\lenovo\\Documents\\data-valdo\\klinik-bersalin\\public\\index.php')
INFO - 2024-07-08 06:03:35 --> Session: Class initialized using 'CodeIgniter\Session\Handlers\FileHandler' driver.
INFO - 2024-07-08 06:03:45 --> Session: Class initialized using 'CodeIgniter\Session\Handlers\FileHandler' driver.
INFO - 2024-07-08 06:04:29 --> Session: Class initialized using 'CodeIgniter\Session\Handlers\FileHandler' driver.
INFO - 2024-07-08 06:04:49 --> Session: Class initialized using 'CodeIgniter\Session\Handlers\FileHandler' driver.
INFO - 2024-07-08 06:04:50 --> Session: Class initialized using 'CodeIgniter\Session\Handlers\FileHandler' driver.
INFO - 2024-07-08 06:04:50 --> Session: Class initialized using 'CodeIgniter\Session\Handlers\FileHandler' driver.
INFO - 2024-07-08 06:09:19 --> Session: Class initialized using 'CodeIgniter\Session\Handlers\FileHandler' driver.
INFO - 2024-07-08 06:09:20 --> Session: Class initialized using 'CodeIgniter\Session\Handlers\FileHandler' driver.
INFO - 2024-07-08 06:09:20 --> Session: Class initialized using 'CodeIgniter\Session\Handlers\FileHandler' driver.
INFO - 2024-07-08 06:10:00 --> Session: Class initialized using 'CodeIgniter\Session\Handlers\FileHandler' driver.
INFO - 2024-07-08 06:10:01 --> Session: Class initialized using 'CodeIgniter\Session\Handlers\FileHandler' driver.
INFO - 2024-07-08 06:10:02 --> Session: Class initialized using 'CodeIgniter\Session\Handlers\FileHandler' driver.
INFO - 2024-07-08 06:10:18 --> Session: Class initialized using 'CodeIgniter\Session\Handlers\FileHandler' driver.
INFO - 2024-07-08 06:10:19 --> Session: Class initialized using 'CodeIgniter\Session\Handlers\FileHandler' driver.
INFO - 2024-07-08 06:10:20 --> Session: Class initialized using 'CodeIgniter\Session\Handlers\FileHandler' driver.
INFO - 2024-07-08 06:10:25 --> Session: Class initialized using 'CodeIgniter\Session\Handlers\FileHandler' driver.
INFO - 2024-07-08 06:10:32 --> Session: Class initialized using 'CodeIgniter\Session\Handlers\FileHandler' driver.
INFO - 2024-07-08 06:10:33 --> Session: Class initialized using 'CodeIgniter\Session\Handlers\FileHandler' driver.
INFO - 2024-07-08 06:10:33 --> Session: Class initialized using 'CodeIgniter\Session\Handlers\FileHandler' driver.
INFO - 2024-07-08 06:11:22 --> Session: Class initialized using 'CodeIgniter\Session\Handlers\FileHandler' driver.
INFO - 2024-07-08 06:11:22 --> Session: Class initialized using 'CodeIgniter\Session\Handlers\FileHandler' driver.
INFO - 2024-07-08 06:12:56 --> Session: Class initialized using 'CodeIgniter\Session\Handlers\FileHandler' driver.
INFO - 2024-07-08 06:12:58 --> Session: Class initialized using 'CodeIgniter\Session\Handlers\FileHandler' driver.
INFO - 2024-07-08 06:12:58 --> Session: Class initialized using 'CodeIgniter\Session\Handlers\FileHandler' driver.
INFO - 2024-07-08 06:13:01 --> Session: Class initialized using 'CodeIgniter\Session\Handlers\FileHandler' driver.
INFO - 2024-07-08 06:13:01 --> Session: Class initialized using 'CodeIgniter\Session\Handlers\FileHandler' driver.
INFO - 2024-07-08 06:14:07 --> Session: Class initialized using 'CodeIgniter\Session\Handlers\FileHandler' driver.
INFO - 2024-07-08 06:14:23 --> Session: Class initialized using 'CodeIgniter\Session\Handlers\FileHandler' driver.
INFO - 2024-07-08 06:14:23 --> Session: Class initialized using 'CodeIgniter\Session\Handlers\FileHandler' driver.
INFO - 2024-07-08 06:14:31 --> Session: Class initialized using 'CodeIgniter\Session\Handlers\FileHandler' driver.
INFO - 2024-07-08 06:14:31 --> Session: Class initialized using 'CodeIgniter\Session\Handlers\FileHandler' driver.
INFO - 2024-07-08 06:14:35 --> Session: Class initialized using 'CodeIgniter\Session\Handlers\FileHandler' driver.
INFO - 2024-07-08 06:14:35 --> Session: Class initialized using 'CodeIgniter\Session\Handlers\FileHandler' driver.
INFO - 2024-07-08 06:15:39 --> Session: Class initialized using 'CodeIgniter\Session\Handlers\FileHandler' driver.
INFO - 2024-07-08 06:15:46 --> Session: Class initialized using 'CodeIgniter\Session\Handlers\FileHandler' driver.
INFO - 2024-07-08 06:15:46 --> Session: Class initialized using 'CodeIgniter\Session\Handlers\FileHandler' driver.
INFO - 2024-07-08 06:16:30 --> Session: Class initialized using 'CodeIgniter\Session\Handlers\FileHandler' driver.
INFO - 2024-07-08 06:16:36 --> Session: Class initialized using 'CodeIgniter\Session\Handlers\FileHandler' driver.
INFO - 2024-07-08 06:16:36 --> Session: Class initialized using 'CodeIgniter\Session\Handlers\FileHandler' driver.
INFO - 2024-07-08 06:19:02 --> Session: Class initialized using 'CodeIgniter\Session\Handlers\FileHandler' driver.
INFO - 2024-07-08 06:19:47 --> Session: Class initialized using 'CodeIgniter\Session\Handlers\FileHandler' driver.
INFO - 2024-07-08 06:21:40 --> Session: Class initialized using 'CodeIgniter\Session\Handlers\FileHandler' driver.
INFO - 2024-07-08 06:21:56 --> Session: Class initialized using 'CodeIgniter\Session\Handlers\FileHandler' driver.
INFO - 2024-07-08 06:22:02 --> Session: Class initialized using 'CodeIgniter\Session\Handlers\FileHandler' driver.
INFO - 2024-07-08 06:23:52 --> Session: Class initialized using 'CodeIgniter\Session\Handlers\FileHandler' driver.
INFO - 2024-07-08 06:24:57 --> Session: Class initialized using 'CodeIgniter\Session\Handlers\FileHandler' driver.
INFO - 2024-07-08 06:25:10 --> Session: Class initialized using 'CodeIgniter\Session\Handlers\FileHandler' driver.
INFO - 2024-07-08 06:25:25 --> Session: Class initialized using 'CodeIgniter\Session\Handlers\FileHandler' driver.
INFO - 2024-07-08 06:29:12 --> Session: Class initialized using 'CodeIgniter\Session\Handlers\FileHandler' driver.
INFO - 2024-07-08 06:29:21 --> Session: Class initialized using 'CodeIgniter\Session\Handlers\FileHandler' driver.
INFO - 2024-07-08 06:29:48 --> Session: Class initialized using 'CodeIgniter\Session\Handlers\FileHandler' driver.
INFO - 2024-07-08 06:30:36 --> Session: Class initialized using 'CodeIgniter\Session\Handlers\FileHandler' driver.
INFO - 2024-07-08 06:30:41 --> Session: Class initialized using 'CodeIgniter\Session\Handlers\FileHandler' driver.
INFO - 2024-07-08 06:31:25 --> Session: Class initialized using 'CodeIgniter\Session\Handlers\FileHandler' driver.
INFO - 2024-07-08 06:31:29 --> Session: Class initialized using 'CodeIgniter\Session\Handlers\FileHandler' driver.
INFO - 2024-07-08 06:32:12 --> Session: Class initialized using 'CodeIgniter\Session\Handlers\FileHandler' driver.
INFO - 2024-07-08 06:34:38 --> Session: Class initialized using 'CodeIgniter\Session\Handlers\FileHandler' driver.
INFO - 2024-07-08 06:35:06 --> Session: Class initialized using 'CodeIgniter\Session\Handlers\FileHandler' driver.
INFO - 2024-07-08 06:35:09 --> Session: Class initialized using 'CodeIgniter\Session\Handlers\FileHandler' driver.
INFO - 2024-07-08 06:35:19 --> Session: Class initialized using 'CodeIgniter\Session\Handlers\FileHandler' driver.
INFO - 2024-07-08 06:35:39 --> Session: Class initialized using 'CodeIgniter\Session\Handlers\FileHandler' driver.
INFO - 2024-07-08 06:39:53 --> Session: Class initialized using 'CodeIgniter\Session\Handlers\FileHandler' driver.
INFO - 2024-07-08 06:41:07 --> Session: Class initialized using 'CodeIgniter\Session\Handlers\FileHandler' driver.
INFO - 2024-07-08 06:41:18 --> Session: Class initialized using 'CodeIgniter\Session\Handlers\FileHandler' driver.
INFO - 2024-07-08 06:41:22 --> Session: Class initialized using 'CodeIgniter\Session\Handlers\FileHandler' driver.
INFO - 2024-07-08 06:41:41 --> Session: Class initialized using 'CodeIgniter\Session\Handlers\FileHandler' driver.
INFO - 2024-07-08 06:41:43 --> Session: Class initialized using 'CodeIgniter\Session\Handlers\FileHandler' driver.
INFO - 2024-07-08 06:42:00 --> Session: Class initialized using 'CodeIgniter\Session\Handlers\FileHandler' driver.
INFO - 2024-07-08 06:42:04 --> Session: Class initialized using 'CodeIgniter\Session\Handlers\FileHandler' driver.
INFO - 2024-07-08 06:42:24 --> Session: Class initialized using 'CodeIgniter\Session\Handlers\FileHandler' driver.
INFO - 2024-07-08 06:42:31 --> Session: Class initialized using 'CodeIgniter\Session\Handlers\FileHandler' driver.
INFO - 2024-07-08 06:42:57 --> Session: Class initialized using 'CodeIgniter\Session\Handlers\FileHandler' driver.
INFO - 2024-07-08 06:43:14 --> Session: Class initialized using 'CodeIgniter\Session\Handlers\FileHandler' driver.
INFO - 2024-07-08 06:45:33 --> Session: Class initialized using 'CodeIgniter\Session\Handlers\FileHandler' driver.
INFO - 2024-07-08 06:46:24 --> Session: Class initialized using 'CodeIgniter\Session\Handlers\FileHandler' driver.
CRITICAL - 2024-07-08 06:46:24 --> ErrorException: Undefined variable $session
[Method: GET, Route: dashboard]
in APPPATH\Views\page\component\header.php on line 29.
 1 APPPATH\Views\page\component\header.php(29): CodeIgniter\Debug\Exceptions->errorHandler(2, 'Undefined variable $session', 'C:\\Users\\lenovo\\Documents\\data-valdo\\klinik-bersalin\\app\\Views\\page\\component\\header.php', 29)
 2 APPPATH\Views\page\content\dashboard.php(31): include('C:\\Users\\lenovo\\Documents\\data-valdo\\klinik-bersalin\\app\\Views\\page\\component\\header.php')
 3 SYSTEMPATH\View\View.php(234): include('C:\\Users\\lenovo\\Documents\\data-valdo\\klinik-bersalin\\app\\Views\\page\\content\\dashboard.php')
 4 SYSTEMPATH\View\View.php(237): CodeIgniter\View\View->CodeIgniter\View\{closure}()
 5 SYSTEMPATH\Common.php(1171): CodeIgniter\View\View->render('page/content/dashboard', [], true)
 6 APPPATH\Controllers\Auth.php(56): view('page/content/dashboard')
 7 SYSTEMPATH\CodeIgniter.php(933): App\Controllers\Auth->dashboard()
 8 SYSTEMPATH\CodeIgniter.php(509): CodeIgniter\CodeIgniter->runController(Object(App\Controllers\Auth))
 9 SYSTEMPATH\CodeIgniter.php(355): CodeIgniter\CodeIgniter->handleRequest(null, Object(Config\Cache), false)
10 SYSTEMPATH\Boot.php(325): CodeIgniter\CodeIgniter->run()
11 SYSTEMPATH\Boot.php(67): CodeIgniter\Boot::runCodeIgniter(Object(CodeIgniter\CodeIgniter))
12 FCPATH\index.php(56): CodeIgniter\Boot::bootWeb(Object(Config\Paths))
13 SYSTEMPATH\rewrite.php(44): require_once('C:\\Users\\lenovo\\Documents\\data-valdo\\klinik-bersalin\\public\\index.php')
INFO - 2024-07-08 06:46:29 --> Session: Class initialized using 'CodeIgniter\Session\Handlers\FileHandler' driver.
CRITICAL - 2024-07-08 06:46:29 --> Error: Undefined constant "session"
[Method: GET, Route: dashboard]
in APPPATH\Views\page\component\header.php on line 29.
 1 APPPATH\Views\page\content\dashboard.php(31): include()
 2 SYSTEMPATH\View\View.php(234): include('C:\\Users\\lenovo\\Documents\\data-valdo\\klinik-bersalin\\app\\Views\\page\\content\\dashboard.php')
 3 SYSTEMPATH\View\View.php(237): CodeIgniter\View\View->CodeIgniter\View\{closure}()
 4 SYSTEMPATH\Common.php(1171): CodeIgniter\View\View->render('page/content/dashboard', [], true)
 5 APPPATH\Controllers\Auth.php(56): view('page/content/dashboard')
 6 SYSTEMPATH\CodeIgniter.php(933): App\Controllers\Auth->dashboard()
 7 SYSTEMPATH\CodeIgniter.php(509): CodeIgniter\CodeIgniter->runController(Object(App\Controllers\Auth))
 8 SYSTEMPATH\CodeIgniter.php(355): CodeIgniter\CodeIgniter->handleRequest(null, Object(Config\Cache), false)
 9 SYSTEMPATH\Boot.php(325): CodeIgniter\CodeIgniter->run()
10 SYSTEMPATH\Boot.php(67): CodeIgniter\Boot::runCodeIgniter(Object(CodeIgniter\CodeIgniter))
11 FCPATH\index.php(56): CodeIgniter\Boot::bootWeb(Object(Config\Paths))
12 SYSTEMPATH\rewrite.php(44): require_once('C:\\Users\\lenovo\\Documents\\data-valdo\\klinik-bersalin\\public\\index.php')
INFO - 2024-07-08 06:46:33 --> Session: Class initialized using 'CodeIgniter\Session\Handlers\FileHandler' driver.
CRITICAL - 2024-07-08 06:46:33 --> Error: Undefined constant "session"
[Method: GET, Route: dashboard]
in APPPATH\Views\page\component\header.php on line 29.
 1 APPPATH\Views\page\content\dashboard.php(31): include()
 2 SYSTEMPATH\View\View.php(234): include('C:\\Users\\lenovo\\Documents\\data-valdo\\klinik-bersalin\\app\\Views\\page\\content\\dashboard.php')
 3 SYSTEMPATH\View\View.php(237): CodeIgniter\View\View->CodeIgniter\View\{closure}()
 4 SYSTEMPATH\Common.php(1171): CodeIgniter\View\View->render('page/content/dashboard', [], true)
 5 APPPATH\Controllers\Auth.php(56): view('page/content/dashboard')
 6 SYSTEMPATH\CodeIgniter.php(933): App\Controllers\Auth->dashboard()
 7 SYSTEMPATH\CodeIgniter.php(509): CodeIgniter\CodeIgniter->runController(Object(App\Controllers\Auth))
 8 SYSTEMPATH\CodeIgniter.php(355): CodeIgniter\CodeIgniter->handleRequest(null, Object(Config\Cache), false)
 9 SYSTEMPATH\Boot.php(325): CodeIgniter\CodeIgniter->run()
10 SYSTEMPATH\Boot.php(67): CodeIgniter\Boot::runCodeIgniter(Object(CodeIgniter\CodeIgniter))
11 FCPATH\index.php(56): CodeIgniter\Boot::bootWeb(Object(Config\Paths))
12 SYSTEMPATH\rewrite.php(44): require_once('C:\\Users\\lenovo\\Documents\\data-valdo\\klinik-bersalin\\public\\index.php')
INFO - 2024-07-08 06:47:50 --> Session: Class initialized using 'CodeIgniter\Session\Handlers\FileHandler' driver.
INFO - 2024-07-08 06:47:58 --> Session: Class initialized using 'CodeIgniter\Session\Handlers\FileHandler' driver.
INFO - 2024-07-08 06:48:11 --> Session: Class initialized using 'CodeIgniter\Session\Handlers\FileHandler' driver.
INFO - 2024-07-08 06:48:25 --> Session: Class initialized using 'CodeIgniter\Session\Handlers\FileHandler' driver.
INFO - 2024-07-08 06:48:34 --> Session: Class initialized using 'CodeIgniter\Session\Handlers\FileHandler' driver.
INFO - 2024-07-08 06:48:52 --> Session: Class initialized using 'CodeIgniter\Session\Handlers\FileHandler' driver.
INFO - 2024-07-08 06:49:15 --> Session: Class initialized using 'CodeIgniter\Session\Handlers\FileHandler' driver.
INFO - 2024-07-08 06:50:37 --> Session: Class initialized using 'CodeIgniter\Session\Handlers\FileHandler' driver.
INFO - 2024-07-08 06:50:38 --> Session: Class initialized using 'CodeIgniter\Session\Handlers\FileHandler' driver.
INFO - 2024-07-08 06:50:39 --> Session: Class initialized using 'CodeIgniter\Session\Handlers\FileHandler' driver.
INFO - 2024-07-08 06:51:20 --> Session: Class initialized using 'CodeIgniter\Session\Handlers\FileHandler' driver.
INFO - 2024-07-08 06:51:25 --> Session: Class initialized using 'CodeIgniter\Session\Handlers\FileHandler' driver.
INFO - 2024-07-08 06:51:57 --> Session: Class initialized using 'CodeIgniter\Session\Handlers\FileHandler' driver.
INFO - 2024-07-08 06:52:01 --> Session: Class initialized using 'CodeIgniter\Session\Handlers\FileHandler' driver.
INFO - 2024-07-08 06:52:12 --> Session: Class initialized using 'CodeIgniter\Session\Handlers\FileHandler' driver.
INFO - 2024-07-08 06:52:21 --> Session: Class initialized using 'CodeIgniter\Session\Handlers\FileHandler' driver.
INFO - 2024-07-08 06:52:34 --> Session: Class initialized using 'CodeIgniter\Session\Handlers\FileHandler' driver.
INFO - 2024-07-08 06:53:59 --> Session: Class initialized using 'CodeIgniter\Session\Handlers\FileHandler' driver.
INFO - 2024-07-08 06:54:04 --> Session: Class initialized using 'CodeIgniter\Session\Handlers\FileHandler' driver.
INFO - 2024-07-08 07:03:22 --> Session: Class initialized using 'CodeIgniter\Session\Handlers\FileHandler' driver.
INFO - 2024-07-08 07:03:39 --> Session: Class initialized using 'CodeIgniter\Session\Handlers\FileHandler' driver.
INFO - 2024-07-08 07:03:50 --> Session: Class initialized using 'CodeIgniter\Session\Handlers\FileHandler' driver.
INFO - 2024-07-08 07:04:35 --> Session: Class initialized using 'CodeIgniter\Session\Handlers\FileHandler' driver.
INFO - 2024-07-08 07:05:01 --> Session: Class initialized using 'CodeIgniter\Session\Handlers\FileHandler' driver.
INFO - 2024-07-08 07:09:54 --> Session: Class initialized using 'CodeIgniter\Session\Handlers\FileHandler' driver.
INFO - 2024-07-08 07:09:58 --> Session: Class initialized using 'CodeIgniter\Session\Handlers\FileHandler' driver.
INFO - 2024-07-08 07:09:59 --> Session: Class initialized using 'CodeIgniter\Session\Handlers\FileHandler' driver.
INFO - 2024-07-08 07:11:13 --> Session: Class initialized using 'CodeIgniter\Session\Handlers\FileHandler' driver.
INFO - 2024-07-08 07:12:00 --> Session: Class initialized using 'CodeIgniter\Session\Handlers\FileHandler' driver.
INFO - 2024-07-08 07:12:01 --> Session: Class initialized using 'CodeIgniter\Session\Handlers\FileHandler' driver.
INFO - 2024-07-08 07:12:04 --> Session: Class initialized using 'CodeIgniter\Session\Handlers\FileHandler' driver.
INFO - 2024-07-08 07:12:06 --> Session: Class initialized using 'CodeIgniter\Session\Handlers\FileHandler' driver.
INFO - 2024-07-08 07:12:53 --> Session: Class initialized using 'CodeIgniter\Session\Handlers\FileHandler' driver.
INFO - 2024-07-08 07:13:02 --> Session: Class initialized using 'CodeIgniter\Session\Handlers\FileHandler' driver.
INFO - 2024-07-08 07:13:09 --> Session: Class initialized using 'CodeIgniter\Session\Handlers\FileHandler' driver.
INFO - 2024-07-08 07:19:59 --> Session: Class initialized using 'CodeIgniter\Session\Handlers\FileHandler' driver.
INFO - 2024-07-08 07:20:24 --> Session: Class initialized using 'CodeIgniter\Session\Handlers\FileHandler' driver.
INFO - 2024-07-08 07:20:44 --> Session: Class initialized using 'CodeIgniter\Session\Handlers\FileHandler' driver.
INFO - 2024-07-08 07:24:22 --> Session: Class initialized using 'CodeIgniter\Session\Handlers\FileHandler' driver.
INFO - 2024-07-08 07:24:23 --> Session: Class initialized using 'CodeIgniter\Session\Handlers\FileHandler' driver.
INFO - 2024-07-08 07:24:25 --> Session: Class initialized using 'CodeIgniter\Session\Handlers\FileHandler' driver.
INFO - 2024-07-08 07:25:04 --> Session: Class initialized using 'CodeIgniter\Session\Handlers\FileHandler' driver.
INFO - 2024-07-08 07:26:35 --> Session: Class initialized using 'CodeIgniter\Session\Handlers\FileHandler' driver.
INFO - 2024-07-08 07:26:47 --> Session: Class initialized using 'CodeIgniter\Session\Handlers\FileHandler' driver.
INFO - 2024-07-08 07:26:57 --> Session: Class initialized using 'CodeIgniter\Session\Handlers\FileHandler' driver.
INFO - 2024-07-08 07:27:24 --> Session: Class initialized using 'CodeIgniter\Session\Handlers\FileHandler' driver.
INFO - 2024-07-08 07:27:42 --> Session: Class initialized using 'CodeIgniter\Session\Handlers\FileHandler' driver.
INFO - 2024-07-08 07:27:56 --> Session: Class initialized using 'CodeIgniter\Session\Handlers\FileHandler' driver.
INFO - 2024-07-08 07:28:12 --> Session: Class initialized using 'CodeIgniter\Session\Handlers\FileHandler' driver.
INFO - 2024-07-08 07:28:33 --> Session: Class initialized using 'CodeIgniter\Session\Handlers\FileHandler' driver.
INFO - 2024-07-08 07:29:12 --> Session: Class initialized using 'CodeIgniter\Session\Handlers\FileHandler' driver.
INFO - 2024-07-08 07:29:17 --> Session: Class initialized using 'CodeIgniter\Session\Handlers\FileHandler' driver.
INFO - 2024-07-08 07:29:31 --> Session: Class initialized using 'CodeIgniter\Session\Handlers\FileHandler' driver.
INFO - 2024-07-08 07:30:25 --> Session: Class initialized using 'CodeIgniter\Session\Handlers\FileHandler' driver.
INFO - 2024-07-08 07:31:47 --> Session: Class initialized using 'CodeIgniter\Session\Handlers\FileHandler' driver.
INFO - 2024-07-08 07:32:37 --> Session: Class initialized using 'CodeIgniter\Session\Handlers\FileHandler' driver.
INFO - 2024-07-08 07:32:44 --> Session: Class initialized using 'CodeIgniter\Session\Handlers\FileHandler' driver.
INFO - 2024-07-08 07:32:47 --> Session: Class initialized using 'CodeIgniter\Session\Handlers\FileHandler' driver.
INFO - 2024-07-08 07:33:08 --> Session: Class initialized using 'CodeIgniter\Session\Handlers\FileHandler' driver.
INFO - 2024-07-08 07:33:10 --> Session: Class initialized using 'CodeIgniter\Session\Handlers\FileHandler' driver.
INFO - 2024-07-08 07:33:12 --> Session: Class initialized using 'CodeIgniter\Session\Handlers\FileHandler' driver.
INFO - 2024-07-08 07:34:09 --> Session: Class initialized using 'CodeIgniter\Session\Handlers\FileHandler' driver.
INFO - 2024-07-08 07:34:39 --> Session: Class initialized using 'CodeIgniter\Session\Handlers\FileHandler' driver.
INFO - 2024-07-08 07:35:12 --> Session: Class initialized using 'CodeIgniter\Session\Handlers\FileHandler' driver.
INFO - 2024-07-08 07:35:24 --> Session: Class initialized using 'CodeIgniter\Session\Handlers\FileHandler' driver.
INFO - 2024-07-08 07:35:34 --> Session: Class initialized using 'CodeIgniter\Session\Handlers\FileHandler' driver.
INFO - 2024-07-08 07:35:41 --> Session: Class initialized using 'CodeIgniter\Session\Handlers\FileHandler' driver.
INFO - 2024-07-08 07:36:09 --> Session: Class initialized using 'CodeIgniter\Session\Handlers\FileHandler' driver.
INFO - 2024-07-08 07:36:31 --> Session: Class initialized using 'CodeIgniter\Session\Handlers\FileHandler' driver.
INFO - 2024-07-08 07:38:03 --> Session: Class initialized using 'CodeIgniter\Session\Handlers\FileHandler' driver.
INFO - 2024-07-08 07:38:20 --> Session: Class initialized using 'CodeIgniter\Session\Handlers\FileHandler' driver.
INFO - 2024-07-08 08:29:49 --> Session: Class initialized using 'CodeIgniter\Session\Handlers\FileHandler' driver.
INFO - 2024-07-08 08:29:55 --> Session: Class initialized using 'CodeIgniter\Session\Handlers\FileHandler' driver.
INFO - 2024-07-08 08:30:07 --> Session: Class initialized using 'CodeIgniter\Session\Handlers\FileHandler' driver.
INFO - 2024-07-08 08:30:30 --> Session: Class initialized using 'CodeIgniter\Session\Handlers\FileHandler' driver.
INFO - 2024-07-08 08:30:41 --> Session: Class initialized using 'CodeIgniter\Session\Handlers\FileHandler' driver.
INFO - 2024-07-08 08:30:42 --> Session: Class initialized using 'CodeIgniter\Session\Handlers\FileHandler' driver.
INFO - 2024-07-08 08:30:54 --> Session: Class initialized using 'CodeIgniter\Session\Handlers\FileHandler' driver.
INFO - 2024-07-08 08:30:55 --> Session: Class initialized using 'CodeIgniter\Session\Handlers\FileHandler' driver.
CRITICAL - 2024-07-08 08:30:55 --> CodeIgniter\View\Exceptions\ViewException: Invalid file: "page/form/add_users.php"
[Method: GET, Route: add-users]
in SYSTEMPATH\Exceptions\FrameworkException.php on line 41.
 1 SYSTEMPATH\View\View.php(222): CodeIgniter\Exceptions\FrameworkException::forInvalidFile('page/form/add_users.php')
 2 SYSTEMPATH\Common.php(1171): CodeIgniter\View\View->render('page/form/add_users', [], true)
 3 APPPATH\Controllers\Menu.php(40): view('page/form/add_users')
 4 SYSTEMPATH\CodeIgniter.php(933): App\Controllers\Menu->add_users()
 5 SYSTEMPATH\CodeIgniter.php(509): CodeIgniter\CodeIgniter->runController(Object(App\Controllers\Menu))
 6 SYSTEMPATH\CodeIgniter.php(355): CodeIgniter\CodeIgniter->handleRequest(null, Object(Config\Cache), false)
 7 SYSTEMPATH\Boot.php(325): CodeIgniter\CodeIgniter->run()
 8 SYSTEMPATH\Boot.php(67): CodeIgniter\Boot::runCodeIgniter(Object(CodeIgniter\CodeIgniter))
 9 FCPATH\index.php(56): CodeIgniter\Boot::bootWeb(Object(Config\Paths))
10 SYSTEMPATH\rewrite.php(44): require_once('C:\\Users\\lenovo\\Documents\\data-valdo\\klinik-bersalin\\public\\index.php')
INFO - 2024-07-08 08:31:32 --> Session: Class initialized using 'CodeIgniter\Session\Handlers\FileHandler' driver.
CRITICAL - 2024-07-08 08:31:32 --> ErrorException: Undefined variable $users
[Method: GET, Route: add-users]
in APPPATH\Views\page\content\form\add_users.php on line 48.
 1 APPPATH\Views\page\content\form\add_users.php(48): CodeIgniter\Debug\Exceptions->errorHandler(2, 'Undefined variable $users', 'C:\\Users\\lenovo\\Documents\\data-valdo\\klinik-bersalin\\app\\Views\\page\\content\\form\\add_users.php', 48)
 2 SYSTEMPATH\View\View.php(234): include('C:\\Users\\lenovo\\Documents\\data-valdo\\klinik-bersalin\\app\\Views\\page\\content\\form\\add_users.php')
 3 SYSTEMPATH\View\View.php(237): CodeIgniter\View\View->CodeIgniter\View\{closure}()
 4 SYSTEMPATH\Common.php(1171): CodeIgniter\View\View->render('page/content/form/add_users', [], true)
 5 APPPATH\Controllers\Menu.php(40): view('page/content/form/add_users')
 6 SYSTEMPATH\CodeIgniter.php(933): App\Controllers\Menu->add_users()
 7 SYSTEMPATH\CodeIgniter.php(509): CodeIgniter\CodeIgniter->runController(Object(App\Controllers\Menu))
 8 SYSTEMPATH\CodeIgniter.php(355): CodeIgniter\CodeIgniter->handleRequest(null, Object(Config\Cache), false)
 9 SYSTEMPATH\Boot.php(325): CodeIgniter\CodeIgniter->run()
10 SYSTEMPATH\Boot.php(67): CodeIgniter\Boot::runCodeIgniter(Object(CodeIgniter\CodeIgniter))
11 FCPATH\index.php(56): CodeIgniter\Boot::bootWeb(Object(Config\Paths))
12 SYSTEMPATH\rewrite.php(44): require_once('C:\\Users\\lenovo\\Documents\\data-valdo\\klinik-bersalin\\public\\index.php')
INFO - 2024-07-08 08:31:45 --> Session: Class initialized using 'CodeIgniter\Session\Handlers\FileHandler' driver.
INFO - 2024-07-08 08:32:26 --> Session: Class initialized using 'CodeIgniter\Session\Handlers\FileHandler' driver.
INFO - 2024-07-08 08:32:47 --> Session: Class initialized using 'CodeIgniter\Session\Handlers\FileHandler' driver.
INFO - 2024-07-08 08:32:48 --> Session: Class initialized using 'CodeIgniter\Session\Handlers\FileHandler' driver.
INFO - 2024-07-08 08:32:50 --> Session: Class initialized using 'CodeIgniter\Session\Handlers\FileHandler' driver.
INFO - 2024-07-08 08:32:58 --> Session: Class initialized using 'CodeIgniter\Session\Handlers\FileHandler' driver.
INFO - 2024-07-08 08:33:10 --> Session: Class initialized using 'CodeIgniter\Session\Handlers\FileHandler' driver.
INFO - 2024-07-08 08:33:29 --> Session: Class initialized using 'CodeIgniter\Session\Handlers\FileHandler' driver.
INFO - 2024-07-08 08:33:44 --> Session: Class initialized using 'CodeIgniter\Session\Handlers\FileHandler' driver.
INFO - 2024-07-08 08:33:55 --> Session: Class initialized using 'CodeIgniter\Session\Handlers\FileHandler' driver.
INFO - 2024-07-08 08:34:21 --> Session: Class initialized using 'CodeIgniter\Session\Handlers\FileHandler' driver.
INFO - 2024-07-08 08:34:32 --> Session: Class initialized using 'CodeIgniter\Session\Handlers\FileHandler' driver.
INFO - 2024-07-08 08:35:13 --> Session: Class initialized using 'CodeIgniter\Session\Handlers\FileHandler' driver.
INFO - 2024-07-08 08:35:48 --> Session: Class initialized using 'CodeIgniter\Session\Handlers\FileHandler' driver.
INFO - 2024-07-08 08:36:05 --> Session: Class initialized using 'CodeIgniter\Session\Handlers\FileHandler' driver.
INFO - 2024-07-08 08:39:46 --> Session: Class initialized using 'CodeIgniter\Session\Handlers\FileHandler' driver.
INFO - 2024-07-08 08:40:05 --> Session: Class initialized using 'CodeIgniter\Session\Handlers\FileHandler' driver.
INFO - 2024-07-08 08:40:14 --> Session: Class initialized using 'CodeIgniter\Session\Handlers\FileHandler' driver.
INFO - 2024-07-08 08:40:27 --> Session: Class initialized using 'CodeIgniter\Session\Handlers\FileHandler' driver.
INFO - 2024-07-08 08:40:44 --> Session: Class initialized using 'CodeIgniter\Session\Handlers\FileHandler' driver.
INFO - 2024-07-08 08:41:10 --> Session: Class initialized using 'CodeIgniter\Session\Handlers\FileHandler' driver.
INFO - 2024-07-08 08:41:22 --> Session: Class initialized using 'CodeIgniter\Session\Handlers\FileHandler' driver.
INFO - 2024-07-08 08:41:26 --> Session: Class initialized using 'CodeIgniter\Session\Handlers\FileHandler' driver.
INFO - 2024-07-08 08:41:35 --> Session: Class initialized using 'CodeIgniter\Session\Handlers\FileHandler' driver.
INFO - 2024-07-08 08:41:44 --> Session: Class initialized using 'CodeIgniter\Session\Handlers\FileHandler' driver.
INFO - 2024-07-08 08:42:08 --> Session: Class initialized using 'CodeIgniter\Session\Handlers\FileHandler' driver.
INFO - 2024-07-08 08:42:09 --> Session: Class initialized using 'CodeIgniter\Session\Handlers\FileHandler' driver.
INFO - 2024-07-08 08:42:11 --> Session: Class initialized using 'CodeIgniter\Session\Handlers\FileHandler' driver.
INFO - 2024-07-08 08:42:13 --> Session: Class initialized using 'CodeIgniter\Session\Handlers\FileHandler' driver.
INFO - 2024-07-08 08:42:14 --> Session: Class initialized using 'CodeIgniter\Session\Handlers\FileHandler' driver.
INFO - 2024-07-08 08:42:22 --> Session: Class initialized using 'CodeIgniter\Session\Handlers\FileHandler' driver.
INFO - 2024-07-08 08:42:24 --> Session: Class initialized using 'CodeIgniter\Session\Handlers\FileHandler' driver.
INFO - 2024-07-08 08:42:44 --> Session: Class initialized using 'CodeIgniter\Session\Handlers\FileHandler' driver.
INFO - 2024-07-08 08:42:53 --> Session: Class initialized using 'CodeIgniter\Session\Handlers\FileHandler' driver.
INFO - 2024-07-08 08:42:58 --> Session: Class initialized using 'CodeIgniter\Session\Handlers\FileHandler' driver.
INFO - 2024-07-08 08:43:14 --> Session: Class initialized using 'CodeIgniter\Session\Handlers\FileHandler' driver.
INFO - 2024-07-08 08:43:19 --> Session: Class initialized using 'CodeIgniter\Session\Handlers\FileHandler' driver.
INFO - 2024-07-08 08:43:32 --> Session: Class initialized using 'CodeIgniter\Session\Handlers\FileHandler' driver.
INFO - 2024-07-08 08:43:45 --> Session: Class initialized using 'CodeIgniter\Session\Handlers\FileHandler' driver.
INFO - 2024-07-08 08:44:04 --> Session: Class initialized using 'CodeIgniter\Session\Handlers\FileHandler' driver.
INFO - 2024-07-08 08:44:22 --> Session: Class initialized using 'CodeIgniter\Session\Handlers\FileHandler' driver.
INFO - 2024-07-08 08:44:48 --> Session: Class initialized using 'CodeIgniter\Session\Handlers\FileHandler' driver.
INFO - 2024-07-08 08:44:55 --> Session: Class initialized using 'CodeIgniter\Session\Handlers\FileHandler' driver.
INFO - 2024-07-08 08:44:57 --> Session: Class initialized using 'CodeIgniter\Session\Handlers\FileHandler' driver.
INFO - 2024-07-08 08:45:03 --> Session: Class initialized using 'CodeIgniter\Session\Handlers\FileHandler' driver.
INFO - 2024-07-08 08:45:07 --> Session: Class initialized using 'CodeIgniter\Session\Handlers\FileHandler' driver.
INFO - 2024-07-08 08:45:50 --> Session: Class initialized using 'CodeIgniter\Session\Handlers\FileHandler' driver.
INFO - 2024-07-08 08:46:10 --> Session: Class initialized using 'CodeIgniter\Session\Handlers\FileHandler' driver.
INFO - 2024-07-08 08:46:12 --> Session: Class initialized using 'CodeIgniter\Session\Handlers\FileHandler' driver.
INFO - 2024-07-08 08:46:13 --> Session: Class initialized using 'CodeIgniter\Session\Handlers\FileHandler' driver.
INFO - 2024-07-08 08:54:25 --> Session: Class initialized using 'CodeIgniter\Session\Handlers\FileHandler' driver.
INFO - 2024-07-08 08:56:34 --> Session: Class initialized using 'CodeIgniter\Session\Handlers\FileHandler' driver.
INFO - 2024-07-08 08:57:32 --> Session: Class initialized using 'CodeIgniter\Session\Handlers\FileHandler' driver.
INFO - 2024-07-08 09:03:01 --> Session: Class initialized using 'CodeIgniter\Session\Handlers\FileHandler' driver.
INFO - 2024-07-08 09:03:03 --> Session: Class initialized using 'CodeIgniter\Session\Handlers\FileHandler' driver.
INFO - 2024-07-08 09:03:18 --> Session: Class initialized using 'CodeIgniter\Session\Handlers\FileHandler' driver.
WARNING - 2024-07-08 09:03:18 --> [DEPRECATED] password_hash(): Passing null to parameter #1 ($password) of type string is deprecated in APPPATH\Controllers\Menu.php on line 54.
 1 APPPATH\Controllers\Menu.php(54): password_hash(null, '2y')
 2 SYSTEMPATH\CodeIgniter.php(933): App\Controllers\Menu->store_users()
 3 SYSTEMPATH\CodeIgniter.php(509): CodeIgniter\CodeIgniter->runController(Object(App\Controllers\Menu))
 4 SYSTEMPATH\CodeIgniter.php(355): CodeIgniter\CodeIgniter->handleRequest(null, Object(Config\Cache), false)
 5 SYSTEMPATH\Boot.php(325): CodeIgniter\CodeIgniter->run()
 6 SYSTEMPATH\Boot.php(67): CodeIgniter\Boot::runCodeIgniter(Object(CodeIgniter\CodeIgniter))
 7 FCPATH\index.php(56): CodeIgniter\Boot::bootWeb(Object(Config\Paths))
 8 SYSTEMPATH\rewrite.php(44): require_once('C:\\Users\\lenovo\\Documents\\data-valdo\\klinik-bersalin\\public\\index.php')
ERROR - 2024-07-08 09:03:18 --> mysqli_sql_exception: Column 'userNama' cannot be null in C:\Users\lenovo\Documents\data-valdo\klinik-bersalin\system\Database\MySQLi\Connection.php:312
Stack trace:
#0 C:\Users\lenovo\Documents\data-valdo\klinik-bersalin\system\Database\MySQLi\Connection.php(312): mysqli->query('INSERT INTO `us...', 0)
#1 C:\Users\lenovo\Documents\data-valdo\klinik-bersalin\system\Database\BaseConnection.php(734): CodeIgniter\Database\MySQLi\Connection->execute('INSERT INTO `us...')
#2 C:\Users\lenovo\Documents\data-valdo\klinik-bersalin\system\Database\BaseConnection.php(648): CodeIgniter\Database\BaseConnection->simpleQuery('INSERT INTO `us...')
#3 C:\Users\lenovo\Documents\data-valdo\klinik-bersalin\system\Database\BaseBuilder.php(2332): CodeIgniter\Database\BaseConnection->query('INSERT INTO `us...', Array, false)
#4 C:\Users\lenovo\Documents\data-valdo\klinik-bersalin\system\Model.php(394): CodeIgniter\Database\BaseBuilder->insert()
#5 C:\Users\lenovo\Documents\data-valdo\klinik-bersalin\system\BaseModel.php(840): CodeIgniter\Model->doInsert(Array)
#6 C:\Users\lenovo\Documents\data-valdo\klinik-bersalin\system\Model.php(802): CodeIgniter\BaseModel->insert(Array, true)
#7 C:\Users\lenovo\Documents\data-valdo\klinik-bersalin\app\Models\UserModel.php(25): CodeIgniter\Model->insert(Array)
#8 C:\Users\lenovo\Documents\data-valdo\klinik-bersalin\app\Controllers\Menu.php(58): App\Models\UserModel->saveUser(Array)
#9 C:\Users\lenovo\Documents\data-valdo\klinik-bersalin\system\CodeIgniter.php(933): App\Controllers\Menu->store_users()
#10 C:\Users\lenovo\Documents\data-valdo\klinik-bersalin\system\CodeIgniter.php(509): CodeIgniter\CodeIgniter->runController(Object(App\Controllers\Menu))
#11 C:\Users\lenovo\Documents\data-valdo\klinik-bersalin\system\CodeIgniter.php(355): CodeIgniter\CodeIgniter->handleRequest(NULL, Object(Config\Cache), false)
#12 C:\Users\lenovo\Documents\data-valdo\klinik-bersalin\system\Boot.php(325): CodeIgniter\CodeIgniter->run()
#13 C:\Users\lenovo\Documents\data-valdo\klinik-bersalin\system\Boot.php(67): CodeIgniter\Boot::runCodeIgniter(Object(CodeIgniter\CodeIgniter))
#14 C:\Users\lenovo\Documents\data-valdo\klinik-bersalin\public\index.php(56): CodeIgniter\Boot::bootWeb(Object(Config\Paths))
#15 C:\Users\lenovo\Documents\data-valdo\klinik-bersalin\system\rewrite.php(44): require_once('C:\\Users\\lenovo...')
#16 {main}
CRITICAL - 2024-07-08 09:03:18 --> CodeIgniter\Database\Exceptions\DatabaseException: Column 'userNama' cannot be null
[Method: POST, Route: add-users]
in SYSTEMPATH\Database\BaseConnection.php on line 688.
 1 SYSTEMPATH\Database\BaseBuilder.php(2332): CodeIgniter\Database\BaseConnection->query('INSERT INTO `users` (`userNama`, `userEmail`, `userPassword`, `userRole`, `userID`) VALUES (:userNama:, :userEmail:, :userPassword:, :userRole:, :userID:)', [...], false)
 2 SYSTEMPATH\Model.php(394): CodeIgniter\Database\BaseBuilder->insert()
 3 SYSTEMPATH\BaseModel.php(840): CodeIgniter\Model->doInsert([...])
 4 SYSTEMPATH\Model.php(802): CodeIgniter\BaseModel->insert([...], true)
 5 APPPATH\Models\UserModel.php(25): CodeIgniter\Model->insert([...])
 6 APPPATH\Controllers\Menu.php(58): App\Models\UserModel->saveUser([...])
 7 SYSTEMPATH\CodeIgniter.php(933): App\Controllers\Menu->store_users()
 8 SYSTEMPATH\CodeIgniter.php(509): CodeIgniter\CodeIgniter->runController(Object(App\Controllers\Menu))
 9 SYSTEMPATH\CodeIgniter.php(355): CodeIgniter\CodeIgniter->handleRequest(null, Object(Config\Cache), false)
10 SYSTEMPATH\Boot.php(325): CodeIgniter\CodeIgniter->run()
11 SYSTEMPATH\Boot.php(67): CodeIgniter\Boot::runCodeIgniter(Object(CodeIgniter\CodeIgniter))
12 FCPATH\index.php(56): CodeIgniter\Boot::bootWeb(Object(Config\Paths))
13 SYSTEMPATH\rewrite.php(44): require_once('C:\\Users\\lenovo\\Documents\\data-valdo\\klinik-bersalin\\public\\index.php')
CRITICAL - 2024-07-08 09:03:18 --> [Caused by] CodeIgniter\Database\Exceptions\DatabaseException: Column 'userNama' cannot be null
in SYSTEMPATH\Database\MySQLi\Connection.php on line 317.
 1 SYSTEMPATH\Database\BaseConnection.php(734): CodeIgniter\Database\MySQLi\Connection->execute('INSERT INTO `users` (`userNama`, `userEmail`, `userPassword`, `userRole`, `userID`) VALUES (NULL, NULL, \'$2y$10$zGNlKNQ5PejZlX.5SfLhlut00jxW/8G.Acwcez2DYBZShFtxkrX/G\', NULL, \'USER002\')')
 2 SYSTEMPATH\Database\BaseConnection.php(648): CodeIgniter\Database\BaseConnection->simpleQuery('INSERT INTO `users` (`userNama`, `userEmail`, `userPassword`, `userRole`, `userID`) VALUES (NULL, NULL, \'$2y$10$zGNlKNQ5PejZlX.5SfLhlut00jxW/8G.Acwcez2DYBZShFtxkrX/G\', NULL, \'USER002\')')
 3 SYSTEMPATH\Database\BaseBuilder.php(2332): CodeIgniter\Database\BaseConnection->query('INSERT INTO `users` (`userNama`, `userEmail`, `userPassword`, `userRole`, `userID`) VALUES (:userNama:, :userEmail:, :userPassword:, :userRole:, :userID:)', [...], false)
 4 SYSTEMPATH\Model.php(394): CodeIgniter\Database\BaseBuilder->insert()
 5 SYSTEMPATH\BaseModel.php(840): CodeIgniter\Model->doInsert([...])
 6 SYSTEMPATH\Model.php(802): CodeIgniter\BaseModel->insert([...], true)
 7 APPPATH\Models\UserModel.php(25): CodeIgniter\Model->insert([...])
 8 APPPATH\Controllers\Menu.php(58): App\Models\UserModel->saveUser([...])
 9 SYSTEMPATH\CodeIgniter.php(933): App\Controllers\Menu->store_users()
10 SYSTEMPATH\CodeIgniter.php(509): CodeIgniter\CodeIgniter->runController(Object(App\Controllers\Menu))
11 SYSTEMPATH\CodeIgniter.php(355): CodeIgniter\CodeIgniter->handleRequest(null, Object(Config\Cache), false)
12 SYSTEMPATH\Boot.php(325): CodeIgniter\CodeIgniter->run()
13 SYSTEMPATH\Boot.php(67): CodeIgniter\Boot::runCodeIgniter(Object(CodeIgniter\CodeIgniter))
14 FCPATH\index.php(56): CodeIgniter\Boot::bootWeb(Object(Config\Paths))
15 SYSTEMPATH\rewrite.php(44): require_once('C:\\Users\\lenovo\\Documents\\data-valdo\\klinik-bersalin\\public\\index.php')
CRITICAL - 2024-07-08 09:03:18 --> [Caused by] mysqli_sql_exception: Column 'userNama' cannot be null
in SYSTEMPATH\Database\MySQLi\Connection.php on line 312.
 1 SYSTEMPATH\Database\MySQLi\Connection.php(312): mysqli->query('INSERT INTO `users` (`userNama`, `userEmail`, `userPassword`, `userRole`, `userID`) VALUES (NULL, NULL, \'$2y$10$zGNlKNQ5PejZlX.5SfLhlut00jxW/8G.Acwcez2DYBZShFtxkrX/G\', NULL, \'USER002\')', 0)
 2 SYSTEMPATH\Database\BaseConnection.php(734): CodeIgniter\Database\MySQLi\Connection->execute('INSERT INTO `users` (`userNama`, `userEmail`, `userPassword`, `userRole`, `userID`) VALUES (NULL, NULL, \'$2y$10$zGNlKNQ5PejZlX.5SfLhlut00jxW/8G.Acwcez2DYBZShFtxkrX/G\', NULL, \'USER002\')')
 3 SYSTEMPATH\Database\BaseConnection.php(648): CodeIgniter\Database\BaseConnection->simpleQuery('INSERT INTO `users` (`userNama`, `userEmail`, `userPassword`, `userRole`, `userID`) VALUES (NULL, NULL, \'$2y$10$zGNlKNQ5PejZlX.5SfLhlut00jxW/8G.Acwcez2DYBZShFtxkrX/G\', NULL, \'USER002\')')
 4 SYSTEMPATH\Database\BaseBuilder.php(2332): CodeIgniter\Database\BaseConnection->query('INSERT INTO `users` (`userNama`, `userEmail`, `userPassword`, `userRole`, `userID`) VALUES (:userNama:, :userEmail:, :userPassword:, :userRole:, :userID:)', [...], false)
 5 SYSTEMPATH\Model.php(394): CodeIgniter\Database\BaseBuilder->insert()
 6 SYSTEMPATH\BaseModel.php(840): CodeIgniter\Model->doInsert([...])
 7 SYSTEMPATH\Model.php(802): CodeIgniter\BaseModel->insert([...], true)
 8 APPPATH\Models\UserModel.php(25): CodeIgniter\Model->insert([...])
 9 APPPATH\Controllers\Menu.php(58): App\Models\UserModel->saveUser([...])
10 SYSTEMPATH\CodeIgniter.php(933): App\Controllers\Menu->store_users()
11 SYSTEMPATH\CodeIgniter.php(509): CodeIgniter\CodeIgniter->runController(Object(App\Controllers\Menu))
12 SYSTEMPATH\CodeIgniter.php(355): CodeIgniter\CodeIgniter->handleRequest(null, Object(Config\Cache), false)
13 SYSTEMPATH\Boot.php(325): CodeIgniter\CodeIgniter->run()
14 SYSTEMPATH\Boot.php(67): CodeIgniter\Boot::runCodeIgniter(Object(CodeIgniter\CodeIgniter))
15 FCPATH\index.php(56): CodeIgniter\Boot::bootWeb(Object(Config\Paths))
16 SYSTEMPATH\rewrite.php(44): require_once('C:\\Users\\lenovo\\Documents\\data-valdo\\klinik-bersalin\\public\\index.php')
INFO - 2024-07-08 09:04:06 --> Session: Class initialized using 'CodeIgniter\Session\Handlers\FileHandler' driver.
INFO - 2024-07-08 09:04:39 --> Session: Class initialized using 'CodeIgniter\Session\Handlers\FileHandler' driver.
INFO - 2024-07-08 09:04:53 --> Session: Class initialized using 'CodeIgniter\Session\Handlers\FileHandler' driver.
INFO - 2024-07-08 09:04:53 --> Session: Class initialized using 'CodeIgniter\Session\Handlers\FileHandler' driver.
INFO - 2024-07-08 09:05:32 --> Session: Class initialized using 'CodeIgniter\Session\Handlers\FileHandler' driver.
INFO - 2024-07-08 09:05:34 --> Session: Class initialized using 'CodeIgniter\Session\Handlers\FileHandler' driver.
INFO - 2024-07-08 09:05:42 --> Session: Class initialized using 'CodeIgniter\Session\Handlers\FileHandler' driver.
ERROR - 2024-07-08 09:05:43 --> mysqli_sql_exception: Duplicate entry 'USER002' for key 'PRIMARY' in C:\Users\lenovo\Documents\data-valdo\klinik-bersalin\system\Database\MySQLi\Connection.php:312
Stack trace:
#0 C:\Users\lenovo\Documents\data-valdo\klinik-bersalin\system\Database\MySQLi\Connection.php(312): mysqli->query('INSERT INTO `us...', 0)
#1 C:\Users\lenovo\Documents\data-valdo\klinik-bersalin\system\Database\BaseConnection.php(734): CodeIgniter\Database\MySQLi\Connection->execute('INSERT INTO `us...')
#2 C:\Users\lenovo\Documents\data-valdo\klinik-bersalin\system\Database\BaseConnection.php(648): CodeIgniter\Database\BaseConnection->simpleQuery('INSERT INTO `us...')
#3 C:\Users\lenovo\Documents\data-valdo\klinik-bersalin\system\Database\BaseBuilder.php(2332): CodeIgniter\Database\BaseConnection->query('INSERT INTO `us...', Array, false)
#4 C:\Users\lenovo\Documents\data-valdo\klinik-bersalin\system\Model.php(394): CodeIgniter\Database\BaseBuilder->insert()
#5 C:\Users\lenovo\Documents\data-valdo\klinik-bersalin\system\BaseModel.php(840): CodeIgniter\Model->doInsert(Array)
#6 C:\Users\lenovo\Documents\data-valdo\klinik-bersalin\system\Model.php(802): CodeIgniter\BaseModel->insert(Array, true)
#7 C:\Users\lenovo\Documents\data-valdo\klinik-bersalin\app\Models\UserModel.php(25): CodeIgniter\Model->insert(Array)
#8 C:\Users\lenovo\Documents\data-valdo\klinik-bersalin\app\Controllers\Menu.php(58): App\Models\UserModel->saveUser(Array)
#9 C:\Users\lenovo\Documents\data-valdo\klinik-bersalin\system\CodeIgniter.php(933): App\Controllers\Menu->store_users()
#10 C:\Users\lenovo\Documents\data-valdo\klinik-bersalin\system\CodeIgniter.php(509): CodeIgniter\CodeIgniter->runController(Object(App\Controllers\Menu))
#11 C:\Users\lenovo\Documents\data-valdo\klinik-bersalin\system\CodeIgniter.php(355): CodeIgniter\CodeIgniter->handleRequest(NULL, Object(Config\Cache), false)
#12 C:\Users\lenovo\Documents\data-valdo\klinik-bersalin\system\Boot.php(325): CodeIgniter\CodeIgniter->run()
#13 C:\Users\lenovo\Documents\data-valdo\klinik-bersalin\system\Boot.php(67): CodeIgniter\Boot::runCodeIgniter(Object(CodeIgniter\CodeIgniter))
#14 C:\Users\lenovo\Documents\data-valdo\klinik-bersalin\public\index.php(56): CodeIgniter\Boot::bootWeb(Object(Config\Paths))
#15 C:\Users\lenovo\Documents\data-valdo\klinik-bersalin\system\rewrite.php(44): require_once('C:\\Users\\lenovo...')
#16 {main}
CRITICAL - 2024-07-08 09:05:43 --> CodeIgniter\Database\Exceptions\DatabaseException: Duplicate entry 'USER002' for key 'PRIMARY'
[Method: POST, Route: add-users]
in SYSTEMPATH\Database\BaseConnection.php on line 688.
 1 SYSTEMPATH\Database\BaseBuilder.php(2332): CodeIgniter\Database\BaseConnection->query('INSERT INTO `users` (`userNama`, `userEmail`, `userPassword`, `userRole`, `userID`) VALUES (:userNama:, :userEmail:, :userPassword:, :userRole:, :userID:)', [...], false)
 2 SYSTEMPATH\Model.php(394): CodeIgniter\Database\BaseBuilder->insert()
 3 SYSTEMPATH\BaseModel.php(840): CodeIgniter\Model->doInsert([...])
 4 SYSTEMPATH\Model.php(802): CodeIgniter\BaseModel->insert([...], true)
 5 APPPATH\Models\UserModel.php(25): CodeIgniter\Model->insert([...])
 6 APPPATH\Controllers\Menu.php(58): App\Models\UserModel->saveUser([...])
 7 SYSTEMPATH\CodeIgniter.php(933): App\Controllers\Menu->store_users()
 8 SYSTEMPATH\CodeIgniter.php(509): CodeIgniter\CodeIgniter->runController(Object(App\Controllers\Menu))
 9 SYSTEMPATH\CodeIgniter.php(355): CodeIgniter\CodeIgniter->handleRequest(null, Object(Config\Cache), false)
10 SYSTEMPATH\Boot.php(325): CodeIgniter\CodeIgniter->run()
11 SYSTEMPATH\Boot.php(67): CodeIgniter\Boot::runCodeIgniter(Object(CodeIgniter\CodeIgniter))
12 FCPATH\index.php(56): CodeIgniter\Boot::bootWeb(Object(Config\Paths))
13 SYSTEMPATH\rewrite.php(44): require_once('C:\\Users\\lenovo\\Documents\\data-valdo\\klinik-bersalin\\public\\index.php')
CRITICAL - 2024-07-08 09:05:43 --> [Caused by] CodeIgniter\Database\Exceptions\DatabaseException: Duplicate entry 'USER002' for key 'PRIMARY'
in SYSTEMPATH\Database\MySQLi\Connection.php on line 317.
 1 SYSTEMPATH\Database\BaseConnection.php(734): CodeIgniter\Database\MySQLi\Connection->execute('INSERT INTO `users` (`userNama`, `userEmail`, `userPassword`, `userRole`, `userID`) VALUES (\'admin\', \'admin@gmail.com\', \'$2y$10$QGA9Em.65MedWyWy6BPUp.IuqucPlqybPEkiAsJHAMB2MVptT.GPy\', \'Administrator\', \'USER002\')')
 2 SYSTEMPATH\Database\BaseConnection.php(648): CodeIgniter\Database\BaseConnection->simpleQuery('INSERT INTO `users` (`userNama`, `userEmail`, `userPassword`, `userRole`, `userID`) VALUES (\'admin\', \'admin@gmail.com\', \'$2y$10$QGA9Em.65MedWyWy6BPUp.IuqucPlqybPEkiAsJHAMB2MVptT.GPy\', \'Administrator\', \'USER002\')')
 3 SYSTEMPATH\Database\BaseBuilder.php(2332): CodeIgniter\Database\BaseConnection->query('INSERT INTO `users` (`userNama`, `userEmail`, `userPassword`, `userRole`, `userID`) VALUES (:userNama:, :userEmail:, :userPassword:, :userRole:, :userID:)', [...], false)
 4 SYSTEMPATH\Model.php(394): CodeIgniter\Database\BaseBuilder->insert()
 5 SYSTEMPATH\BaseModel.php(840): CodeIgniter\Model->doInsert([...])
 6 SYSTEMPATH\Model.php(802): CodeIgniter\BaseModel->insert([...], true)
 7 APPPATH\Models\UserModel.php(25): CodeIgniter\Model->insert([...])
 8 APPPATH\Controllers\Menu.php(58): App\Models\UserModel->saveUser([...])
 9 SYSTEMPATH\CodeIgniter.php(933): App\Controllers\Menu->store_users()
10 SYSTEMPATH\CodeIgniter.php(509): CodeIgniter\CodeIgniter->runController(Object(App\Controllers\Menu))
11 SYSTEMPATH\CodeIgniter.php(355): CodeIgniter\CodeIgniter->handleRequest(null, Object(Config\Cache), false)
12 SYSTEMPATH\Boot.php(325): CodeIgniter\CodeIgniter->run()
13 SYSTEMPATH\Boot.php(67): CodeIgniter\Boot::runCodeIgniter(Object(CodeIgniter\CodeIgniter))
14 FCPATH\index.php(56): CodeIgniter\Boot::bootWeb(Object(Config\Paths))
15 SYSTEMPATH\rewrite.php(44): require_once('C:\\Users\\lenovo\\Documents\\data-valdo\\klinik-bersalin\\public\\index.php')
CRITICAL - 2024-07-08 09:05:43 --> [Caused by] mysqli_sql_exception: Duplicate entry 'USER002' for key 'PRIMARY'
in SYSTEMPATH\Database\MySQLi\Connection.php on line 312.
 1 SYSTEMPATH\Database\MySQLi\Connection.php(312): mysqli->query('INSERT INTO `users` (`userNama`, `userEmail`, `userPassword`, `userRole`, `userID`) VALUES (\'admin\', \'admin@gmail.com\', \'$2y$10$QGA9Em.65MedWyWy6BPUp.IuqucPlqybPEkiAsJHAMB2MVptT.GPy\', \'Administrator\', \'USER002\')', 0)
 2 SYSTEMPATH\Database\BaseConnection.php(734): CodeIgniter\Database\MySQLi\Connection->execute('INSERT INTO `users` (`userNama`, `userEmail`, `userPassword`, `userRole`, `userID`) VALUES (\'admin\', \'admin@gmail.com\', \'$2y$10$QGA9Em.65MedWyWy6BPUp.IuqucPlqybPEkiAsJHAMB2MVptT.GPy\', \'Administrator\', \'USER002\')')
 3 SYSTEMPATH\Database\BaseConnection.php(648): CodeIgniter\Database\BaseConnection->simpleQuery('INSERT INTO `users` (`userNama`, `userEmail`, `userPassword`, `userRole`, `userID`) VALUES (\'admin\', \'admin@gmail.com\', \'$2y$10$QGA9Em.65MedWyWy6BPUp.IuqucPlqybPEkiAsJHAMB2MVptT.GPy\', \'Administrator\', \'USER002\')')
 4 SYSTEMPATH\Database\BaseBuilder.php(2332): CodeIgniter\Database\BaseConnection->query('INSERT INTO `users` (`userNama`, `userEmail`, `userPassword`, `userRole`, `userID`) VALUES (:userNama:, :userEmail:, :userPassword:, :userRole:, :userID:)', [...], false)
 5 SYSTEMPATH\Model.php(394): CodeIgniter\Database\BaseBuilder->insert()
 6 SYSTEMPATH\BaseModel.php(840): CodeIgniter\Model->doInsert([...])
 7 SYSTEMPATH\Model.php(802): CodeIgniter\BaseModel->insert([...], true)
 8 APPPATH\Models\UserModel.php(25): CodeIgniter\Model->insert([...])
 9 APPPATH\Controllers\Menu.php(58): App\Models\UserModel->saveUser([...])
10 SYSTEMPATH\CodeIgniter.php(933): App\Controllers\Menu->store_users()
11 SYSTEMPATH\CodeIgniter.php(509): CodeIgniter\CodeIgniter->runController(Object(App\Controllers\Menu))
12 SYSTEMPATH\CodeIgniter.php(355): CodeIgniter\CodeIgniter->handleRequest(null, Object(Config\Cache), false)
13 SYSTEMPATH\Boot.php(325): CodeIgniter\CodeIgniter->run()
14 SYSTEMPATH\Boot.php(67): CodeIgniter\Boot::runCodeIgniter(Object(CodeIgniter\CodeIgniter))
15 FCPATH\index.php(56): CodeIgniter\Boot::bootWeb(Object(Config\Paths))
16 SYSTEMPATH\rewrite.php(44): require_once('C:\\Users\\lenovo\\Documents\\data-valdo\\klinik-bersalin\\public\\index.php')
INFO - 2024-07-08 09:05:53 --> Session: Class initialized using 'CodeIgniter\Session\Handlers\FileHandler' driver.
INFO - 2024-07-08 09:05:54 --> Session: Class initialized using 'CodeIgniter\Session\Handlers\FileHandler' driver.
INFO - 2024-07-08 09:05:59 --> Session: Class initialized using 'CodeIgniter\Session\Handlers\FileHandler' driver.
INFO - 2024-07-08 09:06:11 --> Session: Class initialized using 'CodeIgniter\Session\Handlers\FileHandler' driver.
INFO - 2024-07-08 09:06:12 --> Session: Class initialized using 'CodeIgniter\Session\Handlers\FileHandler' driver.
INFO - 2024-07-08 09:06:21 --> Session: Class initialized using 'CodeIgniter\Session\Handlers\FileHandler' driver.
INFO - 2024-07-08 09:06:31 --> Session: Class initialized using 'CodeIgniter\Session\Handlers\FileHandler' driver.
INFO - 2024-07-08 09:06:31 --> Session: Class initialized using 'CodeIgniter\Session\Handlers\FileHandler' driver.
INFO - 2024-07-08 09:06:35 --> Session: Class initialized using 'CodeIgniter\Session\Handlers\FileHandler' driver.
INFO - 2024-07-08 09:06:46 --> Session: Class initialized using 'CodeIgniter\Session\Handlers\FileHandler' driver.
INFO - 2024-07-08 09:06:47 --> Session: Class initialized using 'CodeIgniter\Session\Handlers\FileHandler' driver.
INFO - 2024-07-08 09:07:17 --> Session: Class initialized using 'CodeIgniter\Session\Handlers\FileHandler' driver.
INFO - 2024-07-08 09:14:59 --> Session: Class initialized using 'CodeIgniter\Session\Handlers\FileHandler' driver.
INFO - 2024-07-08 09:15:27 --> Session: Class initialized using 'CodeIgniter\Session\Handlers\FileHandler' driver.
INFO - 2024-07-08 09:15:36 --> Session: Class initialized using 'CodeIgniter\Session\Handlers\FileHandler' driver.
INFO - 2024-07-08 09:17:31 --> Session: Class initialized using 'CodeIgniter\Session\Handlers\FileHandler' driver.
INFO - 2024-07-08 09:17:40 --> Session: Class initialized using 'CodeIgniter\Session\Handlers\FileHandler' driver.
INFO - 2024-07-08 09:29:16 --> Session: Class initialized using 'CodeIgniter\Session\Handlers\FileHandler' driver.
INFO - 2024-07-08 09:29:39 --> Session: Class initialized using 'CodeIgniter\Session\Handlers\FileHandler' driver.
INFO - 2024-07-08 09:31:36 --> Session: Class initialized using 'CodeIgniter\Session\Handlers\FileHandler' driver.
INFO - 2024-07-08 09:35:07 --> Session: Class initialized using 'CodeIgniter\Session\Handlers\FileHandler' driver.
INFO - 2024-07-08 09:35:22 --> Session: Class initialized using 'CodeIgniter\Session\Handlers\FileHandler' driver.
INFO - 2024-07-08 09:35:42 --> Session: Class initialized using 'CodeIgniter\Session\Handlers\FileHandler' driver.
INFO - 2024-07-08 09:35:57 --> Session: Class initialized using 'CodeIgniter\Session\Handlers\FileHandler' driver.
INFO - 2024-07-08 09:37:06 --> Session: Class initialized using 'CodeIgniter\Session\Handlers\FileHandler' driver.
INFO - 2024-07-08 09:37:22 --> Session: Class initialized using 'CodeIgniter\Session\Handlers\FileHandler' driver.
INFO - 2024-07-08 09:37:29 --> Session: Class initialized using 'CodeIgniter\Session\Handlers\FileHandler' driver.
INFO - 2024-07-08 09:37:34 --> Session: Class initialized using 'CodeIgniter\Session\Handlers\FileHandler' driver.
INFO - 2024-07-08 09:37:42 --> Session: Class initialized using 'CodeIgniter\Session\Handlers\FileHandler' driver.
INFO - 2024-07-08 09:37:57 --> Session: Class initialized using 'CodeIgniter\Session\Handlers\FileHandler' driver.
INFO - 2024-07-08 09:38:12 --> Session: Class initialized using 'CodeIgniter\Session\Handlers\FileHandler' driver.
INFO - 2024-07-08 09:38:25 --> Session: Class initialized using 'CodeIgniter\Session\Handlers\FileHandler' driver.
INFO - 2024-07-08 09:38:30 --> Session: Class initialized using 'CodeIgniter\Session\Handlers\FileHandler' driver.
INFO - 2024-07-08 09:51:07 --> Session: Class initialized using 'CodeIgniter\Session\Handlers\FileHandler' driver.
INFO - 2024-07-08 09:51:18 --> Session: Class initialized using 'CodeIgniter\Session\Handlers\FileHandler' driver.
INFO - 2024-07-08 09:51:54 --> Session: Class initialized using 'CodeIgniter\Session\Handlers\FileHandler' driver.
INFO - 2024-07-08 09:52:30 --> Session: Class initialized using 'CodeIgniter\Session\Handlers\FileHandler' driver.
INFO - 2024-07-08 09:52:35 --> Session: Class initialized using 'CodeIgniter\Session\Handlers\FileHandler' driver.
INFO - 2024-07-08 09:55:36 --> Session: Class initialized using 'CodeIgniter\Session\Handlers\FileHandler' driver.
INFO - 2024-07-08 09:55:56 --> Session: Class initialized using 'CodeIgniter\Session\Handlers\FileHandler' driver.
INFO - 2024-07-08 09:56:31 --> Session: Class initialized using 'CodeIgniter\Session\Handlers\FileHandler' driver.
INFO - 2024-07-08 09:56:33 --> Session: Class initialized using 'CodeIgniter\Session\Handlers\FileHandler' driver.
INFO - 2024-07-08 09:56:36 --> Session: Class initialized using 'CodeIgniter\Session\Handlers\FileHandler' driver.
INFO - 2024-07-08 09:57:11 --> Session: Class initialized using 'CodeIgniter\Session\Handlers\FileHandler' driver.
INFO - 2024-07-08 09:57:14 --> Session: Class initialized using 'CodeIgniter\Session\Handlers\FileHandler' driver.
INFO - 2024-07-08 09:57:14 --> Session: Class initialized using 'CodeIgniter\Session\Handlers\FileHandler' driver.
INFO - 2024-07-08 09:57:18 --> Session: Class initialized using 'CodeIgniter\Session\Handlers\FileHandler' driver.
INFO - 2024-07-08 09:57:18 --> Session: Class initialized using 'CodeIgniter\Session\Handlers\FileHandler' driver.
INFO - 2024-07-08 09:57:20 --> Session: Class initialized using 'CodeIgniter\Session\Handlers\FileHandler' driver.
INFO - 2024-07-08 09:57:21 --> Session: Class initialized using 'CodeIgniter\Session\Handlers\FileHandler' driver.
INFO - 2024-07-08 09:57:30 --> Session: Class initialized using 'CodeIgniter\Session\Handlers\FileHandler' driver.
INFO - 2024-07-08 09:57:30 --> Session: Class initialized using 'CodeIgniter\Session\Handlers\FileHandler' driver.
INFO - 2024-07-08 09:57:51 --> Session: Class initialized using 'CodeIgniter\Session\Handlers\FileHandler' driver.
INFO - 2024-07-08 09:57:53 --> Session: Class initialized using 'CodeIgniter\Session\Handlers\FileHandler' driver.
INFO - 2024-07-08 09:58:02 --> Session: Class initialized using 'CodeIgniter\Session\Handlers\FileHandler' driver.
INFO - 2024-07-08 09:58:02 --> Session: Class initialized using 'CodeIgniter\Session\Handlers\FileHandler' driver.
INFO - 2024-07-08 09:58:11 --> Session: Class initialized using 'CodeIgniter\Session\Handlers\FileHandler' driver.
INFO - 2024-07-08 09:58:13 --> Session: Class initialized using 'CodeIgniter\Session\Handlers\FileHandler' driver.
INFO - 2024-07-08 09:58:52 --> Session: Class initialized using 'CodeIgniter\Session\Handlers\FileHandler' driver.
INFO - 2024-07-08 09:58:52 --> Session: Class initialized using 'CodeIgniter\Session\Handlers\FileHandler' driver.
INFO - 2024-07-08 09:59:05 --> Session: Class initialized using 'CodeIgniter\Session\Handlers\FileHandler' driver.
INFO - 2024-07-08 09:59:16 --> Session: Class initialized using 'CodeIgniter\Session\Handlers\FileHandler' driver.
INFO - 2024-07-08 09:59:16 --> Session: Class initialized using 'CodeIgniter\Session\Handlers\FileHandler' driver.
INFO - 2024-07-08 10:00:01 --> Session: Class initialized using 'CodeIgniter\Session\Handlers\FileHandler' driver.
INFO - 2024-07-08 10:00:03 --> Session: Class initialized using 'CodeIgniter\Session\Handlers\FileHandler' driver.
INFO - 2024-07-08 10:00:03 --> Session: Class initialized using 'CodeIgniter\Session\Handlers\FileHandler' driver.
INFO - 2024-07-08 10:00:09 --> Session: Class initialized using 'CodeIgniter\Session\Handlers\FileHandler' driver.
INFO - 2024-07-08 10:00:09 --> Session: Class initialized using 'CodeIgniter\Session\Handlers\FileHandler' driver.
CRITICAL - 2024-07-08 10:00:27 --> ParseError: syntax error, unexpected token "else"
[Method: GET, Route: login]
in APPPATH\Controllers\Auth.php on line 44.
 1 SYSTEMPATH\Autoloader\Autoloader.php(296): CodeIgniter\Autoloader\Autoloader->includeFile('C:\\Users\\lenovo\\Documents\\data-valdo\\klinik-bersalin\\app\\Controllers\\Auth.php')
 2 SYSTEMPATH\Autoloader\Autoloader.php(272): CodeIgniter\Autoloader\Autoloader->loadInNamespace('App\\Controllers\\Auth')
 3 [internal function]: CodeIgniter\Autoloader\Autoloader->loadClass('App\\Controllers\\Auth')
 4 SYSTEMPATH\CodeIgniter.php(887): class_exists('\\App\\Controllers\\Auth', true)
 5 SYSTEMPATH\CodeIgniter.php(496): CodeIgniter\CodeIgniter->startController()
 6 SYSTEMPATH\CodeIgniter.php(355): CodeIgniter\CodeIgniter->handleRequest(null, Object(Config\Cache), false)
 7 SYSTEMPATH\Boot.php(325): CodeIgniter\CodeIgniter->run()
 8 SYSTEMPATH\Boot.php(67): CodeIgniter\Boot::runCodeIgniter(Object(CodeIgniter\CodeIgniter))
 9 FCPATH\index.php(56): CodeIgniter\Boot::bootWeb(Object(Config\Paths))
10 SYSTEMPATH\rewrite.php(44): require_once('C:\\Users\\lenovo\\Documents\\data-valdo\\klinik-bersalin\\public\\index.php')
INFO - 2024-07-08 10:00:33 --> Session: Class initialized using 'CodeIgniter\Session\Handlers\FileHandler' driver.
INFO - 2024-07-08 10:00:39 --> Session: Class initialized using 'CodeIgniter\Session\Handlers\FileHandler' driver.
INFO - 2024-07-08 10:00:39 --> Session: Class initialized using 'CodeIgniter\Session\Handlers\FileHandler' driver.
INFO - 2024-07-08 10:00:45 --> Session: Class initialized using 'CodeIgniter\Session\Handlers\FileHandler' driver.
INFO - 2024-07-08 10:00:45 --> Session: Class initialized using 'CodeIgniter\Session\Handlers\FileHandler' driver.
INFO - 2024-07-08 10:00:49 --> Session: Class initialized using 'CodeIgniter\Session\Handlers\FileHandler' driver.
INFO - 2024-07-08 10:00:52 --> Session: Class initialized using 'CodeIgniter\Session\Handlers\FileHandler' driver.
INFO - 2024-07-08 10:00:54 --> Session: Class initialized using 'CodeIgniter\Session\Handlers\FileHandler' driver.
INFO - 2024-07-08 10:00:58 --> Session: Class initialized using 'CodeIgniter\Session\Handlers\FileHandler' driver.
INFO - 2024-07-08 10:00:59 --> Session: Class initialized using 'CodeIgniter\Session\Handlers\FileHandler' driver.
INFO - 2024-07-08 10:01:06 --> Session: Class initialized using 'CodeIgniter\Session\Handlers\FileHandler' driver.
INFO - 2024-07-08 10:02:08 --> Session: Class initialized using 'CodeIgniter\Session\Handlers\FileHandler' driver.
INFO - 2024-07-08 10:03:14 --> Session: Class initialized using 'CodeIgniter\Session\Handlers\FileHandler' driver.
INFO - 2024-07-08 10:04:38 --> Session: Class initialized using 'CodeIgniter\Session\Handlers\FileHandler' driver.
INFO - 2024-07-08 10:05:13 --> Session: Class initialized using 'CodeIgniter\Session\Handlers\FileHandler' driver.
INFO - 2024-07-08 10:05:25 --> Session: Class initialized using 'CodeIgniter\Session\Handlers\FileHandler' driver.
INFO - 2024-07-08 10:18:08 --> Session: Class initialized using 'CodeIgniter\Session\Handlers\FileHandler' driver.
INFO - 2024-07-08 10:27:11 --> Session: Class initialized using 'CodeIgniter\Session\Handlers\FileHandler' driver.
INFO - 2024-07-08 10:27:13 --> Session: Class initialized using 'CodeIgniter\Session\Handlers\FileHandler' driver.
INFO - 2024-07-08 10:27:13 --> Session: Class initialized using 'CodeIgniter\Session\Handlers\FileHandler' driver.
CRITICAL - 2024-07-08 10:27:13 --> ErrorException: Trying to access array offset on value of type null
[Method: GET, Route: edit-users/assets/images/logo.png]
in APPPATH\Views\page\content\form\edit_users.php on line 24.
 1 APPPATH\Views\page\content\form\edit_users.php(24): CodeIgniter\Debug\Exceptions->errorHandler(2, 'Trying to access array offset on value of type null', 'C:\\Users\\lenovo\\Documents\\data-valdo\\klinik-bersalin\\app\\Views\\page\\content\\form\\edit_users.php', 24)
 2 SYSTEMPATH\View\View.php(234): include('C:\\Users\\lenovo\\Documents\\data-valdo\\klinik-bersalin\\app\\Views\\page\\content\\form\\edit_users.php')
 3 SYSTEMPATH\View\View.php(237): CodeIgniter\View\View->CodeIgniter\View\{closure}()
 4 SYSTEMPATH\Common.php(1171): CodeIgniter\View\View->render('page/content/form/edit_users', [], true)
 5 APPPATH\Controllers\Menu.php(54): view('page/content/form/edit_users', [...])
 6 SYSTEMPATH\CodeIgniter.php(933): App\Controllers\Menu->edit_users('assets', 'images', 'logo.png')
 7 SYSTEMPATH\CodeIgniter.php(509): CodeIgniter\CodeIgniter->runController(Object(App\Controllers\Menu))
 8 SYSTEMPATH\CodeIgniter.php(355): CodeIgniter\CodeIgniter->handleRequest(null, Object(Config\Cache), false)
 9 SYSTEMPATH\Boot.php(325): CodeIgniter\CodeIgniter->run()
10 SYSTEMPATH\Boot.php(67): CodeIgniter\Boot::runCodeIgniter(Object(CodeIgniter\CodeIgniter))
11 FCPATH\index.php(56): CodeIgniter\Boot::bootWeb(Object(Config\Paths))
12 SYSTEMPATH\rewrite.php(44): require_once('C:\\Users\\lenovo\\Documents\\data-valdo\\klinik-bersalin\\public\\index.php')
INFO - 2024-07-08 10:27:13 --> Session: Class initialized using 'CodeIgniter\Session\Handlers\FileHandler' driver.
CRITICAL - 2024-07-08 10:27:13 --> ErrorException: Trying to access array offset on value of type null
[Method: GET, Route: edit-users/assets/css/remixicon.css]
in APPPATH\Views\page\content\form\edit_users.php on line 24.
 1 APPPATH\Views\page\content\form\edit_users.php(24): CodeIgniter\Debug\Exceptions->errorHandler(2, 'Trying to access array offset on value of type null', 'C:\\Users\\lenovo\\Documents\\data-valdo\\klinik-bersalin\\app\\Views\\page\\content\\form\\edit_users.php', 24)
 2 SYSTEMPATH\View\View.php(234): include('C:\\Users\\lenovo\\Documents\\data-valdo\\klinik-bersalin\\app\\Views\\page\\content\\form\\edit_users.php')
 3 SYSTEMPATH\View\View.php(237): CodeIgniter\View\View->CodeIgniter\View\{closure}()
 4 SYSTEMPATH\Common.php(1171): CodeIgniter\View\View->render('page/content/form/edit_users', [], true)
 5 APPPATH\Controllers\Menu.php(54): view('page/content/form/edit_users', [...])
 6 SYSTEMPATH\CodeIgniter.php(933): App\Controllers\Menu->edit_users('assets', 'css', 'remixicon.css')
 7 SYSTEMPATH\CodeIgniter.php(509): CodeIgniter\CodeIgniter->runController(Object(App\Controllers\Menu))
 8 SYSTEMPATH\CodeIgniter.php(355): CodeIgniter\CodeIgniter->handleRequest(null, Object(Config\Cache), false)
 9 SYSTEMPATH\Boot.php(325): CodeIgniter\CodeIgniter->run()
10 SYSTEMPATH\Boot.php(67): CodeIgniter\Boot::runCodeIgniter(Object(CodeIgniter\CodeIgniter))
11 FCPATH\index.php(56): CodeIgniter\Boot::bootWeb(Object(Config\Paths))
12 SYSTEMPATH\rewrite.php(44): require_once('C:\\Users\\lenovo\\Documents\\data-valdo\\klinik-bersalin\\public\\index.php')
INFO - 2024-07-08 10:27:13 --> Session: Class initialized using 'CodeIgniter\Session\Handlers\FileHandler' driver.
CRITICAL - 2024-07-08 10:27:13 --> ErrorException: Trying to access array offset on value of type null
[Method: GET, Route: edit-users/assets/css/lib/bootstrap.min.css]
in APPPATH\Views\page\content\form\edit_users.php on line 24.
 1 APPPATH\Views\page\content\form\edit_users.php(24): CodeIgniter\Debug\Exceptions->errorHandler(2, 'Trying to access array offset on value of type null', 'C:\\Users\\lenovo\\Documents\\data-valdo\\klinik-bersalin\\app\\Views\\page\\content\\form\\edit_users.php', 24)
 2 SYSTEMPATH\View\View.php(234): include('C:\\Users\\lenovo\\Documents\\data-valdo\\klinik-bersalin\\app\\Views\\page\\content\\form\\edit_users.php')
 3 SYSTEMPATH\View\View.php(237): CodeIgniter\View\View->CodeIgniter\View\{closure}()
 4 SYSTEMPATH\Common.php(1171): CodeIgniter\View\View->render('page/content/form/edit_users', [], true)
 5 APPPATH\Controllers\Menu.php(54): view('page/content/form/edit_users', [...])
 6 SYSTEMPATH\CodeIgniter.php(933): App\Controllers\Menu->edit_users('assets', 'css', 'lib', 'bootstrap.min.css')
 7 SYSTEMPATH\CodeIgniter.php(509): CodeIgniter\CodeIgniter->runController(Object(App\Controllers\Menu))
 8 SYSTEMPATH\CodeIgniter.php(355): CodeIgniter\CodeIgniter->handleRequest(null, Object(Config\Cache), false)
 9 SYSTEMPATH\Boot.php(325): CodeIgniter\CodeIgniter->run()
10 SYSTEMPATH\Boot.php(67): CodeIgniter\Boot::runCodeIgniter(Object(CodeIgniter\CodeIgniter))
11 FCPATH\index.php(56): CodeIgniter\Boot::bootWeb(Object(Config\Paths))
12 SYSTEMPATH\rewrite.php(44): require_once('C:\\Users\\lenovo\\Documents\\data-valdo\\klinik-bersalin\\public\\index.php')
INFO - 2024-07-08 10:27:13 --> Session: Class initialized using 'CodeIgniter\Session\Handlers\FileHandler' driver.
CRITICAL - 2024-07-08 10:27:13 --> ErrorException: Trying to access array offset on value of type null
[Method: GET, Route: edit-users/assets/css/lib/apexcharts.css]
in APPPATH\Views\page\content\form\edit_users.php on line 24.
 1 APPPATH\Views\page\content\form\edit_users.php(24): CodeIgniter\Debug\Exceptions->errorHandler(2, 'Trying to access array offset on value of type null', 'C:\\Users\\lenovo\\Documents\\data-valdo\\klinik-bersalin\\app\\Views\\page\\content\\form\\edit_users.php', 24)
 2 SYSTEMPATH\View\View.php(234): include('C:\\Users\\lenovo\\Documents\\data-valdo\\klinik-bersalin\\app\\Views\\page\\content\\form\\edit_users.php')
 3 SYSTEMPATH\View\View.php(237): CodeIgniter\View\View->CodeIgniter\View\{closure}()
 4 SYSTEMPATH\Common.php(1171): CodeIgniter\View\View->render('page/content/form/edit_users', [], true)
 5 APPPATH\Controllers\Menu.php(54): view('page/content/form/edit_users', [...])
 6 SYSTEMPATH\CodeIgniter.php(933): App\Controllers\Menu->edit_users('assets', 'css', 'lib', 'apexcharts.css')
 7 SYSTEMPATH\CodeIgniter.php(509): CodeIgniter\CodeIgniter->runController(Object(App\Controllers\Menu))
 8 SYSTEMPATH\CodeIgniter.php(355): CodeIgniter\CodeIgniter->handleRequest(null, Object(Config\Cache), false)
 9 SYSTEMPATH\Boot.php(325): CodeIgniter\CodeIgniter->run()
10 SYSTEMPATH\Boot.php(67): CodeIgniter\Boot::runCodeIgniter(Object(CodeIgniter\CodeIgniter))
11 FCPATH\index.php(56): CodeIgniter\Boot::bootWeb(Object(Config\Paths))
12 SYSTEMPATH\rewrite.php(44): require_once('C:\\Users\\lenovo\\Documents\\data-valdo\\klinik-bersalin\\public\\index.php')
INFO - 2024-07-08 10:27:13 --> Session: Class initialized using 'CodeIgniter\Session\Handlers\FileHandler' driver.
CRITICAL - 2024-07-08 10:27:13 --> ErrorException: Trying to access array offset on value of type null
[Method: GET, Route: edit-users/assets/css/lib/sweetalert2.min.css]
in APPPATH\Views\page\content\form\edit_users.php on line 24.
 1 APPPATH\Views\page\content\form\edit_users.php(24): CodeIgniter\Debug\Exceptions->errorHandler(2, 'Trying to access array offset on value of type null', 'C:\\Users\\lenovo\\Documents\\data-valdo\\klinik-bersalin\\app\\Views\\page\\content\\form\\edit_users.php', 24)
 2 SYSTEMPATH\View\View.php(234): include('C:\\Users\\lenovo\\Documents\\data-valdo\\klinik-bersalin\\app\\Views\\page\\content\\form\\edit_users.php')
 3 SYSTEMPATH\View\View.php(237): CodeIgniter\View\View->CodeIgniter\View\{closure}()
 4 SYSTEMPATH\Common.php(1171): CodeIgniter\View\View->render('page/content/form/edit_users', [], true)
 5 APPPATH\Controllers\Menu.php(54): view('page/content/form/edit_users', [...])
 6 SYSTEMPATH\CodeIgniter.php(933): App\Controllers\Menu->edit_users('assets', 'css', 'lib', 'sweetalert2.min.css')
 7 SYSTEMPATH\CodeIgniter.php(509): CodeIgniter\CodeIgniter->runController(Object(App\Controllers\Menu))
 8 SYSTEMPATH\CodeIgniter.php(355): CodeIgniter\CodeIgniter->handleRequest(null, Object(Config\Cache), false)
 9 SYSTEMPATH\Boot.php(325): CodeIgniter\CodeIgniter->run()
10 SYSTEMPATH\Boot.php(67): CodeIgniter\Boot::runCodeIgniter(Object(CodeIgniter\CodeIgniter))
11 FCPATH\index.php(56): CodeIgniter\Boot::bootWeb(Object(Config\Paths))
12 SYSTEMPATH\rewrite.php(44): require_once('C:\\Users\\lenovo\\Documents\\data-valdo\\klinik-bersalin\\public\\index.php')
INFO - 2024-07-08 10:27:13 --> Session: Class initialized using 'CodeIgniter\Session\Handlers\FileHandler' driver.
CRITICAL - 2024-07-08 10:27:13 --> ErrorException: Trying to access array offset on value of type null
[Method: GET, Route: edit-users/assets/css/lib/dataTables.min.css]
in APPPATH\Views\page\content\form\edit_users.php on line 24.
 1 APPPATH\Views\page\content\form\edit_users.php(24): CodeIgniter\Debug\Exceptions->errorHandler(2, 'Trying to access array offset on value of type null', 'C:\\Users\\lenovo\\Documents\\data-valdo\\klinik-bersalin\\app\\Views\\page\\content\\form\\edit_users.php', 24)
 2 SYSTEMPATH\View\View.php(234): include('C:\\Users\\lenovo\\Documents\\data-valdo\\klinik-bersalin\\app\\Views\\page\\content\\form\\edit_users.php')
 3 SYSTEMPATH\View\View.php(237): CodeIgniter\View\View->CodeIgniter\View\{closure}()
 4 SYSTEMPATH\Common.php(1171): CodeIgniter\View\View->render('page/content/form/edit_users', [], true)
 5 APPPATH\Controllers\Menu.php(54): view('page/content/form/edit_users', [...])
 6 SYSTEMPATH\CodeIgniter.php(933): App\Controllers\Menu->edit_users('assets', 'css', 'lib', 'dataTables.min.css')
 7 SYSTEMPATH\CodeIgniter.php(509): CodeIgniter\CodeIgniter->runController(Object(App\Controllers\Menu))
 8 SYSTEMPATH\CodeIgniter.php(355): CodeIgniter\CodeIgniter->handleRequest(null, Object(Config\Cache), false)
 9 SYSTEMPATH\Boot.php(325): CodeIgniter\CodeIgniter->run()
10 SYSTEMPATH\Boot.php(67): CodeIgniter\Boot::runCodeIgniter(Object(CodeIgniter\CodeIgniter))
11 FCPATH\index.php(56): CodeIgniter\Boot::bootWeb(Object(Config\Paths))
12 SYSTEMPATH\rewrite.php(44): require_once('C:\\Users\\lenovo\\Documents\\data-valdo\\klinik-bersalin\\public\\index.php')
INFO - 2024-07-08 10:27:13 --> Session: Class initialized using 'CodeIgniter\Session\Handlers\FileHandler' driver.
CRITICAL - 2024-07-08 10:27:13 --> ErrorException: Trying to access array offset on value of type null
[Method: GET, Route: edit-users/assets/css/lib/editor-katex.min.css]
in APPPATH\Views\page\content\form\edit_users.php on line 24.
 1 APPPATH\Views\page\content\form\edit_users.php(24): CodeIgniter\Debug\Exceptions->errorHandler(2, 'Trying to access array offset on value of type null', 'C:\\Users\\lenovo\\Documents\\data-valdo\\klinik-bersalin\\app\\Views\\page\\content\\form\\edit_users.php', 24)
 2 SYSTEMPATH\View\View.php(234): include('C:\\Users\\lenovo\\Documents\\data-valdo\\klinik-bersalin\\app\\Views\\page\\content\\form\\edit_users.php')
 3 SYSTEMPATH\View\View.php(237): CodeIgniter\View\View->CodeIgniter\View\{closure}()
 4 SYSTEMPATH\Common.php(1171): CodeIgniter\View\View->render('page/content/form/edit_users', [], true)
 5 APPPATH\Controllers\Menu.php(54): view('page/content/form/edit_users', [...])
 6 SYSTEMPATH\CodeIgniter.php(933): App\Controllers\Menu->edit_users('assets', 'css', 'lib', 'editor-katex.min.css')
 7 SYSTEMPATH\CodeIgniter.php(509): CodeIgniter\CodeIgniter->runController(Object(App\Controllers\Menu))
 8 SYSTEMPATH\CodeIgniter.php(355): CodeIgniter\CodeIgniter->handleRequest(null, Object(Config\Cache), false)
 9 SYSTEMPATH\Boot.php(325): CodeIgniter\CodeIgniter->run()
10 SYSTEMPATH\Boot.php(67): CodeIgniter\Boot::runCodeIgniter(Object(CodeIgniter\CodeIgniter))
11 FCPATH\index.php(56): CodeIgniter\Boot::bootWeb(Object(Config\Paths))
12 SYSTEMPATH\rewrite.php(44): require_once('C:\\Users\\lenovo\\Documents\\data-valdo\\klinik-bersalin\\public\\index.php')
INFO - 2024-07-08 10:27:13 --> Session: Class initialized using 'CodeIgniter\Session\Handlers\FileHandler' driver.
CRITICAL - 2024-07-08 10:27:13 --> ErrorException: Trying to access array offset on value of type null
[Method: GET, Route: edit-users/assets/css/lib/editor.atom-one-dark.min.css]
in APPPATH\Views\page\content\form\edit_users.php on line 24.
 1 APPPATH\Views\page\content\form\edit_users.php(24): CodeIgniter\Debug\Exceptions->errorHandler(2, 'Trying to access array offset on value of type null', 'C:\\Users\\lenovo\\Documents\\data-valdo\\klinik-bersalin\\app\\Views\\page\\content\\form\\edit_users.php', 24)
 2 SYSTEMPATH\View\View.php(234): include('C:\\Users\\lenovo\\Documents\\data-valdo\\klinik-bersalin\\app\\Views\\page\\content\\form\\edit_users.php')
 3 SYSTEMPATH\View\View.php(237): CodeIgniter\View\View->CodeIgniter\View\{closure}()
 4 SYSTEMPATH\Common.php(1171): CodeIgniter\View\View->render('page/content/form/edit_users', [], true)
 5 APPPATH\Controllers\Menu.php(54): view('page/content/form/edit_users', [...])
 6 SYSTEMPATH\CodeIgniter.php(933): App\Controllers\Menu->edit_users('assets', 'css', 'lib', 'editor.atom-one-dark.min.css')
 7 SYSTEMPATH\CodeIgniter.php(509): CodeIgniter\CodeIgniter->runController(Object(App\Controllers\Menu))
 8 SYSTEMPATH\CodeIgniter.php(355): CodeIgniter\CodeIgniter->handleRequest(null, Object(Config\Cache), false)
 9 SYSTEMPATH\Boot.php(325): CodeIgniter\CodeIgniter->run()
10 SYSTEMPATH\Boot.php(67): CodeIgniter\Boot::runCodeIgniter(Object(CodeIgniter\CodeIgniter))
11 FCPATH\index.php(56): CodeIgniter\Boot::bootWeb(Object(Config\Paths))
12 SYSTEMPATH\rewrite.php(44): require_once('C:\\Users\\lenovo\\Documents\\data-valdo\\klinik-bersalin\\public\\index.php')
INFO - 2024-07-08 10:27:14 --> Session: Class initialized using 'CodeIgniter\Session\Handlers\FileHandler' driver.
CRITICAL - 2024-07-08 10:27:14 --> ErrorException: Trying to access array offset on value of type null
[Method: GET, Route: edit-users/assets/css/lib/editor.quill.snow.css]
in APPPATH\Views\page\content\form\edit_users.php on line 24.
 1 APPPATH\Views\page\content\form\edit_users.php(24): CodeIgniter\Debug\Exceptions->errorHandler(2, 'Trying to access array offset on value of type null', 'C:\\Users\\lenovo\\Documents\\data-valdo\\klinik-bersalin\\app\\Views\\page\\content\\form\\edit_users.php', 24)
 2 SYSTEMPATH\View\View.php(234): include('C:\\Users\\lenovo\\Documents\\data-valdo\\klinik-bersalin\\app\\Views\\page\\content\\form\\edit_users.php')
 3 SYSTEMPATH\View\View.php(237): CodeIgniter\View\View->CodeIgniter\View\{closure}()
 4 SYSTEMPATH\Common.php(1171): CodeIgniter\View\View->render('page/content/form/edit_users', [], true)
 5 APPPATH\Controllers\Menu.php(54): view('page/content/form/edit_users', [...])
 6 SYSTEMPATH\CodeIgniter.php(933): App\Controllers\Menu->edit_users('assets', 'css', 'lib', 'editor.quill.snow.css')
 7 SYSTEMPATH\CodeIgniter.php(509): CodeIgniter\CodeIgniter->runController(Object(App\Controllers\Menu))
 8 SYSTEMPATH\CodeIgniter.php(355): CodeIgniter\CodeIgniter->handleRequest(null, Object(Config\Cache), false)
 9 SYSTEMPATH\Boot.php(325): CodeIgniter\CodeIgniter->run()
10 SYSTEMPATH\Boot.php(67): CodeIgniter\Boot::runCodeIgniter(Object(CodeIgniter\CodeIgniter))
11 FCPATH\index.php(56): CodeIgniter\Boot::bootWeb(Object(Config\Paths))
12 SYSTEMPATH\rewrite.php(44): require_once('C:\\Users\\lenovo\\Documents\\data-valdo\\klinik-bersalin\\public\\index.php')
INFO - 2024-07-08 10:27:14 --> Session: Class initialized using 'CodeIgniter\Session\Handlers\FileHandler' driver.
CRITICAL - 2024-07-08 10:27:14 --> ErrorException: Trying to access array offset on value of type null
[Method: GET, Route: edit-users/assets/css/lib/flatpickr.min.css]
in APPPATH\Views\page\content\form\edit_users.php on line 24.
 1 APPPATH\Views\page\content\form\edit_users.php(24): CodeIgniter\Debug\Exceptions->errorHandler(2, 'Trying to access array offset on value of type null', 'C:\\Users\\lenovo\\Documents\\data-valdo\\klinik-bersalin\\app\\Views\\page\\content\\form\\edit_users.php', 24)
 2 SYSTEMPATH\View\View.php(234): include('C:\\Users\\lenovo\\Documents\\data-valdo\\klinik-bersalin\\app\\Views\\page\\content\\form\\edit_users.php')
 3 SYSTEMPATH\View\View.php(237): CodeIgniter\View\View->CodeIgniter\View\{closure}()
 4 SYSTEMPATH\Common.php(1171): CodeIgniter\View\View->render('page/content/form/edit_users', [], true)
 5 APPPATH\Controllers\Menu.php(54): view('page/content/form/edit_users', [...])
 6 SYSTEMPATH\CodeIgniter.php(933): App\Controllers\Menu->edit_users('assets', 'css', 'lib', 'flatpickr.min.css')
 7 SYSTEMPATH\CodeIgniter.php(509): CodeIgniter\CodeIgniter->runController(Object(App\Controllers\Menu))
 8 SYSTEMPATH\CodeIgniter.php(355): CodeIgniter\CodeIgniter->handleRequest(null, Object(Config\Cache), false)
 9 SYSTEMPATH\Boot.php(325): CodeIgniter\CodeIgniter->run()
10 SYSTEMPATH\Boot.php(67): CodeIgniter\Boot::runCodeIgniter(Object(CodeIgniter\CodeIgniter))
11 FCPATH\index.php(56): CodeIgniter\Boot::bootWeb(Object(Config\Paths))
12 SYSTEMPATH\rewrite.php(44): require_once('C:\\Users\\lenovo\\Documents\\data-valdo\\klinik-bersalin\\public\\index.php')
INFO - 2024-07-08 10:27:14 --> Session: Class initialized using 'CodeIgniter\Session\Handlers\FileHandler' driver.
CRITICAL - 2024-07-08 10:27:14 --> ErrorException: Trying to access array offset on value of type null
[Method: GET, Route: edit-users/assets/css/lib/full-calendar.css]
in APPPATH\Views\page\content\form\edit_users.php on line 24.
 1 APPPATH\Views\page\content\form\edit_users.php(24): CodeIgniter\Debug\Exceptions->errorHandler(2, 'Trying to access array offset on value of type null', 'C:\\Users\\lenovo\\Documents\\data-valdo\\klinik-bersalin\\app\\Views\\page\\content\\form\\edit_users.php', 24)
 2 SYSTEMPATH\View\View.php(234): include('C:\\Users\\lenovo\\Documents\\data-valdo\\klinik-bersalin\\app\\Views\\page\\content\\form\\edit_users.php')
 3 SYSTEMPATH\View\View.php(237): CodeIgniter\View\View->CodeIgniter\View\{closure}()
 4 SYSTEMPATH\Common.php(1171): CodeIgniter\View\View->render('page/content/form/edit_users', [], true)
 5 APPPATH\Controllers\Menu.php(54): view('page/content/form/edit_users', [...])
 6 SYSTEMPATH\CodeIgniter.php(933): App\Controllers\Menu->edit_users('assets', 'css', 'lib', 'full-calendar.css')
 7 SYSTEMPATH\CodeIgniter.php(509): CodeIgniter\CodeIgniter->runController(Object(App\Controllers\Menu))
 8 SYSTEMPATH\CodeIgniter.php(355): CodeIgniter\CodeIgniter->handleRequest(null, Object(Config\Cache), false)
 9 SYSTEMPATH\Boot.php(325): CodeIgniter\CodeIgniter->run()
10 SYSTEMPATH\Boot.php(67): CodeIgniter\Boot::runCodeIgniter(Object(CodeIgniter\CodeIgniter))
11 FCPATH\index.php(56): CodeIgniter\Boot::bootWeb(Object(Config\Paths))
12 SYSTEMPATH\rewrite.php(44): require_once('C:\\Users\\lenovo\\Documents\\data-valdo\\klinik-bersalin\\public\\index.php')
INFO - 2024-07-08 10:27:14 --> Session: Class initialized using 'CodeIgniter\Session\Handlers\FileHandler' driver.
CRITICAL - 2024-07-08 10:27:14 --> ErrorException: Trying to access array offset on value of type null
[Method: GET, Route: edit-users/assets/css/lib/jquery-jvectormap-2.0.5.css]
in APPPATH\Views\page\content\form\edit_users.php on line 24.
 1 APPPATH\Views\page\content\form\edit_users.php(24): CodeIgniter\Debug\Exceptions->errorHandler(2, 'Trying to access array offset on value of type null', 'C:\\Users\\lenovo\\Documents\\data-valdo\\klinik-bersalin\\app\\Views\\page\\content\\form\\edit_users.php', 24)
 2 SYSTEMPATH\View\View.php(234): include('C:\\Users\\lenovo\\Documents\\data-valdo\\klinik-bersalin\\app\\Views\\page\\content\\form\\edit_users.php')
 3 SYSTEMPATH\View\View.php(237): CodeIgniter\View\View->CodeIgniter\View\{closure}()
 4 SYSTEMPATH\Common.php(1171): CodeIgniter\View\View->render('page/content/form/edit_users', [], true)
 5 APPPATH\Controllers\Menu.php(54): view('page/content/form/edit_users', [...])
 6 SYSTEMPATH\CodeIgniter.php(933): App\Controllers\Menu->edit_users('assets', 'css', 'lib', 'jquery-jvectormap-2.0.5.css')
 7 SYSTEMPATH\CodeIgniter.php(509): CodeIgniter\CodeIgniter->runController(Object(App\Controllers\Menu))
 8 SYSTEMPATH\CodeIgniter.php(355): CodeIgniter\CodeIgniter->handleRequest(null, Object(Config\Cache), false)
 9 SYSTEMPATH\Boot.php(325): CodeIgniter\CodeIgniter->run()
10 SYSTEMPATH\Boot.php(67): CodeIgniter\Boot::runCodeIgniter(Object(CodeIgniter\CodeIgniter))
11 FCPATH\index.php(56): CodeIgniter\Boot::bootWeb(Object(Config\Paths))
12 SYSTEMPATH\rewrite.php(44): require_once('C:\\Users\\lenovo\\Documents\\data-valdo\\klinik-bersalin\\public\\index.php')
INFO - 2024-07-08 10:27:14 --> Session: Class initialized using 'CodeIgniter\Session\Handlers\FileHandler' driver.
CRITICAL - 2024-07-08 10:27:14 --> ErrorException: Trying to access array offset on value of type null
[Method: GET, Route: edit-users/assets/css/lib/magnific-popup.css]
in APPPATH\Views\page\content\form\edit_users.php on line 24.
 1 APPPATH\Views\page\content\form\edit_users.php(24): CodeIgniter\Debug\Exceptions->errorHandler(2, 'Trying to access array offset on value of type null', 'C:\\Users\\lenovo\\Documents\\data-valdo\\klinik-bersalin\\app\\Views\\page\\content\\form\\edit_users.php', 24)
 2 SYSTEMPATH\View\View.php(234): include('C:\\Users\\lenovo\\Documents\\data-valdo\\klinik-bersalin\\app\\Views\\page\\content\\form\\edit_users.php')
 3 SYSTEMPATH\View\View.php(237): CodeIgniter\View\View->CodeIgniter\View\{closure}()
 4 SYSTEMPATH\Common.php(1171): CodeIgniter\View\View->render('page/content/form/edit_users', [], true)
 5 APPPATH\Controllers\Menu.php(54): view('page/content/form/edit_users', [...])
 6 SYSTEMPATH\CodeIgniter.php(933): App\Controllers\Menu->edit_users('assets', 'css', 'lib', 'magnific-popup.css')
 7 SYSTEMPATH\CodeIgniter.php(509): CodeIgniter\CodeIgniter->runController(Object(App\Controllers\Menu))
 8 SYSTEMPATH\CodeIgniter.php(355): CodeIgniter\CodeIgniter->handleRequest(null, Object(Config\Cache), false)
 9 SYSTEMPATH\Boot.php(325): CodeIgniter\CodeIgniter->run()
10 SYSTEMPATH\Boot.php(67): CodeIgniter\Boot::runCodeIgniter(Object(CodeIgniter\CodeIgniter))
11 FCPATH\index.php(56): CodeIgniter\Boot::bootWeb(Object(Config\Paths))
12 SYSTEMPATH\rewrite.php(44): require_once('C:\\Users\\lenovo\\Documents\\data-valdo\\klinik-bersalin\\public\\index.php')
INFO - 2024-07-08 10:27:14 --> Session: Class initialized using 'CodeIgniter\Session\Handlers\FileHandler' driver.
CRITICAL - 2024-07-08 10:27:14 --> ErrorException: Trying to access array offset on value of type null
[Method: GET, Route: edit-users/assets/css/lib/slick.css]
in APPPATH\Views\page\content\form\edit_users.php on line 24.
 1 APPPATH\Views\page\content\form\edit_users.php(24): CodeIgniter\Debug\Exceptions->errorHandler(2, 'Trying to access array offset on value of type null', 'C:\\Users\\lenovo\\Documents\\data-valdo\\klinik-bersalin\\app\\Views\\page\\content\\form\\edit_users.php', 24)
 2 SYSTEMPATH\View\View.php(234): include('C:\\Users\\lenovo\\Documents\\data-valdo\\klinik-bersalin\\app\\Views\\page\\content\\form\\edit_users.php')
 3 SYSTEMPATH\View\View.php(237): CodeIgniter\View\View->CodeIgniter\View\{closure}()
 4 SYSTEMPATH\Common.php(1171): CodeIgniter\View\View->render('page/content/form/edit_users', [], true)
 5 APPPATH\Controllers\Menu.php(54): view('page/content/form/edit_users', [...])
 6 SYSTEMPATH\CodeIgniter.php(933): App\Controllers\Menu->edit_users('assets', 'css', 'lib', 'slick.css')
 7 SYSTEMPATH\CodeIgniter.php(509): CodeIgniter\CodeIgniter->runController(Object(App\Controllers\Menu))
 8 SYSTEMPATH\CodeIgniter.php(355): CodeIgniter\CodeIgniter->handleRequest(null, Object(Config\Cache), false)
 9 SYSTEMPATH\Boot.php(325): CodeIgniter\CodeIgniter->run()
10 SYSTEMPATH\Boot.php(67): CodeIgniter\Boot::runCodeIgniter(Object(CodeIgniter\CodeIgniter))
11 FCPATH\index.php(56): CodeIgniter\Boot::bootWeb(Object(Config\Paths))
12 SYSTEMPATH\rewrite.php(44): require_once('C:\\Users\\lenovo\\Documents\\data-valdo\\klinik-bersalin\\public\\index.php')
INFO - 2024-07-08 10:27:14 --> Session: Class initialized using 'CodeIgniter\Session\Handlers\FileHandler' driver.
CRITICAL - 2024-07-08 10:27:14 --> ErrorException: Trying to access array offset on value of type null
[Method: GET, Route: edit-users/assets/css/style.css]
in APPPATH\Views\page\content\form\edit_users.php on line 24.
 1 APPPATH\Views\page\content\form\edit_users.php(24): CodeIgniter\Debug\Exceptions->errorHandler(2, 'Trying to access array offset on value of type null', 'C:\\Users\\lenovo\\Documents\\data-valdo\\klinik-bersalin\\app\\Views\\page\\content\\form\\edit_users.php', 24)
 2 SYSTEMPATH\View\View.php(234): include('C:\\Users\\lenovo\\Documents\\data-valdo\\klinik-bersalin\\app\\Views\\page\\content\\form\\edit_users.php')
 3 SYSTEMPATH\View\View.php(237): CodeIgniter\View\View->CodeIgniter\View\{closure}()
 4 SYSTEMPATH\Common.php(1171): CodeIgniter\View\View->render('page/content/form/edit_users', [], true)
 5 APPPATH\Controllers\Menu.php(54): view('page/content/form/edit_users', [...])
 6 SYSTEMPATH\CodeIgniter.php(933): App\Controllers\Menu->edit_users('assets', 'css', 'style.css')
 7 SYSTEMPATH\CodeIgniter.php(509): CodeIgniter\CodeIgniter->runController(Object(App\Controllers\Menu))
 8 SYSTEMPATH\CodeIgniter.php(355): CodeIgniter\CodeIgniter->handleRequest(null, Object(Config\Cache), false)
 9 SYSTEMPATH\Boot.php(325): CodeIgniter\CodeIgniter->run()
10 SYSTEMPATH\Boot.php(67): CodeIgniter\Boot::runCodeIgniter(Object(CodeIgniter\CodeIgniter))
11 FCPATH\index.php(56): CodeIgniter\Boot::bootWeb(Object(Config\Paths))
12 SYSTEMPATH\rewrite.php(44): require_once('C:\\Users\\lenovo\\Documents\\data-valdo\\klinik-bersalin\\public\\index.php')
INFO - 2024-07-08 10:27:14 --> Session: Class initialized using 'CodeIgniter\Session\Handlers\FileHandler' driver.
CRITICAL - 2024-07-08 10:27:14 --> ErrorException: Trying to access array offset on value of type null
[Method: GET, Route: edit-users/assets/images/logo-light.png]
in APPPATH\Views\page\content\form\edit_users.php on line 24.
 1 APPPATH\Views\page\content\form\edit_users.php(24): CodeIgniter\Debug\Exceptions->errorHandler(2, 'Trying to access array offset on value of type null', 'C:\\Users\\lenovo\\Documents\\data-valdo\\klinik-bersalin\\app\\Views\\page\\content\\form\\edit_users.php', 24)
 2 SYSTEMPATH\View\View.php(234): include('C:\\Users\\lenovo\\Documents\\data-valdo\\klinik-bersalin\\app\\Views\\page\\content\\form\\edit_users.php')
 3 SYSTEMPATH\View\View.php(237): CodeIgniter\View\View->CodeIgniter\View\{closure}()
 4 SYSTEMPATH\Common.php(1171): CodeIgniter\View\View->render('page/content/form/edit_users', [], true)
 5 APPPATH\Controllers\Menu.php(54): view('page/content/form/edit_users', [...])
 6 SYSTEMPATH\CodeIgniter.php(933): App\Controllers\Menu->edit_users('assets', 'images', 'logo-light.png')
 7 SYSTEMPATH\CodeIgniter.php(509): CodeIgniter\CodeIgniter->runController(Object(App\Controllers\Menu))
 8 SYSTEMPATH\CodeIgniter.php(355): CodeIgniter\CodeIgniter->handleRequest(null, Object(Config\Cache), false)
 9 SYSTEMPATH\Boot.php(325): CodeIgniter\CodeIgniter->run()
10 SYSTEMPATH\Boot.php(67): CodeIgniter\Boot::runCodeIgniter(Object(CodeIgniter\CodeIgniter))
11 FCPATH\index.php(56): CodeIgniter\Boot::bootWeb(Object(Config\Paths))
12 SYSTEMPATH\rewrite.php(44): require_once('C:\\Users\\lenovo\\Documents\\data-valdo\\klinik-bersalin\\public\\index.php')
INFO - 2024-07-08 10:27:14 --> Session: Class initialized using 'CodeIgniter\Session\Handlers\FileHandler' driver.
CRITICAL - 2024-07-08 10:27:14 --> ErrorException: Trying to access array offset on value of type null
[Method: GET, Route: edit-users/assets/images/logo-icon.png]
in APPPATH\Views\page\content\form\edit_users.php on line 24.
 1 APPPATH\Views\page\content\form\edit_users.php(24): CodeIgniter\Debug\Exceptions->errorHandler(2, 'Trying to access array offset on value of type null', 'C:\\Users\\lenovo\\Documents\\data-valdo\\klinik-bersalin\\app\\Views\\page\\content\\form\\edit_users.php', 24)
 2 SYSTEMPATH\View\View.php(234): include('C:\\Users\\lenovo\\Documents\\data-valdo\\klinik-bersalin\\app\\Views\\page\\content\\form\\edit_users.php')
 3 SYSTEMPATH\View\View.php(237): CodeIgniter\View\View->CodeIgniter\View\{closure}()
 4 SYSTEMPATH\Common.php(1171): CodeIgniter\View\View->render('page/content/form/edit_users', [], true)
 5 APPPATH\Controllers\Menu.php(54): view('page/content/form/edit_users', [...])
 6 SYSTEMPATH\CodeIgniter.php(933): App\Controllers\Menu->edit_users('assets', 'images', 'logo-icon.png')
 7 SYSTEMPATH\CodeIgniter.php(509): CodeIgniter\CodeIgniter->runController(Object(App\Controllers\Menu))
 8 SYSTEMPATH\CodeIgniter.php(355): CodeIgniter\CodeIgniter->handleRequest(null, Object(Config\Cache), false)
 9 SYSTEMPATH\Boot.php(325): CodeIgniter\CodeIgniter->run()
10 SYSTEMPATH\Boot.php(67): CodeIgniter\Boot::runCodeIgniter(Object(CodeIgniter\CodeIgniter))
11 FCPATH\index.php(56): CodeIgniter\Boot::bootWeb(Object(Config\Paths))
12 SYSTEMPATH\rewrite.php(44): require_once('C:\\Users\\lenovo\\Documents\\data-valdo\\klinik-bersalin\\public\\index.php')
INFO - 2024-07-08 10:27:14 --> Session: Class initialized using 'CodeIgniter\Session\Handlers\FileHandler' driver.
CRITICAL - 2024-07-08 10:27:14 --> ErrorException: Trying to access array offset on value of type null
[Method: GET, Route: edit-users/assets/images/user.png]
in APPPATH\Views\page\content\form\edit_users.php on line 24.
 1 APPPATH\Views\page\content\form\edit_users.php(24): CodeIgniter\Debug\Exceptions->errorHandler(2, 'Trying to access array offset on value of type null', 'C:\\Users\\lenovo\\Documents\\data-valdo\\klinik-bersalin\\app\\Views\\page\\content\\form\\edit_users.php', 24)
 2 SYSTEMPATH\View\View.php(234): include('C:\\Users\\lenovo\\Documents\\data-valdo\\klinik-bersalin\\app\\Views\\page\\content\\form\\edit_users.php')
 3 SYSTEMPATH\View\View.php(237): CodeIgniter\View\View->CodeIgniter\View\{closure}()
 4 SYSTEMPATH\Common.php(1171): CodeIgniter\View\View->render('page/content/form/edit_users', [], true)
 5 APPPATH\Controllers\Menu.php(54): view('page/content/form/edit_users', [...])
 6 SYSTEMPATH\CodeIgniter.php(933): App\Controllers\Menu->edit_users('assets', 'images', 'user.png')
 7 SYSTEMPATH\CodeIgniter.php(509): CodeIgniter\CodeIgniter->runController(Object(App\Controllers\Menu))
 8 SYSTEMPATH\CodeIgniter.php(355): CodeIgniter\CodeIgniter->handleRequest(null, Object(Config\Cache), false)
 9 SYSTEMPATH\Boot.php(325): CodeIgniter\CodeIgniter->run()
10 SYSTEMPATH\Boot.php(67): CodeIgniter\Boot::runCodeIgniter(Object(CodeIgniter\CodeIgniter))
11 FCPATH\index.php(56): CodeIgniter\Boot::bootWeb(Object(Config\Paths))
12 SYSTEMPATH\rewrite.php(44): require_once('C:\\Users\\lenovo\\Documents\\data-valdo\\klinik-bersalin\\public\\index.php')
INFO - 2024-07-08 10:27:14 --> Session: Class initialized using 'CodeIgniter\Session\Handlers\FileHandler' driver.
CRITICAL - 2024-07-08 10:27:14 --> ErrorException: Trying to access array offset on value of type null
[Method: GET, Route: edit-users/assets/js/lib/jquery-3.7.1.min.js]
in APPPATH\Views\page\content\form\edit_users.php on line 24.
 1 APPPATH\Views\page\content\form\edit_users.php(24): CodeIgniter\Debug\Exceptions->errorHandler(2, 'Trying to access array offset on value of type null', 'C:\\Users\\lenovo\\Documents\\data-valdo\\klinik-bersalin\\app\\Views\\page\\content\\form\\edit_users.php', 24)
 2 SYSTEMPATH\View\View.php(234): include('C:\\Users\\lenovo\\Documents\\data-valdo\\klinik-bersalin\\app\\Views\\page\\content\\form\\edit_users.php')
 3 SYSTEMPATH\View\View.php(237): CodeIgniter\View\View->CodeIgniter\View\{closure}()
 4 SYSTEMPATH\Common.php(1171): CodeIgniter\View\View->render('page/content/form/edit_users', [], true)
 5 APPPATH\Controllers\Menu.php(54): view('page/content/form/edit_users', [...])
 6 SYSTEMPATH\CodeIgniter.php(933): App\Controllers\Menu->edit_users('assets', 'js', 'lib', 'jquery-3.7.1.min.js')
 7 SYSTEMPATH\CodeIgniter.php(509): CodeIgniter\CodeIgniter->runController(Object(App\Controllers\Menu))
 8 SYSTEMPATH\CodeIgniter.php(355): CodeIgniter\CodeIgniter->handleRequest(null, Object(Config\Cache), false)
 9 SYSTEMPATH\Boot.php(325): CodeIgniter\CodeIgniter->run()
10 SYSTEMPATH\Boot.php(67): CodeIgniter\Boot::runCodeIgniter(Object(CodeIgniter\CodeIgniter))
11 FCPATH\index.php(56): CodeIgniter\Boot::bootWeb(Object(Config\Paths))
12 SYSTEMPATH\rewrite.php(44): require_once('C:\\Users\\lenovo\\Documents\\data-valdo\\klinik-bersalin\\public\\index.php')
INFO - 2024-07-08 10:27:15 --> Session: Class initialized using 'CodeIgniter\Session\Handlers\FileHandler' driver.
CRITICAL - 2024-07-08 10:27:15 --> ErrorException: Trying to access array offset on value of type null
[Method: GET, Route: edit-users/assets/js/lib/sweetalert2.all.min.js]
in APPPATH\Views\page\content\form\edit_users.php on line 24.
 1 APPPATH\Views\page\content\form\edit_users.php(24): CodeIgniter\Debug\Exceptions->errorHandler(2, 'Trying to access array offset on value of type null', 'C:\\Users\\lenovo\\Documents\\data-valdo\\klinik-bersalin\\app\\Views\\page\\content\\form\\edit_users.php', 24)
 2 SYSTEMPATH\View\View.php(234): include('C:\\Users\\lenovo\\Documents\\data-valdo\\klinik-bersalin\\app\\Views\\page\\content\\form\\edit_users.php')
 3 SYSTEMPATH\View\View.php(237): CodeIgniter\View\View->CodeIgniter\View\{closure}()
 4 SYSTEMPATH\Common.php(1171): CodeIgniter\View\View->render('page/content/form/edit_users', [], true)
 5 APPPATH\Controllers\Menu.php(54): view('page/content/form/edit_users', [...])
 6 SYSTEMPATH\CodeIgniter.php(933): App\Controllers\Menu->edit_users('assets', 'js', 'lib', 'sweetalert2.all.min.js')
 7 SYSTEMPATH\CodeIgniter.php(509): CodeIgniter\CodeIgniter->runController(Object(App\Controllers\Menu))
 8 SYSTEMPATH\CodeIgniter.php(355): CodeIgniter\CodeIgniter->handleRequest(null, Object(Config\Cache), false)
 9 SYSTEMPATH\Boot.php(325): CodeIgniter\CodeIgniter->run()
10 SYSTEMPATH\Boot.php(67): CodeIgniter\Boot::runCodeIgniter(Object(CodeIgniter\CodeIgniter))
11 FCPATH\index.php(56): CodeIgniter\Boot::bootWeb(Object(Config\Paths))
12 SYSTEMPATH\rewrite.php(44): require_once('C:\\Users\\lenovo\\Documents\\data-valdo\\klinik-bersalin\\public\\index.php')
INFO - 2024-07-08 10:27:15 --> Session: Class initialized using 'CodeIgniter\Session\Handlers\FileHandler' driver.
CRITICAL - 2024-07-08 10:27:15 --> ErrorException: Trying to access array offset on value of type null
[Method: GET, Route: edit-users/assets/js/lib/bootstrap.bundle.min.js]
in APPPATH\Views\page\content\form\edit_users.php on line 24.
 1 APPPATH\Views\page\content\form\edit_users.php(24): CodeIgniter\Debug\Exceptions->errorHandler(2, 'Trying to access array offset on value of type null', 'C:\\Users\\lenovo\\Documents\\data-valdo\\klinik-bersalin\\app\\Views\\page\\content\\form\\edit_users.php', 24)
 2 SYSTEMPATH\View\View.php(234): include('C:\\Users\\lenovo\\Documents\\data-valdo\\klinik-bersalin\\app\\Views\\page\\content\\form\\edit_users.php')
 3 SYSTEMPATH\View\View.php(237): CodeIgniter\View\View->CodeIgniter\View\{closure}()
 4 SYSTEMPATH\Common.php(1171): CodeIgniter\View\View->render('page/content/form/edit_users', [], true)
 5 APPPATH\Controllers\Menu.php(54): view('page/content/form/edit_users', [...])
 6 SYSTEMPATH\CodeIgniter.php(933): App\Controllers\Menu->edit_users('assets', 'js', 'lib', 'bootstrap.bundle.min.js')
 7 SYSTEMPATH\CodeIgniter.php(509): CodeIgniter\CodeIgniter->runController(Object(App\Controllers\Menu))
 8 SYSTEMPATH\CodeIgniter.php(355): CodeIgniter\CodeIgniter->handleRequest(null, Object(Config\Cache), false)
 9 SYSTEMPATH\Boot.php(325): CodeIgniter\CodeIgniter->run()
10 SYSTEMPATH\Boot.php(67): CodeIgniter\Boot::runCodeIgniter(Object(CodeIgniter\CodeIgniter))
11 FCPATH\index.php(56): CodeIgniter\Boot::bootWeb(Object(Config\Paths))
12 SYSTEMPATH\rewrite.php(44): require_once('C:\\Users\\lenovo\\Documents\\data-valdo\\klinik-bersalin\\public\\index.php')
INFO - 2024-07-08 10:27:15 --> Session: Class initialized using 'CodeIgniter\Session\Handlers\FileHandler' driver.
CRITICAL - 2024-07-08 10:27:15 --> ErrorException: Trying to access array offset on value of type null
[Method: GET, Route: edit-users/assets/js/lib/apexcharts.min.js]
in APPPATH\Views\page\content\form\edit_users.php on line 24.
 1 APPPATH\Views\page\content\form\edit_users.php(24): CodeIgniter\Debug\Exceptions->errorHandler(2, 'Trying to access array offset on value of type null', 'C:\\Users\\lenovo\\Documents\\data-valdo\\klinik-bersalin\\app\\Views\\page\\content\\form\\edit_users.php', 24)
 2 SYSTEMPATH\View\View.php(234): include('C:\\Users\\lenovo\\Documents\\data-valdo\\klinik-bersalin\\app\\Views\\page\\content\\form\\edit_users.php')
 3 SYSTEMPATH\View\View.php(237): CodeIgniter\View\View->CodeIgniter\View\{closure}()
 4 SYSTEMPATH\Common.php(1171): CodeIgniter\View\View->render('page/content/form/edit_users', [], true)
 5 APPPATH\Controllers\Menu.php(54): view('page/content/form/edit_users', [...])
 6 SYSTEMPATH\CodeIgniter.php(933): App\Controllers\Menu->edit_users('assets', 'js', 'lib', 'apexcharts.min.js')
 7 SYSTEMPATH\CodeIgniter.php(509): CodeIgniter\CodeIgniter->runController(Object(App\Controllers\Menu))
 8 SYSTEMPATH\CodeIgniter.php(355): CodeIgniter\CodeIgniter->handleRequest(null, Object(Config\Cache), false)
 9 SYSTEMPATH\Boot.php(325): CodeIgniter\CodeIgniter->run()
10 SYSTEMPATH\Boot.php(67): CodeIgniter\Boot::runCodeIgniter(Object(CodeIgniter\CodeIgniter))
11 FCPATH\index.php(56): CodeIgniter\Boot::bootWeb(Object(Config\Paths))
12 SYSTEMPATH\rewrite.php(44): require_once('C:\\Users\\lenovo\\Documents\\data-valdo\\klinik-bersalin\\public\\index.php')
INFO - 2024-07-08 10:27:15 --> Session: Class initialized using 'CodeIgniter\Session\Handlers\FileHandler' driver.
CRITICAL - 2024-07-08 10:27:15 --> ErrorException: Trying to access array offset on value of type null
[Method: GET, Route: edit-users/assets/js/lib/dataTables.min.js]
in APPPATH\Views\page\content\form\edit_users.php on line 24.
 1 APPPATH\Views\page\content\form\edit_users.php(24): CodeIgniter\Debug\Exceptions->errorHandler(2, 'Trying to access array offset on value of type null', 'C:\\Users\\lenovo\\Documents\\data-valdo\\klinik-bersalin\\app\\Views\\page\\content\\form\\edit_users.php', 24)
 2 SYSTEMPATH\View\View.php(234): include('C:\\Users\\lenovo\\Documents\\data-valdo\\klinik-bersalin\\app\\Views\\page\\content\\form\\edit_users.php')
 3 SYSTEMPATH\View\View.php(237): CodeIgniter\View\View->CodeIgniter\View\{closure}()
 4 SYSTEMPATH\Common.php(1171): CodeIgniter\View\View->render('page/content/form/edit_users', [], true)
 5 APPPATH\Controllers\Menu.php(54): view('page/content/form/edit_users', [...])
 6 SYSTEMPATH\CodeIgniter.php(933): App\Controllers\Menu->edit_users('assets', 'js', 'lib', 'dataTables.min.js')
 7 SYSTEMPATH\CodeIgniter.php(509): CodeIgniter\CodeIgniter->runController(Object(App\Controllers\Menu))
 8 SYSTEMPATH\CodeIgniter.php(355): CodeIgniter\CodeIgniter->handleRequest(null, Object(Config\Cache), false)
 9 SYSTEMPATH\Boot.php(325): CodeIgniter\CodeIgniter->run()
10 SYSTEMPATH\Boot.php(67): CodeIgniter\Boot::runCodeIgniter(Object(CodeIgniter\CodeIgniter))
11 FCPATH\index.php(56): CodeIgniter\Boot::bootWeb(Object(Config\Paths))
12 SYSTEMPATH\rewrite.php(44): require_once('C:\\Users\\lenovo\\Documents\\data-valdo\\klinik-bersalin\\public\\index.php')
INFO - 2024-07-08 10:27:15 --> Session: Class initialized using 'CodeIgniter\Session\Handlers\FileHandler' driver.
CRITICAL - 2024-07-08 10:27:15 --> ErrorException: Trying to access array offset on value of type null
[Method: GET, Route: edit-users/assets/js/lib/iconify-icon.min.js]
in APPPATH\Views\page\content\form\edit_users.php on line 24.
 1 APPPATH\Views\page\content\form\edit_users.php(24): CodeIgniter\Debug\Exceptions->errorHandler(2, 'Trying to access array offset on value of type null', 'C:\\Users\\lenovo\\Documents\\data-valdo\\klinik-bersalin\\app\\Views\\page\\content\\form\\edit_users.php', 24)
 2 SYSTEMPATH\View\View.php(234): include('C:\\Users\\lenovo\\Documents\\data-valdo\\klinik-bersalin\\app\\Views\\page\\content\\form\\edit_users.php')
 3 SYSTEMPATH\View\View.php(237): CodeIgniter\View\View->CodeIgniter\View\{closure}()
 4 SYSTEMPATH\Common.php(1171): CodeIgniter\View\View->render('page/content/form/edit_users', [], true)
 5 APPPATH\Controllers\Menu.php(54): view('page/content/form/edit_users', [...])
 6 SYSTEMPATH\CodeIgniter.php(933): App\Controllers\Menu->edit_users('assets', 'js', 'lib', 'iconify-icon.min.js')
 7 SYSTEMPATH\CodeIgniter.php(509): CodeIgniter\CodeIgniter->runController(Object(App\Controllers\Menu))
 8 SYSTEMPATH\CodeIgniter.php(355): CodeIgniter\CodeIgniter->handleRequest(null, Object(Config\Cache), false)
 9 SYSTEMPATH\Boot.php(325): CodeIgniter\CodeIgniter->run()
10 SYSTEMPATH\Boot.php(67): CodeIgniter\Boot::runCodeIgniter(Object(CodeIgniter\CodeIgniter))
11 FCPATH\index.php(56): CodeIgniter\Boot::bootWeb(Object(Config\Paths))
12 SYSTEMPATH\rewrite.php(44): require_once('C:\\Users\\lenovo\\Documents\\data-valdo\\klinik-bersalin\\public\\index.php')
INFO - 2024-07-08 10:27:15 --> Session: Class initialized using 'CodeIgniter\Session\Handlers\FileHandler' driver.
CRITICAL - 2024-07-08 10:27:15 --> ErrorException: Trying to access array offset on value of type null
[Method: GET, Route: edit-users/assets/js/lib/jquery-ui.min.js]
in APPPATH\Views\page\content\form\edit_users.php on line 24.
 1 APPPATH\Views\page\content\form\edit_users.php(24): CodeIgniter\Debug\Exceptions->errorHandler(2, 'Trying to access array offset on value of type null', 'C:\\Users\\lenovo\\Documents\\data-valdo\\klinik-bersalin\\app\\Views\\page\\content\\form\\edit_users.php', 24)
 2 SYSTEMPATH\View\View.php(234): include('C:\\Users\\lenovo\\Documents\\data-valdo\\klinik-bersalin\\app\\Views\\page\\content\\form\\edit_users.php')
 3 SYSTEMPATH\View\View.php(237): CodeIgniter\View\View->CodeIgniter\View\{closure}()
 4 SYSTEMPATH\Common.php(1171): CodeIgniter\View\View->render('page/content/form/edit_users', [], true)
 5 APPPATH\Controllers\Menu.php(54): view('page/content/form/edit_users', [...])
 6 SYSTEMPATH\CodeIgniter.php(933): App\Controllers\Menu->edit_users('assets', 'js', 'lib', 'jquery-ui.min.js')
 7 SYSTEMPATH\CodeIgniter.php(509): CodeIgniter\CodeIgniter->runController(Object(App\Controllers\Menu))
 8 SYSTEMPATH\CodeIgniter.php(355): CodeIgniter\CodeIgniter->handleRequest(null, Object(Config\Cache), false)
 9 SYSTEMPATH\Boot.php(325): CodeIgniter\CodeIgniter->run()
10 SYSTEMPATH\Boot.php(67): CodeIgniter\Boot::runCodeIgniter(Object(CodeIgniter\CodeIgniter))
11 FCPATH\index.php(56): CodeIgniter\Boot::bootWeb(Object(Config\Paths))
12 SYSTEMPATH\rewrite.php(44): require_once('C:\\Users\\lenovo\\Documents\\data-valdo\\klinik-bersalin\\public\\index.php')
INFO - 2024-07-08 10:27:15 --> Session: Class initialized using 'CodeIgniter\Session\Handlers\FileHandler' driver.
CRITICAL - 2024-07-08 10:27:15 --> ErrorException: Trying to access array offset on value of type null
[Method: GET, Route: edit-users/assets/js/lib/jquery-jvectormap-2.0.5.min.js]
in APPPATH\Views\page\content\form\edit_users.php on line 24.
 1 APPPATH\Views\page\content\form\edit_users.php(24): CodeIgniter\Debug\Exceptions->errorHandler(2, 'Trying to access array offset on value of type null', 'C:\\Users\\lenovo\\Documents\\data-valdo\\klinik-bersalin\\app\\Views\\page\\content\\form\\edit_users.php', 24)
 2 SYSTEMPATH\View\View.php(234): include('C:\\Users\\lenovo\\Documents\\data-valdo\\klinik-bersalin\\app\\Views\\page\\content\\form\\edit_users.php')
 3 SYSTEMPATH\View\View.php(237): CodeIgniter\View\View->CodeIgniter\View\{closure}()
 4 SYSTEMPATH\Common.php(1171): CodeIgniter\View\View->render('page/content/form/edit_users', [], true)
 5 APPPATH\Controllers\Menu.php(54): view('page/content/form/edit_users', [...])
 6 SYSTEMPATH\CodeIgniter.php(933): App\Controllers\Menu->edit_users('assets', 'js', 'lib', 'jquery-jvectormap-2.0.5.min.js')
 7 SYSTEMPATH\CodeIgniter.php(509): CodeIgniter\CodeIgniter->runController(Object(App\Controllers\Menu))
 8 SYSTEMPATH\CodeIgniter.php(355): CodeIgniter\CodeIgniter->handleRequest(null, Object(Config\Cache), false)
 9 SYSTEMPATH\Boot.php(325): CodeIgniter\CodeIgniter->run()
10 SYSTEMPATH\Boot.php(67): CodeIgniter\Boot::runCodeIgniter(Object(CodeIgniter\CodeIgniter))
11 FCPATH\index.php(56): CodeIgniter\Boot::bootWeb(Object(Config\Paths))
12 SYSTEMPATH\rewrite.php(44): require_once('C:\\Users\\lenovo\\Documents\\data-valdo\\klinik-bersalin\\public\\index.php')
INFO - 2024-07-08 10:27:15 --> Session: Class initialized using 'CodeIgniter\Session\Handlers\FileHandler' driver.
CRITICAL - 2024-07-08 10:27:15 --> ErrorException: Trying to access array offset on value of type null
[Method: GET, Route: edit-users/assets/js/lib/jquery-jvectormap-world-mill-en.js]
in APPPATH\Views\page\content\form\edit_users.php on line 24.
 1 APPPATH\Views\page\content\form\edit_users.php(24): CodeIgniter\Debug\Exceptions->errorHandler(2, 'Trying to access array offset on value of type null', 'C:\\Users\\lenovo\\Documents\\data-valdo\\klinik-bersalin\\app\\Views\\page\\content\\form\\edit_users.php', 24)
 2 SYSTEMPATH\View\View.php(234): include('C:\\Users\\lenovo\\Documents\\data-valdo\\klinik-bersalin\\app\\Views\\page\\content\\form\\edit_users.php')
 3 SYSTEMPATH\View\View.php(237): CodeIgniter\View\View->CodeIgniter\View\{closure}()
 4 SYSTEMPATH\Common.php(1171): CodeIgniter\View\View->render('page/content/form/edit_users', [], true)
 5 APPPATH\Controllers\Menu.php(54): view('page/content/form/edit_users', [...])
 6 SYSTEMPATH\CodeIgniter.php(933): App\Controllers\Menu->edit_users('assets', 'js', 'lib', 'jquery-jvectormap-world-mill-en.js')
 7 SYSTEMPATH\CodeIgniter.php(509): CodeIgniter\CodeIgniter->runController(Object(App\Controllers\Menu))
 8 SYSTEMPATH\CodeIgniter.php(355): CodeIgniter\CodeIgniter->handleRequest(null, Object(Config\Cache), false)
 9 SYSTEMPATH\Boot.php(325): CodeIgniter\CodeIgniter->run()
10 SYSTEMPATH\Boot.php(67): CodeIgniter\Boot::runCodeIgniter(Object(CodeIgniter\CodeIgniter))
11 FCPATH\index.php(56): CodeIgniter\Boot::bootWeb(Object(Config\Paths))
12 SYSTEMPATH\rewrite.php(44): require_once('C:\\Users\\lenovo\\Documents\\data-valdo\\klinik-bersalin\\public\\index.php')
INFO - 2024-07-08 10:27:15 --> Session: Class initialized using 'CodeIgniter\Session\Handlers\FileHandler' driver.
CRITICAL - 2024-07-08 10:27:15 --> ErrorException: Trying to access array offset on value of type null
[Method: GET, Route: edit-users/assets/js/lib/magnifc-popup.min.js]
in APPPATH\Views\page\content\form\edit_users.php on line 24.
 1 APPPATH\Views\page\content\form\edit_users.php(24): CodeIgniter\Debug\Exceptions->errorHandler(2, 'Trying to access array offset on value of type null', 'C:\\Users\\lenovo\\Documents\\data-valdo\\klinik-bersalin\\app\\Views\\page\\content\\form\\edit_users.php', 24)
 2 SYSTEMPATH\View\View.php(234): include('C:\\Users\\lenovo\\Documents\\data-valdo\\klinik-bersalin\\app\\Views\\page\\content\\form\\edit_users.php')
 3 SYSTEMPATH\View\View.php(237): CodeIgniter\View\View->CodeIgniter\View\{closure}()
 4 SYSTEMPATH\Common.php(1171): CodeIgniter\View\View->render('page/content/form/edit_users', [], true)
 5 APPPATH\Controllers\Menu.php(54): view('page/content/form/edit_users', [...])
 6 SYSTEMPATH\CodeIgniter.php(933): App\Controllers\Menu->edit_users('assets', 'js', 'lib', 'magnifc-popup.min.js')
 7 SYSTEMPATH\CodeIgniter.php(509): CodeIgniter\CodeIgniter->runController(Object(App\Controllers\Menu))
 8 SYSTEMPATH\CodeIgniter.php(355): CodeIgniter\CodeIgniter->handleRequest(null, Object(Config\Cache), false)
 9 SYSTEMPATH\Boot.php(325): CodeIgniter\CodeIgniter->run()
10 SYSTEMPATH\Boot.php(67): CodeIgniter\Boot::runCodeIgniter(Object(CodeIgniter\CodeIgniter))
11 FCPATH\index.php(56): CodeIgniter\Boot::bootWeb(Object(Config\Paths))
12 SYSTEMPATH\rewrite.php(44): require_once('C:\\Users\\lenovo\\Documents\\data-valdo\\klinik-bersalin\\public\\index.php')
INFO - 2024-07-08 10:27:15 --> Session: Class initialized using 'CodeIgniter\Session\Handlers\FileHandler' driver.
CRITICAL - 2024-07-08 10:27:15 --> ErrorException: Trying to access array offset on value of type null
[Method: GET, Route: edit-users/assets/js/lib/slick.min.js]
in APPPATH\Views\page\content\form\edit_users.php on line 24.
 1 APPPATH\Views\page\content\form\edit_users.php(24): CodeIgniter\Debug\Exceptions->errorHandler(2, 'Trying to access array offset on value of type null', 'C:\\Users\\lenovo\\Documents\\data-valdo\\klinik-bersalin\\app\\Views\\page\\content\\form\\edit_users.php', 24)
 2 SYSTEMPATH\View\View.php(234): include('C:\\Users\\lenovo\\Documents\\data-valdo\\klinik-bersalin\\app\\Views\\page\\content\\form\\edit_users.php')
 3 SYSTEMPATH\View\View.php(237): CodeIgniter\View\View->CodeIgniter\View\{closure}()
 4 SYSTEMPATH\Common.php(1171): CodeIgniter\View\View->render('page/content/form/edit_users', [], true)
 5 APPPATH\Controllers\Menu.php(54): view('page/content/form/edit_users', [...])
 6 SYSTEMPATH\CodeIgniter.php(933): App\Controllers\Menu->edit_users('assets', 'js', 'lib', 'slick.min.js')
 7 SYSTEMPATH\CodeIgniter.php(509): CodeIgniter\CodeIgniter->runController(Object(App\Controllers\Menu))
 8 SYSTEMPATH\CodeIgniter.php(355): CodeIgniter\CodeIgniter->handleRequest(null, Object(Config\Cache), false)
 9 SYSTEMPATH\Boot.php(325): CodeIgniter\CodeIgniter->run()
10 SYSTEMPATH\Boot.php(67): CodeIgniter\Boot::runCodeIgniter(Object(CodeIgniter\CodeIgniter))
11 FCPATH\index.php(56): CodeIgniter\Boot::bootWeb(Object(Config\Paths))
12 SYSTEMPATH\rewrite.php(44): require_once('C:\\Users\\lenovo\\Documents\\data-valdo\\klinik-bersalin\\public\\index.php')
INFO - 2024-07-08 10:27:15 --> Session: Class initialized using 'CodeIgniter\Session\Handlers\FileHandler' driver.
CRITICAL - 2024-07-08 10:27:15 --> ErrorException: Trying to access array offset on value of type null
[Method: GET, Route: edit-users/assets/js/app.js]
in APPPATH\Views\page\content\form\edit_users.php on line 24.
 1 APPPATH\Views\page\content\form\edit_users.php(24): CodeIgniter\Debug\Exceptions->errorHandler(2, 'Trying to access array offset on value of type null', 'C:\\Users\\lenovo\\Documents\\data-valdo\\klinik-bersalin\\app\\Views\\page\\content\\form\\edit_users.php', 24)
 2 SYSTEMPATH\View\View.php(234): include('C:\\Users\\lenovo\\Documents\\data-valdo\\klinik-bersalin\\app\\Views\\page\\content\\form\\edit_users.php')
 3 SYSTEMPATH\View\View.php(237): CodeIgniter\View\View->CodeIgniter\View\{closure}()
 4 SYSTEMPATH\Common.php(1171): CodeIgniter\View\View->render('page/content/form/edit_users', [], true)
 5 APPPATH\Controllers\Menu.php(54): view('page/content/form/edit_users', [...])
 6 SYSTEMPATH\CodeIgniter.php(933): App\Controllers\Menu->edit_users('assets', 'js', 'app.js')
 7 SYSTEMPATH\CodeIgniter.php(509): CodeIgniter\CodeIgniter->runController(Object(App\Controllers\Menu))
 8 SYSTEMPATH\CodeIgniter.php(355): CodeIgniter\CodeIgniter->handleRequest(null, Object(Config\Cache), false)
 9 SYSTEMPATH\Boot.php(325): CodeIgniter\CodeIgniter->run()
10 SYSTEMPATH\Boot.php(67): CodeIgniter\Boot::runCodeIgniter(Object(CodeIgniter\CodeIgniter))
11 FCPATH\index.php(56): CodeIgniter\Boot::bootWeb(Object(Config\Paths))
12 SYSTEMPATH\rewrite.php(44): require_once('C:\\Users\\lenovo\\Documents\\data-valdo\\klinik-bersalin\\public\\index.php')
INFO - 2024-07-08 10:27:15 --> Session: Class initialized using 'CodeIgniter\Session\Handlers\FileHandler' driver.
CRITICAL - 2024-07-08 10:27:15 --> ErrorException: Trying to access array offset on value of type null
[Method: GET, Route: edit-users/assets/images/favicon.png]
in APPPATH\Views\page\content\form\edit_users.php on line 24.
 1 APPPATH\Views\page\content\form\edit_users.php(24): CodeIgniter\Debug\Exceptions->errorHandler(2, 'Trying to access array offset on value of type null', 'C:\\Users\\lenovo\\Documents\\data-valdo\\klinik-bersalin\\app\\Views\\page\\content\\form\\edit_users.php', 24)
 2 SYSTEMPATH\View\View.php(234): include('C:\\Users\\lenovo\\Documents\\data-valdo\\klinik-bersalin\\app\\Views\\page\\content\\form\\edit_users.php')
 3 SYSTEMPATH\View\View.php(237): CodeIgniter\View\View->CodeIgniter\View\{closure}()
 4 SYSTEMPATH\Common.php(1171): CodeIgniter\View\View->render('page/content/form/edit_users', [], true)
 5 APPPATH\Controllers\Menu.php(54): view('page/content/form/edit_users', [...])
 6 SYSTEMPATH\CodeIgniter.php(933): App\Controllers\Menu->edit_users('assets', 'images', 'favicon.png')
 7 SYSTEMPATH\CodeIgniter.php(509): CodeIgniter\CodeIgniter->runController(Object(App\Controllers\Menu))
 8 SYSTEMPATH\CodeIgniter.php(355): CodeIgniter\CodeIgniter->handleRequest(null, Object(Config\Cache), false)
 9 SYSTEMPATH\Boot.php(325): CodeIgniter\CodeIgniter->run()
10 SYSTEMPATH\Boot.php(67): CodeIgniter\Boot::runCodeIgniter(Object(CodeIgniter\CodeIgniter))
11 FCPATH\index.php(56): CodeIgniter\Boot::bootWeb(Object(Config\Paths))
12 SYSTEMPATH\rewrite.php(44): require_once('C:\\Users\\lenovo\\Documents\\data-valdo\\klinik-bersalin\\public\\index.php')
INFO - 2024-07-08 10:27:18 --> Session: Class initialized using 'CodeIgniter\Session\Handlers\FileHandler' driver.
CRITICAL - 2024-07-08 10:27:18 --> ErrorException: Trying to access array offset on value of type null
[Method: GET, Route: edit-users/assets/css/remixicon.css]
in APPPATH\Views\page\content\form\edit_users.php on line 24.
 1 APPPATH\Views\page\content\form\edit_users.php(24): CodeIgniter\Debug\Exceptions->errorHandler(2, 'Trying to access array offset on value of type null', 'C:\\Users\\lenovo\\Documents\\data-valdo\\klinik-bersalin\\app\\Views\\page\\content\\form\\edit_users.php', 24)
 2 SYSTEMPATH\View\View.php(234): include('C:\\Users\\lenovo\\Documents\\data-valdo\\klinik-bersalin\\app\\Views\\page\\content\\form\\edit_users.php')
 3 SYSTEMPATH\View\View.php(237): CodeIgniter\View\View->CodeIgniter\View\{closure}()
 4 SYSTEMPATH\Common.php(1171): CodeIgniter\View\View->render('page/content/form/edit_users', [], true)
 5 APPPATH\Controllers\Menu.php(54): view('page/content/form/edit_users', [...])
 6 SYSTEMPATH\CodeIgniter.php(933): App\Controllers\Menu->edit_users('assets', 'css', 'remixicon.css')
 7 SYSTEMPATH\CodeIgniter.php(509): CodeIgniter\CodeIgniter->runController(Object(App\Controllers\Menu))
 8 SYSTEMPATH\CodeIgniter.php(355): CodeIgniter\CodeIgniter->handleRequest(null, Object(Config\Cache), false)
 9 SYSTEMPATH\Boot.php(325): CodeIgniter\CodeIgniter->run()
10 SYSTEMPATH\Boot.php(67): CodeIgniter\Boot::runCodeIgniter(Object(CodeIgniter\CodeIgniter))
11 FCPATH\index.php(56): CodeIgniter\Boot::bootWeb(Object(Config\Paths))
12 SYSTEMPATH\rewrite.php(44): require_once('C:\\Users\\lenovo\\Documents\\data-valdo\\klinik-bersalin\\public\\index.php')
INFO - 2024-07-08 10:27:18 --> Session: Class initialized using 'CodeIgniter\Session\Handlers\FileHandler' driver.
CRITICAL - 2024-07-08 10:27:18 --> ErrorException: Trying to access array offset on value of type null
[Method: GET, Route: edit-users/assets/css/lib/bootstrap.min.css]
in APPPATH\Views\page\content\form\edit_users.php on line 24.
 1 APPPATH\Views\page\content\form\edit_users.php(24): CodeIgniter\Debug\Exceptions->errorHandler(2, 'Trying to access array offset on value of type null', 'C:\\Users\\lenovo\\Documents\\data-valdo\\klinik-bersalin\\app\\Views\\page\\content\\form\\edit_users.php', 24)
 2 SYSTEMPATH\View\View.php(234): include('C:\\Users\\lenovo\\Documents\\data-valdo\\klinik-bersalin\\app\\Views\\page\\content\\form\\edit_users.php')
 3 SYSTEMPATH\View\View.php(237): CodeIgniter\View\View->CodeIgniter\View\{closure}()
 4 SYSTEMPATH\Common.php(1171): CodeIgniter\View\View->render('page/content/form/edit_users', [], true)
 5 APPPATH\Controllers\Menu.php(54): view('page/content/form/edit_users', [...])
 6 SYSTEMPATH\CodeIgniter.php(933): App\Controllers\Menu->edit_users('assets', 'css', 'lib', 'bootstrap.min.css')
 7 SYSTEMPATH\CodeIgniter.php(509): CodeIgniter\CodeIgniter->runController(Object(App\Controllers\Menu))
 8 SYSTEMPATH\CodeIgniter.php(355): CodeIgniter\CodeIgniter->handleRequest(null, Object(Config\Cache), false)
 9 SYSTEMPATH\Boot.php(325): CodeIgniter\CodeIgniter->run()
10 SYSTEMPATH\Boot.php(67): CodeIgniter\Boot::runCodeIgniter(Object(CodeIgniter\CodeIgniter))
11 FCPATH\index.php(56): CodeIgniter\Boot::bootWeb(Object(Config\Paths))
12 SYSTEMPATH\rewrite.php(44): require_once('C:\\Users\\lenovo\\Documents\\data-valdo\\klinik-bersalin\\public\\index.php')
INFO - 2024-07-08 10:27:18 --> Session: Class initialized using 'CodeIgniter\Session\Handlers\FileHandler' driver.
CRITICAL - 2024-07-08 10:27:18 --> ErrorException: Trying to access array offset on value of type null
[Method: GET, Route: edit-users/assets/css/lib/apexcharts.css]
in APPPATH\Views\page\content\form\edit_users.php on line 24.
 1 APPPATH\Views\page\content\form\edit_users.php(24): CodeIgniter\Debug\Exceptions->errorHandler(2, 'Trying to access array offset on value of type null', 'C:\\Users\\lenovo\\Documents\\data-valdo\\klinik-bersalin\\app\\Views\\page\\content\\form\\edit_users.php', 24)
 2 SYSTEMPATH\View\View.php(234): include('C:\\Users\\lenovo\\Documents\\data-valdo\\klinik-bersalin\\app\\Views\\page\\content\\form\\edit_users.php')
 3 SYSTEMPATH\View\View.php(237): CodeIgniter\View\View->CodeIgniter\View\{closure}()
 4 SYSTEMPATH\Common.php(1171): CodeIgniter\View\View->render('page/content/form/edit_users', [], true)
 5 APPPATH\Controllers\Menu.php(54): view('page/content/form/edit_users', [...])
 6 SYSTEMPATH\CodeIgniter.php(933): App\Controllers\Menu->edit_users('assets', 'css', 'lib', 'apexcharts.css')
 7 SYSTEMPATH\CodeIgniter.php(509): CodeIgniter\CodeIgniter->runController(Object(App\Controllers\Menu))
 8 SYSTEMPATH\CodeIgniter.php(355): CodeIgniter\CodeIgniter->handleRequest(null, Object(Config\Cache), false)
 9 SYSTEMPATH\Boot.php(325): CodeIgniter\CodeIgniter->run()
10 SYSTEMPATH\Boot.php(67): CodeIgniter\Boot::runCodeIgniter(Object(CodeIgniter\CodeIgniter))
11 FCPATH\index.php(56): CodeIgniter\Boot::bootWeb(Object(Config\Paths))
12 SYSTEMPATH\rewrite.php(44): require_once('C:\\Users\\lenovo\\Documents\\data-valdo\\klinik-bersalin\\public\\index.php')
INFO - 2024-07-08 10:27:18 --> Session: Class initialized using 'CodeIgniter\Session\Handlers\FileHandler' driver.
CRITICAL - 2024-07-08 10:27:18 --> ErrorException: Trying to access array offset on value of type null
[Method: GET, Route: edit-users/assets/css/lib/sweetalert2.min.css]
in APPPATH\Views\page\content\form\edit_users.php on line 24.
 1 APPPATH\Views\page\content\form\edit_users.php(24): CodeIgniter\Debug\Exceptions->errorHandler(2, 'Trying to access array offset on value of type null', 'C:\\Users\\lenovo\\Documents\\data-valdo\\klinik-bersalin\\app\\Views\\page\\content\\form\\edit_users.php', 24)
 2 SYSTEMPATH\View\View.php(234): include('C:\\Users\\lenovo\\Documents\\data-valdo\\klinik-bersalin\\app\\Views\\page\\content\\form\\edit_users.php')
 3 SYSTEMPATH\View\View.php(237): CodeIgniter\View\View->CodeIgniter\View\{closure}()
 4 SYSTEMPATH\Common.php(1171): CodeIgniter\View\View->render('page/content/form/edit_users', [], true)
 5 APPPATH\Controllers\Menu.php(54): view('page/content/form/edit_users', [...])
 6 SYSTEMPATH\CodeIgniter.php(933): App\Controllers\Menu->edit_users('assets', 'css', 'lib', 'sweetalert2.min.css')
 7 SYSTEMPATH\CodeIgniter.php(509): CodeIgniter\CodeIgniter->runController(Object(App\Controllers\Menu))
 8 SYSTEMPATH\CodeIgniter.php(355): CodeIgniter\CodeIgniter->handleRequest(null, Object(Config\Cache), false)
 9 SYSTEMPATH\Boot.php(325): CodeIgniter\CodeIgniter->run()
10 SYSTEMPATH\Boot.php(67): CodeIgniter\Boot::runCodeIgniter(Object(CodeIgniter\CodeIgniter))
11 FCPATH\index.php(56): CodeIgniter\Boot::bootWeb(Object(Config\Paths))
12 SYSTEMPATH\rewrite.php(44): require_once('C:\\Users\\lenovo\\Documents\\data-valdo\\klinik-bersalin\\public\\index.php')
INFO - 2024-07-08 10:27:18 --> Session: Class initialized using 'CodeIgniter\Session\Handlers\FileHandler' driver.
CRITICAL - 2024-07-08 10:27:18 --> ErrorException: Trying to access array offset on value of type null
[Method: GET, Route: edit-users/assets/css/lib/dataTables.min.css]
in APPPATH\Views\page\content\form\edit_users.php on line 24.
 1 APPPATH\Views\page\content\form\edit_users.php(24): CodeIgniter\Debug\Exceptions->errorHandler(2, 'Trying to access array offset on value of type null', 'C:\\Users\\lenovo\\Documents\\data-valdo\\klinik-bersalin\\app\\Views\\page\\content\\form\\edit_users.php', 24)
 2 SYSTEMPATH\View\View.php(234): include('C:\\Users\\lenovo\\Documents\\data-valdo\\klinik-bersalin\\app\\Views\\page\\content\\form\\edit_users.php')
 3 SYSTEMPATH\View\View.php(237): CodeIgniter\View\View->CodeIgniter\View\{closure}()
 4 SYSTEMPATH\Common.php(1171): CodeIgniter\View\View->render('page/content/form/edit_users', [], true)
 5 APPPATH\Controllers\Menu.php(54): view('page/content/form/edit_users', [...])
 6 SYSTEMPATH\CodeIgniter.php(933): App\Controllers\Menu->edit_users('assets', 'css', 'lib', 'dataTables.min.css')
 7 SYSTEMPATH\CodeIgniter.php(509): CodeIgniter\CodeIgniter->runController(Object(App\Controllers\Menu))
 8 SYSTEMPATH\CodeIgniter.php(355): CodeIgniter\CodeIgniter->handleRequest(null, Object(Config\Cache), false)
 9 SYSTEMPATH\Boot.php(325): CodeIgniter\CodeIgniter->run()
10 SYSTEMPATH\Boot.php(67): CodeIgniter\Boot::runCodeIgniter(Object(CodeIgniter\CodeIgniter))
11 FCPATH\index.php(56): CodeIgniter\Boot::bootWeb(Object(Config\Paths))
12 SYSTEMPATH\rewrite.php(44): require_once('C:\\Users\\lenovo\\Documents\\data-valdo\\klinik-bersalin\\public\\index.php')
INFO - 2024-07-08 10:27:18 --> Session: Class initialized using 'CodeIgniter\Session\Handlers\FileHandler' driver.
CRITICAL - 2024-07-08 10:27:18 --> ErrorException: Trying to access array offset on value of type null
[Method: GET, Route: edit-users/assets/css/lib/editor-katex.min.css]
in APPPATH\Views\page\content\form\edit_users.php on line 24.
 1 APPPATH\Views\page\content\form\edit_users.php(24): CodeIgniter\Debug\Exceptions->errorHandler(2, 'Trying to access array offset on value of type null', 'C:\\Users\\lenovo\\Documents\\data-valdo\\klinik-bersalin\\app\\Views\\page\\content\\form\\edit_users.php', 24)
 2 SYSTEMPATH\View\View.php(234): include('C:\\Users\\lenovo\\Documents\\data-valdo\\klinik-bersalin\\app\\Views\\page\\content\\form\\edit_users.php')
 3 SYSTEMPATH\View\View.php(237): CodeIgniter\View\View->CodeIgniter\View\{closure}()
 4 SYSTEMPATH\Common.php(1171): CodeIgniter\View\View->render('page/content/form/edit_users', [], true)
 5 APPPATH\Controllers\Menu.php(54): view('page/content/form/edit_users', [...])
 6 SYSTEMPATH\CodeIgniter.php(933): App\Controllers\Menu->edit_users('assets', 'css', 'lib', 'editor-katex.min.css')
 7 SYSTEMPATH\CodeIgniter.php(509): CodeIgniter\CodeIgniter->runController(Object(App\Controllers\Menu))
 8 SYSTEMPATH\CodeIgniter.php(355): CodeIgniter\CodeIgniter->handleRequest(null, Object(Config\Cache), false)
 9 SYSTEMPATH\Boot.php(325): CodeIgniter\CodeIgniter->run()
10 SYSTEMPATH\Boot.php(67): CodeIgniter\Boot::runCodeIgniter(Object(CodeIgniter\CodeIgniter))
11 FCPATH\index.php(56): CodeIgniter\Boot::bootWeb(Object(Config\Paths))
12 SYSTEMPATH\rewrite.php(44): require_once('C:\\Users\\lenovo\\Documents\\data-valdo\\klinik-bersalin\\public\\index.php')
INFO - 2024-07-08 10:27:19 --> Session: Class initialized using 'CodeIgniter\Session\Handlers\FileHandler' driver.
CRITICAL - 2024-07-08 10:27:19 --> ErrorException: Trying to access array offset on value of type null
[Method: GET, Route: edit-users/assets/css/lib/editor.atom-one-dark.min.css]
in APPPATH\Views\page\content\form\edit_users.php on line 24.
 1 APPPATH\Views\page\content\form\edit_users.php(24): CodeIgniter\Debug\Exceptions->errorHandler(2, 'Trying to access array offset on value of type null', 'C:\\Users\\lenovo\\Documents\\data-valdo\\klinik-bersalin\\app\\Views\\page\\content\\form\\edit_users.php', 24)
 2 SYSTEMPATH\View\View.php(234): include('C:\\Users\\lenovo\\Documents\\data-valdo\\klinik-bersalin\\app\\Views\\page\\content\\form\\edit_users.php')
 3 SYSTEMPATH\View\View.php(237): CodeIgniter\View\View->CodeIgniter\View\{closure}()
 4 SYSTEMPATH\Common.php(1171): CodeIgniter\View\View->render('page/content/form/edit_users', [], true)
 5 APPPATH\Controllers\Menu.php(54): view('page/content/form/edit_users', [...])
 6 SYSTEMPATH\CodeIgniter.php(933): App\Controllers\Menu->edit_users('assets', 'css', 'lib', 'editor.atom-one-dark.min.css')
 7 SYSTEMPATH\CodeIgniter.php(509): CodeIgniter\CodeIgniter->runController(Object(App\Controllers\Menu))
 8 SYSTEMPATH\CodeIgniter.php(355): CodeIgniter\CodeIgniter->handleRequest(null, Object(Config\Cache), false)
 9 SYSTEMPATH\Boot.php(325): CodeIgniter\CodeIgniter->run()
10 SYSTEMPATH\Boot.php(67): CodeIgniter\Boot::runCodeIgniter(Object(CodeIgniter\CodeIgniter))
11 FCPATH\index.php(56): CodeIgniter\Boot::bootWeb(Object(Config\Paths))
12 SYSTEMPATH\rewrite.php(44): require_once('C:\\Users\\lenovo\\Documents\\data-valdo\\klinik-bersalin\\public\\index.php')
INFO - 2024-07-08 10:27:19 --> Session: Class initialized using 'CodeIgniter\Session\Handlers\FileHandler' driver.
CRITICAL - 2024-07-08 10:27:19 --> ErrorException: Trying to access array offset on value of type null
[Method: GET, Route: edit-users/assets/css/lib/editor.quill.snow.css]
in APPPATH\Views\page\content\form\edit_users.php on line 24.
 1 APPPATH\Views\page\content\form\edit_users.php(24): CodeIgniter\Debug\Exceptions->errorHandler(2, 'Trying to access array offset on value of type null', 'C:\\Users\\lenovo\\Documents\\data-valdo\\klinik-bersalin\\app\\Views\\page\\content\\form\\edit_users.php', 24)
 2 SYSTEMPATH\View\View.php(234): include('C:\\Users\\lenovo\\Documents\\data-valdo\\klinik-bersalin\\app\\Views\\page\\content\\form\\edit_users.php')
 3 SYSTEMPATH\View\View.php(237): CodeIgniter\View\View->CodeIgniter\View\{closure}()
 4 SYSTEMPATH\Common.php(1171): CodeIgniter\View\View->render('page/content/form/edit_users', [], true)
 5 APPPATH\Controllers\Menu.php(54): view('page/content/form/edit_users', [...])
 6 SYSTEMPATH\CodeIgniter.php(933): App\Controllers\Menu->edit_users('assets', 'css', 'lib', 'editor.quill.snow.css')
 7 SYSTEMPATH\CodeIgniter.php(509): CodeIgniter\CodeIgniter->runController(Object(App\Controllers\Menu))
 8 SYSTEMPATH\CodeIgniter.php(355): CodeIgniter\CodeIgniter->handleRequest(null, Object(Config\Cache), false)
 9 SYSTEMPATH\Boot.php(325): CodeIgniter\CodeIgniter->run()
10 SYSTEMPATH\Boot.php(67): CodeIgniter\Boot::runCodeIgniter(Object(CodeIgniter\CodeIgniter))
11 FCPATH\index.php(56): CodeIgniter\Boot::bootWeb(Object(Config\Paths))
12 SYSTEMPATH\rewrite.php(44): require_once('C:\\Users\\lenovo\\Documents\\data-valdo\\klinik-bersalin\\public\\index.php')
INFO - 2024-07-08 10:27:19 --> Session: Class initialized using 'CodeIgniter\Session\Handlers\FileHandler' driver.
CRITICAL - 2024-07-08 10:27:19 --> ErrorException: Trying to access array offset on value of type null
[Method: GET, Route: edit-users/assets/css/lib/flatpickr.min.css]
in APPPATH\Views\page\content\form\edit_users.php on line 24.
 1 APPPATH\Views\page\content\form\edit_users.php(24): CodeIgniter\Debug\Exceptions->errorHandler(2, 'Trying to access array offset on value of type null', 'C:\\Users\\lenovo\\Documents\\data-valdo\\klinik-bersalin\\app\\Views\\page\\content\\form\\edit_users.php', 24)
 2 SYSTEMPATH\View\View.php(234): include('C:\\Users\\lenovo\\Documents\\data-valdo\\klinik-bersalin\\app\\Views\\page\\content\\form\\edit_users.php')
 3 SYSTEMPATH\View\View.php(237): CodeIgniter\View\View->CodeIgniter\View\{closure}()
 4 SYSTEMPATH\Common.php(1171): CodeIgniter\View\View->render('page/content/form/edit_users', [], true)
 5 APPPATH\Controllers\Menu.php(54): view('page/content/form/edit_users', [...])
 6 SYSTEMPATH\CodeIgniter.php(933): App\Controllers\Menu->edit_users('assets', 'css', 'lib', 'flatpickr.min.css')
 7 SYSTEMPATH\CodeIgniter.php(509): CodeIgniter\CodeIgniter->runController(Object(App\Controllers\Menu))
 8 SYSTEMPATH\CodeIgniter.php(355): CodeIgniter\CodeIgniter->handleRequest(null, Object(Config\Cache), false)
 9 SYSTEMPATH\Boot.php(325): CodeIgniter\CodeIgniter->run()
10 SYSTEMPATH\Boot.php(67): CodeIgniter\Boot::runCodeIgniter(Object(CodeIgniter\CodeIgniter))
11 FCPATH\index.php(56): CodeIgniter\Boot::bootWeb(Object(Config\Paths))
12 SYSTEMPATH\rewrite.php(44): require_once('C:\\Users\\lenovo\\Documents\\data-valdo\\klinik-bersalin\\public\\index.php')
INFO - 2024-07-08 10:27:19 --> Session: Class initialized using 'CodeIgniter\Session\Handlers\FileHandler' driver.
CRITICAL - 2024-07-08 10:27:19 --> ErrorException: Trying to access array offset on value of type null
[Method: GET, Route: edit-users/assets/css/lib/full-calendar.css]
in APPPATH\Views\page\content\form\edit_users.php on line 24.
 1 APPPATH\Views\page\content\form\edit_users.php(24): CodeIgniter\Debug\Exceptions->errorHandler(2, 'Trying to access array offset on value of type null', 'C:\\Users\\lenovo\\Documents\\data-valdo\\klinik-bersalin\\app\\Views\\page\\content\\form\\edit_users.php', 24)
 2 SYSTEMPATH\View\View.php(234): include('C:\\Users\\lenovo\\Documents\\data-valdo\\klinik-bersalin\\app\\Views\\page\\content\\form\\edit_users.php')
 3 SYSTEMPATH\View\View.php(237): CodeIgniter\View\View->CodeIgniter\View\{closure}()
 4 SYSTEMPATH\Common.php(1171): CodeIgniter\View\View->render('page/content/form/edit_users', [], true)
 5 APPPATH\Controllers\Menu.php(54): view('page/content/form/edit_users', [...])
 6 SYSTEMPATH\CodeIgniter.php(933): App\Controllers\Menu->edit_users('assets', 'css', 'lib', 'full-calendar.css')
 7 SYSTEMPATH\CodeIgniter.php(509): CodeIgniter\CodeIgniter->runController(Object(App\Controllers\Menu))
 8 SYSTEMPATH\CodeIgniter.php(355): CodeIgniter\CodeIgniter->handleRequest(null, Object(Config\Cache), false)
 9 SYSTEMPATH\Boot.php(325): CodeIgniter\CodeIgniter->run()
10 SYSTEMPATH\Boot.php(67): CodeIgniter\Boot::runCodeIgniter(Object(CodeIgniter\CodeIgniter))
11 FCPATH\index.php(56): CodeIgniter\Boot::bootWeb(Object(Config\Paths))
12 SYSTEMPATH\rewrite.php(44): require_once('C:\\Users\\lenovo\\Documents\\data-valdo\\klinik-bersalin\\public\\index.php')
INFO - 2024-07-08 10:27:19 --> Session: Class initialized using 'CodeIgniter\Session\Handlers\FileHandler' driver.
CRITICAL - 2024-07-08 10:27:19 --> ErrorException: Trying to access array offset on value of type null
[Method: GET, Route: edit-users/assets/css/lib/jquery-jvectormap-2.0.5.css]
in APPPATH\Views\page\content\form\edit_users.php on line 24.
 1 APPPATH\Views\page\content\form\edit_users.php(24): CodeIgniter\Debug\Exceptions->errorHandler(2, 'Trying to access array offset on value of type null', 'C:\\Users\\lenovo\\Documents\\data-valdo\\klinik-bersalin\\app\\Views\\page\\content\\form\\edit_users.php', 24)
 2 SYSTEMPATH\View\View.php(234): include('C:\\Users\\lenovo\\Documents\\data-valdo\\klinik-bersalin\\app\\Views\\page\\content\\form\\edit_users.php')
 3 SYSTEMPATH\View\View.php(237): CodeIgniter\View\View->CodeIgniter\View\{closure}()
 4 SYSTEMPATH\Common.php(1171): CodeIgniter\View\View->render('page/content/form/edit_users', [], true)
 5 APPPATH\Controllers\Menu.php(54): view('page/content/form/edit_users', [...])
 6 SYSTEMPATH\CodeIgniter.php(933): App\Controllers\Menu->edit_users('assets', 'css', 'lib', 'jquery-jvectormap-2.0.5.css')
 7 SYSTEMPATH\CodeIgniter.php(509): CodeIgniter\CodeIgniter->runController(Object(App\Controllers\Menu))
 8 SYSTEMPATH\CodeIgniter.php(355): CodeIgniter\CodeIgniter->handleRequest(null, Object(Config\Cache), false)
 9 SYSTEMPATH\Boot.php(325): CodeIgniter\CodeIgniter->run()
10 SYSTEMPATH\Boot.php(67): CodeIgniter\Boot::runCodeIgniter(Object(CodeIgniter\CodeIgniter))
11 FCPATH\index.php(56): CodeIgniter\Boot::bootWeb(Object(Config\Paths))
12 SYSTEMPATH\rewrite.php(44): require_once('C:\\Users\\lenovo\\Documents\\data-valdo\\klinik-bersalin\\public\\index.php')
INFO - 2024-07-08 10:27:19 --> Session: Class initialized using 'CodeIgniter\Session\Handlers\FileHandler' driver.
CRITICAL - 2024-07-08 10:27:19 --> ErrorException: Trying to access array offset on value of type null
[Method: GET, Route: edit-users/assets/css/lib/magnific-popup.css]
in APPPATH\Views\page\content\form\edit_users.php on line 24.
 1 APPPATH\Views\page\content\form\edit_users.php(24): CodeIgniter\Debug\Exceptions->errorHandler(2, 'Trying to access array offset on value of type null', 'C:\\Users\\lenovo\\Documents\\data-valdo\\klinik-bersalin\\app\\Views\\page\\content\\form\\edit_users.php', 24)
 2 SYSTEMPATH\View\View.php(234): include('C:\\Users\\lenovo\\Documents\\data-valdo\\klinik-bersalin\\app\\Views\\page\\content\\form\\edit_users.php')
 3 SYSTEMPATH\View\View.php(237): CodeIgniter\View\View->CodeIgniter\View\{closure}()
 4 SYSTEMPATH\Common.php(1171): CodeIgniter\View\View->render('page/content/form/edit_users', [], true)
 5 APPPATH\Controllers\Menu.php(54): view('page/content/form/edit_users', [...])
 6 SYSTEMPATH\CodeIgniter.php(933): App\Controllers\Menu->edit_users('assets', 'css', 'lib', 'magnific-popup.css')
 7 SYSTEMPATH\CodeIgniter.php(509): CodeIgniter\CodeIgniter->runController(Object(App\Controllers\Menu))
 8 SYSTEMPATH\CodeIgniter.php(355): CodeIgniter\CodeIgniter->handleRequest(null, Object(Config\Cache), false)
 9 SYSTEMPATH\Boot.php(325): CodeIgniter\CodeIgniter->run()
10 SYSTEMPATH\Boot.php(67): CodeIgniter\Boot::runCodeIgniter(Object(CodeIgniter\CodeIgniter))
11 FCPATH\index.php(56): CodeIgniter\Boot::bootWeb(Object(Config\Paths))
12 SYSTEMPATH\rewrite.php(44): require_once('C:\\Users\\lenovo\\Documents\\data-valdo\\klinik-bersalin\\public\\index.php')
INFO - 2024-07-08 10:27:19 --> Session: Class initialized using 'CodeIgniter\Session\Handlers\FileHandler' driver.
CRITICAL - 2024-07-08 10:27:19 --> ErrorException: Trying to access array offset on value of type null
[Method: GET, Route: edit-users/assets/css/lib/slick.css]
in APPPATH\Views\page\content\form\edit_users.php on line 24.
 1 APPPATH\Views\page\content\form\edit_users.php(24): CodeIgniter\Debug\Exceptions->errorHandler(2, 'Trying to access array offset on value of type null', 'C:\\Users\\lenovo\\Documents\\data-valdo\\klinik-bersalin\\app\\Views\\page\\content\\form\\edit_users.php', 24)
 2 SYSTEMPATH\View\View.php(234): include('C:\\Users\\lenovo\\Documents\\data-valdo\\klinik-bersalin\\app\\Views\\page\\content\\form\\edit_users.php')
 3 SYSTEMPATH\View\View.php(237): CodeIgniter\View\View->CodeIgniter\View\{closure}()
 4 SYSTEMPATH\Common.php(1171): CodeIgniter\View\View->render('page/content/form/edit_users', [], true)
 5 APPPATH\Controllers\Menu.php(54): view('page/content/form/edit_users', [...])
 6 SYSTEMPATH\CodeIgniter.php(933): App\Controllers\Menu->edit_users('assets', 'css', 'lib', 'slick.css')
 7 SYSTEMPATH\CodeIgniter.php(509): CodeIgniter\CodeIgniter->runController(Object(App\Controllers\Menu))
 8 SYSTEMPATH\CodeIgniter.php(355): CodeIgniter\CodeIgniter->handleRequest(null, Object(Config\Cache), false)
 9 SYSTEMPATH\Boot.php(325): CodeIgniter\CodeIgniter->run()
10 SYSTEMPATH\Boot.php(67): CodeIgniter\Boot::runCodeIgniter(Object(CodeIgniter\CodeIgniter))
11 FCPATH\index.php(56): CodeIgniter\Boot::bootWeb(Object(Config\Paths))
12 SYSTEMPATH\rewrite.php(44): require_once('C:\\Users\\lenovo\\Documents\\data-valdo\\klinik-bersalin\\public\\index.php')
INFO - 2024-07-08 10:27:19 --> Session: Class initialized using 'CodeIgniter\Session\Handlers\FileHandler' driver.
CRITICAL - 2024-07-08 10:27:19 --> ErrorException: Trying to access array offset on value of type null
[Method: GET, Route: edit-users/assets/css/style.css]
in APPPATH\Views\page\content\form\edit_users.php on line 24.
 1 APPPATH\Views\page\content\form\edit_users.php(24): CodeIgniter\Debug\Exceptions->errorHandler(2, 'Trying to access array offset on value of type null', 'C:\\Users\\lenovo\\Documents\\data-valdo\\klinik-bersalin\\app\\Views\\page\\content\\form\\edit_users.php', 24)
 2 SYSTEMPATH\View\View.php(234): include('C:\\Users\\lenovo\\Documents\\data-valdo\\klinik-bersalin\\app\\Views\\page\\content\\form\\edit_users.php')
 3 SYSTEMPATH\View\View.php(237): CodeIgniter\View\View->CodeIgniter\View\{closure}()
 4 SYSTEMPATH\Common.php(1171): CodeIgniter\View\View->render('page/content/form/edit_users', [], true)
 5 APPPATH\Controllers\Menu.php(54): view('page/content/form/edit_users', [...])
 6 SYSTEMPATH\CodeIgniter.php(933): App\Controllers\Menu->edit_users('assets', 'css', 'style.css')
 7 SYSTEMPATH\CodeIgniter.php(509): CodeIgniter\CodeIgniter->runController(Object(App\Controllers\Menu))
 8 SYSTEMPATH\CodeIgniter.php(355): CodeIgniter\CodeIgniter->handleRequest(null, Object(Config\Cache), false)
 9 SYSTEMPATH\Boot.php(325): CodeIgniter\CodeIgniter->run()
10 SYSTEMPATH\Boot.php(67): CodeIgniter\Boot::runCodeIgniter(Object(CodeIgniter\CodeIgniter))
11 FCPATH\index.php(56): CodeIgniter\Boot::bootWeb(Object(Config\Paths))
12 SYSTEMPATH\rewrite.php(44): require_once('C:\\Users\\lenovo\\Documents\\data-valdo\\klinik-bersalin\\public\\index.php')
INFO - 2024-07-08 10:27:28 --> Session: Class initialized using 'CodeIgniter\Session\Handlers\FileHandler' driver.
INFO - 2024-07-08 10:28:14 --> Session: Class initialized using 'CodeIgniter\Session\Handlers\FileHandler' driver.
INFO - 2024-07-08 10:28:27 --> Session: Class initialized using 'CodeIgniter\Session\Handlers\FileHandler' driver.
INFO - 2024-07-08 10:28:28 --> Session: Class initialized using 'CodeIgniter\Session\Handlers\FileHandler' driver.
INFO - 2024-07-08 10:28:28 --> Session: Class initialized using 'CodeIgniter\Session\Handlers\FileHandler' driver.
CRITICAL - 2024-07-08 10:28:28 --> ErrorException: Trying to access array offset on value of type null
[Method: GET, Route: edit-users/assets/images/logo.png]
in APPPATH\Views\page\content\form\edit_users.php on line 24.
 1 APPPATH\Views\page\content\form\edit_users.php(24): CodeIgniter\Debug\Exceptions->errorHandler(2, 'Trying to access array offset on value of type null', 'C:\\Users\\lenovo\\Documents\\data-valdo\\klinik-bersalin\\app\\Views\\page\\content\\form\\edit_users.php', 24)
 2 SYSTEMPATH\View\View.php(234): include('C:\\Users\\lenovo\\Documents\\data-valdo\\klinik-bersalin\\app\\Views\\page\\content\\form\\edit_users.php')
 3 SYSTEMPATH\View\View.php(237): CodeIgniter\View\View->CodeIgniter\View\{closure}()
 4 SYSTEMPATH\Common.php(1171): CodeIgniter\View\View->render('page/content/form/edit_users', [], true)
 5 APPPATH\Controllers\Menu.php(54): view('page/content/form/edit_users', [...])
 6 SYSTEMPATH\CodeIgniter.php(933): App\Controllers\Menu->edit_users('assets', 'images', 'logo.png')
 7 SYSTEMPATH\CodeIgniter.php(509): CodeIgniter\CodeIgniter->runController(Object(App\Controllers\Menu))
 8 SYSTEMPATH\CodeIgniter.php(355): CodeIgniter\CodeIgniter->handleRequest(null, Object(Config\Cache), false)
 9 SYSTEMPATH\Boot.php(325): CodeIgniter\CodeIgniter->run()
10 SYSTEMPATH\Boot.php(67): CodeIgniter\Boot::runCodeIgniter(Object(CodeIgniter\CodeIgniter))
11 FCPATH\index.php(56): CodeIgniter\Boot::bootWeb(Object(Config\Paths))
12 SYSTEMPATH\rewrite.php(44): require_once('C:\\Users\\lenovo\\Documents\\data-valdo\\klinik-bersalin\\public\\index.php')
INFO - 2024-07-08 10:28:29 --> Session: Class initialized using 'CodeIgniter\Session\Handlers\FileHandler' driver.
CRITICAL - 2024-07-08 10:28:29 --> ErrorException: Trying to access array offset on value of type null
[Method: GET, Route: edit-users/assets/images/logo-light.png]
in APPPATH\Views\page\content\form\edit_users.php on line 24.
 1 APPPATH\Views\page\content\form\edit_users.php(24): CodeIgniter\Debug\Exceptions->errorHandler(2, 'Trying to access array offset on value of type null', 'C:\\Users\\lenovo\\Documents\\data-valdo\\klinik-bersalin\\app\\Views\\page\\content\\form\\edit_users.php', 24)
 2 SYSTEMPATH\View\View.php(234): include('C:\\Users\\lenovo\\Documents\\data-valdo\\klinik-bersalin\\app\\Views\\page\\content\\form\\edit_users.php')
 3 SYSTEMPATH\View\View.php(237): CodeIgniter\View\View->CodeIgniter\View\{closure}()
 4 SYSTEMPATH\Common.php(1171): CodeIgniter\View\View->render('page/content/form/edit_users', [], true)
 5 APPPATH\Controllers\Menu.php(54): view('page/content/form/edit_users', [...])
 6 SYSTEMPATH\CodeIgniter.php(933): App\Controllers\Menu->edit_users('assets', 'images', 'logo-light.png')
 7 SYSTEMPATH\CodeIgniter.php(509): CodeIgniter\CodeIgniter->runController(Object(App\Controllers\Menu))
 8 SYSTEMPATH\CodeIgniter.php(355): CodeIgniter\CodeIgniter->handleRequest(null, Object(Config\Cache), false)
 9 SYSTEMPATH\Boot.php(325): CodeIgniter\CodeIgniter->run()
10 SYSTEMPATH\Boot.php(67): CodeIgniter\Boot::runCodeIgniter(Object(CodeIgniter\CodeIgniter))
11 FCPATH\index.php(56): CodeIgniter\Boot::bootWeb(Object(Config\Paths))
12 SYSTEMPATH\rewrite.php(44): require_once('C:\\Users\\lenovo\\Documents\\data-valdo\\klinik-bersalin\\public\\index.php')
INFO - 2024-07-08 10:28:29 --> Session: Class initialized using 'CodeIgniter\Session\Handlers\FileHandler' driver.
CRITICAL - 2024-07-08 10:28:29 --> ErrorException: Trying to access array offset on value of type null
[Method: GET, Route: edit-users/assets/js/lib/jquery-3.7.1.min.js]
in APPPATH\Views\page\content\form\edit_users.php on line 24.
 1 APPPATH\Views\page\content\form\edit_users.php(24): CodeIgniter\Debug\Exceptions->errorHandler(2, 'Trying to access array offset on value of type null', 'C:\\Users\\lenovo\\Documents\\data-valdo\\klinik-bersalin\\app\\Views\\page\\content\\form\\edit_users.php', 24)
 2 SYSTEMPATH\View\View.php(234): include('C:\\Users\\lenovo\\Documents\\data-valdo\\klinik-bersalin\\app\\Views\\page\\content\\form\\edit_users.php')
 3 SYSTEMPATH\View\View.php(237): CodeIgniter\View\View->CodeIgniter\View\{closure}()
 4 SYSTEMPATH\Common.php(1171): CodeIgniter\View\View->render('page/content/form/edit_users', [], true)
 5 APPPATH\Controllers\Menu.php(54): view('page/content/form/edit_users', [...])
 6 SYSTEMPATH\CodeIgniter.php(933): App\Controllers\Menu->edit_users('assets', 'js', 'lib', 'jquery-3.7.1.min.js')
 7 SYSTEMPATH\CodeIgniter.php(509): CodeIgniter\CodeIgniter->runController(Object(App\Controllers\Menu))
 8 SYSTEMPATH\CodeIgniter.php(355): CodeIgniter\CodeIgniter->handleRequest(null, Object(Config\Cache), false)
 9 SYSTEMPATH\Boot.php(325): CodeIgniter\CodeIgniter->run()
10 SYSTEMPATH\Boot.php(67): CodeIgniter\Boot::runCodeIgniter(Object(CodeIgniter\CodeIgniter))
11 FCPATH\index.php(56): CodeIgniter\Boot::bootWeb(Object(Config\Paths))
12 SYSTEMPATH\rewrite.php(44): require_once('C:\\Users\\lenovo\\Documents\\data-valdo\\klinik-bersalin\\public\\index.php')
INFO - 2024-07-08 10:28:29 --> Session: Class initialized using 'CodeIgniter\Session\Handlers\FileHandler' driver.
CRITICAL - 2024-07-08 10:28:29 --> ErrorException: Trying to access array offset on value of type null
[Method: GET, Route: edit-users/assets/js/lib/sweetalert2.all.min.js]
in APPPATH\Views\page\content\form\edit_users.php on line 24.
 1 APPPATH\Views\page\content\form\edit_users.php(24): CodeIgniter\Debug\Exceptions->errorHandler(2, 'Trying to access array offset on value of type null', 'C:\\Users\\lenovo\\Documents\\data-valdo\\klinik-bersalin\\app\\Views\\page\\content\\form\\edit_users.php', 24)
 2 SYSTEMPATH\View\View.php(234): include('C:\\Users\\lenovo\\Documents\\data-valdo\\klinik-bersalin\\app\\Views\\page\\content\\form\\edit_users.php')
 3 SYSTEMPATH\View\View.php(237): CodeIgniter\View\View->CodeIgniter\View\{closure}()
 4 SYSTEMPATH\Common.php(1171): CodeIgniter\View\View->render('page/content/form/edit_users', [], true)
 5 APPPATH\Controllers\Menu.php(54): view('page/content/form/edit_users', [...])
 6 SYSTEMPATH\CodeIgniter.php(933): App\Controllers\Menu->edit_users('assets', 'js', 'lib', 'sweetalert2.all.min.js')
 7 SYSTEMPATH\CodeIgniter.php(509): CodeIgniter\CodeIgniter->runController(Object(App\Controllers\Menu))
 8 SYSTEMPATH\CodeIgniter.php(355): CodeIgniter\CodeIgniter->handleRequest(null, Object(Config\Cache), false)
 9 SYSTEMPATH\Boot.php(325): CodeIgniter\CodeIgniter->run()
10 SYSTEMPATH\Boot.php(67): CodeIgniter\Boot::runCodeIgniter(Object(CodeIgniter\CodeIgniter))
11 FCPATH\index.php(56): CodeIgniter\Boot::bootWeb(Object(Config\Paths))
12 SYSTEMPATH\rewrite.php(44): require_once('C:\\Users\\lenovo\\Documents\\data-valdo\\klinik-bersalin\\public\\index.php')
INFO - 2024-07-08 10:28:29 --> Session: Class initialized using 'CodeIgniter\Session\Handlers\FileHandler' driver.
CRITICAL - 2024-07-08 10:28:29 --> ErrorException: Trying to access array offset on value of type null
[Method: GET, Route: edit-users/assets/images/logo-icon.png]
in APPPATH\Views\page\content\form\edit_users.php on line 24.
 1 APPPATH\Views\page\content\form\edit_users.php(24): CodeIgniter\Debug\Exceptions->errorHandler(2, 'Trying to access array offset on value of type null', 'C:\\Users\\lenovo\\Documents\\data-valdo\\klinik-bersalin\\app\\Views\\page\\content\\form\\edit_users.php', 24)
 2 SYSTEMPATH\View\View.php(234): include('C:\\Users\\lenovo\\Documents\\data-valdo\\klinik-bersalin\\app\\Views\\page\\content\\form\\edit_users.php')
 3 SYSTEMPATH\View\View.php(237): CodeIgniter\View\View->CodeIgniter\View\{closure}()
 4 SYSTEMPATH\Common.php(1171): CodeIgniter\View\View->render('page/content/form/edit_users', [], true)
 5 APPPATH\Controllers\Menu.php(54): view('page/content/form/edit_users', [...])
 6 SYSTEMPATH\CodeIgniter.php(933): App\Controllers\Menu->edit_users('assets', 'images', 'logo-icon.png')
 7 SYSTEMPATH\CodeIgniter.php(509): CodeIgniter\CodeIgniter->runController(Object(App\Controllers\Menu))
 8 SYSTEMPATH\CodeIgniter.php(355): CodeIgniter\CodeIgniter->handleRequest(null, Object(Config\Cache), false)
 9 SYSTEMPATH\Boot.php(325): CodeIgniter\CodeIgniter->run()
10 SYSTEMPATH\Boot.php(67): CodeIgniter\Boot::runCodeIgniter(Object(CodeIgniter\CodeIgniter))
11 FCPATH\index.php(56): CodeIgniter\Boot::bootWeb(Object(Config\Paths))
12 SYSTEMPATH\rewrite.php(44): require_once('C:\\Users\\lenovo\\Documents\\data-valdo\\klinik-bersalin\\public\\index.php')
INFO - 2024-07-08 10:28:29 --> Session: Class initialized using 'CodeIgniter\Session\Handlers\FileHandler' driver.
CRITICAL - 2024-07-08 10:28:29 --> ErrorException: Trying to access array offset on value of type null
[Method: GET, Route: edit-users/assets/images/user.png]
in APPPATH\Views\page\content\form\edit_users.php on line 24.
 1 APPPATH\Views\page\content\form\edit_users.php(24): CodeIgniter\Debug\Exceptions->errorHandler(2, 'Trying to access array offset on value of type null', 'C:\\Users\\lenovo\\Documents\\data-valdo\\klinik-bersalin\\app\\Views\\page\\content\\form\\edit_users.php', 24)
 2 SYSTEMPATH\View\View.php(234): include('C:\\Users\\lenovo\\Documents\\data-valdo\\klinik-bersalin\\app\\Views\\page\\content\\form\\edit_users.php')
 3 SYSTEMPATH\View\View.php(237): CodeIgniter\View\View->CodeIgniter\View\{closure}()
 4 SYSTEMPATH\Common.php(1171): CodeIgniter\View\View->render('page/content/form/edit_users', [], true)
 5 APPPATH\Controllers\Menu.php(54): view('page/content/form/edit_users', [...])
 6 SYSTEMPATH\CodeIgniter.php(933): App\Controllers\Menu->edit_users('assets', 'images', 'user.png')
 7 SYSTEMPATH\CodeIgniter.php(509): CodeIgniter\CodeIgniter->runController(Object(App\Controllers\Menu))
 8 SYSTEMPATH\CodeIgniter.php(355): CodeIgniter\CodeIgniter->handleRequest(null, Object(Config\Cache), false)
 9 SYSTEMPATH\Boot.php(325): CodeIgniter\CodeIgniter->run()
10 SYSTEMPATH\Boot.php(67): CodeIgniter\Boot::runCodeIgniter(Object(CodeIgniter\CodeIgniter))
11 FCPATH\index.php(56): CodeIgniter\Boot::bootWeb(Object(Config\Paths))
12 SYSTEMPATH\rewrite.php(44): require_once('C:\\Users\\lenovo\\Documents\\data-valdo\\klinik-bersalin\\public\\index.php')
INFO - 2024-07-08 10:28:29 --> Session: Class initialized using 'CodeIgniter\Session\Handlers\FileHandler' driver.
CRITICAL - 2024-07-08 10:28:29 --> ErrorException: Trying to access array offset on value of type null
[Method: GET, Route: edit-users/assets/js/lib/bootstrap.bundle.min.js]
in APPPATH\Views\page\content\form\edit_users.php on line 24.
 1 APPPATH\Views\page\content\form\edit_users.php(24): CodeIgniter\Debug\Exceptions->errorHandler(2, 'Trying to access array offset on value of type null', 'C:\\Users\\lenovo\\Documents\\data-valdo\\klinik-bersalin\\app\\Views\\page\\content\\form\\edit_users.php', 24)
 2 SYSTEMPATH\View\View.php(234): include('C:\\Users\\lenovo\\Documents\\data-valdo\\klinik-bersalin\\app\\Views\\page\\content\\form\\edit_users.php')
 3 SYSTEMPATH\View\View.php(237): CodeIgniter\View\View->CodeIgniter\View\{closure}()
 4 SYSTEMPATH\Common.php(1171): CodeIgniter\View\View->render('page/content/form/edit_users', [], true)
 5 APPPATH\Controllers\Menu.php(54): view('page/content/form/edit_users', [...])
 6 SYSTEMPATH\CodeIgniter.php(933): App\Controllers\Menu->edit_users('assets', 'js', 'lib', 'bootstrap.bundle.min.js')
 7 SYSTEMPATH\CodeIgniter.php(509): CodeIgniter\CodeIgniter->runController(Object(App\Controllers\Menu))
 8 SYSTEMPATH\CodeIgniter.php(355): CodeIgniter\CodeIgniter->handleRequest(null, Object(Config\Cache), false)
 9 SYSTEMPATH\Boot.php(325): CodeIgniter\CodeIgniter->run()
10 SYSTEMPATH\Boot.php(67): CodeIgniter\Boot::runCodeIgniter(Object(CodeIgniter\CodeIgniter))
11 FCPATH\index.php(56): CodeIgniter\Boot::bootWeb(Object(Config\Paths))
12 SYSTEMPATH\rewrite.php(44): require_once('C:\\Users\\lenovo\\Documents\\data-valdo\\klinik-bersalin\\public\\index.php')
INFO - 2024-07-08 10:28:29 --> Session: Class initialized using 'CodeIgniter\Session\Handlers\FileHandler' driver.
CRITICAL - 2024-07-08 10:28:29 --> ErrorException: Trying to access array offset on value of type null
[Method: GET, Route: edit-users/assets/js/lib/apexcharts.min.js]
in APPPATH\Views\page\content\form\edit_users.php on line 24.
 1 APPPATH\Views\page\content\form\edit_users.php(24): CodeIgniter\Debug\Exceptions->errorHandler(2, 'Trying to access array offset on value of type null', 'C:\\Users\\lenovo\\Documents\\data-valdo\\klinik-bersalin\\app\\Views\\page\\content\\form\\edit_users.php', 24)
 2 SYSTEMPATH\View\View.php(234): include('C:\\Users\\lenovo\\Documents\\data-valdo\\klinik-bersalin\\app\\Views\\page\\content\\form\\edit_users.php')
 3 SYSTEMPATH\View\View.php(237): CodeIgniter\View\View->CodeIgniter\View\{closure}()
 4 SYSTEMPATH\Common.php(1171): CodeIgniter\View\View->render('page/content/form/edit_users', [], true)
 5 APPPATH\Controllers\Menu.php(54): view('page/content/form/edit_users', [...])
 6 SYSTEMPATH\CodeIgniter.php(933): App\Controllers\Menu->edit_users('assets', 'js', 'lib', 'apexcharts.min.js')
 7 SYSTEMPATH\CodeIgniter.php(509): CodeIgniter\CodeIgniter->runController(Object(App\Controllers\Menu))
 8 SYSTEMPATH\CodeIgniter.php(355): CodeIgniter\CodeIgniter->handleRequest(null, Object(Config\Cache), false)
 9 SYSTEMPATH\Boot.php(325): CodeIgniter\CodeIgniter->run()
10 SYSTEMPATH\Boot.php(67): CodeIgniter\Boot::runCodeIgniter(Object(CodeIgniter\CodeIgniter))
11 FCPATH\index.php(56): CodeIgniter\Boot::bootWeb(Object(Config\Paths))
12 SYSTEMPATH\rewrite.php(44): require_once('C:\\Users\\lenovo\\Documents\\data-valdo\\klinik-bersalin\\public\\index.php')
INFO - 2024-07-08 10:28:29 --> Session: Class initialized using 'CodeIgniter\Session\Handlers\FileHandler' driver.
CRITICAL - 2024-07-08 10:28:29 --> ErrorException: Trying to access array offset on value of type null
[Method: GET, Route: edit-users/assets/js/lib/dataTables.min.js]
in APPPATH\Views\page\content\form\edit_users.php on line 24.
 1 APPPATH\Views\page\content\form\edit_users.php(24): CodeIgniter\Debug\Exceptions->errorHandler(2, 'Trying to access array offset on value of type null', 'C:\\Users\\lenovo\\Documents\\data-valdo\\klinik-bersalin\\app\\Views\\page\\content\\form\\edit_users.php', 24)
 2 SYSTEMPATH\View\View.php(234): include('C:\\Users\\lenovo\\Documents\\data-valdo\\klinik-bersalin\\app\\Views\\page\\content\\form\\edit_users.php')
 3 SYSTEMPATH\View\View.php(237): CodeIgniter\View\View->CodeIgniter\View\{closure}()
 4 SYSTEMPATH\Common.php(1171): CodeIgniter\View\View->render('page/content/form/edit_users', [], true)
 5 APPPATH\Controllers\Menu.php(54): view('page/content/form/edit_users', [...])
 6 SYSTEMPATH\CodeIgniter.php(933): App\Controllers\Menu->edit_users('assets', 'js', 'lib', 'dataTables.min.js')
 7 SYSTEMPATH\CodeIgniter.php(509): CodeIgniter\CodeIgniter->runController(Object(App\Controllers\Menu))
 8 SYSTEMPATH\CodeIgniter.php(355): CodeIgniter\CodeIgniter->handleRequest(null, Object(Config\Cache), false)
 9 SYSTEMPATH\Boot.php(325): CodeIgniter\CodeIgniter->run()
10 SYSTEMPATH\Boot.php(67): CodeIgniter\Boot::runCodeIgniter(Object(CodeIgniter\CodeIgniter))
11 FCPATH\index.php(56): CodeIgniter\Boot::bootWeb(Object(Config\Paths))
12 SYSTEMPATH\rewrite.php(44): require_once('C:\\Users\\lenovo\\Documents\\data-valdo\\klinik-bersalin\\public\\index.php')
INFO - 2024-07-08 10:28:30 --> Session: Class initialized using 'CodeIgniter\Session\Handlers\FileHandler' driver.
CRITICAL - 2024-07-08 10:28:30 --> ErrorException: Trying to access array offset on value of type null
[Method: GET, Route: edit-users/assets/js/lib/iconify-icon.min.js]
in APPPATH\Views\page\content\form\edit_users.php on line 24.
 1 APPPATH\Views\page\content\form\edit_users.php(24): CodeIgniter\Debug\Exceptions->errorHandler(2, 'Trying to access array offset on value of type null', 'C:\\Users\\lenovo\\Documents\\data-valdo\\klinik-bersalin\\app\\Views\\page\\content\\form\\edit_users.php', 24)
 2 SYSTEMPATH\View\View.php(234): include('C:\\Users\\lenovo\\Documents\\data-valdo\\klinik-bersalin\\app\\Views\\page\\content\\form\\edit_users.php')
 3 SYSTEMPATH\View\View.php(237): CodeIgniter\View\View->CodeIgniter\View\{closure}()
 4 SYSTEMPATH\Common.php(1171): CodeIgniter\View\View->render('page/content/form/edit_users', [], true)
 5 APPPATH\Controllers\Menu.php(54): view('page/content/form/edit_users', [...])
 6 SYSTEMPATH\CodeIgniter.php(933): App\Controllers\Menu->edit_users('assets', 'js', 'lib', 'iconify-icon.min.js')
 7 SYSTEMPATH\CodeIgniter.php(509): CodeIgniter\CodeIgniter->runController(Object(App\Controllers\Menu))
 8 SYSTEMPATH\CodeIgniter.php(355): CodeIgniter\CodeIgniter->handleRequest(null, Object(Config\Cache), false)
 9 SYSTEMPATH\Boot.php(325): CodeIgniter\CodeIgniter->run()
10 SYSTEMPATH\Boot.php(67): CodeIgniter\Boot::runCodeIgniter(Object(CodeIgniter\CodeIgniter))
11 FCPATH\index.php(56): CodeIgniter\Boot::bootWeb(Object(Config\Paths))
12 SYSTEMPATH\rewrite.php(44): require_once('C:\\Users\\lenovo\\Documents\\data-valdo\\klinik-bersalin\\public\\index.php')
INFO - 2024-07-08 10:28:30 --> Session: Class initialized using 'CodeIgniter\Session\Handlers\FileHandler' driver.
CRITICAL - 2024-07-08 10:28:30 --> ErrorException: Trying to access array offset on value of type null
[Method: GET, Route: edit-users/assets/js/lib/jquery-ui.min.js]
in APPPATH\Views\page\content\form\edit_users.php on line 24.
 1 APPPATH\Views\page\content\form\edit_users.php(24): CodeIgniter\Debug\Exceptions->errorHandler(2, 'Trying to access array offset on value of type null', 'C:\\Users\\lenovo\\Documents\\data-valdo\\klinik-bersalin\\app\\Views\\page\\content\\form\\edit_users.php', 24)
 2 SYSTEMPATH\View\View.php(234): include('C:\\Users\\lenovo\\Documents\\data-valdo\\klinik-bersalin\\app\\Views\\page\\content\\form\\edit_users.php')
 3 SYSTEMPATH\View\View.php(237): CodeIgniter\View\View->CodeIgniter\View\{closure}()
 4 SYSTEMPATH\Common.php(1171): CodeIgniter\View\View->render('page/content/form/edit_users', [], true)
 5 APPPATH\Controllers\Menu.php(54): view('page/content/form/edit_users', [...])
 6 SYSTEMPATH\CodeIgniter.php(933): App\Controllers\Menu->edit_users('assets', 'js', 'lib', 'jquery-ui.min.js')
 7 SYSTEMPATH\CodeIgniter.php(509): CodeIgniter\CodeIgniter->runController(Object(App\Controllers\Menu))
 8 SYSTEMPATH\CodeIgniter.php(355): CodeIgniter\CodeIgniter->handleRequest(null, Object(Config\Cache), false)
 9 SYSTEMPATH\Boot.php(325): CodeIgniter\CodeIgniter->run()
10 SYSTEMPATH\Boot.php(67): CodeIgniter\Boot::runCodeIgniter(Object(CodeIgniter\CodeIgniter))
11 FCPATH\index.php(56): CodeIgniter\Boot::bootWeb(Object(Config\Paths))
12 SYSTEMPATH\rewrite.php(44): require_once('C:\\Users\\lenovo\\Documents\\data-valdo\\klinik-bersalin\\public\\index.php')
INFO - 2024-07-08 10:28:30 --> Session: Class initialized using 'CodeIgniter\Session\Handlers\FileHandler' driver.
CRITICAL - 2024-07-08 10:28:30 --> ErrorException: Trying to access array offset on value of type null
[Method: GET, Route: edit-users/assets/js/lib/jquery-jvectormap-2.0.5.min.js]
in APPPATH\Views\page\content\form\edit_users.php on line 24.
 1 APPPATH\Views\page\content\form\edit_users.php(24): CodeIgniter\Debug\Exceptions->errorHandler(2, 'Trying to access array offset on value of type null', 'C:\\Users\\lenovo\\Documents\\data-valdo\\klinik-bersalin\\app\\Views\\page\\content\\form\\edit_users.php', 24)
 2 SYSTEMPATH\View\View.php(234): include('C:\\Users\\lenovo\\Documents\\data-valdo\\klinik-bersalin\\app\\Views\\page\\content\\form\\edit_users.php')
 3 SYSTEMPATH\View\View.php(237): CodeIgniter\View\View->CodeIgniter\View\{closure}()
 4 SYSTEMPATH\Common.php(1171): CodeIgniter\View\View->render('page/content/form/edit_users', [], true)
 5 APPPATH\Controllers\Menu.php(54): view('page/content/form/edit_users', [...])
 6 SYSTEMPATH\CodeIgniter.php(933): App\Controllers\Menu->edit_users('assets', 'js', 'lib', 'jquery-jvectormap-2.0.5.min.js')
 7 SYSTEMPATH\CodeIgniter.php(509): CodeIgniter\CodeIgniter->runController(Object(App\Controllers\Menu))
 8 SYSTEMPATH\CodeIgniter.php(355): CodeIgniter\CodeIgniter->handleRequest(null, Object(Config\Cache), false)
 9 SYSTEMPATH\Boot.php(325): CodeIgniter\CodeIgniter->run()
10 SYSTEMPATH\Boot.php(67): CodeIgniter\Boot::runCodeIgniter(Object(CodeIgniter\CodeIgniter))
11 FCPATH\index.php(56): CodeIgniter\Boot::bootWeb(Object(Config\Paths))
12 SYSTEMPATH\rewrite.php(44): require_once('C:\\Users\\lenovo\\Documents\\data-valdo\\klinik-bersalin\\public\\index.php')
INFO - 2024-07-08 10:28:30 --> Session: Class initialized using 'CodeIgniter\Session\Handlers\FileHandler' driver.
CRITICAL - 2024-07-08 10:28:30 --> ErrorException: Trying to access array offset on value of type null
[Method: GET, Route: edit-users/assets/js/lib/jquery-jvectormap-world-mill-en.js]
in APPPATH\Views\page\content\form\edit_users.php on line 24.
 1 APPPATH\Views\page\content\form\edit_users.php(24): CodeIgniter\Debug\Exceptions->errorHandler(2, 'Trying to access array offset on value of type null', 'C:\\Users\\lenovo\\Documents\\data-valdo\\klinik-bersalin\\app\\Views\\page\\content\\form\\edit_users.php', 24)
 2 SYSTEMPATH\View\View.php(234): include('C:\\Users\\lenovo\\Documents\\data-valdo\\klinik-bersalin\\app\\Views\\page\\content\\form\\edit_users.php')
 3 SYSTEMPATH\View\View.php(237): CodeIgniter\View\View->CodeIgniter\View\{closure}()
 4 SYSTEMPATH\Common.php(1171): CodeIgniter\View\View->render('page/content/form/edit_users', [], true)
 5 APPPATH\Controllers\Menu.php(54): view('page/content/form/edit_users', [...])
 6 SYSTEMPATH\CodeIgniter.php(933): App\Controllers\Menu->edit_users('assets', 'js', 'lib', 'jquery-jvectormap-world-mill-en.js')
 7 SYSTEMPATH\CodeIgniter.php(509): CodeIgniter\CodeIgniter->runController(Object(App\Controllers\Menu))
 8 SYSTEMPATH\CodeIgniter.php(355): CodeIgniter\CodeIgniter->handleRequest(null, Object(Config\Cache), false)
 9 SYSTEMPATH\Boot.php(325): CodeIgniter\CodeIgniter->run()
10 SYSTEMPATH\Boot.php(67): CodeIgniter\Boot::runCodeIgniter(Object(CodeIgniter\CodeIgniter))
11 FCPATH\index.php(56): CodeIgniter\Boot::bootWeb(Object(Config\Paths))
12 SYSTEMPATH\rewrite.php(44): require_once('C:\\Users\\lenovo\\Documents\\data-valdo\\klinik-bersalin\\public\\index.php')
INFO - 2024-07-08 10:28:30 --> Session: Class initialized using 'CodeIgniter\Session\Handlers\FileHandler' driver.
CRITICAL - 2024-07-08 10:28:30 --> ErrorException: Trying to access array offset on value of type null
[Method: GET, Route: edit-users/assets/js/lib/magnifc-popup.min.js]
in APPPATH\Views\page\content\form\edit_users.php on line 24.
 1 APPPATH\Views\page\content\form\edit_users.php(24): CodeIgniter\Debug\Exceptions->errorHandler(2, 'Trying to access array offset on value of type null', 'C:\\Users\\lenovo\\Documents\\data-valdo\\klinik-bersalin\\app\\Views\\page\\content\\form\\edit_users.php', 24)
 2 SYSTEMPATH\View\View.php(234): include('C:\\Users\\lenovo\\Documents\\data-valdo\\klinik-bersalin\\app\\Views\\page\\content\\form\\edit_users.php')
 3 SYSTEMPATH\View\View.php(237): CodeIgniter\View\View->CodeIgniter\View\{closure}()
 4 SYSTEMPATH\Common.php(1171): CodeIgniter\View\View->render('page/content/form/edit_users', [], true)
 5 APPPATH\Controllers\Menu.php(54): view('page/content/form/edit_users', [...])
 6 SYSTEMPATH\CodeIgniter.php(933): App\Controllers\Menu->edit_users('assets', 'js', 'lib', 'magnifc-popup.min.js')
 7 SYSTEMPATH\CodeIgniter.php(509): CodeIgniter\CodeIgniter->runController(Object(App\Controllers\Menu))
 8 SYSTEMPATH\CodeIgniter.php(355): CodeIgniter\CodeIgniter->handleRequest(null, Object(Config\Cache), false)
 9 SYSTEMPATH\Boot.php(325): CodeIgniter\CodeIgniter->run()
10 SYSTEMPATH\Boot.php(67): CodeIgniter\Boot::runCodeIgniter(Object(CodeIgniter\CodeIgniter))
11 FCPATH\index.php(56): CodeIgniter\Boot::bootWeb(Object(Config\Paths))
12 SYSTEMPATH\rewrite.php(44): require_once('C:\\Users\\lenovo\\Documents\\data-valdo\\klinik-bersalin\\public\\index.php')
INFO - 2024-07-08 10:28:30 --> Session: Class initialized using 'CodeIgniter\Session\Handlers\FileHandler' driver.
CRITICAL - 2024-07-08 10:28:30 --> ErrorException: Trying to access array offset on value of type null
[Method: GET, Route: edit-users/assets/js/lib/slick.min.js]
in APPPATH\Views\page\content\form\edit_users.php on line 24.
 1 APPPATH\Views\page\content\form\edit_users.php(24): CodeIgniter\Debug\Exceptions->errorHandler(2, 'Trying to access array offset on value of type null', 'C:\\Users\\lenovo\\Documents\\data-valdo\\klinik-bersalin\\app\\Views\\page\\content\\form\\edit_users.php', 24)
 2 SYSTEMPATH\View\View.php(234): include('C:\\Users\\lenovo\\Documents\\data-valdo\\klinik-bersalin\\app\\Views\\page\\content\\form\\edit_users.php')
 3 SYSTEMPATH\View\View.php(237): CodeIgniter\View\View->CodeIgniter\View\{closure}()
 4 SYSTEMPATH\Common.php(1171): CodeIgniter\View\View->render('page/content/form/edit_users', [], true)
 5 APPPATH\Controllers\Menu.php(54): view('page/content/form/edit_users', [...])
 6 SYSTEMPATH\CodeIgniter.php(933): App\Controllers\Menu->edit_users('assets', 'js', 'lib', 'slick.min.js')
 7 SYSTEMPATH\CodeIgniter.php(509): CodeIgniter\CodeIgniter->runController(Object(App\Controllers\Menu))
 8 SYSTEMPATH\CodeIgniter.php(355): CodeIgniter\CodeIgniter->handleRequest(null, Object(Config\Cache), false)
 9 SYSTEMPATH\Boot.php(325): CodeIgniter\CodeIgniter->run()
10 SYSTEMPATH\Boot.php(67): CodeIgniter\Boot::runCodeIgniter(Object(CodeIgniter\CodeIgniter))
11 FCPATH\index.php(56): CodeIgniter\Boot::bootWeb(Object(Config\Paths))
12 SYSTEMPATH\rewrite.php(44): require_once('C:\\Users\\lenovo\\Documents\\data-valdo\\klinik-bersalin\\public\\index.php')
INFO - 2024-07-08 10:28:30 --> Session: Class initialized using 'CodeIgniter\Session\Handlers\FileHandler' driver.
CRITICAL - 2024-07-08 10:28:30 --> ErrorException: Trying to access array offset on value of type null
[Method: GET, Route: edit-users/assets/js/app.js]
in APPPATH\Views\page\content\form\edit_users.php on line 24.
 1 APPPATH\Views\page\content\form\edit_users.php(24): CodeIgniter\Debug\Exceptions->errorHandler(2, 'Trying to access array offset on value of type null', 'C:\\Users\\lenovo\\Documents\\data-valdo\\klinik-bersalin\\app\\Views\\page\\content\\form\\edit_users.php', 24)
 2 SYSTEMPATH\View\View.php(234): include('C:\\Users\\lenovo\\Documents\\data-valdo\\klinik-bersalin\\app\\Views\\page\\content\\form\\edit_users.php')
 3 SYSTEMPATH\View\View.php(237): CodeIgniter\View\View->CodeIgniter\View\{closure}()
 4 SYSTEMPATH\Common.php(1171): CodeIgniter\View\View->render('page/content/form/edit_users', [], true)
 5 APPPATH\Controllers\Menu.php(54): view('page/content/form/edit_users', [...])
 6 SYSTEMPATH\CodeIgniter.php(933): App\Controllers\Menu->edit_users('assets', 'js', 'app.js')
 7 SYSTEMPATH\CodeIgniter.php(509): CodeIgniter\CodeIgniter->runController(Object(App\Controllers\Menu))
 8 SYSTEMPATH\CodeIgniter.php(355): CodeIgniter\CodeIgniter->handleRequest(null, Object(Config\Cache), false)
 9 SYSTEMPATH\Boot.php(325): CodeIgniter\CodeIgniter->run()
10 SYSTEMPATH\Boot.php(67): CodeIgniter\Boot::runCodeIgniter(Object(CodeIgniter\CodeIgniter))
11 FCPATH\index.php(56): CodeIgniter\Boot::bootWeb(Object(Config\Paths))
12 SYSTEMPATH\rewrite.php(44): require_once('C:\\Users\\lenovo\\Documents\\data-valdo\\klinik-bersalin\\public\\index.php')
INFO - 2024-07-08 10:28:30 --> Session: Class initialized using 'CodeIgniter\Session\Handlers\FileHandler' driver.
CRITICAL - 2024-07-08 10:28:30 --> ErrorException: Trying to access array offset on value of type null
[Method: GET, Route: edit-users/assets/images/favicon.png]
in APPPATH\Views\page\content\form\edit_users.php on line 24.
 1 APPPATH\Views\page\content\form\edit_users.php(24): CodeIgniter\Debug\Exceptions->errorHandler(2, 'Trying to access array offset on value of type null', 'C:\\Users\\lenovo\\Documents\\data-valdo\\klinik-bersalin\\app\\Views\\page\\content\\form\\edit_users.php', 24)
 2 SYSTEMPATH\View\View.php(234): include('C:\\Users\\lenovo\\Documents\\data-valdo\\klinik-bersalin\\app\\Views\\page\\content\\form\\edit_users.php')
 3 SYSTEMPATH\View\View.php(237): CodeIgniter\View\View->CodeIgniter\View\{closure}()
 4 SYSTEMPATH\Common.php(1171): CodeIgniter\View\View->render('page/content/form/edit_users', [], true)
 5 APPPATH\Controllers\Menu.php(54): view('page/content/form/edit_users', [...])
 6 SYSTEMPATH\CodeIgniter.php(933): App\Controllers\Menu->edit_users('assets', 'images', 'favicon.png')
 7 SYSTEMPATH\CodeIgniter.php(509): CodeIgniter\CodeIgniter->runController(Object(App\Controllers\Menu))
 8 SYSTEMPATH\CodeIgniter.php(355): CodeIgniter\CodeIgniter->handleRequest(null, Object(Config\Cache), false)
 9 SYSTEMPATH\Boot.php(325): CodeIgniter\CodeIgniter->run()
10 SYSTEMPATH\Boot.php(67): CodeIgniter\Boot::runCodeIgniter(Object(CodeIgniter\CodeIgniter))
11 FCPATH\index.php(56): CodeIgniter\Boot::bootWeb(Object(Config\Paths))
12 SYSTEMPATH\rewrite.php(44): require_once('C:\\Users\\lenovo\\Documents\\data-valdo\\klinik-bersalin\\public\\index.php')
INFO - 2024-07-08 10:28:44 --> Session: Class initialized using 'CodeIgniter\Session\Handlers\FileHandler' driver.
INFO - 2024-07-08 10:28:44 --> Session: Class initialized using 'CodeIgniter\Session\Handlers\FileHandler' driver.
CRITICAL - 2024-07-08 10:28:44 --> ErrorException: Trying to access array offset on value of type null
[Method: GET, Route: edit-users/assets/images/logo.png]
in APPPATH\Views\page\content\form\edit_users.php on line 24.
 1 APPPATH\Views\page\content\form\edit_users.php(24): CodeIgniter\Debug\Exceptions->errorHandler(2, 'Trying to access array offset on value of type null', 'C:\\Users\\lenovo\\Documents\\data-valdo\\klinik-bersalin\\app\\Views\\page\\content\\form\\edit_users.php', 24)
 2 SYSTEMPATH\View\View.php(234): include('C:\\Users\\lenovo\\Documents\\data-valdo\\klinik-bersalin\\app\\Views\\page\\content\\form\\edit_users.php')
 3 SYSTEMPATH\View\View.php(237): CodeIgniter\View\View->CodeIgniter\View\{closure}()
 4 SYSTEMPATH\Common.php(1171): CodeIgniter\View\View->render('page/content/form/edit_users', [], true)
 5 APPPATH\Controllers\Menu.php(54): view('page/content/form/edit_users', [...])
 6 SYSTEMPATH\CodeIgniter.php(933): App\Controllers\Menu->edit_users('assets', 'images', 'logo.png')
 7 SYSTEMPATH\CodeIgniter.php(509): CodeIgniter\CodeIgniter->runController(Object(App\Controllers\Menu))
 8 SYSTEMPATH\CodeIgniter.php(355): CodeIgniter\CodeIgniter->handleRequest(null, Object(Config\Cache), false)
 9 SYSTEMPATH\Boot.php(325): CodeIgniter\CodeIgniter->run()
10 SYSTEMPATH\Boot.php(67): CodeIgniter\Boot::runCodeIgniter(Object(CodeIgniter\CodeIgniter))
11 FCPATH\index.php(56): CodeIgniter\Boot::bootWeb(Object(Config\Paths))
12 SYSTEMPATH\rewrite.php(44): require_once('C:\\Users\\lenovo\\Documents\\data-valdo\\klinik-bersalin\\public\\index.php')
INFO - 2024-07-08 10:28:44 --> Session: Class initialized using 'CodeIgniter\Session\Handlers\FileHandler' driver.
CRITICAL - 2024-07-08 10:28:44 --> ErrorException: Trying to access array offset on value of type null
[Method: GET, Route: edit-users/assets/images/logo-light.png]
in APPPATH\Views\page\content\form\edit_users.php on line 24.
 1 APPPATH\Views\page\content\form\edit_users.php(24): CodeIgniter\Debug\Exceptions->errorHandler(2, 'Trying to access array offset on value of type null', 'C:\\Users\\lenovo\\Documents\\data-valdo\\klinik-bersalin\\app\\Views\\page\\content\\form\\edit_users.php', 24)
 2 SYSTEMPATH\View\View.php(234): include('C:\\Users\\lenovo\\Documents\\data-valdo\\klinik-bersalin\\app\\Views\\page\\content\\form\\edit_users.php')
 3 SYSTEMPATH\View\View.php(237): CodeIgniter\View\View->CodeIgniter\View\{closure}()
 4 SYSTEMPATH\Common.php(1171): CodeIgniter\View\View->render('page/content/form/edit_users', [], true)
 5 APPPATH\Controllers\Menu.php(54): view('page/content/form/edit_users', [...])
 6 SYSTEMPATH\CodeIgniter.php(933): App\Controllers\Menu->edit_users('assets', 'images', 'logo-light.png')
 7 SYSTEMPATH\CodeIgniter.php(509): CodeIgniter\CodeIgniter->runController(Object(App\Controllers\Menu))
 8 SYSTEMPATH\CodeIgniter.php(355): CodeIgniter\CodeIgniter->handleRequest(null, Object(Config\Cache), false)
 9 SYSTEMPATH\Boot.php(325): CodeIgniter\CodeIgniter->run()
10 SYSTEMPATH\Boot.php(67): CodeIgniter\Boot::runCodeIgniter(Object(CodeIgniter\CodeIgniter))
11 FCPATH\index.php(56): CodeIgniter\Boot::bootWeb(Object(Config\Paths))
12 SYSTEMPATH\rewrite.php(44): require_once('C:\\Users\\lenovo\\Documents\\data-valdo\\klinik-bersalin\\public\\index.php')
INFO - 2024-07-08 10:28:44 --> Session: Class initialized using 'CodeIgniter\Session\Handlers\FileHandler' driver.
CRITICAL - 2024-07-08 10:28:44 --> ErrorException: Trying to access array offset on value of type null
[Method: GET, Route: edit-users/assets/images/logo-icon.png]
in APPPATH\Views\page\content\form\edit_users.php on line 24.
 1 APPPATH\Views\page\content\form\edit_users.php(24): CodeIgniter\Debug\Exceptions->errorHandler(2, 'Trying to access array offset on value of type null', 'C:\\Users\\lenovo\\Documents\\data-valdo\\klinik-bersalin\\app\\Views\\page\\content\\form\\edit_users.php', 24)
 2 SYSTEMPATH\View\View.php(234): include('C:\\Users\\lenovo\\Documents\\data-valdo\\klinik-bersalin\\app\\Views\\page\\content\\form\\edit_users.php')
 3 SYSTEMPATH\View\View.php(237): CodeIgniter\View\View->CodeIgniter\View\{closure}()
 4 SYSTEMPATH\Common.php(1171): CodeIgniter\View\View->render('page/content/form/edit_users', [], true)
 5 APPPATH\Controllers\Menu.php(54): view('page/content/form/edit_users', [...])
 6 SYSTEMPATH\CodeIgniter.php(933): App\Controllers\Menu->edit_users('assets', 'images', 'logo-icon.png')
 7 SYSTEMPATH\CodeIgniter.php(509): CodeIgniter\CodeIgniter->runController(Object(App\Controllers\Menu))
 8 SYSTEMPATH\CodeIgniter.php(355): CodeIgniter\CodeIgniter->handleRequest(null, Object(Config\Cache), false)
 9 SYSTEMPATH\Boot.php(325): CodeIgniter\CodeIgniter->run()
10 SYSTEMPATH\Boot.php(67): CodeIgniter\Boot::runCodeIgniter(Object(CodeIgniter\CodeIgniter))
11 FCPATH\index.php(56): CodeIgniter\Boot::bootWeb(Object(Config\Paths))
12 SYSTEMPATH\rewrite.php(44): require_once('C:\\Users\\lenovo\\Documents\\data-valdo\\klinik-bersalin\\public\\index.php')
INFO - 2024-07-08 10:28:44 --> Session: Class initialized using 'CodeIgniter\Session\Handlers\FileHandler' driver.
CRITICAL - 2024-07-08 10:28:44 --> ErrorException: Trying to access array offset on value of type null
[Method: GET, Route: edit-users/assets/images/user.png]
in APPPATH\Views\page\content\form\edit_users.php on line 24.
 1 APPPATH\Views\page\content\form\edit_users.php(24): CodeIgniter\Debug\Exceptions->errorHandler(2, 'Trying to access array offset on value of type null', 'C:\\Users\\lenovo\\Documents\\data-valdo\\klinik-bersalin\\app\\Views\\page\\content\\form\\edit_users.php', 24)
 2 SYSTEMPATH\View\View.php(234): include('C:\\Users\\lenovo\\Documents\\data-valdo\\klinik-bersalin\\app\\Views\\page\\content\\form\\edit_users.php')
 3 SYSTEMPATH\View\View.php(237): CodeIgniter\View\View->CodeIgniter\View\{closure}()
 4 SYSTEMPATH\Common.php(1171): CodeIgniter\View\View->render('page/content/form/edit_users', [], true)
 5 APPPATH\Controllers\Menu.php(54): view('page/content/form/edit_users', [...])
 6 SYSTEMPATH\CodeIgniter.php(933): App\Controllers\Menu->edit_users('assets', 'images', 'user.png')
 7 SYSTEMPATH\CodeIgniter.php(509): CodeIgniter\CodeIgniter->runController(Object(App\Controllers\Menu))
 8 SYSTEMPATH\CodeIgniter.php(355): CodeIgniter\CodeIgniter->handleRequest(null, Object(Config\Cache), false)
 9 SYSTEMPATH\Boot.php(325): CodeIgniter\CodeIgniter->run()
10 SYSTEMPATH\Boot.php(67): CodeIgniter\Boot::runCodeIgniter(Object(CodeIgniter\CodeIgniter))
11 FCPATH\index.php(56): CodeIgniter\Boot::bootWeb(Object(Config\Paths))
12 SYSTEMPATH\rewrite.php(44): require_once('C:\\Users\\lenovo\\Documents\\data-valdo\\klinik-bersalin\\public\\index.php')
INFO - 2024-07-08 10:28:45 --> Session: Class initialized using 'CodeIgniter\Session\Handlers\FileHandler' driver.
CRITICAL - 2024-07-08 10:28:45 --> ErrorException: Trying to access array offset on value of type null
[Method: GET, Route: edit-users/assets/images/favicon.png]
in APPPATH\Views\page\content\form\edit_users.php on line 24.
 1 APPPATH\Views\page\content\form\edit_users.php(24): CodeIgniter\Debug\Exceptions->errorHandler(2, 'Trying to access array offset on value of type null', 'C:\\Users\\lenovo\\Documents\\data-valdo\\klinik-bersalin\\app\\Views\\page\\content\\form\\edit_users.php', 24)
 2 SYSTEMPATH\View\View.php(234): include('C:\\Users\\lenovo\\Documents\\data-valdo\\klinik-bersalin\\app\\Views\\page\\content\\form\\edit_users.php')
 3 SYSTEMPATH\View\View.php(237): CodeIgniter\View\View->CodeIgniter\View\{closure}()
 4 SYSTEMPATH\Common.php(1171): CodeIgniter\View\View->render('page/content/form/edit_users', [], true)
 5 APPPATH\Controllers\Menu.php(54): view('page/content/form/edit_users', [...])
 6 SYSTEMPATH\CodeIgniter.php(933): App\Controllers\Menu->edit_users('assets', 'images', 'favicon.png')
 7 SYSTEMPATH\CodeIgniter.php(509): CodeIgniter\CodeIgniter->runController(Object(App\Controllers\Menu))
 8 SYSTEMPATH\CodeIgniter.php(355): CodeIgniter\CodeIgniter->handleRequest(null, Object(Config\Cache), false)
 9 SYSTEMPATH\Boot.php(325): CodeIgniter\CodeIgniter->run()
10 SYSTEMPATH\Boot.php(67): CodeIgniter\Boot::runCodeIgniter(Object(CodeIgniter\CodeIgniter))
11 FCPATH\index.php(56): CodeIgniter\Boot::bootWeb(Object(Config\Paths))
12 SYSTEMPATH\rewrite.php(44): require_once('C:\\Users\\lenovo\\Documents\\data-valdo\\klinik-bersalin\\public\\index.php')
INFO - 2024-07-08 10:29:28 --> Session: Class initialized using 'CodeIgniter\Session\Handlers\FileHandler' driver.
INFO - 2024-07-08 10:29:28 --> Session: Class initialized using 'CodeIgniter\Session\Handlers\FileHandler' driver.
CRITICAL - 2024-07-08 10:29:28 --> ErrorException: Trying to access array offset on value of type null
[Method: GET, Route: edit-users/assets/images/logo.png]
in APPPATH\Views\page\content\form\edit_users.php on line 24.
 1 APPPATH\Views\page\content\form\edit_users.php(24): CodeIgniter\Debug\Exceptions->errorHandler(2, 'Trying to access array offset on value of type null', 'C:\\Users\\lenovo\\Documents\\data-valdo\\klinik-bersalin\\app\\Views\\page\\content\\form\\edit_users.php', 24)
 2 SYSTEMPATH\View\View.php(234): include('C:\\Users\\lenovo\\Documents\\data-valdo\\klinik-bersalin\\app\\Views\\page\\content\\form\\edit_users.php')
 3 SYSTEMPATH\View\View.php(237): CodeIgniter\View\View->CodeIgniter\View\{closure}()
 4 SYSTEMPATH\Common.php(1171): CodeIgniter\View\View->render('page/content/form/edit_users', [], true)
 5 APPPATH\Controllers\Menu.php(54): view('page/content/form/edit_users', [...])
 6 SYSTEMPATH\CodeIgniter.php(933): App\Controllers\Menu->edit_users('assets', 'images', 'logo.png')
 7 SYSTEMPATH\CodeIgniter.php(509): CodeIgniter\CodeIgniter->runController(Object(App\Controllers\Menu))
 8 SYSTEMPATH\CodeIgniter.php(355): CodeIgniter\CodeIgniter->handleRequest(null, Object(Config\Cache), false)
 9 SYSTEMPATH\Boot.php(325): CodeIgniter\CodeIgniter->run()
10 SYSTEMPATH\Boot.php(67): CodeIgniter\Boot::runCodeIgniter(Object(CodeIgniter\CodeIgniter))
11 FCPATH\index.php(56): CodeIgniter\Boot::bootWeb(Object(Config\Paths))
12 SYSTEMPATH\rewrite.php(44): require_once('C:\\Users\\lenovo\\Documents\\data-valdo\\klinik-bersalin\\public\\index.php')
INFO - 2024-07-08 10:29:28 --> Session: Class initialized using 'CodeIgniter\Session\Handlers\FileHandler' driver.
CRITICAL - 2024-07-08 10:29:28 --> ErrorException: Trying to access array offset on value of type null
[Method: GET, Route: edit-users/assets/images/logo-light.png]
in APPPATH\Views\page\content\form\edit_users.php on line 24.
 1 APPPATH\Views\page\content\form\edit_users.php(24): CodeIgniter\Debug\Exceptions->errorHandler(2, 'Trying to access array offset on value of type null', 'C:\\Users\\lenovo\\Documents\\data-valdo\\klinik-bersalin\\app\\Views\\page\\content\\form\\edit_users.php', 24)
 2 SYSTEMPATH\View\View.php(234): include('C:\\Users\\lenovo\\Documents\\data-valdo\\klinik-bersalin\\app\\Views\\page\\content\\form\\edit_users.php')
 3 SYSTEMPATH\View\View.php(237): CodeIgniter\View\View->CodeIgniter\View\{closure}()
 4 SYSTEMPATH\Common.php(1171): CodeIgniter\View\View->render('page/content/form/edit_users', [], true)
 5 APPPATH\Controllers\Menu.php(54): view('page/content/form/edit_users', [...])
 6 SYSTEMPATH\CodeIgniter.php(933): App\Controllers\Menu->edit_users('assets', 'images', 'logo-light.png')
 7 SYSTEMPATH\CodeIgniter.php(509): CodeIgniter\CodeIgniter->runController(Object(App\Controllers\Menu))
 8 SYSTEMPATH\CodeIgniter.php(355): CodeIgniter\CodeIgniter->handleRequest(null, Object(Config\Cache), false)
 9 SYSTEMPATH\Boot.php(325): CodeIgniter\CodeIgniter->run()
10 SYSTEMPATH\Boot.php(67): CodeIgniter\Boot::runCodeIgniter(Object(CodeIgniter\CodeIgniter))
11 FCPATH\index.php(56): CodeIgniter\Boot::bootWeb(Object(Config\Paths))
12 SYSTEMPATH\rewrite.php(44): require_once('C:\\Users\\lenovo\\Documents\\data-valdo\\klinik-bersalin\\public\\index.php')
INFO - 2024-07-08 10:29:28 --> Session: Class initialized using 'CodeIgniter\Session\Handlers\FileHandler' driver.
CRITICAL - 2024-07-08 10:29:29 --> ErrorException: Trying to access array offset on value of type null
[Method: GET, Route: edit-users/assets/images/logo-icon.png]
in APPPATH\Views\page\content\form\edit_users.php on line 24.
 1 APPPATH\Views\page\content\form\edit_users.php(24): CodeIgniter\Debug\Exceptions->errorHandler(2, 'Trying to access array offset on value of type null', 'C:\\Users\\lenovo\\Documents\\data-valdo\\klinik-bersalin\\app\\Views\\page\\content\\form\\edit_users.php', 24)
 2 SYSTEMPATH\View\View.php(234): include('C:\\Users\\lenovo\\Documents\\data-valdo\\klinik-bersalin\\app\\Views\\page\\content\\form\\edit_users.php')
 3 SYSTEMPATH\View\View.php(237): CodeIgniter\View\View->CodeIgniter\View\{closure}()
 4 SYSTEMPATH\Common.php(1171): CodeIgniter\View\View->render('page/content/form/edit_users', [], true)
 5 APPPATH\Controllers\Menu.php(54): view('page/content/form/edit_users', [...])
 6 SYSTEMPATH\CodeIgniter.php(933): App\Controllers\Menu->edit_users('assets', 'images', 'logo-icon.png')
 7 SYSTEMPATH\CodeIgniter.php(509): CodeIgniter\CodeIgniter->runController(Object(App\Controllers\Menu))
 8 SYSTEMPATH\CodeIgniter.php(355): CodeIgniter\CodeIgniter->handleRequest(null, Object(Config\Cache), false)
 9 SYSTEMPATH\Boot.php(325): CodeIgniter\CodeIgniter->run()
10 SYSTEMPATH\Boot.php(67): CodeIgniter\Boot::runCodeIgniter(Object(CodeIgniter\CodeIgniter))
11 FCPATH\index.php(56): CodeIgniter\Boot::bootWeb(Object(Config\Paths))
12 SYSTEMPATH\rewrite.php(44): require_once('C:\\Users\\lenovo\\Documents\\data-valdo\\klinik-bersalin\\public\\index.php')
INFO - 2024-07-08 10:29:29 --> Session: Class initialized using 'CodeIgniter\Session\Handlers\FileHandler' driver.
CRITICAL - 2024-07-08 10:29:29 --> ErrorException: Trying to access array offset on value of type null
[Method: GET, Route: edit-users/assets/images/favicon.png]
in APPPATH\Views\page\content\form\edit_users.php on line 24.
 1 APPPATH\Views\page\content\form\edit_users.php(24): CodeIgniter\Debug\Exceptions->errorHandler(2, 'Trying to access array offset on value of type null', 'C:\\Users\\lenovo\\Documents\\data-valdo\\klinik-bersalin\\app\\Views\\page\\content\\form\\edit_users.php', 24)
 2 SYSTEMPATH\View\View.php(234): include('C:\\Users\\lenovo\\Documents\\data-valdo\\klinik-bersalin\\app\\Views\\page\\content\\form\\edit_users.php')
 3 SYSTEMPATH\View\View.php(237): CodeIgniter\View\View->CodeIgniter\View\{closure}()
 4 SYSTEMPATH\Common.php(1171): CodeIgniter\View\View->render('page/content/form/edit_users', [], true)
 5 APPPATH\Controllers\Menu.php(54): view('page/content/form/edit_users', [...])
 6 SYSTEMPATH\CodeIgniter.php(933): App\Controllers\Menu->edit_users('assets', 'images', 'favicon.png')
 7 SYSTEMPATH\CodeIgniter.php(509): CodeIgniter\CodeIgniter->runController(Object(App\Controllers\Menu))
 8 SYSTEMPATH\CodeIgniter.php(355): CodeIgniter\CodeIgniter->handleRequest(null, Object(Config\Cache), false)
 9 SYSTEMPATH\Boot.php(325): CodeIgniter\CodeIgniter->run()
10 SYSTEMPATH\Boot.php(67): CodeIgniter\Boot::runCodeIgniter(Object(CodeIgniter\CodeIgniter))
11 FCPATH\index.php(56): CodeIgniter\Boot::bootWeb(Object(Config\Paths))
12 SYSTEMPATH\rewrite.php(44): require_once('C:\\Users\\lenovo\\Documents\\data-valdo\\klinik-bersalin\\public\\index.php')
INFO - 2024-07-08 10:29:58 --> Session: Class initialized using 'CodeIgniter\Session\Handlers\FileHandler' driver.
INFO - 2024-07-08 10:29:59 --> Session: Class initialized using 'CodeIgniter\Session\Handlers\FileHandler' driver.
CRITICAL - 2024-07-08 10:29:59 --> ErrorException: Trying to access array offset on value of type null
[Method: GET, Route: edit-users/assets/images/favicon.png]
in APPPATH\Views\page\content\form\edit_users.php on line 24.
 1 APPPATH\Views\page\content\form\edit_users.php(24): CodeIgniter\Debug\Exceptions->errorHandler(2, 'Trying to access array offset on value of type null', 'C:\\Users\\lenovo\\Documents\\data-valdo\\klinik-bersalin\\app\\Views\\page\\content\\form\\edit_users.php', 24)
 2 SYSTEMPATH\View\View.php(234): include('C:\\Users\\lenovo\\Documents\\data-valdo\\klinik-bersalin\\app\\Views\\page\\content\\form\\edit_users.php')
 3 SYSTEMPATH\View\View.php(237): CodeIgniter\View\View->CodeIgniter\View\{closure}()
 4 SYSTEMPATH\Common.php(1171): CodeIgniter\View\View->render('page/content/form/edit_users', [], true)
 5 APPPATH\Controllers\Menu.php(54): view('page/content/form/edit_users', [...])
 6 SYSTEMPATH\CodeIgniter.php(933): App\Controllers\Menu->edit_users('assets', 'images', 'favicon.png')
 7 SYSTEMPATH\CodeIgniter.php(509): CodeIgniter\CodeIgniter->runController(Object(App\Controllers\Menu))
 8 SYSTEMPATH\CodeIgniter.php(355): CodeIgniter\CodeIgniter->handleRequest(null, Object(Config\Cache), false)
 9 SYSTEMPATH\Boot.php(325): CodeIgniter\CodeIgniter->run()
10 SYSTEMPATH\Boot.php(67): CodeIgniter\Boot::runCodeIgniter(Object(CodeIgniter\CodeIgniter))
11 FCPATH\index.php(56): CodeIgniter\Boot::bootWeb(Object(Config\Paths))
12 SYSTEMPATH\rewrite.php(44): require_once('C:\\Users\\lenovo\\Documents\\data-valdo\\klinik-bersalin\\public\\index.php')
INFO - 2024-07-08 10:30:08 --> Session: Class initialized using 'CodeIgniter\Session\Handlers\FileHandler' driver.
INFO - 2024-07-08 10:30:12 --> Session: Class initialized using 'CodeIgniter\Session\Handlers\FileHandler' driver.
INFO - 2024-07-08 10:30:14 --> Session: Class initialized using 'CodeIgniter\Session\Handlers\FileHandler' driver.
INFO - 2024-07-08 10:30:16 --> Session: Class initialized using 'CodeIgniter\Session\Handlers\FileHandler' driver.
INFO - 2024-07-08 10:30:35 --> Session: Class initialized using 'CodeIgniter\Session\Handlers\FileHandler' driver.
INFO - 2024-07-08 10:30:56 --> Session: Class initialized using 'CodeIgniter\Session\Handlers\FileHandler' driver.
INFO - 2024-07-08 10:31:12 --> Session: Class initialized using 'CodeIgniter\Session\Handlers\FileHandler' driver.
INFO - 2024-07-08 10:32:26 --> Session: Class initialized using 'CodeIgniter\Session\Handlers\FileHandler' driver.
INFO - 2024-07-08 10:32:29 --> Session: Class initialized using 'CodeIgniter\Session\Handlers\FileHandler' driver.
INFO - 2024-07-08 10:32:31 --> Session: Class initialized using 'CodeIgniter\Session\Handlers\FileHandler' driver.
INFO - 2024-07-08 10:32:33 --> Session: Class initialized using 'CodeIgniter\Session\Handlers\FileHandler' driver.
INFO - 2024-07-08 10:32:34 --> Session: Class initialized using 'CodeIgniter\Session\Handlers\FileHandler' driver.
INFO - 2024-07-08 10:32:36 --> Session: Class initialized using 'CodeIgniter\Session\Handlers\FileHandler' driver.
INFO - 2024-07-08 10:32:38 --> Session: Class initialized using 'CodeIgniter\Session\Handlers\FileHandler' driver.
INFO - 2024-07-08 10:32:40 --> Session: Class initialized using 'CodeIgniter\Session\Handlers\FileHandler' driver.
INFO - 2024-07-08 10:32:41 --> Session: Class initialized using 'CodeIgniter\Session\Handlers\FileHandler' driver.
INFO - 2024-07-08 10:32:53 --> Session: Class initialized using 'CodeIgniter\Session\Handlers\FileHandler' driver.
INFO - 2024-07-08 10:32:56 --> Session: Class initialized using 'CodeIgniter\Session\Handlers\FileHandler' driver.
INFO - 2024-07-08 10:32:57 --> Session: Class initialized using 'CodeIgniter\Session\Handlers\FileHandler' driver.
INFO - 2024-07-08 10:33:04 --> Session: Class initialized using 'CodeIgniter\Session\Handlers\FileHandler' driver.
INFO - 2024-07-08 10:33:06 --> Session: Class initialized using 'CodeIgniter\Session\Handlers\FileHandler' driver.
INFO - 2024-07-08 10:33:07 --> Session: Class initialized using 'CodeIgniter\Session\Handlers\FileHandler' driver.
INFO - 2024-07-08 10:37:29 --> Session: Class initialized using 'CodeIgniter\Session\Handlers\FileHandler' driver.
INFO - 2024-07-08 10:37:31 --> Session: Class initialized using 'CodeIgniter\Session\Handlers\FileHandler' driver.
INFO - 2024-07-08 10:37:33 --> Session: Class initialized using 'CodeIgniter\Session\Handlers\FileHandler' driver.
INFO - 2024-07-08 10:37:57 --> Session: Class initialized using 'CodeIgniter\Session\Handlers\FileHandler' driver.
INFO - 2024-07-08 10:37:59 --> Session: Class initialized using 'CodeIgniter\Session\Handlers\FileHandler' driver.
INFO - 2024-07-08 10:37:59 --> Session: Class initialized using 'CodeIgniter\Session\Handlers\FileHandler' driver.
INFO - 2024-07-08 10:38:02 --> Session: Class initialized using 'CodeIgniter\Session\Handlers\FileHandler' driver.
INFO - 2024-07-08 10:38:04 --> Session: Class initialized using 'CodeIgniter\Session\Handlers\FileHandler' driver.
INFO - 2024-07-08 10:38:04 --> Session: Class initialized using 'CodeIgniter\Session\Handlers\FileHandler' driver.
INFO - 2024-07-08 10:38:07 --> Session: Class initialized using 'CodeIgniter\Session\Handlers\FileHandler' driver.
INFO - 2024-07-08 10:38:18 --> Session: Class initialized using 'CodeIgniter\Session\Handlers\FileHandler' driver.
INFO - 2024-07-08 10:38:18 --> Session: Class initialized using 'CodeIgniter\Session\Handlers\FileHandler' driver.
INFO - 2024-07-08 10:38:22 --> Session: Class initialized using 'CodeIgniter\Session\Handlers\FileHandler' driver.
INFO - 2024-07-08 10:38:22 --> Session: Class initialized using 'CodeIgniter\Session\Handlers\FileHandler' driver.
INFO - 2024-07-08 10:38:28 --> Session: Class initialized using 'CodeIgniter\Session\Handlers\FileHandler' driver.
INFO - 2024-07-08 10:38:28 --> Session: Class initialized using 'CodeIgniter\Session\Handlers\FileHandler' driver.
INFO - 2024-07-08 10:38:31 --> Session: Class initialized using 'CodeIgniter\Session\Handlers\FileHandler' driver.
INFO - 2024-07-08 10:38:34 --> Session: Class initialized using 'CodeIgniter\Session\Handlers\FileHandler' driver.
INFO - 2024-07-08 10:38:37 --> Session: Class initialized using 'CodeIgniter\Session\Handlers\FileHandler' driver.
INFO - 2024-07-08 10:38:37 --> Session: Class initialized using 'CodeIgniter\Session\Handlers\FileHandler' driver.
INFO - 2024-07-08 10:49:55 --> Session: Class initialized using 'CodeIgniter\Session\Handlers\FileHandler' driver.
INFO - 2024-07-08 10:52:08 --> Session: Class initialized using 'CodeIgniter\Session\Handlers\FileHandler' driver.
INFO - 2024-07-08 10:52:19 --> Session: Class initialized using 'CodeIgniter\Session\Handlers\FileHandler' driver.
INFO - 2024-07-08 10:52:31 --> Session: Class initialized using 'CodeIgniter\Session\Handlers\FileHandler' driver.
INFO - 2024-07-08 10:52:35 --> Session: Class initialized using 'CodeIgniter\Session\Handlers\FileHandler' driver.
INFO - 2024-07-08 10:52:44 --> Session: Class initialized using 'CodeIgniter\Session\Handlers\FileHandler' driver.
INFO - 2024-07-08 10:52:47 --> Session: Class initialized using 'CodeIgniter\Session\Handlers\FileHandler' driver.
INFO - 2024-07-08 10:52:49 --> Session: Class initialized using 'CodeIgniter\Session\Handlers\FileHandler' driver.
INFO - 2024-07-08 10:52:51 --> Session: Class initialized using 'CodeIgniter\Session\Handlers\FileHandler' driver.
INFO - 2024-07-08 10:52:52 --> Session: Class initialized using 'CodeIgniter\Session\Handlers\FileHandler' driver.
INFO - 2024-07-08 10:52:53 --> Session: Class initialized using 'CodeIgniter\Session\Handlers\FileHandler' driver.
INFO - 2024-07-08 10:52:54 --> Session: Class initialized using 'CodeIgniter\Session\Handlers\FileHandler' driver.
INFO - 2024-07-08 10:52:56 --> Session: Class initialized using 'CodeIgniter\Session\Handlers\FileHandler' driver.
INFO - 2024-07-08 10:52:57 --> Session: Class initialized using 'CodeIgniter\Session\Handlers\FileHandler' driver.
INFO - 2024-07-08 10:52:59 --> Session: Class initialized using 'CodeIgniter\Session\Handlers\FileHandler' driver.
INFO - 2024-07-08 10:55:02 --> Session: Class initialized using 'CodeIgniter\Session\Handlers\FileHandler' driver.
CRITICAL - 2024-07-08 10:55:02 --> ErrorException: Undefined variable $users
[Method: GET, Route: ibus]
in APPPATH\Views\page\content\ibus.php on line 54.
 1 APPPATH\Views\page\content\ibus.php(54): CodeIgniter\Debug\Exceptions->errorHandler(2, 'Undefined variable $users', 'C:\\Users\\lenovo\\Documents\\data-valdo\\klinik-bersalin\\app\\Views\\page\\content\\ibus.php', 54)
 2 SYSTEMPATH\View\View.php(234): include('C:\\Users\\lenovo\\Documents\\data-valdo\\klinik-bersalin\\app\\Views\\page\\content\\ibus.php')
 3 SYSTEMPATH\View\View.php(237): CodeIgniter\View\View->CodeIgniter\View\{closure}()
 4 SYSTEMPATH\Common.php(1171): CodeIgniter\View\View->render('page/content/ibus', [], true)
 5 APPPATH\Controllers\Menu.php(67): view('page/content/ibus', [...])
 6 SYSTEMPATH\CodeIgniter.php(933): App\Controllers\Menu->ibus()
 7 SYSTEMPATH\CodeIgniter.php(509): CodeIgniter\CodeIgniter->runController(Object(App\Controllers\Menu))
 8 SYSTEMPATH\CodeIgniter.php(355): CodeIgniter\CodeIgniter->handleRequest(null, Object(Config\Cache), false)
 9 SYSTEMPATH\Boot.php(325): CodeIgniter\CodeIgniter->run()
10 SYSTEMPATH\Boot.php(67): CodeIgniter\Boot::runCodeIgniter(Object(CodeIgniter\CodeIgniter))
11 FCPATH\index.php(56): CodeIgniter\Boot::bootWeb(Object(Config\Paths))
12 SYSTEMPATH\rewrite.php(44): require_once('C:\\Users\\lenovo\\Documents\\data-valdo\\klinik-bersalin\\public\\index.php')
INFO - 2024-07-08 10:55:16 --> Session: Class initialized using 'CodeIgniter\Session\Handlers\FileHandler' driver.
INFO - 2024-07-08 10:56:02 --> Session: Class initialized using 'CodeIgniter\Session\Handlers\FileHandler' driver.
INFO - 2024-07-08 11:01:50 --> Session: Class initialized using 'CodeIgniter\Session\Handlers\FileHandler' driver.
INFO - 2024-07-08 11:01:53 --> Session: Class initialized using 'CodeIgniter\Session\Handlers\FileHandler' driver.
INFO - 2024-07-08 11:01:55 --> Session: Class initialized using 'CodeIgniter\Session\Handlers\FileHandler' driver.
INFO - 2024-07-08 11:02:14 --> Session: Class initialized using 'CodeIgniter\Session\Handlers\FileHandler' driver.
INFO - 2024-07-08 11:02:22 --> Session: Class initialized using 'CodeIgniter\Session\Handlers\FileHandler' driver.
INFO - 2024-07-08 11:05:44 --> Session: Class initialized using 'CodeIgniter\Session\Handlers\FileHandler' driver.
CRITICAL - 2024-07-08 11:05:44 --> ErrorException: Undefined variable $user
[Method: GET, Route: ibus]
in APPPATH\Views\page\content\ibus.php on line 59.
 1 APPPATH\Views\page\content\ibus.php(59): CodeIgniter\Debug\Exceptions->errorHandler(2, 'Undefined variable $user', 'C:\\Users\\lenovo\\Documents\\data-valdo\\klinik-bersalin\\app\\Views\\page\\content\\ibus.php', 59)
 2 SYSTEMPATH\View\View.php(234): include('C:\\Users\\lenovo\\Documents\\data-valdo\\klinik-bersalin\\app\\Views\\page\\content\\ibus.php')
 3 SYSTEMPATH\View\View.php(237): CodeIgniter\View\View->CodeIgniter\View\{closure}()
 4 SYSTEMPATH\Common.php(1171): CodeIgniter\View\View->render('page/content/ibus', [], true)
 5 APPPATH\Controllers\Menu.php(67): view('page/content/ibus', [...])
 6 SYSTEMPATH\CodeIgniter.php(933): App\Controllers\Menu->ibus()
 7 SYSTEMPATH\CodeIgniter.php(509): CodeIgniter\CodeIgniter->runController(Object(App\Controllers\Menu))
 8 SYSTEMPATH\CodeIgniter.php(355): CodeIgniter\CodeIgniter->handleRequest(null, Object(Config\Cache), false)
 9 SYSTEMPATH\Boot.php(325): CodeIgniter\CodeIgniter->run()
10 SYSTEMPATH\Boot.php(67): CodeIgniter\Boot::runCodeIgniter(Object(CodeIgniter\CodeIgniter))
11 FCPATH\index.php(56): CodeIgniter\Boot::bootWeb(Object(Config\Paths))
12 SYSTEMPATH\rewrite.php(44): require_once('C:\\Users\\lenovo\\Documents\\data-valdo\\klinik-bersalin\\public\\index.php')
INFO - 2024-07-08 11:06:00 --> Session: Class initialized using 'CodeIgniter\Session\Handlers\FileHandler' driver.
CRITICAL - 2024-07-08 11:06:00 --> ErrorException: Undefined variable $user
[Method: GET, Route: ibus]
in APPPATH\Views\page\content\ibus.php on line 59.
 1 APPPATH\Views\page\content\ibus.php(59): CodeIgniter\Debug\Exceptions->errorHandler(2, 'Undefined variable $user', 'C:\\Users\\lenovo\\Documents\\data-valdo\\klinik-bersalin\\app\\Views\\page\\content\\ibus.php', 59)
 2 SYSTEMPATH\View\View.php(234): include('C:\\Users\\lenovo\\Documents\\data-valdo\\klinik-bersalin\\app\\Views\\page\\content\\ibus.php')
 3 SYSTEMPATH\View\View.php(237): CodeIgniter\View\View->CodeIgniter\View\{closure}()
 4 SYSTEMPATH\Common.php(1171): CodeIgniter\View\View->render('page/content/ibus', [], true)
 5 APPPATH\Controllers\Menu.php(67): view('page/content/ibus', [...])
 6 SYSTEMPATH\CodeIgniter.php(933): App\Controllers\Menu->ibus()
 7 SYSTEMPATH\CodeIgniter.php(509): CodeIgniter\CodeIgniter->runController(Object(App\Controllers\Menu))
 8 SYSTEMPATH\CodeIgniter.php(355): CodeIgniter\CodeIgniter->handleRequest(null, Object(Config\Cache), false)
 9 SYSTEMPATH\Boot.php(325): CodeIgniter\CodeIgniter->run()
10 SYSTEMPATH\Boot.php(67): CodeIgniter\Boot::runCodeIgniter(Object(CodeIgniter\CodeIgniter))
11 FCPATH\index.php(56): CodeIgniter\Boot::bootWeb(Object(Config\Paths))
12 SYSTEMPATH\rewrite.php(44): require_once('C:\\Users\\lenovo\\Documents\\data-valdo\\klinik-bersalin\\public\\index.php')
INFO - 2024-07-08 11:06:12 --> Session: Class initialized using 'CodeIgniter\Session\Handlers\FileHandler' driver.
CRITICAL - 2024-07-08 11:06:12 --> ErrorException: Undefined array key "ibuEmail"
[Method: GET, Route: ibus]
in APPPATH\Views\page\content\ibus.php on line 69.
 1 APPPATH\Views\page\content\ibus.php(69): CodeIgniter\Debug\Exceptions->errorHandler(2, 'Undefined array key "ibuEmail"', 'C:\\Users\\lenovo\\Documents\\data-valdo\\klinik-bersalin\\app\\Views\\page\\content\\ibus.php', 69)
 2 SYSTEMPATH\View\View.php(234): include('C:\\Users\\lenovo\\Documents\\data-valdo\\klinik-bersalin\\app\\Views\\page\\content\\ibus.php')
 3 SYSTEMPATH\View\View.php(237): CodeIgniter\View\View->CodeIgniter\View\{closure}()
 4 SYSTEMPATH\Common.php(1171): CodeIgniter\View\View->render('page/content/ibus', [], true)
 5 APPPATH\Controllers\Menu.php(67): view('page/content/ibus', [...])
 6 SYSTEMPATH\CodeIgniter.php(933): App\Controllers\Menu->ibus()
 7 SYSTEMPATH\CodeIgniter.php(509): CodeIgniter\CodeIgniter->runController(Object(App\Controllers\Menu))
 8 SYSTEMPATH\CodeIgniter.php(355): CodeIgniter\CodeIgniter->handleRequest(null, Object(Config\Cache), false)
 9 SYSTEMPATH\Boot.php(325): CodeIgniter\CodeIgniter->run()
10 SYSTEMPATH\Boot.php(67): CodeIgniter\Boot::runCodeIgniter(Object(CodeIgniter\CodeIgniter))
11 FCPATH\index.php(56): CodeIgniter\Boot::bootWeb(Object(Config\Paths))
12 SYSTEMPATH\rewrite.php(44): require_once('C:\\Users\\lenovo\\Documents\\data-valdo\\klinik-bersalin\\public\\index.php')
INFO - 2024-07-08 11:06:21 --> Session: Class initialized using 'CodeIgniter\Session\Handlers\FileHandler' driver.
INFO - 2024-07-08 11:08:57 --> Session: Class initialized using 'CodeIgniter\Session\Handlers\FileHandler' driver.
INFO - 2024-07-08 11:09:20 --> Session: Class initialized using 'CodeIgniter\Session\Handlers\FileHandler' driver.
CRITICAL - 2024-07-08 11:09:20 --> ErrorException: Undefined array key "ibuEmail"
[Method: GET, Route: ibus]
in APPPATH\Views\page\content\ibus.php on line 86.
 1 APPPATH\Views\page\content\ibus.php(86): CodeIgniter\Debug\Exceptions->errorHandler(2, 'Undefined array key "ibuEmail"', 'C:\\Users\\lenovo\\Documents\\data-valdo\\klinik-bersalin\\app\\Views\\page\\content\\ibus.php', 86)
 2 SYSTEMPATH\View\View.php(234): include('C:\\Users\\lenovo\\Documents\\data-valdo\\klinik-bersalin\\app\\Views\\page\\content\\ibus.php')
 3 SYSTEMPATH\View\View.php(237): CodeIgniter\View\View->CodeIgniter\View\{closure}()
 4 SYSTEMPATH\Common.php(1171): CodeIgniter\View\View->render('page/content/ibus', [], true)
 5 APPPATH\Controllers\Menu.php(67): view('page/content/ibus', [...])
 6 SYSTEMPATH\CodeIgniter.php(933): App\Controllers\Menu->ibus()
 7 SYSTEMPATH\CodeIgniter.php(509): CodeIgniter\CodeIgniter->runController(Object(App\Controllers\Menu))
 8 SYSTEMPATH\CodeIgniter.php(355): CodeIgniter\CodeIgniter->handleRequest(null, Object(Config\Cache), false)
 9 SYSTEMPATH\Boot.php(325): CodeIgniter\CodeIgniter->run()
10 SYSTEMPATH\Boot.php(67): CodeIgniter\Boot::runCodeIgniter(Object(CodeIgniter\CodeIgniter))
11 FCPATH\index.php(56): CodeIgniter\Boot::bootWeb(Object(Config\Paths))
12 SYSTEMPATH\rewrite.php(44): require_once('C:\\Users\\lenovo\\Documents\\data-valdo\\klinik-bersalin\\public\\index.php')
INFO - 2024-07-08 13:33:11 --> Session: Class initialized using 'CodeIgniter\Session\Handlers\FileHandler' driver.
INFO - 2024-07-08 13:33:27 --> Session: Class initialized using 'CodeIgniter\Session\Handlers\FileHandler' driver.
INFO - 2024-07-08 13:33:27 --> Session: Class initialized using 'CodeIgniter\Session\Handlers\FileHandler' driver.
INFO - 2024-07-08 13:33:33 --> Session: Class initialized using 'CodeIgniter\Session\Handlers\FileHandler' driver.
INFO - 2024-07-08 13:33:44 --> Session: Class initialized using 'CodeIgniter\Session\Handlers\FileHandler' driver.
INFO - 2024-07-08 13:36:27 --> Session: Class initialized using 'CodeIgniter\Session\Handlers\FileHandler' driver.
CRITICAL - 2024-07-08 13:36:27 --> ErrorException: Undefined array key "ibuEmail"
[Method: GET, Route: ibus]
in APPPATH\Views\page\content\ibus.php on line 86.
 1 APPPATH\Views\page\content\ibus.php(86): CodeIgniter\Debug\Exceptions->errorHandler(2, 'Undefined array key "ibuEmail"', 'E:\\Project\\klinik-bersalin\\app\\Views\\page\\content\\ibus.php', 86)
 2 SYSTEMPATH\View\View.php(234): include('E:\\Project\\klinik-bersalin\\app\\Views\\page\\content\\ibus.php')
 3 SYSTEMPATH\View\View.php(237): CodeIgniter\View\View->CodeIgniter\View\{closure}()
 4 SYSTEMPATH\Common.php(1171): CodeIgniter\View\View->render('page/content/ibus', [], true)
 5 APPPATH\Controllers\Menu.php(67): view('page/content/ibus', [...])
 6 SYSTEMPATH\CodeIgniter.php(933): App\Controllers\Menu->ibus()
 7 SYSTEMPATH\CodeIgniter.php(509): CodeIgniter\CodeIgniter->runController(Object(App\Controllers\Menu))
 8 SYSTEMPATH\CodeIgniter.php(355): CodeIgniter\CodeIgniter->handleRequest(null, Object(Config\Cache), false)
 9 SYSTEMPATH\Boot.php(325): CodeIgniter\CodeIgniter->run()
10 SYSTEMPATH\Boot.php(67): CodeIgniter\Boot::runCodeIgniter(Object(CodeIgniter\CodeIgniter))
11 FCPATH\index.php(56): CodeIgniter\Boot::bootWeb(Object(Config\Paths))
12 SYSTEMPATH\rewrite.php(44): require_once('E:\\Project\\klinik-bersalin\\public\\index.php')
INFO - 2024-07-08 13:37:47 --> Session: Class initialized using 'CodeIgniter\Session\Handlers\FileHandler' driver.
INFO - 2024-07-08 13:38:17 --> Session: Class initialized using 'CodeIgniter\Session\Handlers\FileHandler' driver.
INFO - 2024-07-08 13:38:41 --> Session: Class initialized using 'CodeIgniter\Session\Handlers\FileHandler' driver.
INFO - 2024-07-08 13:39:57 --> Session: Class initialized using 'CodeIgniter\Session\Handlers\FileHandler' driver.
INFO - 2024-07-08 13:40:22 --> Session: Class initialized using 'CodeIgniter\Session\Handlers\FileHandler' driver.
INFO - 2024-07-08 13:40:41 --> Session: Class initialized using 'CodeIgniter\Session\Handlers\FileHandler' driver.
INFO - 2024-07-08 13:40:54 --> Session: Class initialized using 'CodeIgniter\Session\Handlers\FileHandler' driver.
CRITICAL - 2024-07-08 13:40:54 --> ErrorException: Undefined array key "ibuTanggal"
[Method: GET, Route: ibus]
in APPPATH\Views\page\content\ibus.php on line 68.
 1 APPPATH\Views\page\content\ibus.php(68): CodeIgniter\Debug\Exceptions->errorHandler(2, 'Undefined array key "ibuTanggal"', 'E:\\Project\\klinik-bersalin\\app\\Views\\page\\content\\ibus.php', 68)
 2 SYSTEMPATH\View\View.php(234): include('E:\\Project\\klinik-bersalin\\app\\Views\\page\\content\\ibus.php')
 3 SYSTEMPATH\View\View.php(237): CodeIgniter\View\View->CodeIgniter\View\{closure}()
 4 SYSTEMPATH\Common.php(1171): CodeIgniter\View\View->render('page/content/ibus', [], true)
 5 APPPATH\Controllers\Menu.php(67): view('page/content/ibus', [...])
 6 SYSTEMPATH\CodeIgniter.php(933): App\Controllers\Menu->ibus()
 7 SYSTEMPATH\CodeIgniter.php(509): CodeIgniter\CodeIgniter->runController(Object(App\Controllers\Menu))
 8 SYSTEMPATH\CodeIgniter.php(355): CodeIgniter\CodeIgniter->handleRequest(null, Object(Config\Cache), false)
 9 SYSTEMPATH\Boot.php(325): CodeIgniter\CodeIgniter->run()
10 SYSTEMPATH\Boot.php(67): CodeIgniter\Boot::runCodeIgniter(Object(CodeIgniter\CodeIgniter))
11 FCPATH\index.php(56): CodeIgniter\Boot::bootWeb(Object(Config\Paths))
12 SYSTEMPATH\rewrite.php(44): require_once('E:\\Project\\klinik-bersalin\\public\\index.php')
INFO - 2024-07-08 13:41:04 --> Session: Class initialized using 'CodeIgniter\Session\Handlers\FileHandler' driver.
INFO - 2024-07-08 13:41:44 --> Session: Class initialized using 'CodeIgniter\Session\Handlers\FileHandler' driver.
INFO - 2024-07-08 13:42:56 --> Session: Class initialized using 'CodeIgniter\Session\Handlers\FileHandler' driver.
INFO - 2024-07-08 13:43:29 --> Session: Class initialized using 'CodeIgniter\Session\Handlers\FileHandler' driver.
INFO - 2024-07-08 13:44:36 --> Session: Class initialized using 'CodeIgniter\Session\Handlers\FileHandler' driver.
INFO - 2024-07-08 13:44:38 --> Session: Class initialized using 'CodeIgniter\Session\Handlers\FileHandler' driver.
INFO - 2024-07-08 13:45:50 --> Session: Class initialized using 'CodeIgniter\Session\Handlers\FileHandler' driver.
INFO - 2024-07-08 13:45:53 --> Session: Class initialized using 'CodeIgniter\Session\Handlers\FileHandler' driver.
INFO - 2024-07-08 13:46:10 --> Session: Class initialized using 'CodeIgniter\Session\Handlers\FileHandler' driver.
INFO - 2024-07-08 13:47:46 --> Session: Class initialized using 'CodeIgniter\Session\Handlers\FileHandler' driver.
INFO - 2024-07-08 13:48:26 --> Session: Class initialized using 'CodeIgniter\Session\Handlers\FileHandler' driver.
INFO - 2024-07-08 13:50:41 --> Session: Class initialized using 'CodeIgniter\Session\Handlers\FileHandler' driver.
INFO - 2024-07-08 13:50:58 --> Session: Class initialized using 'CodeIgniter\Session\Handlers\FileHandler' driver.
INFO - 2024-07-08 13:51:16 --> Session: Class initialized using 'CodeIgniter\Session\Handlers\FileHandler' driver.
INFO - 2024-07-08 13:52:14 --> Session: Class initialized using 'CodeIgniter\Session\Handlers\FileHandler' driver.
INFO - 2024-07-08 13:52:17 --> Session: Class initialized using 'CodeIgniter\Session\Handlers\FileHandler' driver.
INFO - 2024-07-08 13:52:19 --> Session: Class initialized using 'CodeIgniter\Session\Handlers\FileHandler' driver.
INFO - 2024-07-08 13:52:33 --> Session: Class initialized using 'CodeIgniter\Session\Handlers\FileHandler' driver.
INFO - 2024-07-08 13:53:02 --> Session: Class initialized using 'CodeIgniter\Session\Handlers\FileHandler' driver.
INFO - 2024-07-08 13:53:17 --> Session: Class initialized using 'CodeIgniter\Session\Handlers\FileHandler' driver.
INFO - 2024-07-08 13:53:44 --> Session: Class initialized using 'CodeIgniter\Session\Handlers\FileHandler' driver.
INFO - 2024-07-08 13:54:06 --> Session: Class initialized using 'CodeIgniter\Session\Handlers\FileHandler' driver.
INFO - 2024-07-08 13:54:16 --> Session: Class initialized using 'CodeIgniter\Session\Handlers\FileHandler' driver.
INFO - 2024-07-08 13:54:23 --> Session: Class initialized using 'CodeIgniter\Session\Handlers\FileHandler' driver.
INFO - 2024-07-08 13:54:48 --> Session: Class initialized using 'CodeIgniter\Session\Handlers\FileHandler' driver.
INFO - 2024-07-08 13:55:01 --> Session: Class initialized using 'CodeIgniter\Session\Handlers\FileHandler' driver.
INFO - 2024-07-08 13:55:11 --> Session: Class initialized using 'CodeIgniter\Session\Handlers\FileHandler' driver.
INFO - 2024-07-08 13:55:32 --> Session: Class initialized using 'CodeIgniter\Session\Handlers\FileHandler' driver.
INFO - 2024-07-08 13:56:28 --> Session: Class initialized using 'CodeIgniter\Session\Handlers\FileHandler' driver.
INFO - 2024-07-08 13:56:51 --> Session: Class initialized using 'CodeIgniter\Session\Handlers\FileHandler' driver.
INFO - 2024-07-08 13:57:04 --> Session: Class initialized using 'CodeIgniter\Session\Handlers\FileHandler' driver.
INFO - 2024-07-08 13:57:16 --> Session: Class initialized using 'CodeIgniter\Session\Handlers\FileHandler' driver.
INFO - 2024-07-08 13:58:07 --> Session: Class initialized using 'CodeIgniter\Session\Handlers\FileHandler' driver.
INFO - 2024-07-08 13:58:16 --> Session: Class initialized using 'CodeIgniter\Session\Handlers\FileHandler' driver.
INFO - 2024-07-08 13:58:28 --> Session: Class initialized using 'CodeIgniter\Session\Handlers\FileHandler' driver.
INFO - 2024-07-08 13:58:46 --> Session: Class initialized using 'CodeIgniter\Session\Handlers\FileHandler' driver.
INFO - 2024-07-08 13:59:03 --> Session: Class initialized using 'CodeIgniter\Session\Handlers\FileHandler' driver.
INFO - 2024-07-08 13:59:36 --> Session: Class initialized using 'CodeIgniter\Session\Handlers\FileHandler' driver.
INFO - 2024-07-08 13:59:45 --> Session: Class initialized using 'CodeIgniter\Session\Handlers\FileHandler' driver.
INFO - 2024-07-08 14:00:00 --> Session: Class initialized using 'CodeIgniter\Session\Handlers\FileHandler' driver.
INFO - 2024-07-08 14:00:21 --> Session: Class initialized using 'CodeIgniter\Session\Handlers\FileHandler' driver.
INFO - 2024-07-08 14:00:27 --> Session: Class initialized using 'CodeIgniter\Session\Handlers\FileHandler' driver.
INFO - 2024-07-08 14:01:31 --> Session: Class initialized using 'CodeIgniter\Session\Handlers\FileHandler' driver.
INFO - 2024-07-08 14:01:41 --> Session: Class initialized using 'CodeIgniter\Session\Handlers\FileHandler' driver.
INFO - 2024-07-08 14:02:25 --> Session: Class initialized using 'CodeIgniter\Session\Handlers\FileHandler' driver.
INFO - 2024-07-08 14:03:16 --> Session: Class initialized using 'CodeIgniter\Session\Handlers\FileHandler' driver.
INFO - 2024-07-08 14:03:50 --> Session: Class initialized using 'CodeIgniter\Session\Handlers\FileHandler' driver.
INFO - 2024-07-08 14:04:08 --> Session: Class initialized using 'CodeIgniter\Session\Handlers\FileHandler' driver.
INFO - 2024-07-08 14:05:36 --> Session: Class initialized using 'CodeIgniter\Session\Handlers\FileHandler' driver.
INFO - 2024-07-08 14:06:31 --> Session: Class initialized using 'CodeIgniter\Session\Handlers\FileHandler' driver.
INFO - 2024-07-08 14:06:43 --> Session: Class initialized using 'CodeIgniter\Session\Handlers\FileHandler' driver.
INFO - 2024-07-08 14:06:57 --> Session: Class initialized using 'CodeIgniter\Session\Handlers\FileHandler' driver.
INFO - 2024-07-08 14:08:35 --> Session: Class initialized using 'CodeIgniter\Session\Handlers\FileHandler' driver.
INFO - 2024-07-08 14:09:24 --> Session: Class initialized using 'CodeIgniter\Session\Handlers\FileHandler' driver.
INFO - 2024-07-08 14:10:45 --> Session: Class initialized using 'CodeIgniter\Session\Handlers\FileHandler' driver.
INFO - 2024-07-08 14:12:01 --> Session: Class initialized using 'CodeIgniter\Session\Handlers\FileHandler' driver.
INFO - 2024-07-08 14:13:03 --> Session: Class initialized using 'CodeIgniter\Session\Handlers\FileHandler' driver.
INFO - 2024-07-08 14:13:29 --> Session: Class initialized using 'CodeIgniter\Session\Handlers\FileHandler' driver.
INFO - 2024-07-08 14:13:33 --> Session: Class initialized using 'CodeIgniter\Session\Handlers\FileHandler' driver.
INFO - 2024-07-08 14:13:42 --> Session: Class initialized using 'CodeIgniter\Session\Handlers\FileHandler' driver.
INFO - 2024-07-08 14:13:47 --> Session: Class initialized using 'CodeIgniter\Session\Handlers\FileHandler' driver.
INFO - 2024-07-08 14:16:25 --> Session: Class initialized using 'CodeIgniter\Session\Handlers\FileHandler' driver.
INFO - 2024-07-08 14:16:39 --> Session: Class initialized using 'CodeIgniter\Session\Handlers\FileHandler' driver.
INFO - 2024-07-08 14:18:46 --> Session: Class initialized using 'CodeIgniter\Session\Handlers\FileHandler' driver.
INFO - 2024-07-08 14:19:28 --> Session: Class initialized using 'CodeIgniter\Session\Handlers\FileHandler' driver.
INFO - 2024-07-08 14:19:57 --> Session: Class initialized using 'CodeIgniter\Session\Handlers\FileHandler' driver.
INFO - 2024-07-08 14:21:15 --> Session: Class initialized using 'CodeIgniter\Session\Handlers\FileHandler' driver.
INFO - 2024-07-08 14:21:34 --> Session: Class initialized using 'CodeIgniter\Session\Handlers\FileHandler' driver.
INFO - 2024-07-08 14:22:17 --> Session: Class initialized using 'CodeIgniter\Session\Handlers\FileHandler' driver.
INFO - 2024-07-08 14:23:00 --> Session: Class initialized using 'CodeIgniter\Session\Handlers\FileHandler' driver.
INFO - 2024-07-08 14:23:12 --> Session: Class initialized using 'CodeIgniter\Session\Handlers\FileHandler' driver.
INFO - 2024-07-08 14:23:32 --> Session: Class initialized using 'CodeIgniter\Session\Handlers\FileHandler' driver.
INFO - 2024-07-08 14:24:49 --> Session: Class initialized using 'CodeIgniter\Session\Handlers\FileHandler' driver.
INFO - 2024-07-08 14:25:07 --> Session: Class initialized using 'CodeIgniter\Session\Handlers\FileHandler' driver.
INFO - 2024-07-08 14:25:14 --> Session: Class initialized using 'CodeIgniter\Session\Handlers\FileHandler' driver.
INFO - 2024-07-08 14:25:24 --> Session: Class initialized using 'CodeIgniter\Session\Handlers\FileHandler' driver.
INFO - 2024-07-08 14:26:43 --> Session: Class initialized using 'CodeIgniter\Session\Handlers\FileHandler' driver.
INFO - 2024-07-08 14:33:44 --> Session: Class initialized using 'CodeIgniter\Session\Handlers\FileHandler' driver.
INFO - 2024-07-08 14:34:15 --> Session: Class initialized using 'CodeIgniter\Session\Handlers\FileHandler' driver.
ERROR - 2024-07-08 14:34:15 --> mysqli_sql_exception: Column 'ibuAlamat' cannot be null in E:\Project\klinik-bersalin\system\Database\MySQLi\Connection.php:312
Stack trace:
#0 E:\Project\klinik-bersalin\system\Database\MySQLi\Connection.php(312): mysqli->query('INSERT INTO `ib...', 0)
#1 E:\Project\klinik-bersalin\system\Database\BaseConnection.php(734): CodeIgniter\Database\MySQLi\Connection->execute('INSERT INTO `ib...')
#2 E:\Project\klinik-bersalin\system\Database\BaseConnection.php(648): CodeIgniter\Database\BaseConnection->simpleQuery('INSERT INTO `ib...')
#3 E:\Project\klinik-bersalin\system\Database\BaseBuilder.php(2332): CodeIgniter\Database\BaseConnection->query('INSERT INTO `ib...', Array, false)
#4 E:\Project\klinik-bersalin\system\Model.php(394): CodeIgniter\Database\BaseBuilder->insert()
#5 E:\Project\klinik-bersalin\system\BaseModel.php(840): CodeIgniter\Model->doInsert(Array)
#6 E:\Project\klinik-bersalin\system\Model.php(802): CodeIgniter\BaseModel->insert(Array, true)
#7 E:\Project\klinik-bersalin\app\Models\IbuModel.php(41): CodeIgniter\Model->insert(Array)
#8 E:\Project\klinik-bersalin\app\Controllers\Save.php(60): App\Models\IbuModel->saveIbu(Array)
#9 E:\Project\klinik-bersalin\system\CodeIgniter.php(933): App\Controllers\Save->store_ibus()
#10 E:\Project\klinik-bersalin\system\CodeIgniter.php(509): CodeIgniter\CodeIgniter->runController(Object(App\Controllers\Save))
#11 E:\Project\klinik-bersalin\system\CodeIgniter.php(355): CodeIgniter\CodeIgniter->handleRequest(NULL, Object(Config\Cache), false)
#12 E:\Project\klinik-bersalin\system\Boot.php(325): CodeIgniter\CodeIgniter->run()
#13 E:\Project\klinik-bersalin\system\Boot.php(67): CodeIgniter\Boot::runCodeIgniter(Object(CodeIgniter\CodeIgniter))
#14 E:\Project\klinik-bersalin\public\index.php(56): CodeIgniter\Boot::bootWeb(Object(Config\Paths))
#15 E:\Project\klinik-bersalin\system\rewrite.php(44): require_once('E:\\Project\\klin...')
#16 {main}
CRITICAL - 2024-07-08 14:34:15 --> CodeIgniter\Database\Exceptions\DatabaseException: Column 'ibuAlamat' cannot be null
[Method: POST, Route: add-ibus]
in SYSTEMPATH\Database\BaseConnection.php on line 688.
 1 SYSTEMPATH\Database\BaseBuilder.php(2332): CodeIgniter\Database\BaseConnection->query('INSERT INTO `ibu` (`ibuNIK`, `ibuNama`, `ibuSuami`, `ibuTanggalLahir`, `ibuAlamat`, `ibuRtRw`, `ibuKecamatan`, `ibuPendidikan`, `ibuPekerjaan`, `suamiPekerjaan`, `ibuAgama`, `ibuGolDarah`, `ibuNoHP`, `ibuID`) VALUES (:ibuNIK:, :ibuNama:, :ibuSuami:, :ibuTanggalLahir:, :ibuAlamat:, :ibuRtRw:, :ibuKecamatan:, :ibuPendidikan:, :ibuPekerjaan:, :suamiPekerjaan:, :ibuAgama:, :ibuGolDarah:, :ibuNoHP:, :ibuID:)', [...], false)
 2 SYSTEMPATH\Model.php(394): CodeIgniter\Database\BaseBuilder->insert()
 3 SYSTEMPATH\BaseModel.php(840): CodeIgniter\Model->doInsert([...])
 4 SYSTEMPATH\Model.php(802): CodeIgniter\BaseModel->insert([...], true)
 5 APPPATH\Models\IbuModel.php(41): CodeIgniter\Model->insert([...])
 6 APPPATH\Controllers\Save.php(60): App\Models\IbuModel->saveIbu([...])
 7 SYSTEMPATH\CodeIgniter.php(933): App\Controllers\Save->store_ibus()
 8 SYSTEMPATH\CodeIgniter.php(509): CodeIgniter\CodeIgniter->runController(Object(App\Controllers\Save))
 9 SYSTEMPATH\CodeIgniter.php(355): CodeIgniter\CodeIgniter->handleRequest(null, Object(Config\Cache), false)
10 SYSTEMPATH\Boot.php(325): CodeIgniter\CodeIgniter->run()
11 SYSTEMPATH\Boot.php(67): CodeIgniter\Boot::runCodeIgniter(Object(CodeIgniter\CodeIgniter))
12 FCPATH\index.php(56): CodeIgniter\Boot::bootWeb(Object(Config\Paths))
13 SYSTEMPATH\rewrite.php(44): require_once('E:\\Project\\klinik-bersalin\\public\\index.php')
CRITICAL - 2024-07-08 14:34:15 --> [Caused by] CodeIgniter\Database\Exceptions\DatabaseException: Column 'ibuAlamat' cannot be null
in SYSTEMPATH\Database\MySQLi\Connection.php on line 317.
 1 SYSTEMPATH\Database\BaseConnection.php(734): CodeIgniter\Database\MySQLi\Connection->execute('INSERT INTO `ibu` (`ibuNIK`, `ibuNama`, `ibuSuami`, `ibuTanggalLahir`, `ibuAlamat`, `ibuRtRw`, `ibuKecamatan`, `ibuPendidikan`, `ibuPekerjaan`, `suamiPekerjaan`, `ibuAgama`, `ibuGolDarah`, `ibuNoHP`, `ibuID`) VALUES (\'1\', \'1\', \'1\', \'2001-02-12\', NULL, \'12/1231\', \'12\', \'1231\', \'123123\', \'123123\', \'Islam\', \'Islam\', \'12\', \'IBU004\')')
 2 SYSTEMPATH\Database\BaseConnection.php(648): CodeIgniter\Database\BaseConnection->simpleQuery('INSERT INTO `ibu` (`ibuNIK`, `ibuNama`, `ibuSuami`, `ibuTanggalLahir`, `ibuAlamat`, `ibuRtRw`, `ibuKecamatan`, `ibuPendidikan`, `ibuPekerjaan`, `suamiPekerjaan`, `ibuAgama`, `ibuGolDarah`, `ibuNoHP`, `ibuID`) VALUES (\'1\', \'1\', \'1\', \'2001-02-12\', NULL, \'12/1231\', \'12\', \'1231\', \'123123\', \'123123\', \'Islam\', \'Islam\', \'12\', \'IBU004\')')
 3 SYSTEMPATH\Database\BaseBuilder.php(2332): CodeIgniter\Database\BaseConnection->query('INSERT INTO `ibu` (`ibuNIK`, `ibuNama`, `ibuSuami`, `ibuTanggalLahir`, `ibuAlamat`, `ibuRtRw`, `ibuKecamatan`, `ibuPendidikan`, `ibuPekerjaan`, `suamiPekerjaan`, `ibuAgama`, `ibuGolDarah`, `ibuNoHP`, `ibuID`) VALUES (:ibuNIK:, :ibuNama:, :ibuSuami:, :ibuTanggalLahir:, :ibuAlamat:, :ibuRtRw:, :ibuKecamatan:, :ibuPendidikan:, :ibuPekerjaan:, :suamiPekerjaan:, :ibuAgama:, :ibuGolDarah:, :ibuNoHP:, :ibuID:)', [...], false)
 4 SYSTEMPATH\Model.php(394): CodeIgniter\Database\BaseBuilder->insert()
 5 SYSTEMPATH\BaseModel.php(840): CodeIgniter\Model->doInsert([...])
 6 SYSTEMPATH\Model.php(802): CodeIgniter\BaseModel->insert([...], true)
 7 APPPATH\Models\IbuModel.php(41): CodeIgniter\Model->insert([...])
 8 APPPATH\Controllers\Save.php(60): App\Models\IbuModel->saveIbu([...])
 9 SYSTEMPATH\CodeIgniter.php(933): App\Controllers\Save->store_ibus()
10 SYSTEMPATH\CodeIgniter.php(509): CodeIgniter\CodeIgniter->runController(Object(App\Controllers\Save))
11 SYSTEMPATH\CodeIgniter.php(355): CodeIgniter\CodeIgniter->handleRequest(null, Object(Config\Cache), false)
12 SYSTEMPATH\Boot.php(325): CodeIgniter\CodeIgniter->run()
13 SYSTEMPATH\Boot.php(67): CodeIgniter\Boot::runCodeIgniter(Object(CodeIgniter\CodeIgniter))
14 FCPATH\index.php(56): CodeIgniter\Boot::bootWeb(Object(Config\Paths))
15 SYSTEMPATH\rewrite.php(44): require_once('E:\\Project\\klinik-bersalin\\public\\index.php')
CRITICAL - 2024-07-08 14:34:15 --> [Caused by] mysqli_sql_exception: Column 'ibuAlamat' cannot be null
in SYSTEMPATH\Database\MySQLi\Connection.php on line 312.
 1 SYSTEMPATH\Database\MySQLi\Connection.php(312): mysqli->query('INSERT INTO `ibu` (`ibuNIK`, `ibuNama`, `ibuSuami`, `ibuTanggalLahir`, `ibuAlamat`, `ibuRtRw`, `ibuKecamatan`, `ibuPendidikan`, `ibuPekerjaan`, `suamiPekerjaan`, `ibuAgama`, `ibuGolDarah`, `ibuNoHP`, `ibuID`) VALUES (\'1\', \'1\', \'1\', \'2001-02-12\', NULL, \'12/1231\', \'12\', \'1231\', \'123123\', \'123123\', \'Islam\', \'Islam\', \'12\', \'IBU004\')', 0)
 2 SYSTEMPATH\Database\BaseConnection.php(734): CodeIgniter\Database\MySQLi\Connection->execute('INSERT INTO `ibu` (`ibuNIK`, `ibuNama`, `ibuSuami`, `ibuTanggalLahir`, `ibuAlamat`, `ibuRtRw`, `ibuKecamatan`, `ibuPendidikan`, `ibuPekerjaan`, `suamiPekerjaan`, `ibuAgama`, `ibuGolDarah`, `ibuNoHP`, `ibuID`) VALUES (\'1\', \'1\', \'1\', \'2001-02-12\', NULL, \'12/1231\', \'12\', \'1231\', \'123123\', \'123123\', \'Islam\', \'Islam\', \'12\', \'IBU004\')')
 3 SYSTEMPATH\Database\BaseConnection.php(648): CodeIgniter\Database\BaseConnection->simpleQuery('INSERT INTO `ibu` (`ibuNIK`, `ibuNama`, `ibuSuami`, `ibuTanggalLahir`, `ibuAlamat`, `ibuRtRw`, `ibuKecamatan`, `ibuPendidikan`, `ibuPekerjaan`, `suamiPekerjaan`, `ibuAgama`, `ibuGolDarah`, `ibuNoHP`, `ibuID`) VALUES (\'1\', \'1\', \'1\', \'2001-02-12\', NULL, \'12/1231\', \'12\', \'1231\', \'123123\', \'123123\', \'Islam\', \'Islam\', \'12\', \'IBU004\')')
 4 SYSTEMPATH\Database\BaseBuilder.php(2332): CodeIgniter\Database\BaseConnection->query('INSERT INTO `ibu` (`ibuNIK`, `ibuNama`, `ibuSuami`, `ibuTanggalLahir`, `ibuAlamat`, `ibuRtRw`, `ibuKecamatan`, `ibuPendidikan`, `ibuPekerjaan`, `suamiPekerjaan`, `ibuAgama`, `ibuGolDarah`, `ibuNoHP`, `ibuID`) VALUES (:ibuNIK:, :ibuNama:, :ibuSuami:, :ibuTanggalLahir:, :ibuAlamat:, :ibuRtRw:, :ibuKecamatan:, :ibuPendidikan:, :ibuPekerjaan:, :suamiPekerjaan:, :ibuAgama:, :ibuGolDarah:, :ibuNoHP:, :ibuID:)', [...], false)
 5 SYSTEMPATH\Model.php(394): CodeIgniter\Database\BaseBuilder->insert()
 6 SYSTEMPATH\BaseModel.php(840): CodeIgniter\Model->doInsert([...])
 7 SYSTEMPATH\Model.php(802): CodeIgniter\BaseModel->insert([...], true)
 8 APPPATH\Models\IbuModel.php(41): CodeIgniter\Model->insert([...])
 9 APPPATH\Controllers\Save.php(60): App\Models\IbuModel->saveIbu([...])
10 SYSTEMPATH\CodeIgniter.php(933): App\Controllers\Save->store_ibus()
11 SYSTEMPATH\CodeIgniter.php(509): CodeIgniter\CodeIgniter->runController(Object(App\Controllers\Save))
12 SYSTEMPATH\CodeIgniter.php(355): CodeIgniter\CodeIgniter->handleRequest(null, Object(Config\Cache), false)
13 SYSTEMPATH\Boot.php(325): CodeIgniter\CodeIgniter->run()
14 SYSTEMPATH\Boot.php(67): CodeIgniter\Boot::runCodeIgniter(Object(CodeIgniter\CodeIgniter))
15 FCPATH\index.php(56): CodeIgniter\Boot::bootWeb(Object(Config\Paths))
16 SYSTEMPATH\rewrite.php(44): require_once('E:\\Project\\klinik-bersalin\\public\\index.php')
INFO - 2024-07-08 14:34:25 --> Session: Class initialized using 'CodeIgniter\Session\Handlers\FileHandler' driver.
INFO - 2024-07-08 14:34:43 --> Session: Class initialized using 'CodeIgniter\Session\Handlers\FileHandler' driver.
INFO - 2024-07-08 14:34:59 --> Session: Class initialized using 'CodeIgniter\Session\Handlers\FileHandler' driver.
INFO - 2024-07-08 14:35:00 --> Session: Class initialized using 'CodeIgniter\Session\Handlers\FileHandler' driver.
INFO - 2024-07-08 14:37:05 --> Session: Class initialized using 'CodeIgniter\Session\Handlers\FileHandler' driver.
INFO - 2024-07-08 14:37:08 --> Session: Class initialized using 'CodeIgniter\Session\Handlers\FileHandler' driver.
INFO - 2024-07-08 14:37:44 --> Session: Class initialized using 'CodeIgniter\Session\Handlers\FileHandler' driver.
INFO - 2024-07-08 14:37:44 --> Session: Class initialized using 'CodeIgniter\Session\Handlers\FileHandler' driver.
INFO - 2024-07-08 14:38:06 --> Session: Class initialized using 'CodeIgniter\Session\Handlers\FileHandler' driver.
INFO - 2024-07-08 14:39:03 --> Session: Class initialized using 'CodeIgniter\Session\Handlers\FileHandler' driver.
INFO - 2024-07-08 14:39:27 --> Session: Class initialized using 'CodeIgniter\Session\Handlers\FileHandler' driver.
INFO - 2024-07-08 14:39:37 --> Session: Class initialized using 'CodeIgniter\Session\Handlers\FileHandler' driver.
INFO - 2024-07-08 14:42:37 --> Session: Class initialized using 'CodeIgniter\Session\Handlers\FileHandler' driver.
INFO - 2024-07-08 14:42:52 --> Session: Class initialized using 'CodeIgniter\Session\Handlers\FileHandler' driver.
INFO - 2024-07-08 14:43:16 --> Session: Class initialized using 'CodeIgniter\Session\Handlers\FileHandler' driver.
INFO - 2024-07-08 14:43:16 --> Session: Class initialized using 'CodeIgniter\Session\Handlers\FileHandler' driver.
INFO - 2024-07-08 14:44:29 --> Session: Class initialized using 'CodeIgniter\Session\Handlers\FileHandler' driver.
INFO - 2024-07-08 14:44:37 --> Session: Class initialized using 'CodeIgniter\Session\Handlers\FileHandler' driver.
INFO - 2024-07-08 14:44:38 --> Session: Class initialized using 'CodeIgniter\Session\Handlers\FileHandler' driver.
INFO - 2024-07-08 14:45:34 --> Session: Class initialized using 'CodeIgniter\Session\Handlers\FileHandler' driver.
CRITICAL - 2024-07-08 14:45:34 --> ErrorException: Trying to access array offset on value of type null
[Method: GET, Route: edit-ibus/IBU001]
in APPPATH\Views\page\content\form\edit_ibus.php on line 19.
 1 APPPATH\Views\page\content\form\edit_ibus.php(19): CodeIgniter\Debug\Exceptions->errorHandler(2, 'Trying to access array offset on value of type null', 'E:\\Project\\klinik-bersalin\\app\\Views\\page\\content\\form\\edit_ibus.php', 19)
 2 SYSTEMPATH\View\View.php(234): include('E:\\Project\\klinik-bersalin\\app\\Views\\page\\content\\form\\edit_ibus.php')
 3 SYSTEMPATH\View\View.php(237): CodeIgniter\View\View->CodeIgniter\View\{closure}()
 4 SYSTEMPATH\Common.php(1171): CodeIgniter\View\View->render('page/content/form/edit_ibus', [], true)
 5 APPPATH\Controllers\Menu.php(86): view('page/content/form/edit_ibus', [...])
 6 SYSTEMPATH\CodeIgniter.php(933): App\Controllers\Menu->edit_ibus('IBU001')
 7 SYSTEMPATH\CodeIgniter.php(509): CodeIgniter\CodeIgniter->runController(Object(App\Controllers\Menu))
 8 SYSTEMPATH\CodeIgniter.php(355): CodeIgniter\CodeIgniter->handleRequest(null, Object(Config\Cache), false)
 9 SYSTEMPATH\Boot.php(325): CodeIgniter\CodeIgniter->run()
10 SYSTEMPATH\Boot.php(67): CodeIgniter\Boot::runCodeIgniter(Object(CodeIgniter\CodeIgniter))
11 FCPATH\index.php(56): CodeIgniter\Boot::bootWeb(Object(Config\Paths))
12 SYSTEMPATH\rewrite.php(44): require_once('E:\\Project\\klinik-bersalin\\public\\index.php')
INFO - 2024-07-08 14:45:48 --> Session: Class initialized using 'CodeIgniter\Session\Handlers\FileHandler' driver.
CRITICAL - 2024-07-08 14:45:48 --> ErrorException: Undefined variable $ibu
[Method: GET, Route: edit-ibus/IBU001]
in APPPATH\Views\page\content\form\edit_ibus.php on line 19.
 1 APPPATH\Views\page\content\form\edit_ibus.php(19): CodeIgniter\Debug\Exceptions->errorHandler(2, 'Undefined variable $ibu', 'E:\\Project\\klinik-bersalin\\app\\Views\\page\\content\\form\\edit_ibus.php', 19)
 2 SYSTEMPATH\View\View.php(234): include('E:\\Project\\klinik-bersalin\\app\\Views\\page\\content\\form\\edit_ibus.php')
 3 SYSTEMPATH\View\View.php(237): CodeIgniter\View\View->CodeIgniter\View\{closure}()
 4 SYSTEMPATH\Common.php(1171): CodeIgniter\View\View->render('page/content/form/edit_ibus', [], true)
 5 APPPATH\Controllers\Menu.php(86): view('page/content/form/edit_ibus', [...])
 6 SYSTEMPATH\CodeIgniter.php(933): App\Controllers\Menu->edit_ibus('IBU001')
 7 SYSTEMPATH\CodeIgniter.php(509): CodeIgniter\CodeIgniter->runController(Object(App\Controllers\Menu))
 8 SYSTEMPATH\CodeIgniter.php(355): CodeIgniter\CodeIgniter->handleRequest(null, Object(Config\Cache), false)
 9 SYSTEMPATH\Boot.php(325): CodeIgniter\CodeIgniter->run()
10 SYSTEMPATH\Boot.php(67): CodeIgniter\Boot::runCodeIgniter(Object(CodeIgniter\CodeIgniter))
11 FCPATH\index.php(56): CodeIgniter\Boot::bootWeb(Object(Config\Paths))
12 SYSTEMPATH\rewrite.php(44): require_once('E:\\Project\\klinik-bersalin\\public\\index.php')
INFO - 2024-07-08 14:46:05 --> Session: Class initialized using 'CodeIgniter\Session\Handlers\FileHandler' driver.
CRITICAL - 2024-07-08 14:46:05 --> ErrorException: Undefined array key "ibuEmail"
[Method: GET, Route: edit-ibus/IBU001]
in APPPATH\Views\page\content\form\edit_ibus.php on line 43.
 1 APPPATH\Views\page\content\form\edit_ibus.php(43): CodeIgniter\Debug\Exceptions->errorHandler(2, 'Undefined array key "ibuEmail"', 'E:\\Project\\klinik-bersalin\\app\\Views\\page\\content\\form\\edit_ibus.php', 43)
 2 SYSTEMPATH\View\View.php(234): include('E:\\Project\\klinik-bersalin\\app\\Views\\page\\content\\form\\edit_ibus.php')
 3 SYSTEMPATH\View\View.php(237): CodeIgniter\View\View->CodeIgniter\View\{closure}()
 4 SYSTEMPATH\Common.php(1171): CodeIgniter\View\View->render('page/content/form/edit_ibus', [], true)
 5 APPPATH\Controllers\Menu.php(86): view('page/content/form/edit_ibus', [...])
 6 SYSTEMPATH\CodeIgniter.php(933): App\Controllers\Menu->edit_ibus('IBU001')
 7 SYSTEMPATH\CodeIgniter.php(509): CodeIgniter\CodeIgniter->runController(Object(App\Controllers\Menu))
 8 SYSTEMPATH\CodeIgniter.php(355): CodeIgniter\CodeIgniter->handleRequest(null, Object(Config\Cache), false)
 9 SYSTEMPATH\Boot.php(325): CodeIgniter\CodeIgniter->run()
10 SYSTEMPATH\Boot.php(67): CodeIgniter\Boot::runCodeIgniter(Object(CodeIgniter\CodeIgniter))
11 FCPATH\index.php(56): CodeIgniter\Boot::bootWeb(Object(Config\Paths))
12 SYSTEMPATH\rewrite.php(44): require_once('E:\\Project\\klinik-bersalin\\public\\index.php')
INFO - 2024-07-08 14:46:43 --> Session: Class initialized using 'CodeIgniter\Session\Handlers\FileHandler' driver.
INFO - 2024-07-08 14:48:11 --> Session: Class initialized using 'CodeIgniter\Session\Handlers\FileHandler' driver.
INFO - 2024-07-08 14:48:33 --> Session: Class initialized using 'CodeIgniter\Session\Handlers\FileHandler' driver.
INFO - 2024-07-08 14:50:19 --> Session: Class initialized using 'CodeIgniter\Session\Handlers\FileHandler' driver.
CRITICAL - 2024-07-08 14:50:19 --> ErrorException: Undefined array key "rt"
[Method: GET, Route: edit-ibus/IBU001]
in APPPATH\Views\page\content\form\edit_ibus.php on line 110.
 1 APPPATH\Views\page\content\form\edit_ibus.php(110): CodeIgniter\Debug\Exceptions->errorHandler(2, 'Undefined array key "rt"', 'E:\\Project\\klinik-bersalin\\app\\Views\\page\\content\\form\\edit_ibus.php', 110)
 2 SYSTEMPATH\View\View.php(234): include('E:\\Project\\klinik-bersalin\\app\\Views\\page\\content\\form\\edit_ibus.php')
 3 SYSTEMPATH\View\View.php(237): CodeIgniter\View\View->CodeIgniter\View\{closure}()
 4 SYSTEMPATH\Common.php(1171): CodeIgniter\View\View->render('page/content/form/edit_ibus', [], true)
 5 APPPATH\Controllers\Menu.php(86): view('page/content/form/edit_ibus', [...])
 6 SYSTEMPATH\CodeIgniter.php(933): App\Controllers\Menu->edit_ibus('IBU001')
 7 SYSTEMPATH\CodeIgniter.php(509): CodeIgniter\CodeIgniter->runController(Object(App\Controllers\Menu))
 8 SYSTEMPATH\CodeIgniter.php(355): CodeIgniter\CodeIgniter->handleRequest(null, Object(Config\Cache), false)
 9 SYSTEMPATH\Boot.php(325): CodeIgniter\CodeIgniter->run()
10 SYSTEMPATH\Boot.php(67): CodeIgniter\Boot::runCodeIgniter(Object(CodeIgniter\CodeIgniter))
11 FCPATH\index.php(56): CodeIgniter\Boot::bootWeb(Object(Config\Paths))
12 SYSTEMPATH\rewrite.php(44): require_once('E:\\Project\\klinik-bersalin\\public\\index.php')
INFO - 2024-07-08 14:50:28 --> Session: Class initialized using 'CodeIgniter\Session\Handlers\FileHandler' driver.
INFO - 2024-07-08 14:51:14 --> Session: Class initialized using 'CodeIgniter\Session\Handlers\FileHandler' driver.
INFO - 2024-07-08 14:52:37 --> Session: Class initialized using 'CodeIgniter\Session\Handlers\FileHandler' driver.
INFO - 2024-07-08 14:53:31 --> Session: Class initialized using 'CodeIgniter\Session\Handlers\FileHandler' driver.
INFO - 2024-07-08 14:55:16 --> Session: Class initialized using 'CodeIgniter\Session\Handlers\FileHandler' driver.
INFO - 2024-07-08 14:55:22 --> Session: Class initialized using 'CodeIgniter\Session\Handlers\FileHandler' driver.
INFO - 2024-07-08 14:55:26 --> Session: Class initialized using 'CodeIgniter\Session\Handlers\FileHandler' driver.
INFO - 2024-07-08 14:57:44 --> Session: Class initialized using 'CodeIgniter\Session\Handlers\FileHandler' driver.
INFO - 2024-07-08 14:57:47 --> Session: Class initialized using 'CodeIgniter\Session\Handlers\FileHandler' driver.
INFO - 2024-07-08 14:57:48 --> Session: Class initialized using 'CodeIgniter\Session\Handlers\FileHandler' driver.
INFO - 2024-07-08 14:57:52 --> Session: Class initialized using 'CodeIgniter\Session\Handlers\FileHandler' driver.
INFO - 2024-07-08 14:57:59 --> Session: Class initialized using 'CodeIgniter\Session\Handlers\FileHandler' driver.
INFO - 2024-07-08 14:57:59 --> Session: Class initialized using 'CodeIgniter\Session\Handlers\FileHandler' driver.
INFO - 2024-07-08 14:58:02 --> Session: Class initialized using 'CodeIgniter\Session\Handlers\FileHandler' driver.
INFO - 2024-07-08 14:58:09 --> Session: Class initialized using 'CodeIgniter\Session\Handlers\FileHandler' driver.
INFO - 2024-07-08 14:58:09 --> Session: Class initialized using 'CodeIgniter\Session\Handlers\FileHandler' driver.
INFO - 2024-07-08 14:58:31 --> Session: Class initialized using 'CodeIgniter\Session\Handlers\FileHandler' driver.
INFO - 2024-07-08 14:58:39 --> Session: Class initialized using 'CodeIgniter\Session\Handlers\FileHandler' driver.
INFO - 2024-07-08 14:58:44 --> Session: Class initialized using 'CodeIgniter\Session\Handlers\FileHandler' driver.
INFO - 2024-07-08 14:58:59 --> Session: Class initialized using 'CodeIgniter\Session\Handlers\FileHandler' driver.
INFO - 2024-07-08 14:59:42 --> Session: Class initialized using 'CodeIgniter\Session\Handlers\FileHandler' driver.
INFO - 2024-07-08 15:00:08 --> Session: Class initialized using 'CodeIgniter\Session\Handlers\FileHandler' driver.
INFO - 2024-07-08 15:00:40 --> Session: Class initialized using 'CodeIgniter\Session\Handlers\FileHandler' driver.
INFO - 2024-07-08 15:00:58 --> Session: Class initialized using 'CodeIgniter\Session\Handlers\FileHandler' driver.
INFO - 2024-07-08 15:01:04 --> Session: Class initialized using 'CodeIgniter\Session\Handlers\FileHandler' driver.
INFO - 2024-07-08 15:01:26 --> Session: Class initialized using 'CodeIgniter\Session\Handlers\FileHandler' driver.
INFO - 2024-07-08 15:01:52 --> Session: Class initialized using 'CodeIgniter\Session\Handlers\FileHandler' driver.
INFO - 2024-07-08 15:02:09 --> Session: Class initialized using 'CodeIgniter\Session\Handlers\FileHandler' driver.
INFO - 2024-07-08 15:02:35 --> Session: Class initialized using 'CodeIgniter\Session\Handlers\FileHandler' driver.
INFO - 2024-07-08 15:02:58 --> Session: Class initialized using 'CodeIgniter\Session\Handlers\FileHandler' driver.
INFO - 2024-07-08 15:03:09 --> Session: Class initialized using 'CodeIgniter\Session\Handlers\FileHandler' driver.
INFO - 2024-07-08 15:03:21 --> Session: Class initialized using 'CodeIgniter\Session\Handlers\FileHandler' driver.
INFO - 2024-07-08 15:03:25 --> Session: Class initialized using 'CodeIgniter\Session\Handlers\FileHandler' driver.
INFO - 2024-07-08 15:03:28 --> Session: Class initialized using 'CodeIgniter\Session\Handlers\FileHandler' driver.
INFO - 2024-07-08 15:03:46 --> Session: Class initialized using 'CodeIgniter\Session\Handlers\FileHandler' driver.
INFO - 2024-07-08 15:03:50 --> Session: Class initialized using 'CodeIgniter\Session\Handlers\FileHandler' driver.
INFO - 2024-07-08 15:06:17 --> Session: Class initialized using 'CodeIgniter\Session\Handlers\FileHandler' driver.
INFO - 2024-07-08 15:06:59 --> Session: Class initialized using 'CodeIgniter\Session\Handlers\FileHandler' driver.
INFO - 2024-07-08 15:07:41 --> Session: Class initialized using 'CodeIgniter\Session\Handlers\FileHandler' driver.
INFO - 2024-07-08 15:08:05 --> Session: Class initialized using 'CodeIgniter\Session\Handlers\FileHandler' driver.
INFO - 2024-07-08 15:08:17 --> Session: Class initialized using 'CodeIgniter\Session\Handlers\FileHandler' driver.
INFO - 2024-07-08 15:08:41 --> Session: Class initialized using 'CodeIgniter\Session\Handlers\FileHandler' driver.
INFO - 2024-07-08 15:09:00 --> Session: Class initialized using 'CodeIgniter\Session\Handlers\FileHandler' driver.
INFO - 2024-07-08 15:09:17 --> Session: Class initialized using 'CodeIgniter\Session\Handlers\FileHandler' driver.
INFO - 2024-07-08 15:10:14 --> Session: Class initialized using 'CodeIgniter\Session\Handlers\FileHandler' driver.
INFO - 2024-07-08 15:11:54 --> Session: Class initialized using 'CodeIgniter\Session\Handlers\FileHandler' driver.
INFO - 2024-07-08 15:12:14 --> Session: Class initialized using 'CodeIgniter\Session\Handlers\FileHandler' driver.
INFO - 2024-07-08 15:12:33 --> Session: Class initialized using 'CodeIgniter\Session\Handlers\FileHandler' driver.
INFO - 2024-07-08 15:12:40 --> Session: Class initialized using 'CodeIgniter\Session\Handlers\FileHandler' driver.
INFO - 2024-07-08 15:12:46 --> Session: Class initialized using 'CodeIgniter\Session\Handlers\FileHandler' driver.
INFO - 2024-07-08 15:13:02 --> Session: Class initialized using 'CodeIgniter\Session\Handlers\FileHandler' driver.
INFO - 2024-07-08 15:13:51 --> Session: Class initialized using 'CodeIgniter\Session\Handlers\FileHandler' driver.
INFO - 2024-07-08 15:14:15 --> Session: Class initialized using 'CodeIgniter\Session\Handlers\FileHandler' driver.
INFO - 2024-07-08 15:14:22 --> Session: Class initialized using 'CodeIgniter\Session\Handlers\FileHandler' driver.
INFO - 2024-07-08 15:15:03 --> Session: Class initialized using 'CodeIgniter\Session\Handlers\FileHandler' driver.
INFO - 2024-07-08 15:15:50 --> Session: Class initialized using 'CodeIgniter\Session\Handlers\FileHandler' driver.
INFO - 2024-07-08 15:16:18 --> Session: Class initialized using 'CodeIgniter\Session\Handlers\FileHandler' driver.
INFO - 2024-07-08 15:16:48 --> Session: Class initialized using 'CodeIgniter\Session\Handlers\FileHandler' driver.
INFO - 2024-07-08 15:18:06 --> Session: Class initialized using 'CodeIgniter\Session\Handlers\FileHandler' driver.
INFO - 2024-07-08 15:18:16 --> Session: Class initialized using 'CodeIgniter\Session\Handlers\FileHandler' driver.
INFO - 2024-07-08 15:18:25 --> Session: Class initialized using 'CodeIgniter\Session\Handlers\FileHandler' driver.
INFO - 2024-07-08 15:18:57 --> Session: Class initialized using 'CodeIgniter\Session\Handlers\FileHandler' driver.
INFO - 2024-07-08 15:19:43 --> Session: Class initialized using 'CodeIgniter\Session\Handlers\FileHandler' driver.
INFO - 2024-07-08 15:20:05 --> Session: Class initialized using 'CodeIgniter\Session\Handlers\FileHandler' driver.
INFO - 2024-07-08 15:20:52 --> Session: Class initialized using 'CodeIgniter\Session\Handlers\FileHandler' driver.
INFO - 2024-07-08 15:20:55 --> Session: Class initialized using 'CodeIgniter\Session\Handlers\FileHandler' driver.
INFO - 2024-07-08 15:21:04 --> Session: Class initialized using 'CodeIgniter\Session\Handlers\FileHandler' driver.
INFO - 2024-07-08 15:21:13 --> Session: Class initialized using 'CodeIgniter\Session\Handlers\FileHandler' driver.
INFO - 2024-07-08 15:21:16 --> Session: Class initialized using 'CodeIgniter\Session\Handlers\FileHandler' driver.
INFO - 2024-07-08 15:21:20 --> Session: Class initialized using 'CodeIgniter\Session\Handlers\FileHandler' driver.
INFO - 2024-07-08 15:21:27 --> Session: Class initialized using 'CodeIgniter\Session\Handlers\FileHandler' driver.
INFO - 2024-07-08 15:21:29 --> Session: Class initialized using 'CodeIgniter\Session\Handlers\FileHandler' driver.
INFO - 2024-07-08 15:32:27 --> Session: Class initialized using 'CodeIgniter\Session\Handlers\FileHandler' driver.
INFO - 2024-07-08 15:32:29 --> Session: Class initialized using 'CodeIgniter\Session\Handlers\FileHandler' driver.
INFO - 2024-07-08 15:32:33 --> Session: Class initialized using 'CodeIgniter\Session\Handlers\FileHandler' driver.
INFO - 2024-07-08 15:34:05 --> Session: Class initialized using 'CodeIgniter\Session\Handlers\FileHandler' driver.
INFO - 2024-07-08 15:34:28 --> Session: Class initialized using 'CodeIgniter\Session\Handlers\FileHandler' driver.
INFO - 2024-07-08 15:34:51 --> Session: Class initialized using 'CodeIgniter\Session\Handlers\FileHandler' driver.
INFO - 2024-07-08 15:35:08 --> Session: Class initialized using 'CodeIgniter\Session\Handlers\FileHandler' driver.
INFO - 2024-07-08 15:35:17 --> Session: Class initialized using 'CodeIgniter\Session\Handlers\FileHandler' driver.
INFO - 2024-07-08 15:35:20 --> Session: Class initialized using 'CodeIgniter\Session\Handlers\FileHandler' driver.
INFO - 2024-07-08 15:35:40 --> Session: Class initialized using 'CodeIgniter\Session\Handlers\FileHandler' driver.
INFO - 2024-07-08 15:37:06 --> Session: Class initialized using 'CodeIgniter\Session\Handlers\FileHandler' driver.
INFO - 2024-07-08 15:45:45 --> Session: Class initialized using 'CodeIgniter\Session\Handlers\FileHandler' driver.
CRITICAL - 2024-07-08 15:45:45 --> ErrorException: Undefined array key "ibuID"
[Method: GET, Route: ibus]
in APPPATH\Views\page\content\ibus.php on line 72.
 1 APPPATH\Views\page\content\ibus.php(72): CodeIgniter\Debug\Exceptions->errorHandler(2, 'Undefined array key "ibuID"', 'E:\\Project\\klinik-bersalin\\app\\Views\\page\\content\\ibus.php', 72)
 2 SYSTEMPATH\View\View.php(234): include('E:\\Project\\klinik-bersalin\\app\\Views\\page\\content\\ibus.php')
 3 SYSTEMPATH\View\View.php(237): CodeIgniter\View\View->CodeIgniter\View\{closure}()
 4 SYSTEMPATH\Common.php(1171): CodeIgniter\View\View->render('page/content/ibus', [], true)
 5 APPPATH\Controllers\Menu.php(67): view('page/content/ibus', [...])
 6 SYSTEMPATH\CodeIgniter.php(933): App\Controllers\Menu->ibus()
 7 SYSTEMPATH\CodeIgniter.php(509): CodeIgniter\CodeIgniter->runController(Object(App\Controllers\Menu))
 8 SYSTEMPATH\CodeIgniter.php(355): CodeIgniter\CodeIgniter->handleRequest(null, Object(Config\Cache), false)
 9 SYSTEMPATH\Boot.php(325): CodeIgniter\CodeIgniter->run()
10 SYSTEMPATH\Boot.php(67): CodeIgniter\Boot::runCodeIgniter(Object(CodeIgniter\CodeIgniter))
11 FCPATH\index.php(56): CodeIgniter\Boot::bootWeb(Object(Config\Paths))
12 SYSTEMPATH\rewrite.php(44): require_once('E:\\Project\\klinik-bersalin\\public\\index.php')
INFO - 2024-07-08 15:46:09 --> Session: Class initialized using 'CodeIgniter\Session\Handlers\FileHandler' driver.
INFO - 2024-07-08 15:46:39 --> Session: Class initialized using 'CodeIgniter\Session\Handlers\FileHandler' driver.
ERROR - 2024-07-08 15:46:39 --> mysqli_sql_exception: Unknown column 'ibu.ibuID' in 'where clause' in E:\Project\klinik-bersalin\system\Database\MySQLi\Connection.php:312
Stack trace:
#0 E:\Project\klinik-bersalin\system\Database\MySQLi\Connection.php(312): mysqli->query('SELECT *\nFROM `...', 0)
#1 E:\Project\klinik-bersalin\system\Database\BaseConnection.php(734): CodeIgniter\Database\MySQLi\Connection->execute('SELECT *\nFROM `...')
#2 E:\Project\klinik-bersalin\system\Database\BaseConnection.php(648): CodeIgniter\Database\BaseConnection->simpleQuery('SELECT *\nFROM `...')
#3 E:\Project\klinik-bersalin\system\Database\BaseBuilder.php(1636): CodeIgniter\Database\BaseConnection->query('SELECT *\nFROM `...', Array, false)
#4 E:\Project\klinik-bersalin\system\Model.php(210): CodeIgniter\Database\BaseBuilder->get()
#5 E:\Project\klinik-bersalin\system\BaseModel.php(610): CodeIgniter\Model->doFind(true, '001')
#6 E:\Project\klinik-bersalin\app\Controllers\Menu.php(85): CodeIgniter\BaseModel->find('001')
#7 E:\Project\klinik-bersalin\system\CodeIgniter.php(933): App\Controllers\Menu->edit_ibus('001', 'KB', '07', '2024')
#8 E:\Project\klinik-bersalin\system\CodeIgniter.php(509): CodeIgniter\CodeIgniter->runController(Object(App\Controllers\Menu))
#9 E:\Project\klinik-bersalin\system\CodeIgniter.php(355): CodeIgniter\CodeIgniter->handleRequest(NULL, Object(Config\Cache), false)
#10 E:\Project\klinik-bersalin\system\Boot.php(325): CodeIgniter\CodeIgniter->run()
#11 E:\Project\klinik-bersalin\system\Boot.php(67): CodeIgniter\Boot::runCodeIgniter(Object(CodeIgniter\CodeIgniter))
#12 E:\Project\klinik-bersalin\public\index.php(56): CodeIgniter\Boot::bootWeb(Object(Config\Paths))
#13 E:\Project\klinik-bersalin\system\rewrite.php(44): require_once('E:\\Project\\klin...')
#14 {main}
CRITICAL - 2024-07-08 15:46:39 --> CodeIgniter\Database\Exceptions\DatabaseException: Unknown column 'ibu.ibuID' in 'where clause'
[Method: GET, Route: edit-ibus/001/KB/07/2024]
in SYSTEMPATH\Database\BaseConnection.php on line 688.
 1 SYSTEMPATH\Database\BaseBuilder.php(1636): CodeIgniter\Database\BaseConnection->query('SELECT *
FROM `ibu`
WHERE `ibu`.`ibuID` = :ibu.ibuID:', [...], false)
 2 SYSTEMPATH\Model.php(210): CodeIgniter\Database\BaseBuilder->get()
 3 SYSTEMPATH\BaseModel.php(610): CodeIgniter\Model->doFind(true, '001')
 4 APPPATH\Controllers\Menu.php(85): CodeIgniter\BaseModel->find('001')
 5 SYSTEMPATH\CodeIgniter.php(933): App\Controllers\Menu->edit_ibus('001', 'KB', '07', '2024')
 6 SYSTEMPATH\CodeIgniter.php(509): CodeIgniter\CodeIgniter->runController(Object(App\Controllers\Menu))
 7 SYSTEMPATH\CodeIgniter.php(355): CodeIgniter\CodeIgniter->handleRequest(null, Object(Config\Cache), false)
 8 SYSTEMPATH\Boot.php(325): CodeIgniter\CodeIgniter->run()
 9 SYSTEMPATH\Boot.php(67): CodeIgniter\Boot::runCodeIgniter(Object(CodeIgniter\CodeIgniter))
10 FCPATH\index.php(56): CodeIgniter\Boot::bootWeb(Object(Config\Paths))
11 SYSTEMPATH\rewrite.php(44): require_once('E:\\Project\\klinik-bersalin\\public\\index.php')
CRITICAL - 2024-07-08 15:46:39 --> [Caused by] CodeIgniter\Database\Exceptions\DatabaseException: Unknown column 'ibu.ibuID' in 'where clause'
in SYSTEMPATH\Database\MySQLi\Connection.php on line 317.
 1 SYSTEMPATH\Database\BaseConnection.php(734): CodeIgniter\Database\MySQLi\Connection->execute('SELECT *
FROM `ibu`
WHERE `ibu`.`ibuID` = \'001\'')
 2 SYSTEMPATH\Database\BaseConnection.php(648): CodeIgniter\Database\BaseConnection->simpleQuery('SELECT *
FROM `ibu`
WHERE `ibu`.`ibuID` = \'001\'')
 3 SYSTEMPATH\Database\BaseBuilder.php(1636): CodeIgniter\Database\BaseConnection->query('SELECT *
FROM `ibu`
WHERE `ibu`.`ibuID` = :ibu.ibuID:', [...], false)
 4 SYSTEMPATH\Model.php(210): CodeIgniter\Database\BaseBuilder->get()
 5 SYSTEMPATH\BaseModel.php(610): CodeIgniter\Model->doFind(true, '001')
 6 APPPATH\Controllers\Menu.php(85): CodeIgniter\BaseModel->find('001')
 7 SYSTEMPATH\CodeIgniter.php(933): App\Controllers\Menu->edit_ibus('001', 'KB', '07', '2024')
 8 SYSTEMPATH\CodeIgniter.php(509): CodeIgniter\CodeIgniter->runController(Object(App\Controllers\Menu))
 9 SYSTEMPATH\CodeIgniter.php(355): CodeIgniter\CodeIgniter->handleRequest(null, Object(Config\Cache), false)
10 SYSTEMPATH\Boot.php(325): CodeIgniter\CodeIgniter->run()
11 SYSTEMPATH\Boot.php(67): CodeIgniter\Boot::runCodeIgniter(Object(CodeIgniter\CodeIgniter))
12 FCPATH\index.php(56): CodeIgniter\Boot::bootWeb(Object(Config\Paths))
13 SYSTEMPATH\rewrite.php(44): require_once('E:\\Project\\klinik-bersalin\\public\\index.php')
CRITICAL - 2024-07-08 15:46:39 --> [Caused by] mysqli_sql_exception: Unknown column 'ibu.ibuID' in 'where clause'
in SYSTEMPATH\Database\MySQLi\Connection.php on line 312.
 1 SYSTEMPATH\Database\MySQLi\Connection.php(312): mysqli->query('SELECT *
FROM `ibu`
WHERE `ibu`.`ibuID` = \'001\'', 0)
 2 SYSTEMPATH\Database\BaseConnection.php(734): CodeIgniter\Database\MySQLi\Connection->execute('SELECT *
FROM `ibu`
WHERE `ibu`.`ibuID` = \'001\'')
 3 SYSTEMPATH\Database\BaseConnection.php(648): CodeIgniter\Database\BaseConnection->simpleQuery('SELECT *
FROM `ibu`
WHERE `ibu`.`ibuID` = \'001\'')
 4 SYSTEMPATH\Database\BaseBuilder.php(1636): CodeIgniter\Database\BaseConnection->query('SELECT *
FROM `ibu`
WHERE `ibu`.`ibuID` = :ibu.ibuID:', [...], false)
 5 SYSTEMPATH\Model.php(210): CodeIgniter\Database\BaseBuilder->get()
 6 SYSTEMPATH\BaseModel.php(610): CodeIgniter\Model->doFind(true, '001')
 7 APPPATH\Controllers\Menu.php(85): CodeIgniter\BaseModel->find('001')
 8 SYSTEMPATH\CodeIgniter.php(933): App\Controllers\Menu->edit_ibus('001', 'KB', '07', '2024')
 9 SYSTEMPATH\CodeIgniter.php(509): CodeIgniter\CodeIgniter->runController(Object(App\Controllers\Menu))
10 SYSTEMPATH\CodeIgniter.php(355): CodeIgniter\CodeIgniter->handleRequest(null, Object(Config\Cache), false)
11 SYSTEMPATH\Boot.php(325): CodeIgniter\CodeIgniter->run()
12 SYSTEMPATH\Boot.php(67): CodeIgniter\Boot::runCodeIgniter(Object(CodeIgniter\CodeIgniter))
13 FCPATH\index.php(56): CodeIgniter\Boot::bootWeb(Object(Config\Paths))
14 SYSTEMPATH\rewrite.php(44): require_once('E:\\Project\\klinik-bersalin\\public\\index.php')
INFO - 2024-07-08 15:46:42 --> Session: Class initialized using 'CodeIgniter\Session\Handlers\FileHandler' driver.
INFO - 2024-07-08 15:47:22 --> Session: Class initialized using 'CodeIgniter\Session\Handlers\FileHandler' driver.
CRITICAL - 2024-07-08 15:47:22 --> ErrorException: Undefined array key "ibuID"
[Method: GET, Route: ibus]
in APPPATH\Views\page\content\ibus.php on line 62.
 1 APPPATH\Views\page\content\ibus.php(62): CodeIgniter\Debug\Exceptions->errorHandler(2, 'Undefined array key "ibuID"', 'E:\\Project\\klinik-bersalin\\app\\Views\\page\\content\\ibus.php', 62)
 2 SYSTEMPATH\View\View.php(234): include('E:\\Project\\klinik-bersalin\\app\\Views\\page\\content\\ibus.php')
 3 SYSTEMPATH\View\View.php(237): CodeIgniter\View\View->CodeIgniter\View\{closure}()
 4 SYSTEMPATH\Common.php(1171): CodeIgniter\View\View->render('page/content/ibus', [], true)
 5 APPPATH\Controllers\Menu.php(67): view('page/content/ibus', [...])
 6 SYSTEMPATH\CodeIgniter.php(933): App\Controllers\Menu->ibus()
 7 SYSTEMPATH\CodeIgniter.php(509): CodeIgniter\CodeIgniter->runController(Object(App\Controllers\Menu))
 8 SYSTEMPATH\CodeIgniter.php(355): CodeIgniter\CodeIgniter->handleRequest(null, Object(Config\Cache), false)
 9 SYSTEMPATH\Boot.php(325): CodeIgniter\CodeIgniter->run()
10 SYSTEMPATH\Boot.php(67): CodeIgniter\Boot::runCodeIgniter(Object(CodeIgniter\CodeIgniter))
11 FCPATH\index.php(56): CodeIgniter\Boot::bootWeb(Object(Config\Paths))
12 SYSTEMPATH\rewrite.php(44): require_once('E:\\Project\\klinik-bersalin\\public\\index.php')
INFO - 2024-07-08 15:48:24 --> Session: Class initialized using 'CodeIgniter\Session\Handlers\FileHandler' driver.
CRITICAL - 2024-07-08 15:48:24 --> ErrorException: Undefined array key "ibuID"
[Method: GET, Route: ibus]
in APPPATH\Views\page\content\ibus.php on line 62.
 1 APPPATH\Views\page\content\ibus.php(62): CodeIgniter\Debug\Exceptions->errorHandler(2, 'Undefined array key "ibuID"', 'E:\\Project\\klinik-bersalin\\app\\Views\\page\\content\\ibus.php', 62)
 2 SYSTEMPATH\View\View.php(234): include('E:\\Project\\klinik-bersalin\\app\\Views\\page\\content\\ibus.php')
 3 SYSTEMPATH\View\View.php(237): CodeIgniter\View\View->CodeIgniter\View\{closure}()
 4 SYSTEMPATH\Common.php(1171): CodeIgniter\View\View->render('page/content/ibus', [], true)
 5 APPPATH\Controllers\Menu.php(67): view('page/content/ibus', [...])
 6 SYSTEMPATH\CodeIgniter.php(933): App\Controllers\Menu->ibus()
 7 SYSTEMPATH\CodeIgniter.php(509): CodeIgniter\CodeIgniter->runController(Object(App\Controllers\Menu))
 8 SYSTEMPATH\CodeIgniter.php(355): CodeIgniter\CodeIgniter->handleRequest(null, Object(Config\Cache), false)
 9 SYSTEMPATH\Boot.php(325): CodeIgniter\CodeIgniter->run()
10 SYSTEMPATH\Boot.php(67): CodeIgniter\Boot::runCodeIgniter(Object(CodeIgniter\CodeIgniter))
11 FCPATH\index.php(56): CodeIgniter\Boot::bootWeb(Object(Config\Paths))
12 SYSTEMPATH\rewrite.php(44): require_once('E:\\Project\\klinik-bersalin\\public\\index.php')
INFO - 2024-07-08 15:48:37 --> Session: Class initialized using 'CodeIgniter\Session\Handlers\FileHandler' driver.
INFO - 2024-07-08 15:49:01 --> Session: Class initialized using 'CodeIgniter\Session\Handlers\FileHandler' driver.
INFO - 2024-07-08 15:49:12 --> Session: Class initialized using 'CodeIgniter\Session\Handlers\FileHandler' driver.
INFO - 2024-07-08 15:49:38 --> Session: Class initialized using 'CodeIgniter\Session\Handlers\FileHandler' driver.
INFO - 2024-07-08 15:53:06 --> Session: Class initialized using 'CodeIgniter\Session\Handlers\FileHandler' driver.
INFO - 2024-07-08 15:53:26 --> Session: Class initialized using 'CodeIgniter\Session\Handlers\FileHandler' driver.
INFO - 2024-07-08 15:53:26 --> Session: Class initialized using 'CodeIgniter\Session\Handlers\FileHandler' driver.
INFO - 2024-07-08 15:53:45 --> Session: Class initialized using 'CodeIgniter\Session\Handlers\FileHandler' driver.
INFO - 2024-07-08 15:54:02 --> Session: Class initialized using 'CodeIgniter\Session\Handlers\FileHandler' driver.
INFO - 2024-07-08 15:54:07 --> Session: Class initialized using 'CodeIgniter\Session\Handlers\FileHandler' driver.
INFO - 2024-07-08 15:54:16 --> Session: Class initialized using 'CodeIgniter\Session\Handlers\FileHandler' driver.
INFO - 2024-07-08 15:54:17 --> Session: Class initialized using 'CodeIgniter\Session\Handlers\FileHandler' driver.
INFO - 2024-07-08 15:54:21 --> Session: Class initialized using 'CodeIgniter\Session\Handlers\FileHandler' driver.
INFO - 2024-07-08 15:54:36 --> Session: Class initialized using 'CodeIgniter\Session\Handlers\FileHandler' driver.
INFO - 2024-07-08 15:54:36 --> Session: Class initialized using 'CodeIgniter\Session\Handlers\FileHandler' driver.
INFO - 2024-07-08 15:54:41 --> Session: Class initialized using 'CodeIgniter\Session\Handlers\FileHandler' driver.
INFO - 2024-07-08 15:54:54 --> Session: Class initialized using 'CodeIgniter\Session\Handlers\FileHandler' driver.
INFO - 2024-07-08 15:55:26 --> Session: Class initialized using 'CodeIgniter\Session\Handlers\FileHandler' driver.
INFO - 2024-07-08 15:55:31 --> Session: Class initialized using 'CodeIgniter\Session\Handlers\FileHandler' driver.
INFO - 2024-07-08 15:55:31 --> Session: Class initialized using 'CodeIgniter\Session\Handlers\FileHandler' driver.
INFO - 2024-07-08 15:55:41 --> Session: Class initialized using 'CodeIgniter\Session\Handlers\FileHandler' driver.
INFO - 2024-07-08 15:56:00 --> Session: Class initialized using 'CodeIgniter\Session\Handlers\FileHandler' driver.
INFO - 2024-07-08 16:00:07 --> Session: Class initialized using 'CodeIgniter\Session\Handlers\FileHandler' driver.
ERROR - 2024-07-08 16:08:26 --> mysqli_sql_exception: Can't create table `klinikbersalin`.`riwayat` (errno: 150 "Foreign key constraint is incorrectly formed") in E:\Project\klinik-bersalin\system\Database\MySQLi\Connection.php:312
Stack trace:
#0 E:\Project\klinik-bersalin\system\Database\MySQLi\Connection.php(312): mysqli->query('CREATE TABLE `r...', 0)
#1 E:\Project\klinik-bersalin\system\Database\BaseConnection.php(734): CodeIgniter\Database\MySQLi\Connection->execute('CREATE TABLE `r...')
#2 E:\Project\klinik-bersalin\system\Database\BaseConnection.php(648): CodeIgniter\Database\BaseConnection->simpleQuery('CREATE TABLE `r...')
#3 E:\Project\klinik-bersalin\system\Database\Forge.php(570): CodeIgniter\Database\BaseConnection->query('CREATE TABLE `r...')
#4 E:\Project\klinik-bersalin\app\Database\Migrations\2024-07-08-160646_Riwayats.php(77): CodeIgniter\Database\Forge->createTable('riwayat')
#5 E:\Project\klinik-bersalin\system\Database\MigrationRunner.php(867): App\Database\Migrations\Riwayats->up()
#6 E:\Project\klinik-bersalin\system\Database\MigrationRunner.php(183): CodeIgniter\Database\MigrationRunner->migrate('up', Object(stdClass))
#7 E:\Project\klinik-bersalin\system\Commands\Database\Migrate.php(85): CodeIgniter\Database\MigrationRunner->latest(NULL)
#8 E:\Project\klinik-bersalin\system\CLI\Commands.php(70): CodeIgniter\Commands\Database\Migrate->run(Array)
#9 E:\Project\klinik-bersalin\system\CLI\BaseCommand.php(119): CodeIgniter\CLI\Commands->run('migrate', Array)
#10 E:\Project\klinik-bersalin\system\Commands\Database\MigrateRefresh.php(87): CodeIgniter\CLI\BaseCommand->call('migrate', Array)
#11 E:\Project\klinik-bersalin\system\CLI\Commands.php(70): CodeIgniter\Commands\Database\MigrateRefresh->run(Array)
#12 E:\Project\klinik-bersalin\system\CLI\Console.php(48): CodeIgniter\CLI\Commands->run('migrate:refresh', Array)
#13 E:\Project\klinik-bersalin\system\Boot.php(351): CodeIgniter\CLI\Console->run()
#14 E:\Project\klinik-bersalin\system\Boot.php(104): CodeIgniter\Boot::runCommand(Object(CodeIgniter\CLI\Console))
#15 E:\Project\klinik-bersalin\spark(84): CodeIgniter\Boot::bootSpark(Object(Config\Paths))
#16 {main}
ERROR - 2024-07-08 16:09:38 --> mysqli_sql_exception: You have an error in your SQL syntax; check the manual that corresponds to your MariaDB server version for the right syntax to use near '()
) DEFAULT CHARACTER SET = utf8mb4 COLLATE = utf8mb4_general_ci' at line 15 in E:\Project\klinik-bersalin\system\Database\MySQLi\Connection.php:312
Stack trace:
#0 E:\Project\klinik-bersalin\system\Database\MySQLi\Connection.php(312): mysqli->query('CREATE TABLE `r...', 0)
#1 E:\Project\klinik-bersalin\system\Database\BaseConnection.php(734): CodeIgniter\Database\MySQLi\Connection->execute('CREATE TABLE `r...')
#2 E:\Project\klinik-bersalin\system\Database\BaseConnection.php(648): CodeIgniter\Database\BaseConnection->simpleQuery('CREATE TABLE `r...')
#3 E:\Project\klinik-bersalin\system\Database\Forge.php(570): CodeIgniter\Database\BaseConnection->query('CREATE TABLE `r...')
#4 E:\Project\klinik-bersalin\app\Database\Migrations\2024-07-08-160646_Riwayats.php(77): CodeIgniter\Database\Forge->createTable('riwayat')
#5 E:\Project\klinik-bersalin\system\Database\MigrationRunner.php(867): App\Database\Migrations\Riwayats->up()
#6 E:\Project\klinik-bersalin\system\Database\MigrationRunner.php(183): CodeIgniter\Database\MigrationRunner->migrate('up', Object(stdClass))
#7 E:\Project\klinik-bersalin\system\Commands\Database\Migrate.php(85): CodeIgniter\Database\MigrationRunner->latest(NULL)
#8 E:\Project\klinik-bersalin\system\CLI\Commands.php(70): CodeIgniter\Commands\Database\Migrate->run(Array)
#9 E:\Project\klinik-bersalin\system\CLI\BaseCommand.php(119): CodeIgniter\CLI\Commands->run('migrate', Array)
#10 E:\Project\klinik-bersalin\system\Commands\Database\MigrateRefresh.php(87): CodeIgniter\CLI\BaseCommand->call('migrate', Array)
#11 E:\Project\klinik-bersalin\system\CLI\Commands.php(70): CodeIgniter\Commands\Database\MigrateRefresh->run(Array)
#12 E:\Project\klinik-bersalin\system\CLI\Console.php(48): CodeIgniter\CLI\Commands->run('migrate:refresh', Array)
#13 E:\Project\klinik-bersalin\system\Boot.php(351): CodeIgniter\CLI\Console->run()
#14 E:\Project\klinik-bersalin\system\Boot.php(104): CodeIgniter\Boot::runCommand(Object(CodeIgniter\CLI\Console))
#15 E:\Project\klinik-bersalin\spark(84): CodeIgniter\Boot::bootSpark(Object(Config\Paths))
#16 {main}
ERROR - 2024-07-08 16:09:42 --> mysqli_sql_exception: You have an error in your SQL syntax; check the manual that corresponds to your MariaDB server version for the right syntax to use near '()
) DEFAULT CHARACTER SET = utf8mb4 COLLATE = utf8mb4_general_ci' at line 15 in E:\Project\klinik-bersalin\system\Database\MySQLi\Connection.php:312
Stack trace:
#0 E:\Project\klinik-bersalin\system\Database\MySQLi\Connection.php(312): mysqli->query('CREATE TABLE `r...', 0)
#1 E:\Project\klinik-bersalin\system\Database\BaseConnection.php(734): CodeIgniter\Database\MySQLi\Connection->execute('CREATE TABLE `r...')
#2 E:\Project\klinik-bersalin\system\Database\BaseConnection.php(648): CodeIgniter\Database\BaseConnection->simpleQuery('CREATE TABLE `r...')
#3 E:\Project\klinik-bersalin\system\Database\Forge.php(570): CodeIgniter\Database\BaseConnection->query('CREATE TABLE `r...')
#4 E:\Project\klinik-bersalin\app\Database\Migrations\2024-07-08-160646_Riwayats.php(77): CodeIgniter\Database\Forge->createTable('riwayat')
#5 E:\Project\klinik-bersalin\system\Database\MigrationRunner.php(867): App\Database\Migrations\Riwayats->up()
#6 E:\Project\klinik-bersalin\system\Database\MigrationRunner.php(183): CodeIgniter\Database\MigrationRunner->migrate('up', Object(stdClass))
#7 E:\Project\klinik-bersalin\system\Commands\Database\Migrate.php(85): CodeIgniter\Database\MigrationRunner->latest(NULL)
#8 E:\Project\klinik-bersalin\system\CLI\Commands.php(70): CodeIgniter\Commands\Database\Migrate->run(Array)
#9 E:\Project\klinik-bersalin\system\CLI\BaseCommand.php(119): CodeIgniter\CLI\Commands->run('migrate', Array)
#10 E:\Project\klinik-bersalin\system\Commands\Database\MigrateRefresh.php(87): CodeIgniter\CLI\BaseCommand->call('migrate', Array)
#11 E:\Project\klinik-bersalin\system\CLI\Commands.php(70): CodeIgniter\Commands\Database\MigrateRefresh->run(Array)
#12 E:\Project\klinik-bersalin\system\CLI\Console.php(48): CodeIgniter\CLI\Commands->run('migrate:refresh', Array)
#13 E:\Project\klinik-bersalin\system\Boot.php(351): CodeIgniter\CLI\Console->run()
#14 E:\Project\klinik-bersalin\system\Boot.php(104): CodeIgniter\Boot::runCommand(Object(CodeIgniter\CLI\Console))
#15 E:\Project\klinik-bersalin\spark(84): CodeIgniter\Boot::bootSpark(Object(Config\Paths))
#16 {main}
ERROR - 2024-07-08 16:10:32 --> mysqli_sql_exception: Can't create table `klinikbersalin`.`riwayat` (errno: 150 "Foreign key constraint is incorrectly formed") in E:\Project\klinik-bersalin\system\Database\MySQLi\Connection.php:312
Stack trace:
#0 E:\Project\klinik-bersalin\system\Database\MySQLi\Connection.php(312): mysqli->query('CREATE TABLE `r...', 0)
#1 E:\Project\klinik-bersalin\system\Database\BaseConnection.php(734): CodeIgniter\Database\MySQLi\Connection->execute('CREATE TABLE `r...')
#2 E:\Project\klinik-bersalin\system\Database\BaseConnection.php(648): CodeIgniter\Database\BaseConnection->simpleQuery('CREATE TABLE `r...')
#3 E:\Project\klinik-bersalin\system\Database\Forge.php(570): CodeIgniter\Database\BaseConnection->query('CREATE TABLE `r...')
#4 E:\Project\klinik-bersalin\app\Database\Migrations\2024-07-08-160646_Riwayats.php(77): CodeIgniter\Database\Forge->createTable('riwayat')
#5 E:\Project\klinik-bersalin\system\Database\MigrationRunner.php(867): App\Database\Migrations\Riwayats->up()
#6 E:\Project\klinik-bersalin\system\Database\MigrationRunner.php(183): CodeIgniter\Database\MigrationRunner->migrate('up', Object(stdClass))
#7 E:\Project\klinik-bersalin\system\Commands\Database\Migrate.php(85): CodeIgniter\Database\MigrationRunner->latest(NULL)
#8 E:\Project\klinik-bersalin\system\CLI\Commands.php(70): CodeIgniter\Commands\Database\Migrate->run(Array)
#9 E:\Project\klinik-bersalin\system\CLI\BaseCommand.php(119): CodeIgniter\CLI\Commands->run('migrate', Array)
#10 E:\Project\klinik-bersalin\system\Commands\Database\MigrateRefresh.php(87): CodeIgniter\CLI\BaseCommand->call('migrate', Array)
#11 E:\Project\klinik-bersalin\system\CLI\Commands.php(70): CodeIgniter\Commands\Database\MigrateRefresh->run(Array)
#12 E:\Project\klinik-bersalin\system\CLI\Console.php(48): CodeIgniter\CLI\Commands->run('migrate:refresh', Array)
#13 E:\Project\klinik-bersalin\system\Boot.php(351): CodeIgniter\CLI\Console->run()
#14 E:\Project\klinik-bersalin\system\Boot.php(104): CodeIgniter\Boot::runCommand(Object(CodeIgniter\CLI\Console))
#15 E:\Project\klinik-bersalin\spark(84): CodeIgniter\Boot::bootSpark(Object(Config\Paths))
#16 {main}
INFO - 2024-07-08 16:19:43 --> Session: Class initialized using 'CodeIgniter\Session\Handlers\FileHandler' driver.
INFO - 2024-07-08 16:19:56 --> Session: Class initialized using 'CodeIgniter\Session\Handlers\FileHandler' driver.
INFO - 2024-07-08 16:20:07 --> Session: Class initialized using 'CodeIgniter\Session\Handlers\FileHandler' driver.
INFO - 2024-07-08 16:20:29 --> Session: Class initialized using 'CodeIgniter\Session\Handlers\FileHandler' driver.
INFO - 2024-07-08 16:27:58 --> Session: Class initialized using 'CodeIgniter\Session\Handlers\FileHandler' driver.
INFO - 2024-07-08 16:28:13 --> Session: Class initialized using 'CodeIgniter\Session\Handlers\FileHandler' driver.
INFO - 2024-07-08 16:28:13 --> Session: Class initialized using 'CodeIgniter\Session\Handlers\FileHandler' driver.
INFO - 2024-07-08 16:28:33 --> Session: Class initialized using 'CodeIgniter\Session\Handlers\FileHandler' driver.
INFO - 2024-07-08 16:28:33 --> Session: Class initialized using 'CodeIgniter\Session\Handlers\FileHandler' driver.
INFO - 2024-07-08 16:28:36 --> Session: Class initialized using 'CodeIgniter\Session\Handlers\FileHandler' driver.
INFO - 2024-07-08 16:28:44 --> Session: Class initialized using 'CodeIgniter\Session\Handlers\FileHandler' driver.
INFO - 2024-07-08 16:28:48 --> Session: Class initialized using 'CodeIgniter\Session\Handlers\FileHandler' driver.
INFO - 2024-07-08 16:28:51 --> Session: Class initialized using 'CodeIgniter\Session\Handlers\FileHandler' driver.
INFO - 2024-07-08 16:29:00 --> Session: Class initialized using 'CodeIgniter\Session\Handlers\FileHandler' driver.
INFO - 2024-07-08 16:29:28 --> Session: Class initialized using 'CodeIgniter\Session\Handlers\FileHandler' driver.
INFO - 2024-07-08 16:30:20 --> Session: Class initialized using 'CodeIgniter\Session\Handlers\FileHandler' driver.
ERROR - 2024-07-08 16:30:20 --> mysqli_sql_exception: You have an error in your SQL syntax; check the manual that corresponds to your MariaDB server version for the right syntax to use near 'IS NULL' at line 3 in E:\Project\klinik-bersalin\system\Database\MySQLi\Connection.php:312
Stack trace:
#0 E:\Project\klinik-bersalin\system\Database\MySQLi\Connection.php(312): mysqli->query('SELECT *\nFROM `...', 0)
#1 E:\Project\klinik-bersalin\system\Database\BaseConnection.php(734): CodeIgniter\Database\MySQLi\Connection->execute('SELECT *\nFROM `...')
#2 E:\Project\klinik-bersalin\system\Database\BaseConnection.php(648): CodeIgniter\Database\BaseConnection->simpleQuery('SELECT *\nFROM `...')
#3 E:\Project\klinik-bersalin\system\Database\BaseBuilder.php(1636): CodeIgniter\Database\BaseConnection->query('SELECT *\nFROM `...', Array, false)
#4 E:\Project\klinik-bersalin\system\Model.php(286): CodeIgniter\Database\BaseBuilder->get()
#5 E:\Project\klinik-bersalin\system\BaseModel.php(676): CodeIgniter\Model->doFindAll(0, 0)
#6 E:\Project\klinik-bersalin\app\Controllers\Menu.php(105): CodeIgniter\BaseModel->findAll()
#7 E:\Project\klinik-bersalin\system\CodeIgniter.php(933): App\Controllers\Menu->persalinan_ibus('IBU001')
#8 E:\Project\klinik-bersalin\system\CodeIgniter.php(509): CodeIgniter\CodeIgniter->runController(Object(App\Controllers\Menu))
#9 E:\Project\klinik-bersalin\system\CodeIgniter.php(355): CodeIgniter\CodeIgniter->handleRequest(NULL, Object(Config\Cache), false)
#10 E:\Project\klinik-bersalin\system\Boot.php(325): CodeIgniter\CodeIgniter->run()
#11 E:\Project\klinik-bersalin\system\Boot.php(67): CodeIgniter\Boot::runCodeIgniter(Object(CodeIgniter\CodeIgniter))
#12 E:\Project\klinik-bersalin\public\index.php(56): CodeIgniter\Boot::bootWeb(Object(Config\Paths))
#13 E:\Project\klinik-bersalin\system\rewrite.php(44): require_once('E:\\Project\\klin...')
#14 {main}
CRITICAL - 2024-07-08 16:30:20 --> CodeIgniter\Database\Exceptions\DatabaseException: You have an error in your SQL syntax; check the manual that corresponds to your MariaDB server version for the right syntax to use near 'IS NULL' at line 3
[Method: GET, Route: persalinan-ibus/IBU001]
in SYSTEMPATH\Database\BaseConnection.php on line 688.
 1 SYSTEMPATH\Database\BaseBuilder.php(1636): CodeIgniter\Database\BaseConnection->query('SELECT *
FROM `ibu`
WHERE  IS NULL', [], false)
 2 SYSTEMPATH\Model.php(286): CodeIgniter\Database\BaseBuilder->get()
 3 SYSTEMPATH\BaseModel.php(676): CodeIgniter\Model->doFindAll(0, 0)
 4 APPPATH\Controllers\Menu.php(105): CodeIgniter\BaseModel->findAll()
 5 SYSTEMPATH\CodeIgniter.php(933): App\Controllers\Menu->persalinan_ibus('IBU001')
 6 SYSTEMPATH\CodeIgniter.php(509): CodeIgniter\CodeIgniter->runController(Object(App\Controllers\Menu))
 7 SYSTEMPATH\CodeIgniter.php(355): CodeIgniter\CodeIgniter->handleRequest(null, Object(Config\Cache), false)
 8 SYSTEMPATH\Boot.php(325): CodeIgniter\CodeIgniter->run()
 9 SYSTEMPATH\Boot.php(67): CodeIgniter\Boot::runCodeIgniter(Object(CodeIgniter\CodeIgniter))
10 FCPATH\index.php(56): CodeIgniter\Boot::bootWeb(Object(Config\Paths))
11 SYSTEMPATH\rewrite.php(44): require_once('E:\\Project\\klinik-bersalin\\public\\index.php')
CRITICAL - 2024-07-08 16:30:20 --> [Caused by] CodeIgniter\Database\Exceptions\DatabaseException: You have an error in your SQL syntax; check the manual that corresponds to your MariaDB server version for the right syntax to use near 'IS NULL' at line 3
in SYSTEMPATH\Database\MySQLi\Connection.php on line 317.
 1 SYSTEMPATH\Database\BaseConnection.php(734): CodeIgniter\Database\MySQLi\Connection->execute('SELECT *
FROM `ibu`
WHERE  IS NULL')
 2 SYSTEMPATH\Database\BaseConnection.php(648): CodeIgniter\Database\BaseConnection->simpleQuery('SELECT *
FROM `ibu`
WHERE  IS NULL')
 3 SYSTEMPATH\Database\BaseBuilder.php(1636): CodeIgniter\Database\BaseConnection->query('SELECT *
FROM `ibu`
WHERE  IS NULL', [], false)
 4 SYSTEMPATH\Model.php(286): CodeIgniter\Database\BaseBuilder->get()
 5 SYSTEMPATH\BaseModel.php(676): CodeIgniter\Model->doFindAll(0, 0)
 6 APPPATH\Controllers\Menu.php(105): CodeIgniter\BaseModel->findAll()
 7 SYSTEMPATH\CodeIgniter.php(933): App\Controllers\Menu->persalinan_ibus('IBU001')
 8 SYSTEMPATH\CodeIgniter.php(509): CodeIgniter\CodeIgniter->runController(Object(App\Controllers\Menu))
 9 SYSTEMPATH\CodeIgniter.php(355): CodeIgniter\CodeIgniter->handleRequest(null, Object(Config\Cache), false)
10 SYSTEMPATH\Boot.php(325): CodeIgniter\CodeIgniter->run()
11 SYSTEMPATH\Boot.php(67): CodeIgniter\Boot::runCodeIgniter(Object(CodeIgniter\CodeIgniter))
12 FCPATH\index.php(56): CodeIgniter\Boot::bootWeb(Object(Config\Paths))
13 SYSTEMPATH\rewrite.php(44): require_once('E:\\Project\\klinik-bersalin\\public\\index.php')
CRITICAL - 2024-07-08 16:30:20 --> [Caused by] mysqli_sql_exception: You have an error in your SQL syntax; check the manual that corresponds to your MariaDB server version for the right syntax to use near 'IS NULL' at line 3
in SYSTEMPATH\Database\MySQLi\Connection.php on line 312.
 1 SYSTEMPATH\Database\MySQLi\Connection.php(312): mysqli->query('SELECT *
FROM `ibu`
WHERE  IS NULL', 0)
 2 SYSTEMPATH\Database\BaseConnection.php(734): CodeIgniter\Database\MySQLi\Connection->execute('SELECT *
FROM `ibu`
WHERE  IS NULL')
 3 SYSTEMPATH\Database\BaseConnection.php(648): CodeIgniter\Database\BaseConnection->simpleQuery('SELECT *
FROM `ibu`
WHERE  IS NULL')
 4 SYSTEMPATH\Database\BaseBuilder.php(1636): CodeIgniter\Database\BaseConnection->query('SELECT *
FROM `ibu`
WHERE  IS NULL', [], false)
 5 SYSTEMPATH\Model.php(286): CodeIgniter\Database\BaseBuilder->get()
 6 SYSTEMPATH\BaseModel.php(676): CodeIgniter\Model->doFindAll(0, 0)
 7 APPPATH\Controllers\Menu.php(105): CodeIgniter\BaseModel->findAll()
 8 SYSTEMPATH\CodeIgniter.php(933): App\Controllers\Menu->persalinan_ibus('IBU001')
 9 SYSTEMPATH\CodeIgniter.php(509): CodeIgniter\CodeIgniter->runController(Object(App\Controllers\Menu))
10 SYSTEMPATH\CodeIgniter.php(355): CodeIgniter\CodeIgniter->handleRequest(null, Object(Config\Cache), false)
11 SYSTEMPATH\Boot.php(325): CodeIgniter\CodeIgniter->run()
12 SYSTEMPATH\Boot.php(67): CodeIgniter\Boot::runCodeIgniter(Object(CodeIgniter\CodeIgniter))
13 FCPATH\index.php(56): CodeIgniter\Boot::bootWeb(Object(Config\Paths))
14 SYSTEMPATH\rewrite.php(44): require_once('E:\\Project\\klinik-bersalin\\public\\index.php')
INFO - 2024-07-08 16:33:34 --> Session: Class initialized using 'CodeIgniter\Session\Handlers\FileHandler' driver.
CRITICAL - 2024-07-08 16:33:34 --> Error: Call to a member function where() on null
[Method: GET, Route: persalinan-ibus/IBU001]
in APPPATH\Controllers\Menu.php on line 107.
 1 SYSTEMPATH\CodeIgniter.php(933): App\Controllers\Menu->persalinan_ibus('IBU001')
 2 SYSTEMPATH\CodeIgniter.php(509): CodeIgniter\CodeIgniter->runController(Object(App\Controllers\Menu))
 3 SYSTEMPATH\CodeIgniter.php(355): CodeIgniter\CodeIgniter->handleRequest(null, Object(Config\Cache), false)
 4 SYSTEMPATH\Boot.php(325): CodeIgniter\CodeIgniter->run()
 5 SYSTEMPATH\Boot.php(67): CodeIgniter\Boot::runCodeIgniter(Object(CodeIgniter\CodeIgniter))
 6 FCPATH\index.php(56): CodeIgniter\Boot::bootWeb(Object(Config\Paths))
 7 SYSTEMPATH\rewrite.php(44): require_once('E:\\Project\\klinik-bersalin\\public\\index.php')
INFO - 2024-07-08 16:33:34 --> Session: Class initialized using 'CodeIgniter\Session\Handlers\FileHandler' driver.
CRITICAL - 2024-07-08 16:33:34 --> Error: Call to a member function where() on null
[Method: GET, Route: persalinan-ibus/IBU001]
in APPPATH\Controllers\Menu.php on line 107.
 1 SYSTEMPATH\CodeIgniter.php(933): App\Controllers\Menu->persalinan_ibus('IBU001')
 2 SYSTEMPATH\CodeIgniter.php(509): CodeIgniter\CodeIgniter->runController(Object(App\Controllers\Menu))
 3 SYSTEMPATH\CodeIgniter.php(355): CodeIgniter\CodeIgniter->handleRequest(null, Object(Config\Cache), false)
 4 SYSTEMPATH\Boot.php(325): CodeIgniter\CodeIgniter->run()
 5 SYSTEMPATH\Boot.php(67): CodeIgniter\Boot::runCodeIgniter(Object(CodeIgniter\CodeIgniter))
 6 FCPATH\index.php(56): CodeIgniter\Boot::bootWeb(Object(Config\Paths))
 7 SYSTEMPATH\rewrite.php(44): require_once('E:\\Project\\klinik-bersalin\\public\\index.php')
INFO - 2024-07-08 16:33:36 --> Session: Class initialized using 'CodeIgniter\Session\Handlers\FileHandler' driver.
CRITICAL - 2024-07-08 16:33:36 --> Error: Call to a member function where() on null
[Method: GET, Route: persalinan-ibus/IBU001]
in APPPATH\Controllers\Menu.php on line 107.
 1 SYSTEMPATH\CodeIgniter.php(933): App\Controllers\Menu->persalinan_ibus('IBU001')
 2 SYSTEMPATH\CodeIgniter.php(509): CodeIgniter\CodeIgniter->runController(Object(App\Controllers\Menu))
 3 SYSTEMPATH\CodeIgniter.php(355): CodeIgniter\CodeIgniter->handleRequest(null, Object(Config\Cache), false)
 4 SYSTEMPATH\Boot.php(325): CodeIgniter\CodeIgniter->run()
 5 SYSTEMPATH\Boot.php(67): CodeIgniter\Boot::runCodeIgniter(Object(CodeIgniter\CodeIgniter))
 6 FCPATH\index.php(56): CodeIgniter\Boot::bootWeb(Object(Config\Paths))
 7 SYSTEMPATH\rewrite.php(44): require_once('E:\\Project\\klinik-bersalin\\public\\index.php')
INFO - 2024-07-08 16:34:05 --> Session: Class initialized using 'CodeIgniter\Session\Handlers\FileHandler' driver.
CRITICAL - 2024-07-08 16:34:05 --> Error: Call to a member function where() on null
[Method: GET, Route: persalinan-ibus/IBU001]
in APPPATH\Controllers\Menu.php on line 107.
 1 SYSTEMPATH\CodeIgniter.php(933): App\Controllers\Menu->persalinan_ibus('IBU001')
 2 SYSTEMPATH\CodeIgniter.php(509): CodeIgniter\CodeIgniter->runController(Object(App\Controllers\Menu))
 3 SYSTEMPATH\CodeIgniter.php(355): CodeIgniter\CodeIgniter->handleRequest(null, Object(Config\Cache), false)
 4 SYSTEMPATH\Boot.php(325): CodeIgniter\CodeIgniter->run()
 5 SYSTEMPATH\Boot.php(67): CodeIgniter\Boot::runCodeIgniter(Object(CodeIgniter\CodeIgniter))
 6 FCPATH\index.php(56): CodeIgniter\Boot::bootWeb(Object(Config\Paths))
 7 SYSTEMPATH\rewrite.php(44): require_once('E:\\Project\\klinik-bersalin\\public\\index.php')
INFO - 2024-07-08 16:34:19 --> Session: Class initialized using 'CodeIgniter\Session\Handlers\FileHandler' driver.
INFO - 2024-07-08 16:34:20 --> Session: Class initialized using 'CodeIgniter\Session\Handlers\FileHandler' driver.
CRITICAL - 2024-07-08 16:34:20 --> Error: Call to a member function where() on null
[Method: GET, Route: persalinan-ibus/IBU001]
in APPPATH\Controllers\Menu.php on line 107.
 1 SYSTEMPATH\CodeIgniter.php(933): App\Controllers\Menu->persalinan_ibus('IBU001')
 2 SYSTEMPATH\CodeIgniter.php(509): CodeIgniter\CodeIgniter->runController(Object(App\Controllers\Menu))
 3 SYSTEMPATH\CodeIgniter.php(355): CodeIgniter\CodeIgniter->handleRequest(null, Object(Config\Cache), false)
 4 SYSTEMPATH\Boot.php(325): CodeIgniter\CodeIgniter->run()
 5 SYSTEMPATH\Boot.php(67): CodeIgniter\Boot::runCodeIgniter(Object(CodeIgniter\CodeIgniter))
 6 FCPATH\index.php(56): CodeIgniter\Boot::bootWeb(Object(Config\Paths))
 7 SYSTEMPATH\rewrite.php(44): require_once('E:\\Project\\klinik-bersalin\\public\\index.php')
INFO - 2024-07-08 16:36:46 --> Session: Class initialized using 'CodeIgniter\Session\Handlers\FileHandler' driver.
CRITICAL - 2024-07-08 16:36:46 --> Error: Call to a member function findAll() on null
[Method: GET, Route: persalinan-ibus/IBU001]
in APPPATH\Controllers\Menu.php on line 107.
 1 SYSTEMPATH\CodeIgniter.php(933): App\Controllers\Menu->persalinan_ibus('IBU001')
 2 SYSTEMPATH\CodeIgniter.php(509): CodeIgniter\CodeIgniter->runController(Object(App\Controllers\Menu))
 3 SYSTEMPATH\CodeIgniter.php(355): CodeIgniter\CodeIgniter->handleRequest(null, Object(Config\Cache), false)
 4 SYSTEMPATH\Boot.php(325): CodeIgniter\CodeIgniter->run()
 5 SYSTEMPATH\Boot.php(67): CodeIgniter\Boot::runCodeIgniter(Object(CodeIgniter\CodeIgniter))
 6 FCPATH\index.php(56): CodeIgniter\Boot::bootWeb(Object(Config\Paths))
 7 SYSTEMPATH\rewrite.php(44): require_once('E:\\Project\\klinik-bersalin\\public\\index.php')
INFO - 2024-07-08 16:39:10 --> Session: Class initialized using 'CodeIgniter\Session\Handlers\FileHandler' driver.
CRITICAL - 2024-07-08 16:39:10 --> ErrorException: Undefined variable $ibus
[Method: GET, Route: persalinan-ibus/IBU001]
in APPPATH\Views\page\content\ibus.php on line 56.
 1 APPPATH\Views\page\content\ibus.php(56): CodeIgniter\Debug\Exceptions->errorHandler(2, 'Undefined variable $ibus', 'E:\\Project\\klinik-bersalin\\app\\Views\\page\\content\\ibus.php', 56)
 2 SYSTEMPATH\View\View.php(234): include('E:\\Project\\klinik-bersalin\\app\\Views\\page\\content\\ibus.php')
 3 SYSTEMPATH\View\View.php(237): CodeIgniter\View\View->CodeIgniter\View\{closure}()
 4 SYSTEMPATH\Common.php(1171): CodeIgniter\View\View->render('page/content/ibus', [], true)
 5 APPPATH\Controllers\Menu.php(109): view('page/content/ibus', [...])
 6 SYSTEMPATH\CodeIgniter.php(933): App\Controllers\Menu->persalinan_ibus('IBU001')
 7 SYSTEMPATH\CodeIgniter.php(509): CodeIgniter\CodeIgniter->runController(Object(App\Controllers\Menu))
 8 SYSTEMPATH\CodeIgniter.php(355): CodeIgniter\CodeIgniter->handleRequest(null, Object(Config\Cache), false)
 9 SYSTEMPATH\Boot.php(325): CodeIgniter\CodeIgniter->run()
10 SYSTEMPATH\Boot.php(67): CodeIgniter\Boot::runCodeIgniter(Object(CodeIgniter\CodeIgniter))
11 FCPATH\index.php(56): CodeIgniter\Boot::bootWeb(Object(Config\Paths))
12 SYSTEMPATH\rewrite.php(44): require_once('E:\\Project\\klinik-bersalin\\public\\index.php')
INFO - 2024-07-08 16:39:57 --> Session: Class initialized using 'CodeIgniter\Session\Handlers\FileHandler' driver.
CRITICAL - 2024-07-08 16:39:57 --> ErrorException: Undefined variable $ibus
[Method: GET, Route: persalinan-ibus/IBU001]
in APPPATH\Views\page\content\ibus.php on line 56.
 1 APPPATH\Views\page\content\ibus.php(56): CodeIgniter\Debug\Exceptions->errorHandler(2, 'Undefined variable $ibus', 'E:\\Project\\klinik-bersalin\\app\\Views\\page\\content\\ibus.php', 56)
 2 SYSTEMPATH\View\View.php(234): include('E:\\Project\\klinik-bersalin\\app\\Views\\page\\content\\ibus.php')
 3 SYSTEMPATH\View\View.php(237): CodeIgniter\View\View->CodeIgniter\View\{closure}()
 4 SYSTEMPATH\Common.php(1171): CodeIgniter\View\View->render('page/content/ibus', [], true)
 5 APPPATH\Controllers\Menu.php(109): view('page/content/ibus', [...])
 6 SYSTEMPATH\CodeIgniter.php(933): App\Controllers\Menu->persalinan_ibus('IBU001')
 7 SYSTEMPATH\CodeIgniter.php(509): CodeIgniter\CodeIgniter->runController(Object(App\Controllers\Menu))
 8 SYSTEMPATH\CodeIgniter.php(355): CodeIgniter\CodeIgniter->handleRequest(null, Object(Config\Cache), false)
 9 SYSTEMPATH\Boot.php(325): CodeIgniter\CodeIgniter->run()
10 SYSTEMPATH\Boot.php(67): CodeIgniter\Boot::runCodeIgniter(Object(CodeIgniter\CodeIgniter))
11 FCPATH\index.php(56): CodeIgniter\Boot::bootWeb(Object(Config\Paths))
12 SYSTEMPATH\rewrite.php(44): require_once('E:\\Project\\klinik-bersalin\\public\\index.php')
INFO - 2024-07-08 16:40:11 --> Session: Class initialized using 'CodeIgniter\Session\Handlers\FileHandler' driver.
CRITICAL - 2024-07-08 16:40:11 --> ErrorException: Undefined array key "riwayatRM"
[Method: GET, Route: persalinan-ibus/IBU001]
in APPPATH\Views\page\content\riwayats.php on line 66.
 1 APPPATH\Views\page\content\riwayats.php(66): CodeIgniter\Debug\Exceptions->errorHandler(2, 'Undefined array key "riwayatRM"', 'E:\\Project\\klinik-bersalin\\app\\Views\\page\\content\\riwayats.php', 66)
 2 SYSTEMPATH\View\View.php(234): include('E:\\Project\\klinik-bersalin\\app\\Views\\page\\content\\riwayats.php')
 3 SYSTEMPATH\View\View.php(237): CodeIgniter\View\View->CodeIgniter\View\{closure}()
 4 SYSTEMPATH\Common.php(1171): CodeIgniter\View\View->render('page/content/riwayats', [], true)
 5 APPPATH\Controllers\Menu.php(109): view('page/content/riwayats', [...])
 6 SYSTEMPATH\CodeIgniter.php(933): App\Controllers\Menu->persalinan_ibus('IBU001')
 7 SYSTEMPATH\CodeIgniter.php(509): CodeIgniter\CodeIgniter->runController(Object(App\Controllers\Menu))
 8 SYSTEMPATH\CodeIgniter.php(355): CodeIgniter\CodeIgniter->handleRequest(null, Object(Config\Cache), false)
 9 SYSTEMPATH\Boot.php(325): CodeIgniter\CodeIgniter->run()
10 SYSTEMPATH\Boot.php(67): CodeIgniter\Boot::runCodeIgniter(Object(CodeIgniter\CodeIgniter))
11 FCPATH\index.php(56): CodeIgniter\Boot::bootWeb(Object(Config\Paths))
12 SYSTEMPATH\rewrite.php(44): require_once('E:\\Project\\klinik-bersalin\\public\\index.php')
INFO - 2024-07-08 16:42:15 --> Session: Class initialized using 'CodeIgniter\Session\Handlers\FileHandler' driver.
INFO - 2024-07-08 16:42:40 --> Session: Class initialized using 'CodeIgniter\Session\Handlers\FileHandler' driver.
INFO - 2024-07-08 16:42:52 --> Session: Class initialized using 'CodeIgniter\Session\Handlers\FileHandler' driver.
INFO - 2024-07-08 16:43:22 --> Session: Class initialized using 'CodeIgniter\Session\Handlers\FileHandler' driver.
INFO - 2024-07-08 16:43:34 --> Session: Class initialized using 'CodeIgniter\Session\Handlers\FileHandler' driver.
INFO - 2024-07-08 16:43:53 --> Session: Class initialized using 'CodeIgniter\Session\Handlers\FileHandler' driver.
INFO - 2024-07-08 16:44:02 --> Session: Class initialized using 'CodeIgniter\Session\Handlers\FileHandler' driver.
INFO - 2024-07-08 16:44:35 --> Session: Class initialized using 'CodeIgniter\Session\Handlers\FileHandler' driver.
CRITICAL - 2024-07-08 16:44:35 --> ErrorException: Undefined array key "kehamilan "
[Method: GET, Route: persalinan-ibus/IBU001]
in APPPATH\Views\page\content\riwayats.php on line 66.
 1 APPPATH\Views\page\content\riwayats.php(66): CodeIgniter\Debug\Exceptions->errorHandler(2, 'Undefined array key "kehamilan "', 'E:\\Project\\klinik-bersalin\\app\\Views\\page\\content\\riwayats.php', 66)
 2 SYSTEMPATH\View\View.php(234): include('E:\\Project\\klinik-bersalin\\app\\Views\\page\\content\\riwayats.php')
 3 SYSTEMPATH\View\View.php(237): CodeIgniter\View\View->CodeIgniter\View\{closure}()
 4 SYSTEMPATH\Common.php(1171): CodeIgniter\View\View->render('page/content/riwayats', [], true)
 5 APPPATH\Controllers\Menu.php(109): view('page/content/riwayats', [...])
 6 SYSTEMPATH\CodeIgniter.php(933): App\Controllers\Menu->persalinan_ibus('IBU001')
 7 SYSTEMPATH\CodeIgniter.php(509): CodeIgniter\CodeIgniter->runController(Object(App\Controllers\Menu))
 8 SYSTEMPATH\CodeIgniter.php(355): CodeIgniter\CodeIgniter->handleRequest(null, Object(Config\Cache), false)
 9 SYSTEMPATH\Boot.php(325): CodeIgniter\CodeIgniter->run()
10 SYSTEMPATH\Boot.php(67): CodeIgniter\Boot::runCodeIgniter(Object(CodeIgniter\CodeIgniter))
11 FCPATH\index.php(56): CodeIgniter\Boot::bootWeb(Object(Config\Paths))
12 SYSTEMPATH\rewrite.php(44): require_once('E:\\Project\\klinik-bersalin\\public\\index.php')
INFO - 2024-07-08 16:44:51 --> Session: Class initialized using 'CodeIgniter\Session\Handlers\FileHandler' driver.
CRITICAL - 2024-07-08 16:44:51 --> ErrorException: Undefined array key "kehamilan "
[Method: GET, Route: persalinan-ibus/IBU001]
in APPPATH\Views\page\content\riwayats.php on line 66.
 1 APPPATH\Views\page\content\riwayats.php(66): CodeIgniter\Debug\Exceptions->errorHandler(2, 'Undefined array key "kehamilan "', 'E:\\Project\\klinik-bersalin\\app\\Views\\page\\content\\riwayats.php', 66)
 2 SYSTEMPATH\View\View.php(234): include('E:\\Project\\klinik-bersalin\\app\\Views\\page\\content\\riwayats.php')
 3 SYSTEMPATH\View\View.php(237): CodeIgniter\View\View->CodeIgniter\View\{closure}()
 4 SYSTEMPATH\Common.php(1171): CodeIgniter\View\View->render('page/content/riwayats', [], true)
 5 APPPATH\Controllers\Menu.php(109): view('page/content/riwayats', [...])
 6 SYSTEMPATH\CodeIgniter.php(933): App\Controllers\Menu->persalinan_ibus('IBU001')
 7 SYSTEMPATH\CodeIgniter.php(509): CodeIgniter\CodeIgniter->runController(Object(App\Controllers\Menu))
 8 SYSTEMPATH\CodeIgniter.php(355): CodeIgniter\CodeIgniter->handleRequest(null, Object(Config\Cache), false)
 9 SYSTEMPATH\Boot.php(325): CodeIgniter\CodeIgniter->run()
10 SYSTEMPATH\Boot.php(67): CodeIgniter\Boot::runCodeIgniter(Object(CodeIgniter\CodeIgniter))
11 FCPATH\index.php(56): CodeIgniter\Boot::bootWeb(Object(Config\Paths))
12 SYSTEMPATH\rewrite.php(44): require_once('E:\\Project\\klinik-bersalin\\public\\index.php')
INFO - 2024-07-08 16:44:53 --> Session: Class initialized using 'CodeIgniter\Session\Handlers\FileHandler' driver.
INFO - 2024-07-08 16:44:55 --> Session: Class initialized using 'CodeIgniter\Session\Handlers\FileHandler' driver.
CRITICAL - 2024-07-08 16:44:55 --> ErrorException: Undefined array key "kehamilan "
[Method: GET, Route: persalinan-ibus/IBU001]
in APPPATH\Views\page\content\riwayats.php on line 66.
 1 APPPATH\Views\page\content\riwayats.php(66): CodeIgniter\Debug\Exceptions->errorHandler(2, 'Undefined array key "kehamilan "', 'E:\\Project\\klinik-bersalin\\app\\Views\\page\\content\\riwayats.php', 66)
 2 SYSTEMPATH\View\View.php(234): include('E:\\Project\\klinik-bersalin\\app\\Views\\page\\content\\riwayats.php')
 3 SYSTEMPATH\View\View.php(237): CodeIgniter\View\View->CodeIgniter\View\{closure}()
 4 SYSTEMPATH\Common.php(1171): CodeIgniter\View\View->render('page/content/riwayats', [], true)
 5 APPPATH\Controllers\Menu.php(109): view('page/content/riwayats', [...])
 6 SYSTEMPATH\CodeIgniter.php(933): App\Controllers\Menu->persalinan_ibus('IBU001')
 7 SYSTEMPATH\CodeIgniter.php(509): CodeIgniter\CodeIgniter->runController(Object(App\Controllers\Menu))
 8 SYSTEMPATH\CodeIgniter.php(355): CodeIgniter\CodeIgniter->handleRequest(null, Object(Config\Cache), false)
 9 SYSTEMPATH\Boot.php(325): CodeIgniter\CodeIgniter->run()
10 SYSTEMPATH\Boot.php(67): CodeIgniter\Boot::runCodeIgniter(Object(CodeIgniter\CodeIgniter))
11 FCPATH\index.php(56): CodeIgniter\Boot::bootWeb(Object(Config\Paths))
12 SYSTEMPATH\rewrite.php(44): require_once('E:\\Project\\klinik-bersalin\\public\\index.php')
INFO - 2024-07-08 16:44:59 --> Session: Class initialized using 'CodeIgniter\Session\Handlers\FileHandler' driver.
CRITICAL - 2024-07-08 16:44:59 --> ErrorException: Undefined array key "kehamilan "
[Method: GET, Route: persalinan-ibus/IBU001]
in APPPATH\Views\page\content\riwayats.php on line 66.
 1 APPPATH\Views\page\content\riwayats.php(66): CodeIgniter\Debug\Exceptions->errorHandler(2, 'Undefined array key "kehamilan "', 'E:\\Project\\klinik-bersalin\\app\\Views\\page\\content\\riwayats.php', 66)
 2 SYSTEMPATH\View\View.php(234): include('E:\\Project\\klinik-bersalin\\app\\Views\\page\\content\\riwayats.php')
 3 SYSTEMPATH\View\View.php(237): CodeIgniter\View\View->CodeIgniter\View\{closure}()
 4 SYSTEMPATH\Common.php(1171): CodeIgniter\View\View->render('page/content/riwayats', [], true)
 5 APPPATH\Controllers\Menu.php(109): view('page/content/riwayats', [...])
 6 SYSTEMPATH\CodeIgniter.php(933): App\Controllers\Menu->persalinan_ibus('IBU001')
 7 SYSTEMPATH\CodeIgniter.php(509): CodeIgniter\CodeIgniter->runController(Object(App\Controllers\Menu))
 8 SYSTEMPATH\CodeIgniter.php(355): CodeIgniter\CodeIgniter->handleRequest(null, Object(Config\Cache), false)
 9 SYSTEMPATH\Boot.php(325): CodeIgniter\CodeIgniter->run()
10 SYSTEMPATH\Boot.php(67): CodeIgniter\Boot::runCodeIgniter(Object(CodeIgniter\CodeIgniter))
11 FCPATH\index.php(56): CodeIgniter\Boot::bootWeb(Object(Config\Paths))
12 SYSTEMPATH\rewrite.php(44): require_once('E:\\Project\\klinik-bersalin\\public\\index.php')
INFO - 2024-07-08 16:45:04 --> Session: Class initialized using 'CodeIgniter\Session\Handlers\FileHandler' driver.
INFO - 2024-07-08 16:45:19 --> Session: Class initialized using 'CodeIgniter\Session\Handlers\FileHandler' driver.
INFO - 2024-07-08 16:45:32 --> Session: Class initialized using 'CodeIgniter\Session\Handlers\FileHandler' driver.
INFO - 2024-07-08 16:46:17 --> Session: Class initialized using 'CodeIgniter\Session\Handlers\FileHandler' driver.
CRITICAL - 2024-07-08 16:46:17 --> ErrorException: Undefined variable $riwayat
[Method: GET, Route: persalinan-ibus/IBU001]
in APPPATH\Views\page\content\riwayats.php on line 26.
 1 APPPATH\Views\page\content\riwayats.php(26): CodeIgniter\Debug\Exceptions->errorHandler(2, 'Undefined variable $riwayat', 'E:\\Project\\klinik-bersalin\\app\\Views\\page\\content\\riwayats.php', 26)
 2 SYSTEMPATH\View\View.php(234): include('E:\\Project\\klinik-bersalin\\app\\Views\\page\\content\\riwayats.php')
 3 SYSTEMPATH\View\View.php(237): CodeIgniter\View\View->CodeIgniter\View\{closure}()
 4 SYSTEMPATH\Common.php(1171): CodeIgniter\View\View->render('page/content/riwayats', [], true)
 5 APPPATH\Controllers\Menu.php(109): view('page/content/riwayats', [...])
 6 SYSTEMPATH\CodeIgniter.php(933): App\Controllers\Menu->persalinan_ibus('IBU001')
 7 SYSTEMPATH\CodeIgniter.php(509): CodeIgniter\CodeIgniter->runController(Object(App\Controllers\Menu))
 8 SYSTEMPATH\CodeIgniter.php(355): CodeIgniter\CodeIgniter->handleRequest(null, Object(Config\Cache), false)
 9 SYSTEMPATH\Boot.php(325): CodeIgniter\CodeIgniter->run()
10 SYSTEMPATH\Boot.php(67): CodeIgniter\Boot::runCodeIgniter(Object(CodeIgniter\CodeIgniter))
11 FCPATH\index.php(56): CodeIgniter\Boot::bootWeb(Object(Config\Paths))
12 SYSTEMPATH\rewrite.php(44): require_once('E:\\Project\\klinik-bersalin\\public\\index.php')
INFO - 2024-07-08 16:46:25 --> Session: Class initialized using 'CodeIgniter\Session\Handlers\FileHandler' driver.
CRITICAL - 2024-07-08 16:46:25 --> ErrorException: Undefined variable $riwayat
[Method: GET, Route: persalinan-ibus/IBU001]
in APPPATH\Views\page\content\riwayats.php on line 26.
 1 APPPATH\Views\page\content\riwayats.php(26): CodeIgniter\Debug\Exceptions->errorHandler(2, 'Undefined variable $riwayat', 'E:\\Project\\klinik-bersalin\\app\\Views\\page\\content\\riwayats.php', 26)
 2 SYSTEMPATH\View\View.php(234): include('E:\\Project\\klinik-bersalin\\app\\Views\\page\\content\\riwayats.php')
 3 SYSTEMPATH\View\View.php(237): CodeIgniter\View\View->CodeIgniter\View\{closure}()
 4 SYSTEMPATH\Common.php(1171): CodeIgniter\View\View->render('page/content/riwayats', [], true)
 5 APPPATH\Controllers\Menu.php(109): view('page/content/riwayats', [...])
 6 SYSTEMPATH\CodeIgniter.php(933): App\Controllers\Menu->persalinan_ibus('IBU001')
 7 SYSTEMPATH\CodeIgniter.php(509): CodeIgniter\CodeIgniter->runController(Object(App\Controllers\Menu))
 8 SYSTEMPATH\CodeIgniter.php(355): CodeIgniter\CodeIgniter->handleRequest(null, Object(Config\Cache), false)
 9 SYSTEMPATH\Boot.php(325): CodeIgniter\CodeIgniter->run()
10 SYSTEMPATH\Boot.php(67): CodeIgniter\Boot::runCodeIgniter(Object(CodeIgniter\CodeIgniter))
11 FCPATH\index.php(56): CodeIgniter\Boot::bootWeb(Object(Config\Paths))
12 SYSTEMPATH\rewrite.php(44): require_once('E:\\Project\\klinik-bersalin\\public\\index.php')
INFO - 2024-07-08 16:46:47 --> Session: Class initialized using 'CodeIgniter\Session\Handlers\FileHandler' driver.
INFO - 2024-07-08 16:47:08 --> Session: Class initialized using 'CodeIgniter\Session\Handlers\FileHandler' driver.
INFO - 2024-07-08 16:47:15 --> Session: Class initialized using 'CodeIgniter\Session\Handlers\FileHandler' driver.
INFO - 2024-07-08 16:47:30 --> Session: Class initialized using 'CodeIgniter\Session\Handlers\FileHandler' driver.
INFO - 2024-07-08 16:47:34 --> Session: Class initialized using 'CodeIgniter\Session\Handlers\FileHandler' driver.
INFO - 2024-07-08 16:47:36 --> Session: Class initialized using 'CodeIgniter\Session\Handlers\FileHandler' driver.
INFO - 2024-07-08 16:47:44 --> Session: Class initialized using 'CodeIgniter\Session\Handlers\FileHandler' driver.
INFO - 2024-07-08 16:47:48 --> Session: Class initialized using 'CodeIgniter\Session\Handlers\FileHandler' driver.
INFO - 2024-07-08 16:47:52 --> Session: Class initialized using 'CodeIgniter\Session\Handlers\FileHandler' driver.
INFO - 2024-07-08 16:47:58 --> Session: Class initialized using 'CodeIgniter\Session\Handlers\FileHandler' driver.
INFO - 2024-07-08 16:48:24 --> Session: Class initialized using 'CodeIgniter\Session\Handlers\FileHandler' driver.
INFO - 2024-07-08 16:48:27 --> Session: Class initialized using 'CodeIgniter\Session\Handlers\FileHandler' driver.
INFO - 2024-07-08 16:48:59 --> Session: Class initialized using 'CodeIgniter\Session\Handlers\FileHandler' driver.
INFO - 2024-07-08 16:49:04 --> Session: Class initialized using 'CodeIgniter\Session\Handlers\FileHandler' driver.
INFO - 2024-07-08 16:49:09 --> Session: Class initialized using 'CodeIgniter\Session\Handlers\FileHandler' driver.
INFO - 2024-07-08 16:49:11 --> Session: Class initialized using 'CodeIgniter\Session\Handlers\FileHandler' driver.
INFO - 2024-07-08 16:51:03 --> Session: Class initialized using 'CodeIgniter\Session\Handlers\FileHandler' driver.
INFO - 2024-07-08 16:52:47 --> Session: Class initialized using 'CodeIgniter\Session\Handlers\FileHandler' driver.
INFO - 2024-07-08 16:53:22 --> Session: Class initialized using 'CodeIgniter\Session\Handlers\FileHandler' driver.
INFO - 2024-07-08 16:54:19 --> Session: Class initialized using 'CodeIgniter\Session\Handlers\FileHandler' driver.
INFO - 2024-07-08 16:54:22 --> Session: Class initialized using 'CodeIgniter\Session\Handlers\FileHandler' driver.
CRITICAL - 2024-07-08 16:54:22 --> CodeIgniter\View\Exceptions\ViewException: Invalid file: "page/content/form/add_riwayats.php"
[Method: GET, Route: add-riwayats]
in SYSTEMPATH\Exceptions\FrameworkException.php on line 41.
 1 SYSTEMPATH\View\View.php(222): CodeIgniter\Exceptions\FrameworkException::forInvalidFile('page/content/form/add_riwayats.php')
 2 SYSTEMPATH\Common.php(1171): CodeIgniter\View\View->render('page/content/form/add_riwayats', [], true)
 3 APPPATH\Controllers\Menu.php(119): view('page/content/form/add_riwayats')
 4 SYSTEMPATH\CodeIgniter.php(933): App\Controllers\Menu->add_riwayats()
 5 SYSTEMPATH\CodeIgniter.php(509): CodeIgniter\CodeIgniter->runController(Object(App\Controllers\Menu))
 6 SYSTEMPATH\CodeIgniter.php(355): CodeIgniter\CodeIgniter->handleRequest(null, Object(Config\Cache), false)
 7 SYSTEMPATH\Boot.php(325): CodeIgniter\CodeIgniter->run()
 8 SYSTEMPATH\Boot.php(67): CodeIgniter\Boot::runCodeIgniter(Object(CodeIgniter\CodeIgniter))
 9 FCPATH\index.php(56): CodeIgniter\Boot::bootWeb(Object(Config\Paths))
10 SYSTEMPATH\rewrite.php(44): require_once('E:\\Project\\klinik-bersalin\\public\\index.php')
INFO - 2024-07-08 16:54:49 --> Session: Class initialized using 'CodeIgniter\Session\Handlers\FileHandler' driver.
INFO - 2024-07-08 16:55:30 --> Session: Class initialized using 'CodeIgniter\Session\Handlers\FileHandler' driver.
INFO - 2024-07-08 16:55:41 --> Session: Class initialized using 'CodeIgniter\Session\Handlers\FileHandler' driver.
INFO - 2024-07-08 16:55:51 --> Session: Class initialized using 'CodeIgniter\Session\Handlers\FileHandler' driver.
INFO - 2024-07-08 16:57:09 --> Session: Class initialized using 'CodeIgniter\Session\Handlers\FileHandler' driver.
INFO - 2024-07-08 16:58:08 --> Session: Class initialized using 'CodeIgniter\Session\Handlers\FileHandler' driver.
INFO - 2024-07-08 16:58:51 --> Session: Class initialized using 'CodeIgniter\Session\Handlers\FileHandler' driver.
INFO - 2024-07-08 16:59:21 --> Session: Class initialized using 'CodeIgniter\Session\Handlers\FileHandler' driver.
INFO - 2024-07-08 16:59:32 --> Session: Class initialized using 'CodeIgniter\Session\Handlers\FileHandler' driver.
INFO - 2024-07-08 16:59:39 --> Session: Class initialized using 'CodeIgniter\Session\Handlers\FileHandler' driver.
INFO - 2024-07-08 16:59:54 --> Session: Class initialized using 'CodeIgniter\Session\Handlers\FileHandler' driver.
INFO - 2024-07-08 17:00:34 --> Session: Class initialized using 'CodeIgniter\Session\Handlers\FileHandler' driver.
INFO - 2024-07-08 17:00:48 --> Session: Class initialized using 'CodeIgniter\Session\Handlers\FileHandler' driver.
INFO - 2024-07-08 17:01:46 --> Session: Class initialized using 'CodeIgniter\Session\Handlers\FileHandler' driver.
INFO - 2024-07-08 17:02:32 --> Session: Class initialized using 'CodeIgniter\Session\Handlers\FileHandler' driver.
INFO - 2024-07-08 17:04:02 --> Session: Class initialized using 'CodeIgniter\Session\Handlers\FileHandler' driver.
INFO - 2024-07-08 17:04:13 --> Session: Class initialized using 'CodeIgniter\Session\Handlers\FileHandler' driver.
INFO - 2024-07-08 17:04:34 --> Session: Class initialized using 'CodeIgniter\Session\Handlers\FileHandler' driver.
INFO - 2024-07-08 17:04:44 --> Session: Class initialized using 'CodeIgniter\Session\Handlers\FileHandler' driver.
INFO - 2024-07-08 17:05:01 --> Session: Class initialized using 'CodeIgniter\Session\Handlers\FileHandler' driver.
INFO - 2024-07-08 17:05:05 --> Session: Class initialized using 'CodeIgniter\Session\Handlers\FileHandler' driver.
INFO - 2024-07-08 17:05:09 --> Session: Class initialized using 'CodeIgniter\Session\Handlers\FileHandler' driver.
INFO - 2024-07-08 17:05:10 --> Session: Class initialized using 'CodeIgniter\Session\Handlers\FileHandler' driver.
INFO - 2024-07-08 17:06:44 --> Session: Class initialized using 'CodeIgniter\Session\Handlers\FileHandler' driver.
INFO - 2024-07-08 17:06:53 --> Session: Class initialized using 'CodeIgniter\Session\Handlers\FileHandler' driver.
INFO - 2024-07-08 17:06:54 --> Session: Class initialized using 'CodeIgniter\Session\Handlers\FileHandler' driver.
INFO - 2024-07-08 17:07:55 --> Session: Class initialized using 'CodeIgniter\Session\Handlers\FileHandler' driver.
INFO - 2024-07-08 17:08:27 --> Session: Class initialized using 'CodeIgniter\Session\Handlers\FileHandler' driver.
INFO - 2024-07-08 17:08:35 --> Session: Class initialized using 'CodeIgniter\Session\Handlers\FileHandler' driver.
INFO - 2024-07-08 17:08:39 --> Session: Class initialized using 'CodeIgniter\Session\Handlers\FileHandler' driver.
INFO - 2024-07-08 17:08:41 --> Session: Class initialized using 'CodeIgniter\Session\Handlers\FileHandler' driver.
INFO - 2024-07-08 17:08:47 --> Session: Class initialized using 'CodeIgniter\Session\Handlers\FileHandler' driver.
INFO - 2024-07-08 17:08:50 --> Session: Class initialized using 'CodeIgniter\Session\Handlers\FileHandler' driver.
INFO - 2024-07-08 17:08:52 --> Session: Class initialized using 'CodeIgniter\Session\Handlers\FileHandler' driver.
INFO - 2024-07-08 17:08:56 --> Session: Class initialized using 'CodeIgniter\Session\Handlers\FileHandler' driver.
INFO - 2024-07-08 17:09:43 --> Session: Class initialized using 'CodeIgniter\Session\Handlers\FileHandler' driver.
INFO - 2024-07-08 17:10:29 --> Session: Class initialized using 'CodeIgniter\Session\Handlers\FileHandler' driver.
INFO - 2024-07-08 17:10:38 --> Session: Class initialized using 'CodeIgniter\Session\Handlers\FileHandler' driver.
INFO - 2024-07-08 17:10:41 --> Session: Class initialized using 'CodeIgniter\Session\Handlers\FileHandler' driver.
INFO - 2024-07-08 17:10:43 --> Session: Class initialized using 'CodeIgniter\Session\Handlers\FileHandler' driver.
INFO - 2024-07-08 17:13:22 --> Session: Class initialized using 'CodeIgniter\Session\Handlers\FileHandler' driver.
INFO - 2024-07-08 17:16:30 --> Session: Class initialized using 'CodeIgniter\Session\Handlers\FileHandler' driver.
INFO - 2024-07-08 17:16:49 --> Session: Class initialized using 'CodeIgniter\Session\Handlers\FileHandler' driver.
ERROR - 2024-07-08 17:16:49 --> mysqli_sql_exception: Column 'bbSebelum' cannot be null in E:\Project\klinik-bersalin\system\Database\MySQLi\Connection.php:312
Stack trace:
#0 E:\Project\klinik-bersalin\system\Database\MySQLi\Connection.php(312): mysqli->query('INSERT INTO `ri...', 0)
#1 E:\Project\klinik-bersalin\system\Database\BaseConnection.php(734): CodeIgniter\Database\MySQLi\Connection->execute('INSERT INTO `ri...')
#2 E:\Project\klinik-bersalin\system\Database\BaseConnection.php(648): CodeIgniter\Database\BaseConnection->simpleQuery('INSERT INTO `ri...')
#3 E:\Project\klinik-bersalin\system\Database\BaseBuilder.php(2332): CodeIgniter\Database\BaseConnection->query('INSERT INTO `ri...', Array, false)
#4 E:\Project\klinik-bersalin\system\Model.php(394): CodeIgniter\Database\BaseBuilder->insert()
#5 E:\Project\klinik-bersalin\system\BaseModel.php(840): CodeIgniter\Model->doInsert(Array)
#6 E:\Project\klinik-bersalin\system\Model.php(802): CodeIgniter\BaseModel->insert(Array, true)
#7 E:\Project\klinik-bersalin\app\Models\RiwayatModel.php(39): CodeIgniter\Model->insert(Array)
#8 E:\Project\klinik-bersalin\app\Controllers\Save.php(90): App\Models\RiwayatModel->saveRiwayat(Array)
#9 E:\Project\klinik-bersalin\system\CodeIgniter.php(933): App\Controllers\Save->store_riwayats()
#10 E:\Project\klinik-bersalin\system\CodeIgniter.php(509): CodeIgniter\CodeIgniter->runController(Object(App\Controllers\Save))
#11 E:\Project\klinik-bersalin\system\CodeIgniter.php(355): CodeIgniter\CodeIgniter->handleRequest(NULL, Object(Config\Cache), false)
#12 E:\Project\klinik-bersalin\system\Boot.php(325): CodeIgniter\CodeIgniter->run()
#13 E:\Project\klinik-bersalin\system\Boot.php(67): CodeIgniter\Boot::runCodeIgniter(Object(CodeIgniter\CodeIgniter))
#14 E:\Project\klinik-bersalin\public\index.php(56): CodeIgniter\Boot::bootWeb(Object(Config\Paths))
#15 E:\Project\klinik-bersalin\system\rewrite.php(44): require_once('E:\\Project\\klin...')
#16 {main}
CRITICAL - 2024-07-08 17:16:49 --> CodeIgniter\Database\Exceptions\DatabaseException: Column 'bbSebelum' cannot be null
[Method: POST, Route: add-riwayats]
in SYSTEMPATH\Database\BaseConnection.php on line 688.
 1 SYSTEMPATH\Database\BaseBuilder.php(2332): CodeIgniter\Database\BaseConnection->query('INSERT INTO `riwayat` (`ibuID`, `kehamilan`, `gravida`, `partus`, `abortus`, `lahirMati`, `tanggalHPL`, `tanggalHPHT`, `taksiranPersalinan`, `persalinanSebelumnya`, `bbSebelum`, `tb`, `riwayatID`) VALUES (:ibuID:, :kehamilan:, :gravida:, :partus:, :abortus:, :lahirMati:, :tanggalHPL:, :tanggalHPHT:, :taksiranPersalinan:, :persalinanSebelumnya:, :bbSebelum:, :tb:, :riwayatID:)', [...], false)
 2 SYSTEMPATH\Model.php(394): CodeIgniter\Database\BaseBuilder->insert()
 3 SYSTEMPATH\BaseModel.php(840): CodeIgniter\Model->doInsert([...])
 4 SYSTEMPATH\Model.php(802): CodeIgniter\BaseModel->insert([...], true)
 5 APPPATH\Models\RiwayatModel.php(39): CodeIgniter\Model->insert([...])
 6 APPPATH\Controllers\Save.php(90): App\Models\RiwayatModel->saveRiwayat([...])
 7 SYSTEMPATH\CodeIgniter.php(933): App\Controllers\Save->store_riwayats()
 8 SYSTEMPATH\CodeIgniter.php(509): CodeIgniter\CodeIgniter->runController(Object(App\Controllers\Save))
 9 SYSTEMPATH\CodeIgniter.php(355): CodeIgniter\CodeIgniter->handleRequest(null, Object(Config\Cache), false)
10 SYSTEMPATH\Boot.php(325): CodeIgniter\CodeIgniter->run()
11 SYSTEMPATH\Boot.php(67): CodeIgniter\Boot::runCodeIgniter(Object(CodeIgniter\CodeIgniter))
12 FCPATH\index.php(56): CodeIgniter\Boot::bootWeb(Object(Config\Paths))
13 SYSTEMPATH\rewrite.php(44): require_once('E:\\Project\\klinik-bersalin\\public\\index.php')
CRITICAL - 2024-07-08 17:16:49 --> [Caused by] CodeIgniter\Database\Exceptions\DatabaseException: Column 'bbSebelum' cannot be null
in SYSTEMPATH\Database\MySQLi\Connection.php on line 317.
 1 SYSTEMPATH\Database\BaseConnection.php(734): CodeIgniter\Database\MySQLi\Connection->execute('INSERT INTO `riwayat` (`ibuID`, `kehamilan`, `gravida`, `partus`, `abortus`, `lahirMati`, `tanggalHPL`, `tanggalHPHT`, `taksiranPersalinan`, `persalinanSebelumnya`, `bbSebelum`, `tb`, `riwayatID`) VALUES (\'IBU001\', \'1\', \'1\', \'1\', \'1\', \'1\', \'2024-07-09\', \'2024-07-09\', \'2024-07-09\', \'2024-07-09\', NULL, NULL, \'RWY002\')')
 2 SYSTEMPATH\Database\BaseConnection.php(648): CodeIgniter\Database\BaseConnection->simpleQuery('INSERT INTO `riwayat` (`ibuID`, `kehamilan`, `gravida`, `partus`, `abortus`, `lahirMati`, `tanggalHPL`, `tanggalHPHT`, `taksiranPersalinan`, `persalinanSebelumnya`, `bbSebelum`, `tb`, `riwayatID`) VALUES (\'IBU001\', \'1\', \'1\', \'1\', \'1\', \'1\', \'2024-07-09\', \'2024-07-09\', \'2024-07-09\', \'2024-07-09\', NULL, NULL, \'RWY002\')')
 3 SYSTEMPATH\Database\BaseBuilder.php(2332): CodeIgniter\Database\BaseConnection->query('INSERT INTO `riwayat` (`ibuID`, `kehamilan`, `gravida`, `partus`, `abortus`, `lahirMati`, `tanggalHPL`, `tanggalHPHT`, `taksiranPersalinan`, `persalinanSebelumnya`, `bbSebelum`, `tb`, `riwayatID`) VALUES (:ibuID:, :kehamilan:, :gravida:, :partus:, :abortus:, :lahirMati:, :tanggalHPL:, :tanggalHPHT:, :taksiranPersalinan:, :persalinanSebelumnya:, :bbSebelum:, :tb:, :riwayatID:)', [...], false)
 4 SYSTEMPATH\Model.php(394): CodeIgniter\Database\BaseBuilder->insert()
 5 SYSTEMPATH\BaseModel.php(840): CodeIgniter\Model->doInsert([...])
 6 SYSTEMPATH\Model.php(802): CodeIgniter\BaseModel->insert([...], true)
 7 APPPATH\Models\RiwayatModel.php(39): CodeIgniter\Model->insert([...])
 8 APPPATH\Controllers\Save.php(90): App\Models\RiwayatModel->saveRiwayat([...])
 9 SYSTEMPATH\CodeIgniter.php(933): App\Controllers\Save->store_riwayats()
10 SYSTEMPATH\CodeIgniter.php(509): CodeIgniter\CodeIgniter->runController(Object(App\Controllers\Save))
11 SYSTEMPATH\CodeIgniter.php(355): CodeIgniter\CodeIgniter->handleRequest(null, Object(Config\Cache), false)
12 SYSTEMPATH\Boot.php(325): CodeIgniter\CodeIgniter->run()
13 SYSTEMPATH\Boot.php(67): CodeIgniter\Boot::runCodeIgniter(Object(CodeIgniter\CodeIgniter))
14 FCPATH\index.php(56): CodeIgniter\Boot::bootWeb(Object(Config\Paths))
15 SYSTEMPATH\rewrite.php(44): require_once('E:\\Project\\klinik-bersalin\\public\\index.php')
CRITICAL - 2024-07-08 17:16:49 --> [Caused by] mysqli_sql_exception: Column 'bbSebelum' cannot be null
in SYSTEMPATH\Database\MySQLi\Connection.php on line 312.
 1 SYSTEMPATH\Database\MySQLi\Connection.php(312): mysqli->query('INSERT INTO `riwayat` (`ibuID`, `kehamilan`, `gravida`, `partus`, `abortus`, `lahirMati`, `tanggalHPL`, `tanggalHPHT`, `taksiranPersalinan`, `persalinanSebelumnya`, `bbSebelum`, `tb`, `riwayatID`) VALUES (\'IBU001\', \'1\', \'1\', \'1\', \'1\', \'1\', \'2024-07-09\', \'2024-07-09\', \'2024-07-09\', \'2024-07-09\', NULL, NULL, \'RWY002\')', 0)
 2 SYSTEMPATH\Database\BaseConnection.php(734): CodeIgniter\Database\MySQLi\Connection->execute('INSERT INTO `riwayat` (`ibuID`, `kehamilan`, `gravida`, `partus`, `abortus`, `lahirMati`, `tanggalHPL`, `tanggalHPHT`, `taksiranPersalinan`, `persalinanSebelumnya`, `bbSebelum`, `tb`, `riwayatID`) VALUES (\'IBU001\', \'1\', \'1\', \'1\', \'1\', \'1\', \'2024-07-09\', \'2024-07-09\', \'2024-07-09\', \'2024-07-09\', NULL, NULL, \'RWY002\')')
 3 SYSTEMPATH\Database\BaseConnection.php(648): CodeIgniter\Database\BaseConnection->simpleQuery('INSERT INTO `riwayat` (`ibuID`, `kehamilan`, `gravida`, `partus`, `abortus`, `lahirMati`, `tanggalHPL`, `tanggalHPHT`, `taksiranPersalinan`, `persalinanSebelumnya`, `bbSebelum`, `tb`, `riwayatID`) VALUES (\'IBU001\', \'1\', \'1\', \'1\', \'1\', \'1\', \'2024-07-09\', \'2024-07-09\', \'2024-07-09\', \'2024-07-09\', NULL, NULL, \'RWY002\')')
 4 SYSTEMPATH\Database\BaseBuilder.php(2332): CodeIgniter\Database\BaseConnection->query('INSERT INTO `riwayat` (`ibuID`, `kehamilan`, `gravida`, `partus`, `abortus`, `lahirMati`, `tanggalHPL`, `tanggalHPHT`, `taksiranPersalinan`, `persalinanSebelumnya`, `bbSebelum`, `tb`, `riwayatID`) VALUES (:ibuID:, :kehamilan:, :gravida:, :partus:, :abortus:, :lahirMati:, :tanggalHPL:, :tanggalHPHT:, :taksiranPersalinan:, :persalinanSebelumnya:, :bbSebelum:, :tb:, :riwayatID:)', [...], false)
 5 SYSTEMPATH\Model.php(394): CodeIgniter\Database\BaseBuilder->insert()
 6 SYSTEMPATH\BaseModel.php(840): CodeIgniter\Model->doInsert([...])
 7 SYSTEMPATH\Model.php(802): CodeIgniter\BaseModel->insert([...], true)
 8 APPPATH\Models\RiwayatModel.php(39): CodeIgniter\Model->insert([...])
 9 APPPATH\Controllers\Save.php(90): App\Models\RiwayatModel->saveRiwayat([...])
10 SYSTEMPATH\CodeIgniter.php(933): App\Controllers\Save->store_riwayats()
11 SYSTEMPATH\CodeIgniter.php(509): CodeIgniter\CodeIgniter->runController(Object(App\Controllers\Save))
12 SYSTEMPATH\CodeIgniter.php(355): CodeIgniter\CodeIgniter->handleRequest(null, Object(Config\Cache), false)
13 SYSTEMPATH\Boot.php(325): CodeIgniter\CodeIgniter->run()
14 SYSTEMPATH\Boot.php(67): CodeIgniter\Boot::runCodeIgniter(Object(CodeIgniter\CodeIgniter))
15 FCPATH\index.php(56): CodeIgniter\Boot::bootWeb(Object(Config\Paths))
16 SYSTEMPATH\rewrite.php(44): require_once('E:\\Project\\klinik-bersalin\\public\\index.php')
INFO - 2024-07-08 17:17:11 --> Session: Class initialized using 'CodeIgniter\Session\Handlers\FileHandler' driver.
INFO - 2024-07-08 17:17:16 --> Session: Class initialized using 'CodeIgniter\Session\Handlers\FileHandler' driver.
ERROR - 2024-07-08 17:17:16 --> mysqli_sql_exception: Column 'bbSebelum' cannot be null in E:\Project\klinik-bersalin\system\Database\MySQLi\Connection.php:312
Stack trace:
#0 E:\Project\klinik-bersalin\system\Database\MySQLi\Connection.php(312): mysqli->query('INSERT INTO `ri...', 0)
#1 E:\Project\klinik-bersalin\system\Database\BaseConnection.php(734): CodeIgniter\Database\MySQLi\Connection->execute('INSERT INTO `ri...')
#2 E:\Project\klinik-bersalin\system\Database\BaseConnection.php(648): CodeIgniter\Database\BaseConnection->simpleQuery('INSERT INTO `ri...')
#3 E:\Project\klinik-bersalin\system\Database\BaseBuilder.php(2332): CodeIgniter\Database\BaseConnection->query('INSERT INTO `ri...', Array, false)
#4 E:\Project\klinik-bersalin\system\Model.php(394): CodeIgniter\Database\BaseBuilder->insert()
#5 E:\Project\klinik-bersalin\system\BaseModel.php(840): CodeIgniter\Model->doInsert(Array)
#6 E:\Project\klinik-bersalin\system\Model.php(802): CodeIgniter\BaseModel->insert(Array, true)
#7 E:\Project\klinik-bersalin\app\Models\RiwayatModel.php(39): CodeIgniter\Model->insert(Array)
#8 E:\Project\klinik-bersalin\app\Controllers\Save.php(90): App\Models\RiwayatModel->saveRiwayat(Array)
#9 E:\Project\klinik-bersalin\system\CodeIgniter.php(933): App\Controllers\Save->store_riwayats()
#10 E:\Project\klinik-bersalin\system\CodeIgniter.php(509): CodeIgniter\CodeIgniter->runController(Object(App\Controllers\Save))
#11 E:\Project\klinik-bersalin\system\CodeIgniter.php(355): CodeIgniter\CodeIgniter->handleRequest(NULL, Object(Config\Cache), false)
#12 E:\Project\klinik-bersalin\system\Boot.php(325): CodeIgniter\CodeIgniter->run()
#13 E:\Project\klinik-bersalin\system\Boot.php(67): CodeIgniter\Boot::runCodeIgniter(Object(CodeIgniter\CodeIgniter))
#14 E:\Project\klinik-bersalin\public\index.php(56): CodeIgniter\Boot::bootWeb(Object(Config\Paths))
#15 E:\Project\klinik-bersalin\system\rewrite.php(44): require_once('E:\\Project\\klin...')
#16 {main}
CRITICAL - 2024-07-08 17:17:16 --> CodeIgniter\Database\Exceptions\DatabaseException: Column 'bbSebelum' cannot be null
[Method: POST, Route: add-riwayats]
in SYSTEMPATH\Database\BaseConnection.php on line 688.
 1 SYSTEMPATH\Database\BaseBuilder.php(2332): CodeIgniter\Database\BaseConnection->query('INSERT INTO `riwayat` (`ibuID`, `kehamilan`, `gravida`, `partus`, `abortus`, `lahirMati`, `tanggalHPL`, `tanggalHPHT`, `taksiranPersalinan`, `bbSebelum`, `tb`, `riwayatID`) VALUES (:ibuID:, :kehamilan:, :gravida:, :partus:, :abortus:, :lahirMati:, :tanggalHPL:, :tanggalHPHT:, :taksiranPersalinan:, :bbSebelum:, :tb:, :riwayatID:)', [...], false)
 2 SYSTEMPATH\Model.php(394): CodeIgniter\Database\BaseBuilder->insert()
 3 SYSTEMPATH\BaseModel.php(840): CodeIgniter\Model->doInsert([...])
 4 SYSTEMPATH\Model.php(802): CodeIgniter\BaseModel->insert([...], true)
 5 APPPATH\Models\RiwayatModel.php(39): CodeIgniter\Model->insert([...])
 6 APPPATH\Controllers\Save.php(90): App\Models\RiwayatModel->saveRiwayat([...])
 7 SYSTEMPATH\CodeIgniter.php(933): App\Controllers\Save->store_riwayats()
 8 SYSTEMPATH\CodeIgniter.php(509): CodeIgniter\CodeIgniter->runController(Object(App\Controllers\Save))
 9 SYSTEMPATH\CodeIgniter.php(355): CodeIgniter\CodeIgniter->handleRequest(null, Object(Config\Cache), false)
10 SYSTEMPATH\Boot.php(325): CodeIgniter\CodeIgniter->run()
11 SYSTEMPATH\Boot.php(67): CodeIgniter\Boot::runCodeIgniter(Object(CodeIgniter\CodeIgniter))
12 FCPATH\index.php(56): CodeIgniter\Boot::bootWeb(Object(Config\Paths))
13 SYSTEMPATH\rewrite.php(44): require_once('E:\\Project\\klinik-bersalin\\public\\index.php')
CRITICAL - 2024-07-08 17:17:16 --> [Caused by] CodeIgniter\Database\Exceptions\DatabaseException: Column 'bbSebelum' cannot be null
in SYSTEMPATH\Database\MySQLi\Connection.php on line 317.
 1 SYSTEMPATH\Database\BaseConnection.php(734): CodeIgniter\Database\MySQLi\Connection->execute('INSERT INTO `riwayat` (`ibuID`, `kehamilan`, `gravida`, `partus`, `abortus`, `lahirMati`, `tanggalHPL`, `tanggalHPHT`, `taksiranPersalinan`, `bbSebelum`, `tb`, `riwayatID`) VALUES (\'IBU001\', \'1\', \'1\', \'1\', \'1\', \'1\', \'2024-07-09\', \'2024-07-09\', \'2024-07-09\', NULL, NULL, \'RWY002\')')
 2 SYSTEMPATH\Database\BaseConnection.php(648): CodeIgniter\Database\BaseConnection->simpleQuery('INSERT INTO `riwayat` (`ibuID`, `kehamilan`, `gravida`, `partus`, `abortus`, `lahirMati`, `tanggalHPL`, `tanggalHPHT`, `taksiranPersalinan`, `bbSebelum`, `tb`, `riwayatID`) VALUES (\'IBU001\', \'1\', \'1\', \'1\', \'1\', \'1\', \'2024-07-09\', \'2024-07-09\', \'2024-07-09\', NULL, NULL, \'RWY002\')')
 3 SYSTEMPATH\Database\BaseBuilder.php(2332): CodeIgniter\Database\BaseConnection->query('INSERT INTO `riwayat` (`ibuID`, `kehamilan`, `gravida`, `partus`, `abortus`, `lahirMati`, `tanggalHPL`, `tanggalHPHT`, `taksiranPersalinan`, `bbSebelum`, `tb`, `riwayatID`) VALUES (:ibuID:, :kehamilan:, :gravida:, :partus:, :abortus:, :lahirMati:, :tanggalHPL:, :tanggalHPHT:, :taksiranPersalinan:, :bbSebelum:, :tb:, :riwayatID:)', [...], false)
 4 SYSTEMPATH\Model.php(394): CodeIgniter\Database\BaseBuilder->insert()
 5 SYSTEMPATH\BaseModel.php(840): CodeIgniter\Model->doInsert([...])
 6 SYSTEMPATH\Model.php(802): CodeIgniter\BaseModel->insert([...], true)
 7 APPPATH\Models\RiwayatModel.php(39): CodeIgniter\Model->insert([...])
 8 APPPATH\Controllers\Save.php(90): App\Models\RiwayatModel->saveRiwayat([...])
 9 SYSTEMPATH\CodeIgniter.php(933): App\Controllers\Save->store_riwayats()
10 SYSTEMPATH\CodeIgniter.php(509): CodeIgniter\CodeIgniter->runController(Object(App\Controllers\Save))
11 SYSTEMPATH\CodeIgniter.php(355): CodeIgniter\CodeIgniter->handleRequest(null, Object(Config\Cache), false)
12 SYSTEMPATH\Boot.php(325): CodeIgniter\CodeIgniter->run()
13 SYSTEMPATH\Boot.php(67): CodeIgniter\Boot::runCodeIgniter(Object(CodeIgniter\CodeIgniter))
14 FCPATH\index.php(56): CodeIgniter\Boot::bootWeb(Object(Config\Paths))
15 SYSTEMPATH\rewrite.php(44): require_once('E:\\Project\\klinik-bersalin\\public\\index.php')
CRITICAL - 2024-07-08 17:17:16 --> [Caused by] mysqli_sql_exception: Column 'bbSebelum' cannot be null
in SYSTEMPATH\Database\MySQLi\Connection.php on line 312.
 1 SYSTEMPATH\Database\MySQLi\Connection.php(312): mysqli->query('INSERT INTO `riwayat` (`ibuID`, `kehamilan`, `gravida`, `partus`, `abortus`, `lahirMati`, `tanggalHPL`, `tanggalHPHT`, `taksiranPersalinan`, `bbSebelum`, `tb`, `riwayatID`) VALUES (\'IBU001\', \'1\', \'1\', \'1\', \'1\', \'1\', \'2024-07-09\', \'2024-07-09\', \'2024-07-09\', NULL, NULL, \'RWY002\')', 0)
 2 SYSTEMPATH\Database\BaseConnection.php(734): CodeIgniter\Database\MySQLi\Connection->execute('INSERT INTO `riwayat` (`ibuID`, `kehamilan`, `gravida`, `partus`, `abortus`, `lahirMati`, `tanggalHPL`, `tanggalHPHT`, `taksiranPersalinan`, `bbSebelum`, `tb`, `riwayatID`) VALUES (\'IBU001\', \'1\', \'1\', \'1\', \'1\', \'1\', \'2024-07-09\', \'2024-07-09\', \'2024-07-09\', NULL, NULL, \'RWY002\')')
 3 SYSTEMPATH\Database\BaseConnection.php(648): CodeIgniter\Database\BaseConnection->simpleQuery('INSERT INTO `riwayat` (`ibuID`, `kehamilan`, `gravida`, `partus`, `abortus`, `lahirMati`, `tanggalHPL`, `tanggalHPHT`, `taksiranPersalinan`, `bbSebelum`, `tb`, `riwayatID`) VALUES (\'IBU001\', \'1\', \'1\', \'1\', \'1\', \'1\', \'2024-07-09\', \'2024-07-09\', \'2024-07-09\', NULL, NULL, \'RWY002\')')
 4 SYSTEMPATH\Database\BaseBuilder.php(2332): CodeIgniter\Database\BaseConnection->query('INSERT INTO `riwayat` (`ibuID`, `kehamilan`, `gravida`, `partus`, `abortus`, `lahirMati`, `tanggalHPL`, `tanggalHPHT`, `taksiranPersalinan`, `bbSebelum`, `tb`, `riwayatID`) VALUES (:ibuID:, :kehamilan:, :gravida:, :partus:, :abortus:, :lahirMati:, :tanggalHPL:, :tanggalHPHT:, :taksiranPersalinan:, :bbSebelum:, :tb:, :riwayatID:)', [...], false)
 5 SYSTEMPATH\Model.php(394): CodeIgniter\Database\BaseBuilder->insert()
 6 SYSTEMPATH\BaseModel.php(840): CodeIgniter\Model->doInsert([...])
 7 SYSTEMPATH\Model.php(802): CodeIgniter\BaseModel->insert([...], true)
 8 APPPATH\Models\RiwayatModel.php(39): CodeIgniter\Model->insert([...])
 9 APPPATH\Controllers\Save.php(90): App\Models\RiwayatModel->saveRiwayat([...])
10 SYSTEMPATH\CodeIgniter.php(933): App\Controllers\Save->store_riwayats()
11 SYSTEMPATH\CodeIgniter.php(509): CodeIgniter\CodeIgniter->runController(Object(App\Controllers\Save))
12 SYSTEMPATH\CodeIgniter.php(355): CodeIgniter\CodeIgniter->handleRequest(null, Object(Config\Cache), false)
13 SYSTEMPATH\Boot.php(325): CodeIgniter\CodeIgniter->run()
14 SYSTEMPATH\Boot.php(67): CodeIgniter\Boot::runCodeIgniter(Object(CodeIgniter\CodeIgniter))
15 FCPATH\index.php(56): CodeIgniter\Boot::bootWeb(Object(Config\Paths))
16 SYSTEMPATH\rewrite.php(44): require_once('E:\\Project\\klinik-bersalin\\public\\index.php')
INFO - 2024-07-08 17:17:19 --> Session: Class initialized using 'CodeIgniter\Session\Handlers\FileHandler' driver.
INFO - 2024-07-08 17:17:20 --> Session: Class initialized using 'CodeIgniter\Session\Handlers\FileHandler' driver.
INFO - 2024-07-08 17:17:38 --> Session: Class initialized using 'CodeIgniter\Session\Handlers\FileHandler' driver.
ERROR - 2024-07-08 17:17:38 --> mysqli_sql_exception: Column 'bbSebelum' cannot be null in E:\Project\klinik-bersalin\system\Database\MySQLi\Connection.php:312
Stack trace:
#0 E:\Project\klinik-bersalin\system\Database\MySQLi\Connection.php(312): mysqli->query('INSERT INTO `ri...', 0)
#1 E:\Project\klinik-bersalin\system\Database\BaseConnection.php(734): CodeIgniter\Database\MySQLi\Connection->execute('INSERT INTO `ri...')
#2 E:\Project\klinik-bersalin\system\Database\BaseConnection.php(648): CodeIgniter\Database\BaseConnection->simpleQuery('INSERT INTO `ri...')
#3 E:\Project\klinik-bersalin\system\Database\BaseBuilder.php(2332): CodeIgniter\Database\BaseConnection->query('INSERT INTO `ri...', Array, false)
#4 E:\Project\klinik-bersalin\system\Model.php(394): CodeIgniter\Database\BaseBuilder->insert()
#5 E:\Project\klinik-bersalin\system\BaseModel.php(840): CodeIgniter\Model->doInsert(Array)
#6 E:\Project\klinik-bersalin\system\Model.php(802): CodeIgniter\BaseModel->insert(Array, true)
#7 E:\Project\klinik-bersalin\app\Models\RiwayatModel.php(39): CodeIgniter\Model->insert(Array)
#8 E:\Project\klinik-bersalin\app\Controllers\Save.php(90): App\Models\RiwayatModel->saveRiwayat(Array)
#9 E:\Project\klinik-bersalin\system\CodeIgniter.php(933): App\Controllers\Save->store_riwayats()
#10 E:\Project\klinik-bersalin\system\CodeIgniter.php(509): CodeIgniter\CodeIgniter->runController(Object(App\Controllers\Save))
#11 E:\Project\klinik-bersalin\system\CodeIgniter.php(355): CodeIgniter\CodeIgniter->handleRequest(NULL, Object(Config\Cache), false)
#12 E:\Project\klinik-bersalin\system\Boot.php(325): CodeIgniter\CodeIgniter->run()
#13 E:\Project\klinik-bersalin\system\Boot.php(67): CodeIgniter\Boot::runCodeIgniter(Object(CodeIgniter\CodeIgniter))
#14 E:\Project\klinik-bersalin\public\index.php(56): CodeIgniter\Boot::bootWeb(Object(Config\Paths))
#15 E:\Project\klinik-bersalin\system\rewrite.php(44): require_once('E:\\Project\\klin...')
#16 {main}
CRITICAL - 2024-07-08 17:17:38 --> CodeIgniter\Database\Exceptions\DatabaseException: Column 'bbSebelum' cannot be null
[Method: POST, Route: add-riwayats]
in SYSTEMPATH\Database\BaseConnection.php on line 688.
 1 SYSTEMPATH\Database\BaseBuilder.php(2332): CodeIgniter\Database\BaseConnection->query('INSERT INTO `riwayat` (`ibuID`, `kehamilan`, `gravida`, `partus`, `abortus`, `lahirMati`, `tanggalHPL`, `tanggalHPHT`, `taksiranPersalinan`, `bbSebelum`, `tb`, `riwayatID`) VALUES (:ibuID:, :kehamilan:, :gravida:, :partus:, :abortus:, :lahirMati:, :tanggalHPL:, :tanggalHPHT:, :taksiranPersalinan:, :bbSebelum:, :tb:, :riwayatID:)', [...], false)
 2 SYSTEMPATH\Model.php(394): CodeIgniter\Database\BaseBuilder->insert()
 3 SYSTEMPATH\BaseModel.php(840): CodeIgniter\Model->doInsert([...])
 4 SYSTEMPATH\Model.php(802): CodeIgniter\BaseModel->insert([...], true)
 5 APPPATH\Models\RiwayatModel.php(39): CodeIgniter\Model->insert([...])
 6 APPPATH\Controllers\Save.php(90): App\Models\RiwayatModel->saveRiwayat([...])
 7 SYSTEMPATH\CodeIgniter.php(933): App\Controllers\Save->store_riwayats()
 8 SYSTEMPATH\CodeIgniter.php(509): CodeIgniter\CodeIgniter->runController(Object(App\Controllers\Save))
 9 SYSTEMPATH\CodeIgniter.php(355): CodeIgniter\CodeIgniter->handleRequest(null, Object(Config\Cache), false)
10 SYSTEMPATH\Boot.php(325): CodeIgniter\CodeIgniter->run()
11 SYSTEMPATH\Boot.php(67): CodeIgniter\Boot::runCodeIgniter(Object(CodeIgniter\CodeIgniter))
12 FCPATH\index.php(56): CodeIgniter\Boot::bootWeb(Object(Config\Paths))
13 SYSTEMPATH\rewrite.php(44): require_once('E:\\Project\\klinik-bersalin\\public\\index.php')
CRITICAL - 2024-07-08 17:17:38 --> [Caused by] CodeIgniter\Database\Exceptions\DatabaseException: Column 'bbSebelum' cannot be null
in SYSTEMPATH\Database\MySQLi\Connection.php on line 317.
 1 SYSTEMPATH\Database\BaseConnection.php(734): CodeIgniter\Database\MySQLi\Connection->execute('INSERT INTO `riwayat` (`ibuID`, `kehamilan`, `gravida`, `partus`, `abortus`, `lahirMati`, `tanggalHPL`, `tanggalHPHT`, `taksiranPersalinan`, `bbSebelum`, `tb`, `riwayatID`) VALUES (\'IBU001\', \'1\', \'1\', \'1\', \'1\', \'1\', \'2024-07-09\', \'2024-07-09\', \'2024-07-09\', NULL, NULL, \'RWY002\')')
 2 SYSTEMPATH\Database\BaseConnection.php(648): CodeIgniter\Database\BaseConnection->simpleQuery('INSERT INTO `riwayat` (`ibuID`, `kehamilan`, `gravida`, `partus`, `abortus`, `lahirMati`, `tanggalHPL`, `tanggalHPHT`, `taksiranPersalinan`, `bbSebelum`, `tb`, `riwayatID`) VALUES (\'IBU001\', \'1\', \'1\', \'1\', \'1\', \'1\', \'2024-07-09\', \'2024-07-09\', \'2024-07-09\', NULL, NULL, \'RWY002\')')
 3 SYSTEMPATH\Database\BaseBuilder.php(2332): CodeIgniter\Database\BaseConnection->query('INSERT INTO `riwayat` (`ibuID`, `kehamilan`, `gravida`, `partus`, `abortus`, `lahirMati`, `tanggalHPL`, `tanggalHPHT`, `taksiranPersalinan`, `bbSebelum`, `tb`, `riwayatID`) VALUES (:ibuID:, :kehamilan:, :gravida:, :partus:, :abortus:, :lahirMati:, :tanggalHPL:, :tanggalHPHT:, :taksiranPersalinan:, :bbSebelum:, :tb:, :riwayatID:)', [...], false)
 4 SYSTEMPATH\Model.php(394): CodeIgniter\Database\BaseBuilder->insert()
 5 SYSTEMPATH\BaseModel.php(840): CodeIgniter\Model->doInsert([...])
 6 SYSTEMPATH\Model.php(802): CodeIgniter\BaseModel->insert([...], true)
 7 APPPATH\Models\RiwayatModel.php(39): CodeIgniter\Model->insert([...])
 8 APPPATH\Controllers\Save.php(90): App\Models\RiwayatModel->saveRiwayat([...])
 9 SYSTEMPATH\CodeIgniter.php(933): App\Controllers\Save->store_riwayats()
10 SYSTEMPATH\CodeIgniter.php(509): CodeIgniter\CodeIgniter->runController(Object(App\Controllers\Save))
11 SYSTEMPATH\CodeIgniter.php(355): CodeIgniter\CodeIgniter->handleRequest(null, Object(Config\Cache), false)
12 SYSTEMPATH\Boot.php(325): CodeIgniter\CodeIgniter->run()
13 SYSTEMPATH\Boot.php(67): CodeIgniter\Boot::runCodeIgniter(Object(CodeIgniter\CodeIgniter))
14 FCPATH\index.php(56): CodeIgniter\Boot::bootWeb(Object(Config\Paths))
15 SYSTEMPATH\rewrite.php(44): require_once('E:\\Project\\klinik-bersalin\\public\\index.php')
CRITICAL - 2024-07-08 17:17:38 --> [Caused by] mysqli_sql_exception: Column 'bbSebelum' cannot be null
in SYSTEMPATH\Database\MySQLi\Connection.php on line 312.
 1 SYSTEMPATH\Database\MySQLi\Connection.php(312): mysqli->query('INSERT INTO `riwayat` (`ibuID`, `kehamilan`, `gravida`, `partus`, `abortus`, `lahirMati`, `tanggalHPL`, `tanggalHPHT`, `taksiranPersalinan`, `bbSebelum`, `tb`, `riwayatID`) VALUES (\'IBU001\', \'1\', \'1\', \'1\', \'1\', \'1\', \'2024-07-09\', \'2024-07-09\', \'2024-07-09\', NULL, NULL, \'RWY002\')', 0)
 2 SYSTEMPATH\Database\BaseConnection.php(734): CodeIgniter\Database\MySQLi\Connection->execute('INSERT INTO `riwayat` (`ibuID`, `kehamilan`, `gravida`, `partus`, `abortus`, `lahirMati`, `tanggalHPL`, `tanggalHPHT`, `taksiranPersalinan`, `bbSebelum`, `tb`, `riwayatID`) VALUES (\'IBU001\', \'1\', \'1\', \'1\', \'1\', \'1\', \'2024-07-09\', \'2024-07-09\', \'2024-07-09\', NULL, NULL, \'RWY002\')')
 3 SYSTEMPATH\Database\BaseConnection.php(648): CodeIgniter\Database\BaseConnection->simpleQuery('INSERT INTO `riwayat` (`ibuID`, `kehamilan`, `gravida`, `partus`, `abortus`, `lahirMati`, `tanggalHPL`, `tanggalHPHT`, `taksiranPersalinan`, `bbSebelum`, `tb`, `riwayatID`) VALUES (\'IBU001\', \'1\', \'1\', \'1\', \'1\', \'1\', \'2024-07-09\', \'2024-07-09\', \'2024-07-09\', NULL, NULL, \'RWY002\')')
 4 SYSTEMPATH\Database\BaseBuilder.php(2332): CodeIgniter\Database\BaseConnection->query('INSERT INTO `riwayat` (`ibuID`, `kehamilan`, `gravida`, `partus`, `abortus`, `lahirMati`, `tanggalHPL`, `tanggalHPHT`, `taksiranPersalinan`, `bbSebelum`, `tb`, `riwayatID`) VALUES (:ibuID:, :kehamilan:, :gravida:, :partus:, :abortus:, :lahirMati:, :tanggalHPL:, :tanggalHPHT:, :taksiranPersalinan:, :bbSebelum:, :tb:, :riwayatID:)', [...], false)
 5 SYSTEMPATH\Model.php(394): CodeIgniter\Database\BaseBuilder->insert()
 6 SYSTEMPATH\BaseModel.php(840): CodeIgniter\Model->doInsert([...])
 7 SYSTEMPATH\Model.php(802): CodeIgniter\BaseModel->insert([...], true)
 8 APPPATH\Models\RiwayatModel.php(39): CodeIgniter\Model->insert([...])
 9 APPPATH\Controllers\Save.php(90): App\Models\RiwayatModel->saveRiwayat([...])
10 SYSTEMPATH\CodeIgniter.php(933): App\Controllers\Save->store_riwayats()
11 SYSTEMPATH\CodeIgniter.php(509): CodeIgniter\CodeIgniter->runController(Object(App\Controllers\Save))
12 SYSTEMPATH\CodeIgniter.php(355): CodeIgniter\CodeIgniter->handleRequest(null, Object(Config\Cache), false)
13 SYSTEMPATH\Boot.php(325): CodeIgniter\CodeIgniter->run()
14 SYSTEMPATH\Boot.php(67): CodeIgniter\Boot::runCodeIgniter(Object(CodeIgniter\CodeIgniter))
15 FCPATH\index.php(56): CodeIgniter\Boot::bootWeb(Object(Config\Paths))
16 SYSTEMPATH\rewrite.php(44): require_once('E:\\Project\\klinik-bersalin\\public\\index.php')
INFO - 2024-07-08 17:18:15 --> Session: Class initialized using 'CodeIgniter\Session\Handlers\FileHandler' driver.
INFO - 2024-07-08 17:18:19 --> Session: Class initialized using 'CodeIgniter\Session\Handlers\FileHandler' driver.
INFO - 2024-07-08 17:18:31 --> Session: Class initialized using 'CodeIgniter\Session\Handlers\FileHandler' driver.
INFO - 2024-07-08 17:18:34 --> Session: Class initialized using 'CodeIgniter\Session\Handlers\FileHandler' driver.
INFO - 2024-07-08 17:18:37 --> Session: Class initialized using 'CodeIgniter\Session\Handlers\FileHandler' driver.
INFO - 2024-07-08 17:18:39 --> Session: Class initialized using 'CodeIgniter\Session\Handlers\FileHandler' driver.
INFO - 2024-07-08 17:18:58 --> Session: Class initialized using 'CodeIgniter\Session\Handlers\FileHandler' driver.
INFO - 2024-07-08 17:19:17 --> Session: Class initialized using 'CodeIgniter\Session\Handlers\FileHandler' driver.
INFO - 2024-07-08 17:19:17 --> Session: Class initialized using 'CodeIgniter\Session\Handlers\FileHandler' driver.
INFO - 2024-07-08 22:50:01 --> Session: Class initialized using 'CodeIgniter\Session\Handlers\FileHandler' driver.
INFO - 2024-07-08 22:50:01 --> Session: Class initialized using 'CodeIgniter\Session\Handlers\FileHandler' driver.
INFO - 2024-07-08 22:50:14 --> Session: Class initialized using 'CodeIgniter\Session\Handlers\FileHandler' driver.
INFO - 2024-07-08 22:50:14 --> Session: Class initialized using 'CodeIgniter\Session\Handlers\FileHandler' driver.
INFO - 2024-07-08 22:50:18 --> Session: Class initialized using 'CodeIgniter\Session\Handlers\FileHandler' driver.
INFO - 2024-07-08 22:51:03 --> Session: Class initialized using 'CodeIgniter\Session\Handlers\FileHandler' driver.
INFO - 2024-07-08 22:51:09 --> Session: Class initialized using 'CodeIgniter\Session\Handlers\FileHandler' driver.
INFO - 2024-07-08 22:51:11 --> Session: Class initialized using 'CodeIgniter\Session\Handlers\FileHandler' driver.
INFO - 2024-07-08 22:51:13 --> Session: Class initialized using 'CodeIgniter\Session\Handlers\FileHandler' driver.
INFO - 2024-07-08 22:51:17 --> Session: Class initialized using 'CodeIgniter\Session\Handlers\FileHandler' driver.
INFO - 2024-07-08 22:51:54 --> Session: Class initialized using 'CodeIgniter\Session\Handlers\FileHandler' driver.
INFO - 2024-07-08 22:51:56 --> Session: Class initialized using 'CodeIgniter\Session\Handlers\FileHandler' driver.
INFO - 2024-07-08 22:54:49 --> Session: Class initialized using 'CodeIgniter\Session\Handlers\FileHandler' driver.
INFO - 2024-07-08 22:55:26 --> Session: Class initialized using 'CodeIgniter\Session\Handlers\FileHandler' driver.
INFO - 2024-07-08 22:55:29 --> Session: Class initialized using 'CodeIgniter\Session\Handlers\FileHandler' driver.
INFO - 2024-07-08 22:55:30 --> Session: Class initialized using 'CodeIgniter\Session\Handlers\FileHandler' driver.
INFO - 2024-07-08 22:55:46 --> Session: Class initialized using 'CodeIgniter\Session\Handlers\FileHandler' driver.
INFO - 2024-07-08 23:06:09 --> Session: Class initialized using 'CodeIgniter\Session\Handlers\FileHandler' driver.
INFO - 2024-07-08 23:06:09 --> Session: Class initialized using 'CodeIgniter\Session\Handlers\FileHandler' driver.
CRITICAL - 2024-07-08 23:06:09 --> ErrorException: Trying to access array offset on value of type null
[Method: GET, Route: kehamilan-ibus/RWY002]
in APPPATH\Views\page\content\riwayats.php on line 26.
 1 APPPATH\Views\page\content\riwayats.php(26): CodeIgniter\Debug\Exceptions->errorHandler(2, 'Trying to access array offset on value of type null', 'E:\\Project\\klinik-bersalin\\app\\Views\\page\\content\\riwayats.php', 26)
 2 SYSTEMPATH\View\View.php(234): include('E:\\Project\\klinik-bersalin\\app\\Views\\page\\content\\riwayats.php')
 3 SYSTEMPATH\View\View.php(237): CodeIgniter\View\View->CodeIgniter\View\{closure}()
 4 SYSTEMPATH\Common.php(1171): CodeIgniter\View\View->render('page/content/riwayats', [], true)
 5 APPPATH\Controllers\Menu.php(110): view('page/content/riwayats', [...])
 6 SYSTEMPATH\CodeIgniter.php(933): App\Controllers\Menu->kehamilan_ibus('RWY002')
 7 SYSTEMPATH\CodeIgniter.php(509): CodeIgniter\CodeIgniter->runController(Object(App\Controllers\Menu))
 8 SYSTEMPATH\CodeIgniter.php(355): CodeIgniter\CodeIgniter->handleRequest(null, Object(Config\Cache), false)
 9 SYSTEMPATH\Boot.php(325): CodeIgniter\CodeIgniter->run()
10 SYSTEMPATH\Boot.php(67): CodeIgniter\Boot::runCodeIgniter(Object(CodeIgniter\CodeIgniter))
11 FCPATH\index.php(56): CodeIgniter\Boot::bootWeb(Object(Config\Paths))
12 SYSTEMPATH\rewrite.php(44): require_once('E:\\Project\\klinik-bersalin\\public\\index.php')
INFO - 2024-07-08 23:06:20 --> Session: Class initialized using 'CodeIgniter\Session\Handlers\FileHandler' driver.
CRITICAL - 2024-07-08 23:06:20 --> ErrorException: Trying to access array offset on value of type null
[Method: GET, Route: kehamilan-ibus/RWY002]
in APPPATH\Views\page\content\riwayats.php on line 26.
 1 APPPATH\Views\page\content\riwayats.php(26): CodeIgniter\Debug\Exceptions->errorHandler(2, 'Trying to access array offset on value of type null', 'E:\\Project\\klinik-bersalin\\app\\Views\\page\\content\\riwayats.php', 26)
 2 SYSTEMPATH\View\View.php(234): include('E:\\Project\\klinik-bersalin\\app\\Views\\page\\content\\riwayats.php')
 3 SYSTEMPATH\View\View.php(237): CodeIgniter\View\View->CodeIgniter\View\{closure}()
 4 SYSTEMPATH\Common.php(1171): CodeIgniter\View\View->render('page/content/riwayats', [], true)
 5 APPPATH\Controllers\Menu.php(110): view('page/content/riwayats', [...])
 6 SYSTEMPATH\CodeIgniter.php(933): App\Controllers\Menu->kehamilan_ibus('RWY002')
 7 SYSTEMPATH\CodeIgniter.php(509): CodeIgniter\CodeIgniter->runController(Object(App\Controllers\Menu))
 8 SYSTEMPATH\CodeIgniter.php(355): CodeIgniter\CodeIgniter->handleRequest(null, Object(Config\Cache), false)
 9 SYSTEMPATH\Boot.php(325): CodeIgniter\CodeIgniter->run()
10 SYSTEMPATH\Boot.php(67): CodeIgniter\Boot::runCodeIgniter(Object(CodeIgniter\CodeIgniter))
11 FCPATH\index.php(56): CodeIgniter\Boot::bootWeb(Object(Config\Paths))
12 SYSTEMPATH\rewrite.php(44): require_once('E:\\Project\\klinik-bersalin\\public\\index.php')
INFO - 2024-07-08 23:06:22 --> Session: Class initialized using 'CodeIgniter\Session\Handlers\FileHandler' driver.
INFO - 2024-07-08 23:06:25 --> Session: Class initialized using 'CodeIgniter\Session\Handlers\FileHandler' driver.
INFO - 2024-07-08 23:06:56 --> Session: Class initialized using 'CodeIgniter\Session\Handlers\FileHandler' driver.
INFO - 2024-07-08 23:06:56 --> Session: Class initialized using 'CodeIgniter\Session\Handlers\FileHandler' driver.
INFO - 2024-07-08 23:08:48 --> Session: Class initialized using 'CodeIgniter\Session\Handlers\FileHandler' driver.
INFO - 2024-07-08 23:08:52 --> Session: Class initialized using 'CodeIgniter\Session\Handlers\FileHandler' driver.
INFO - 2024-07-08 23:08:52 --> Session: Class initialized using 'CodeIgniter\Session\Handlers\FileHandler' driver.
INFO - 2024-07-08 23:08:56 --> Session: Class initialized using 'CodeIgniter\Session\Handlers\FileHandler' driver.
INFO - 2024-07-08 23:09:16 --> Session: Class initialized using 'CodeIgniter\Session\Handlers\FileHandler' driver.
INFO - 2024-07-08 23:09:16 --> Session: Class initialized using 'CodeIgniter\Session\Handlers\FileHandler' driver.
INFO - 2024-07-08 23:09:32 --> Session: Class initialized using 'CodeIgniter\Session\Handlers\FileHandler' driver.
INFO - 2024-07-08 23:10:42 --> Session: Class initialized using 'CodeIgniter\Session\Handlers\FileHandler' driver.
CRITICAL - 2024-07-08 23:10:42 --> ErrorException: Undefined array key "riwayatRM"
[Method: GET, Route: view-riwayats/RWY001]
in APPPATH\Views\page\content\form\view_riwayats.php on line 20.
 1 APPPATH\Views\page\content\form\view_riwayats.php(20): CodeIgniter\Debug\Exceptions->errorHandler(2, 'Undefined array key "riwayatRM"', 'E:\\Project\\klinik-bersalin\\app\\Views\\page\\content\\form\\view_riwayats.php', 20)
 2 SYSTEMPATH\View\View.php(234): include('E:\\Project\\klinik-bersalin\\app\\Views\\page\\content\\form\\view_riwayats.php')
 3 SYSTEMPATH\View\View.php(237): CodeIgniter\View\View->CodeIgniter\View\{closure}()
 4 SYSTEMPATH\Common.php(1171): CodeIgniter\View\View->render('page/content/form/view_riwayats', [], true)
 5 APPPATH\Controllers\Menu.php(130): view('page/content/form/view_riwayats', [...])
 6 SYSTEMPATH\CodeIgniter.php(933): App\Controllers\Menu->view_riwayats('RWY001')
 7 SYSTEMPATH\CodeIgniter.php(509): CodeIgniter\CodeIgniter->runController(Object(App\Controllers\Menu))
 8 SYSTEMPATH\CodeIgniter.php(355): CodeIgniter\CodeIgniter->handleRequest(null, Object(Config\Cache), false)
 9 SYSTEMPATH\Boot.php(325): CodeIgniter\CodeIgniter->run()
10 SYSTEMPATH\Boot.php(67): CodeIgniter\Boot::runCodeIgniter(Object(CodeIgniter\CodeIgniter))
11 FCPATH\index.php(56): CodeIgniter\Boot::bootWeb(Object(Config\Paths))
12 SYSTEMPATH\rewrite.php(44): require_once('E:\\Project\\klinik-bersalin\\public\\index.php')
INFO - 2024-07-08 23:11:32 --> Session: Class initialized using 'CodeIgniter\Session\Handlers\FileHandler' driver.
CRITICAL - 2024-07-08 23:11:32 --> ErrorException: Undefined array key "riwayatRM"
[Method: GET, Route: view-riwayats/RWY001]
in APPPATH\Views\page\content\form\view_riwayats.php on line 20.
 1 APPPATH\Views\page\content\form\view_riwayats.php(20): CodeIgniter\Debug\Exceptions->errorHandler(2, 'Undefined array key "riwayatRM"', 'E:\\Project\\klinik-bersalin\\app\\Views\\page\\content\\form\\view_riwayats.php', 20)
 2 SYSTEMPATH\View\View.php(234): include('E:\\Project\\klinik-bersalin\\app\\Views\\page\\content\\form\\view_riwayats.php')
 3 SYSTEMPATH\View\View.php(237): CodeIgniter\View\View->CodeIgniter\View\{closure}()
 4 SYSTEMPATH\Common.php(1171): CodeIgniter\View\View->render('page/content/form/view_riwayats', [], true)
 5 APPPATH\Controllers\Menu.php(130): view('page/content/form/view_riwayats', [...])
 6 SYSTEMPATH\CodeIgniter.php(933): App\Controllers\Menu->view_riwayats('RWY001')
 7 SYSTEMPATH\CodeIgniter.php(509): CodeIgniter\CodeIgniter->runController(Object(App\Controllers\Menu))
 8 SYSTEMPATH\CodeIgniter.php(355): CodeIgniter\CodeIgniter->handleRequest(null, Object(Config\Cache), false)
 9 SYSTEMPATH\Boot.php(325): CodeIgniter\CodeIgniter->run()
10 SYSTEMPATH\Boot.php(67): CodeIgniter\Boot::runCodeIgniter(Object(CodeIgniter\CodeIgniter))
11 FCPATH\index.php(56): CodeIgniter\Boot::bootWeb(Object(Config\Paths))
12 SYSTEMPATH\rewrite.php(44): require_once('E:\\Project\\klinik-bersalin\\public\\index.php')
INFO - 2024-07-08 23:11:43 --> Session: Class initialized using 'CodeIgniter\Session\Handlers\FileHandler' driver.
CRITICAL - 2024-07-08 23:11:43 --> ErrorException: Undefined array key "riwayatRtRw"
[Method: GET, Route: view-riwayats/RWY001]
in APPPATH\Views\page\content\form\view_riwayats.php on line 26.
 1 APPPATH\Views\page\content\form\view_riwayats.php(26): CodeIgniter\Debug\Exceptions->errorHandler(2, 'Undefined array key "riwayatRtRw"', 'E:\\Project\\klinik-bersalin\\app\\Views\\page\\content\\form\\view_riwayats.php', 26)
 2 SYSTEMPATH\View\View.php(234): include('E:\\Project\\klinik-bersalin\\app\\Views\\page\\content\\form\\view_riwayats.php')
 3 SYSTEMPATH\View\View.php(237): CodeIgniter\View\View->CodeIgniter\View\{closure}()
 4 SYSTEMPATH\Common.php(1171): CodeIgniter\View\View->render('page/content/form/view_riwayats', [], true)
 5 APPPATH\Controllers\Menu.php(130): view('page/content/form/view_riwayats', [...])
 6 SYSTEMPATH\CodeIgniter.php(933): App\Controllers\Menu->view_riwayats('RWY001')
 7 SYSTEMPATH\CodeIgniter.php(509): CodeIgniter\CodeIgniter->runController(Object(App\Controllers\Menu))
 8 SYSTEMPATH\CodeIgniter.php(355): CodeIgniter\CodeIgniter->handleRequest(null, Object(Config\Cache), false)
 9 SYSTEMPATH\Boot.php(325): CodeIgniter\CodeIgniter->run()
10 SYSTEMPATH\Boot.php(67): CodeIgniter\Boot::runCodeIgniter(Object(CodeIgniter\CodeIgniter))
11 FCPATH\index.php(56): CodeIgniter\Boot::bootWeb(Object(Config\Paths))
12 SYSTEMPATH\rewrite.php(44): require_once('E:\\Project\\klinik-bersalin\\public\\index.php')
INFO - 2024-07-08 23:11:51 --> Session: Class initialized using 'CodeIgniter\Session\Handlers\FileHandler' driver.
INFO - 2024-07-08 23:12:08 --> Session: Class initialized using 'CodeIgniter\Session\Handlers\FileHandler' driver.
INFO - 2024-07-08 23:12:34 --> Session: Class initialized using 'CodeIgniter\Session\Handlers\FileHandler' driver.
INFO - 2024-07-08 23:13:03 --> Session: Class initialized using 'CodeIgniter\Session\Handlers\FileHandler' driver.
CRITICAL - 2024-07-08 23:13:03 --> ErrorException: Undefined variable $ibu
[Method: GET, Route: view-riwayats/RWY001]
in APPPATH\Views\page\content\form\view_riwayats.php on line 158.
 1 APPPATH\Views\page\content\form\view_riwayats.php(158): CodeIgniter\Debug\Exceptions->errorHandler(2, 'Undefined variable $ibu', 'E:\\Project\\klinik-bersalin\\app\\Views\\page\\content\\form\\view_riwayats.php', 158)
 2 SYSTEMPATH\View\View.php(234): include('E:\\Project\\klinik-bersalin\\app\\Views\\page\\content\\form\\view_riwayats.php')
 3 SYSTEMPATH\View\View.php(237): CodeIgniter\View\View->CodeIgniter\View\{closure}()
 4 SYSTEMPATH\Common.php(1171): CodeIgniter\View\View->render('page/content/form/view_riwayats', [], true)
 5 APPPATH\Controllers\Menu.php(130): view('page/content/form/view_riwayats', [...])
 6 SYSTEMPATH\CodeIgniter.php(933): App\Controllers\Menu->view_riwayats('RWY001')
 7 SYSTEMPATH\CodeIgniter.php(509): CodeIgniter\CodeIgniter->runController(Object(App\Controllers\Menu))
 8 SYSTEMPATH\CodeIgniter.php(355): CodeIgniter\CodeIgniter->handleRequest(null, Object(Config\Cache), false)
 9 SYSTEMPATH\Boot.php(325): CodeIgniter\CodeIgniter->run()
10 SYSTEMPATH\Boot.php(67): CodeIgniter\Boot::runCodeIgniter(Object(CodeIgniter\CodeIgniter))
11 FCPATH\index.php(56): CodeIgniter\Boot::bootWeb(Object(Config\Paths))
12 SYSTEMPATH\rewrite.php(44): require_once('E:\\Project\\klinik-bersalin\\public\\index.php')
INFO - 2024-07-08 23:13:44 --> Session: Class initialized using 'CodeIgniter\Session\Handlers\FileHandler' driver.
INFO - 2024-07-08 23:14:31 --> Session: Class initialized using 'CodeIgniter\Session\Handlers\FileHandler' driver.
CRITICAL - 2024-07-08 23:14:31 --> ErrorException: Undefined array key "ibuNoRM"
[Method: GET, Route: view-riwayats/RWY001]
in APPPATH\Views\page\content\form\view_riwayats.php on line 20.
 1 APPPATH\Views\page\content\form\view_riwayats.php(20): CodeIgniter\Debug\Exceptions->errorHandler(2, 'Undefined array key "ibuNoRM"', 'E:\\Project\\klinik-bersalin\\app\\Views\\page\\content\\form\\view_riwayats.php', 20)
 2 SYSTEMPATH\View\View.php(234): include('E:\\Project\\klinik-bersalin\\app\\Views\\page\\content\\form\\view_riwayats.php')
 3 SYSTEMPATH\View\View.php(237): CodeIgniter\View\View->CodeIgniter\View\{closure}()
 4 SYSTEMPATH\Common.php(1171): CodeIgniter\View\View->render('page/content/form/view_riwayats', [], true)
 5 APPPATH\Controllers\Menu.php(133): view('page/content/form/view_riwayats', [...])
 6 SYSTEMPATH\CodeIgniter.php(933): App\Controllers\Menu->view_riwayats('RWY001')
 7 SYSTEMPATH\CodeIgniter.php(509): CodeIgniter\CodeIgniter->runController(Object(App\Controllers\Menu))
 8 SYSTEMPATH\CodeIgniter.php(355): CodeIgniter\CodeIgniter->handleRequest(null, Object(Config\Cache), false)
 9 SYSTEMPATH\Boot.php(325): CodeIgniter\CodeIgniter->run()
10 SYSTEMPATH\Boot.php(67): CodeIgniter\Boot::runCodeIgniter(Object(CodeIgniter\CodeIgniter))
11 FCPATH\index.php(56): CodeIgniter\Boot::bootWeb(Object(Config\Paths))
12 SYSTEMPATH\rewrite.php(44): require_once('E:\\Project\\klinik-bersalin\\public\\index.php')
INFO - 2024-07-08 23:14:35 --> Session: Class initialized using 'CodeIgniter\Session\Handlers\FileHandler' driver.
CRITICAL - 2024-07-08 23:14:35 --> ErrorException: Undefined array key "ibuRM"
[Method: GET, Route: view-riwayats/RWY001]
in APPPATH\Views\page\content\form\view_riwayats.php on line 20.
 1 APPPATH\Views\page\content\form\view_riwayats.php(20): CodeIgniter\Debug\Exceptions->errorHandler(2, 'Undefined array key "ibuRM"', 'E:\\Project\\klinik-bersalin\\app\\Views\\page\\content\\form\\view_riwayats.php', 20)
 2 SYSTEMPATH\View\View.php(234): include('E:\\Project\\klinik-bersalin\\app\\Views\\page\\content\\form\\view_riwayats.php')
 3 SYSTEMPATH\View\View.php(237): CodeIgniter\View\View->CodeIgniter\View\{closure}()
 4 SYSTEMPATH\Common.php(1171): CodeIgniter\View\View->render('page/content/form/view_riwayats', [], true)
 5 APPPATH\Controllers\Menu.php(133): view('page/content/form/view_riwayats', [...])
 6 SYSTEMPATH\CodeIgniter.php(933): App\Controllers\Menu->view_riwayats('RWY001')
 7 SYSTEMPATH\CodeIgniter.php(509): CodeIgniter\CodeIgniter->runController(Object(App\Controllers\Menu))
 8 SYSTEMPATH\CodeIgniter.php(355): CodeIgniter\CodeIgniter->handleRequest(null, Object(Config\Cache), false)
 9 SYSTEMPATH\Boot.php(325): CodeIgniter\CodeIgniter->run()
10 SYSTEMPATH\Boot.php(67): CodeIgniter\Boot::runCodeIgniter(Object(CodeIgniter\CodeIgniter))
11 FCPATH\index.php(56): CodeIgniter\Boot::bootWeb(Object(Config\Paths))
12 SYSTEMPATH\rewrite.php(44): require_once('E:\\Project\\klinik-bersalin\\public\\index.php')
INFO - 2024-07-08 23:14:42 --> Session: Class initialized using 'CodeIgniter\Session\Handlers\FileHandler' driver.
INFO - 2024-07-08 23:15:03 --> Session: Class initialized using 'CodeIgniter\Session\Handlers\FileHandler' driver.
INFO - 2024-07-08 23:15:44 --> Session: Class initialized using 'CodeIgniter\Session\Handlers\FileHandler' driver.
INFO - 2024-07-08 23:16:38 --> Session: Class initialized using 'CodeIgniter\Session\Handlers\FileHandler' driver.
INFO - 2024-07-08 23:16:49 --> Session: Class initialized using 'CodeIgniter\Session\Handlers\FileHandler' driver.
INFO - 2024-07-08 23:17:21 --> Session: Class initialized using 'CodeIgniter\Session\Handlers\FileHandler' driver.
INFO - 2024-07-08 23:21:35 --> Session: Class initialized using 'CodeIgniter\Session\Handlers\FileHandler' driver.
INFO - 2024-07-08 23:25:35 --> Session: Class initialized using 'CodeIgniter\Session\Handlers\FileHandler' driver.
INFO - 2024-07-08 23:25:36 --> Session: Class initialized using 'CodeIgniter\Session\Handlers\FileHandler' driver.
INFO - 2024-07-08 23:25:38 --> Session: Class initialized using 'CodeIgniter\Session\Handlers\FileHandler' driver.
INFO - 2024-07-08 23:25:59 --> Session: Class initialized using 'CodeIgniter\Session\Handlers\FileHandler' driver.
INFO - 2024-07-08 23:25:59 --> Session: Class initialized using 'CodeIgniter\Session\Handlers\FileHandler' driver.
INFO - 2024-07-08 23:26:02 --> Session: Class initialized using 'CodeIgniter\Session\Handlers\FileHandler' driver.
INFO - 2024-07-08 23:27:15 --> Session: Class initialized using 'CodeIgniter\Session\Handlers\FileHandler' driver.
INFO - 2024-07-08 23:27:18 --> Session: Class initialized using 'CodeIgniter\Session\Handlers\FileHandler' driver.
INFO - 2024-07-08 23:27:20 --> Session: Class initialized using 'CodeIgniter\Session\Handlers\FileHandler' driver.
INFO - 2024-07-08 23:27:22 --> Session: Class initialized using 'CodeIgniter\Session\Handlers\FileHandler' driver.
INFO - 2024-07-08 23:29:07 --> Session: Class initialized using 'CodeIgniter\Session\Handlers\FileHandler' driver.
CRITICAL - 2024-07-08 23:29:07 --> CodeIgniter\View\Exceptions\ViewException: Invalid file: "page/content/form/edit_riwayats.php"
[Method: GET, Route: edit-riwayats/RWY001]
in SYSTEMPATH\Exceptions\FrameworkException.php on line 41.
 1 SYSTEMPATH\View\View.php(222): CodeIgniter\Exceptions\FrameworkException::forInvalidFile('page/content/form/edit_riwayats.php')
 2 SYSTEMPATH\Common.php(1171): CodeIgniter\View\View->render('page/content/form/edit_riwayats', [], true)
 3 APPPATH\Controllers\Menu.php(130): view('page/content/form/edit_riwayats', [...])
 4 SYSTEMPATH\CodeIgniter.php(933): App\Controllers\Menu->edit_riwayats('RWY001')
 5 SYSTEMPATH\CodeIgniter.php(509): CodeIgniter\CodeIgniter->runController(Object(App\Controllers\Menu))
 6 SYSTEMPATH\CodeIgniter.php(355): CodeIgniter\CodeIgniter->handleRequest(null, Object(Config\Cache), false)
 7 SYSTEMPATH\Boot.php(325): CodeIgniter\CodeIgniter->run()
 8 SYSTEMPATH\Boot.php(67): CodeIgniter\Boot::runCodeIgniter(Object(CodeIgniter\CodeIgniter))
 9 FCPATH\index.php(56): CodeIgniter\Boot::bootWeb(Object(Config\Paths))
10 SYSTEMPATH\rewrite.php(44): require_once('E:\\Project\\klinik-bersalin\\public\\index.php')
INFO - 2024-07-08 23:30:55 --> Session: Class initialized using 'CodeIgniter\Session\Handlers\FileHandler' driver.
CRITICAL - 2024-07-08 23:30:55 --> ErrorException: Undefined array key "riwayatNama"
[Method: GET, Route: edit-riwayats/RWY001]
in APPPATH\Views\page\content\form\edit_riwayats.php on line 31.
 1 APPPATH\Views\page\content\form\edit_riwayats.php(31): CodeIgniter\Debug\Exceptions->errorHandler(2, 'Undefined array key "riwayatNama"', 'E:\\Project\\klinik-bersalin\\app\\Views\\page\\content\\form\\edit_riwayats.php', 31)
 2 SYSTEMPATH\View\View.php(234): include('E:\\Project\\klinik-bersalin\\app\\Views\\page\\content\\form\\edit_riwayats.php')
 3 SYSTEMPATH\View\View.php(237): CodeIgniter\View\View->CodeIgniter\View\{closure}()
 4 SYSTEMPATH\Common.php(1171): CodeIgniter\View\View->render('page/content/form/edit_riwayats', [], true)
 5 APPPATH\Controllers\Menu.php(130): view('page/content/form/edit_riwayats', [...])
 6 SYSTEMPATH\CodeIgniter.php(933): App\Controllers\Menu->edit_riwayats('RWY001')
 7 SYSTEMPATH\CodeIgniter.php(509): CodeIgniter\CodeIgniter->runController(Object(App\Controllers\Menu))
 8 SYSTEMPATH\CodeIgniter.php(355): CodeIgniter\CodeIgniter->handleRequest(null, Object(Config\Cache), false)
 9 SYSTEMPATH\Boot.php(325): CodeIgniter\CodeIgniter->run()
10 SYSTEMPATH\Boot.php(67): CodeIgniter\Boot::runCodeIgniter(Object(CodeIgniter\CodeIgniter))
11 FCPATH\index.php(56): CodeIgniter\Boot::bootWeb(Object(Config\Paths))
12 SYSTEMPATH\rewrite.php(44): require_once('E:\\Project\\klinik-bersalin\\public\\index.php')
INFO - 2024-07-08 23:31:33 --> Session: Class initialized using 'CodeIgniter\Session\Handlers\FileHandler' driver.
CRITICAL - 2024-07-08 23:31:33 --> ErrorException: Undefined variable $ibu
[Method: GET, Route: edit-riwayats/RWY001]
in APPPATH\Views\page\content\form\edit_riwayats.php on line 158.
 1 APPPATH\Views\page\content\form\edit_riwayats.php(158): CodeIgniter\Debug\Exceptions->errorHandler(2, 'Undefined variable $ibu', 'E:\\Project\\klinik-bersalin\\app\\Views\\page\\content\\form\\edit_riwayats.php', 158)
 2 SYSTEMPATH\View\View.php(234): include('E:\\Project\\klinik-bersalin\\app\\Views\\page\\content\\form\\edit_riwayats.php')
 3 SYSTEMPATH\View\View.php(237): CodeIgniter\View\View->CodeIgniter\View\{closure}()
 4 SYSTEMPATH\Common.php(1171): CodeIgniter\View\View->render('page/content/form/edit_riwayats', [], true)
 5 APPPATH\Controllers\Menu.php(130): view('page/content/form/edit_riwayats', [...])
 6 SYSTEMPATH\CodeIgniter.php(933): App\Controllers\Menu->edit_riwayats('RWY001')
 7 SYSTEMPATH\CodeIgniter.php(509): CodeIgniter\CodeIgniter->runController(Object(App\Controllers\Menu))
 8 SYSTEMPATH\CodeIgniter.php(355): CodeIgniter\CodeIgniter->handleRequest(null, Object(Config\Cache), false)
 9 SYSTEMPATH\Boot.php(325): CodeIgniter\CodeIgniter->run()
10 SYSTEMPATH\Boot.php(67): CodeIgniter\Boot::runCodeIgniter(Object(CodeIgniter\CodeIgniter))
11 FCPATH\index.php(56): CodeIgniter\Boot::bootWeb(Object(Config\Paths))
12 SYSTEMPATH\rewrite.php(44): require_once('E:\\Project\\klinik-bersalin\\public\\index.php')
INFO - 2024-07-08 23:33:16 --> Session: Class initialized using 'CodeIgniter\Session\Handlers\FileHandler' driver.
INFO - 2024-07-08 23:34:09 --> Session: Class initialized using 'CodeIgniter\Session\Handlers\FileHandler' driver.
INFO - 2024-07-08 23:34:24 --> Session: Class initialized using 'CodeIgniter\Session\Handlers\FileHandler' driver.
INFO - 2024-07-08 23:37:20 --> Session: Class initialized using 'CodeIgniter\Session\Handlers\FileHandler' driver.
INFO - 2024-07-08 23:37:21 --> Session: Class initialized using 'CodeIgniter\Session\Handlers\FileHandler' driver.
INFO - 2024-07-08 23:37:23 --> Session: Class initialized using 'CodeIgniter\Session\Handlers\FileHandler' driver.
INFO - 2024-07-08 23:37:23 --> Session: Class initialized using 'CodeIgniter\Session\Handlers\FileHandler' driver.
INFO - 2024-07-08 23:37:29 --> Session: Class initialized using 'CodeIgniter\Session\Handlers\FileHandler' driver.
INFO - 2024-07-08 23:37:30 --> Session: Class initialized using 'CodeIgniter\Session\Handlers\FileHandler' driver.
INFO - 2024-07-08 23:38:15 --> Session: Class initialized using 'CodeIgniter\Session\Handlers\FileHandler' driver.
INFO - 2024-07-08 23:38:18 --> Session: Class initialized using 'CodeIgniter\Session\Handlers\FileHandler' driver.
INFO - 2024-07-08 23:38:41 --> Session: Class initialized using 'CodeIgniter\Session\Handlers\FileHandler' driver.
INFO - 2024-07-08 23:38:43 --> Session: Class initialized using 'CodeIgniter\Session\Handlers\FileHandler' driver.
INFO - 2024-07-08 23:38:44 --> Session: Class initialized using 'CodeIgniter\Session\Handlers\FileHandler' driver.
INFO - 2024-07-08 23:38:47 --> Session: Class initialized using 'CodeIgniter\Session\Handlers\FileHandler' driver.
INFO - 2024-07-08 23:38:55 --> Session: Class initialized using 'CodeIgniter\Session\Handlers\FileHandler' driver.
INFO - 2024-07-08 23:38:55 --> Session: Class initialized using 'CodeIgniter\Session\Handlers\FileHandler' driver.
INFO - 2024-07-08 23:38:59 --> Session: Class initialized using 'CodeIgniter\Session\Handlers\FileHandler' driver.
INFO - 2024-07-08 23:39:04 --> Session: Class initialized using 'CodeIgniter\Session\Handlers\FileHandler' driver.
INFO - 2024-07-08 23:39:04 --> Session: Class initialized using 'CodeIgniter\Session\Handlers\FileHandler' driver.
INFO - 2024-07-08 23:39:07 --> Session: Class initialized using 'CodeIgniter\Session\Handlers\FileHandler' driver.
INFO - 2024-07-08 23:39:09 --> Session: Class initialized using 'CodeIgniter\Session\Handlers\FileHandler' driver.
INFO - 2024-07-08 23:39:12 --> Session: Class initialized using 'CodeIgniter\Session\Handlers\FileHandler' driver.
INFO - 2024-07-08 23:39:15 --> Session: Class initialized using 'CodeIgniter\Session\Handlers\FileHandler' driver.
INFO - 2024-07-08 23:39:18 --> Session: Class initialized using 'CodeIgniter\Session\Handlers\FileHandler' driver.
INFO - 2024-07-08 23:39:21 --> Session: Class initialized using 'CodeIgniter\Session\Handlers\FileHandler' driver.
INFO - 2024-07-08 23:39:25 --> Session: Class initialized using 'CodeIgniter\Session\Handlers\FileHandler' driver.
INFO - 2024-07-08 23:39:25 --> Session: Class initialized using 'CodeIgniter\Session\Handlers\FileHandler' driver.
INFO - 2024-07-08 23:39:38 --> Session: Class initialized using 'CodeIgniter\Session\Handlers\FileHandler' driver.
INFO - 2024-07-08 23:39:45 --> Session: Class initialized using 'CodeIgniter\Session\Handlers\FileHandler' driver.
INFO - 2024-07-08 23:39:48 --> Session: Class initialized using 'CodeIgniter\Session\Handlers\FileHandler' driver.
INFO - 2024-07-08 23:40:06 --> Session: Class initialized using 'CodeIgniter\Session\Handlers\FileHandler' driver.
INFO - 2024-07-08 23:40:37 --> Session: Class initialized using 'CodeIgniter\Session\Handlers\FileHandler' driver.
INFO - 2024-07-08 23:40:47 --> Session: Class initialized using 'CodeIgniter\Session\Handlers\FileHandler' driver.
INFO - 2024-07-08 23:40:52 --> Session: Class initialized using 'CodeIgniter\Session\Handlers\FileHandler' driver.
INFO - 2024-07-08 23:40:56 --> Session: Class initialized using 'CodeIgniter\Session\Handlers\FileHandler' driver.
INFO - 2024-07-08 23:41:42 --> Session: Class initialized using 'CodeIgniter\Session\Handlers\FileHandler' driver.
INFO - 2024-07-08 23:41:45 --> Session: Class initialized using 'CodeIgniter\Session\Handlers\FileHandler' driver.
INFO - 2024-07-08 23:41:54 --> Session: Class initialized using 'CodeIgniter\Session\Handlers\FileHandler' driver.
INFO - 2024-07-08 23:41:58 --> Session: Class initialized using 'CodeIgniter\Session\Handlers\FileHandler' driver.
INFO - 2024-07-08 23:48:47 --> Session: Class initialized using 'CodeIgniter\Session\Handlers\FileHandler' driver.
INFO - 2024-07-08 23:50:56 --> Session: Class initialized using 'CodeIgniter\Session\Handlers\FileHandler' driver.
INFO - 2024-07-08 23:51:37 --> Session: Class initialized using 'CodeIgniter\Session\Handlers\FileHandler' driver.
INFO - 2024-07-08 23:53:01 --> Session: Class initialized using 'CodeIgniter\Session\Handlers\FileHandler' driver.
ERROR - 2024-07-08 23:53:01 --> mysqli_sql_exception: Table 'klinikbersalin.antenatal' doesn't exist in E:\Project\klinik-bersalin\system\Database\MySQLi\Connection.php:312
Stack trace:
#0 E:\Project\klinik-bersalin\system\Database\MySQLi\Connection.php(312): mysqli->query('SELECT *\nFROM `...', 0)
#1 E:\Project\klinik-bersalin\system\Database\BaseConnection.php(734): CodeIgniter\Database\MySQLi\Connection->execute('SELECT *\nFROM `...')
#2 E:\Project\klinik-bersalin\system\Database\BaseConnection.php(648): CodeIgniter\Database\BaseConnection->simpleQuery('SELECT *\nFROM `...')
#3 E:\Project\klinik-bersalin\system\Database\BaseBuilder.php(1636): CodeIgniter\Database\BaseConnection->query('SELECT *\nFROM `...', Array, false)
#4 E:\Project\klinik-bersalin\system\Model.php(286): CodeIgniter\Database\BaseBuilder->get()
#5 E:\Project\klinik-bersalin\system\BaseModel.php(676): CodeIgniter\Model->doFindAll(0, 0)
#6 E:\Project\klinik-bersalin\app\Controllers\Menu.php(158): CodeIgniter\BaseModel->findAll()
#7 E:\Project\klinik-bersalin\system\CodeIgniter.php(933): App\Controllers\Menu->antenatal_ibus('IBU001')
#8 E:\Project\klinik-bersalin\system\CodeIgniter.php(509): CodeIgniter\CodeIgniter->runController(Object(App\Controllers\Menu))
#9 E:\Project\klinik-bersalin\system\CodeIgniter.php(355): CodeIgniter\CodeIgniter->handleRequest(NULL, Object(Config\Cache), false)
#10 E:\Project\klinik-bersalin\system\Boot.php(325): CodeIgniter\CodeIgniter->run()
#11 E:\Project\klinik-bersalin\system\Boot.php(67): CodeIgniter\Boot::runCodeIgniter(Object(CodeIgniter\CodeIgniter))
#12 E:\Project\klinik-bersalin\public\index.php(56): CodeIgniter\Boot::bootWeb(Object(Config\Paths))
#13 E:\Project\klinik-bersalin\system\rewrite.php(44): require_once('E:\\Project\\klin...')
#14 {main}
CRITICAL - 2024-07-08 23:53:01 --> CodeIgniter\Database\Exceptions\DatabaseException: Table 'klinikbersalin.antenatal' doesn't exist
[Method: GET, Route: antenatal-ibus/IBU001]
in SYSTEMPATH\Database\BaseConnection.php on line 688.
 1 SYSTEMPATH\Database\BaseBuilder.php(1636): CodeIgniter\Database\BaseConnection->query('SELECT *
FROM `antenatal`
WHERE `ibuID` = :ibuID:', [...], false)
 2 SYSTEMPATH\Model.php(286): CodeIgniter\Database\BaseBuilder->get()
 3 SYSTEMPATH\BaseModel.php(676): CodeIgniter\Model->doFindAll(0, 0)
 4 APPPATH\Controllers\Menu.php(158): CodeIgniter\BaseModel->findAll()
 5 SYSTEMPATH\CodeIgniter.php(933): App\Controllers\Menu->antenatal_ibus('IBU001')
 6 SYSTEMPATH\CodeIgniter.php(509): CodeIgniter\CodeIgniter->runController(Object(App\Controllers\Menu))
 7 SYSTEMPATH\CodeIgniter.php(355): CodeIgniter\CodeIgniter->handleRequest(null, Object(Config\Cache), false)
 8 SYSTEMPATH\Boot.php(325): CodeIgniter\CodeIgniter->run()
 9 SYSTEMPATH\Boot.php(67): CodeIgniter\Boot::runCodeIgniter(Object(CodeIgniter\CodeIgniter))
10 FCPATH\index.php(56): CodeIgniter\Boot::bootWeb(Object(Config\Paths))
11 SYSTEMPATH\rewrite.php(44): require_once('E:\\Project\\klinik-bersalin\\public\\index.php')
CRITICAL - 2024-07-08 23:53:01 --> [Caused by] CodeIgniter\Database\Exceptions\DatabaseException: Table 'klinikbersalin.antenatal' doesn't exist
in SYSTEMPATH\Database\MySQLi\Connection.php on line 317.
 1 SYSTEMPATH\Database\BaseConnection.php(734): CodeIgniter\Database\MySQLi\Connection->execute('SELECT *
FROM `antenatal`
WHERE `ibuID` = \'IBU001\'')
 2 SYSTEMPATH\Database\BaseConnection.php(648): CodeIgniter\Database\BaseConnection->simpleQuery('SELECT *
FROM `antenatal`
WHERE `ibuID` = \'IBU001\'')
 3 SYSTEMPATH\Database\BaseBuilder.php(1636): CodeIgniter\Database\BaseConnection->query('SELECT *
FROM `antenatal`
WHERE `ibuID` = :ibuID:', [...], false)
 4 SYSTEMPATH\Model.php(286): CodeIgniter\Database\BaseBuilder->get()
 5 SYSTEMPATH\BaseModel.php(676): CodeIgniter\Model->doFindAll(0, 0)
 6 APPPATH\Controllers\Menu.php(158): CodeIgniter\BaseModel->findAll()
 7 SYSTEMPATH\CodeIgniter.php(933): App\Controllers\Menu->antenatal_ibus('IBU001')
 8 SYSTEMPATH\CodeIgniter.php(509): CodeIgniter\CodeIgniter->runController(Object(App\Controllers\Menu))
 9 SYSTEMPATH\CodeIgniter.php(355): CodeIgniter\CodeIgniter->handleRequest(null, Object(Config\Cache), false)
10 SYSTEMPATH\Boot.php(325): CodeIgniter\CodeIgniter->run()
11 SYSTEMPATH\Boot.php(67): CodeIgniter\Boot::runCodeIgniter(Object(CodeIgniter\CodeIgniter))
12 FCPATH\index.php(56): CodeIgniter\Boot::bootWeb(Object(Config\Paths))
13 SYSTEMPATH\rewrite.php(44): require_once('E:\\Project\\klinik-bersalin\\public\\index.php')
CRITICAL - 2024-07-08 23:53:01 --> [Caused by] mysqli_sql_exception: Table 'klinikbersalin.antenatal' doesn't exist
in SYSTEMPATH\Database\MySQLi\Connection.php on line 312.
 1 SYSTEMPATH\Database\MySQLi\Connection.php(312): mysqli->query('SELECT *
FROM `antenatal`
WHERE `ibuID` = \'IBU001\'', 0)
 2 SYSTEMPATH\Database\BaseConnection.php(734): CodeIgniter\Database\MySQLi\Connection->execute('SELECT *
FROM `antenatal`
WHERE `ibuID` = \'IBU001\'')
 3 SYSTEMPATH\Database\BaseConnection.php(648): CodeIgniter\Database\BaseConnection->simpleQuery('SELECT *
FROM `antenatal`
WHERE `ibuID` = \'IBU001\'')
 4 SYSTEMPATH\Database\BaseBuilder.php(1636): CodeIgniter\Database\BaseConnection->query('SELECT *
FROM `antenatal`
WHERE `ibuID` = :ibuID:', [...], false)
 5 SYSTEMPATH\Model.php(286): CodeIgniter\Database\BaseBuilder->get()
 6 SYSTEMPATH\BaseModel.php(676): CodeIgniter\Model->doFindAll(0, 0)
 7 APPPATH\Controllers\Menu.php(158): CodeIgniter\BaseModel->findAll()
 8 SYSTEMPATH\CodeIgniter.php(933): App\Controllers\Menu->antenatal_ibus('IBU001')
 9 SYSTEMPATH\CodeIgniter.php(509): CodeIgniter\CodeIgniter->runController(Object(App\Controllers\Menu))
10 SYSTEMPATH\CodeIgniter.php(355): CodeIgniter\CodeIgniter->handleRequest(null, Object(Config\Cache), false)
11 SYSTEMPATH\Boot.php(325): CodeIgniter\CodeIgniter->run()
12 SYSTEMPATH\Boot.php(67): CodeIgniter\Boot::runCodeIgniter(Object(CodeIgniter\CodeIgniter))
13 FCPATH\index.php(56): CodeIgniter\Boot::bootWeb(Object(Config\Paths))
14 SYSTEMPATH\rewrite.php(44): require_once('E:\\Project\\klinik-bersalin\\public\\index.php')
ERROR - 2024-07-08 23:53:30 --> mysqli_sql_exception: Duplicate entry 'USER001' for key 'PRIMARY' in E:\Project\klinik-bersalin\system\Database\MySQLi\Connection.php:312
Stack trace:
#0 E:\Project\klinik-bersalin\system\Database\MySQLi\Connection.php(312): mysqli->query('INSERT INTO `us...', 0)
#1 E:\Project\klinik-bersalin\system\Database\BaseConnection.php(734): CodeIgniter\Database\MySQLi\Connection->execute('INSERT INTO `us...')
#2 E:\Project\klinik-bersalin\system\Database\BaseConnection.php(648): CodeIgniter\Database\BaseConnection->simpleQuery('INSERT INTO `us...')
#3 E:\Project\klinik-bersalin\system\Database\BaseBuilder.php(1828): CodeIgniter\Database\BaseConnection->query('INSERT INTO `us...', NULL, false)
#4 E:\Project\klinik-bersalin\system\Database\BaseBuilder.php(2217): CodeIgniter\Database\BaseBuilder->batchExecute('_insertBatch', 100)
#5 E:\Project\klinik-bersalin\app\Database\Seeds\UserSeeder.php(36): CodeIgniter\Database\BaseBuilder->insertBatch(Array)
#6 E:\Project\klinik-bersalin\system\Database\Seeder.php(147): App\Database\Seeds\UserSeeder->run()
#7 E:\Project\klinik-bersalin\system\Commands\Database\Seed.php(79): CodeIgniter\Database\Seeder->call('App\\Database\\Se...')
#8 E:\Project\klinik-bersalin\system\CLI\Commands.php(70): CodeIgniter\Commands\Database\Seed->run(Array)
#9 E:\Project\klinik-bersalin\system\CLI\Console.php(48): CodeIgniter\CLI\Commands->run('db:seed', Array)
#10 E:\Project\klinik-bersalin\system\Boot.php(351): CodeIgniter\CLI\Console->run()
#11 E:\Project\klinik-bersalin\system\Boot.php(104): CodeIgniter\Boot::runCommand(Object(CodeIgniter\CLI\Console))
#12 E:\Project\klinik-bersalin\spark(84): CodeIgniter\Boot::bootSpark(Object(Config\Paths))
#13 {main}
INFO - 2024-07-08 23:53:52 --> Session: Class initialized using 'CodeIgniter\Session\Handlers\FileHandler' driver.
CRITICAL - 2024-07-08 23:53:52 --> CodeIgniter\View\Exceptions\ViewException: Invalid file: "page/content/antenatals.php"
[Method: GET, Route: antenatal-ibus/IBU001]
in SYSTEMPATH\Exceptions\FrameworkException.php on line 41.
 1 SYSTEMPATH\View\View.php(222): CodeIgniter\Exceptions\FrameworkException::forInvalidFile('page/content/antenatals.php')
 2 SYSTEMPATH\Common.php(1171): CodeIgniter\View\View->render('page/content/antenatals', [], true)
 3 APPPATH\Controllers\Menu.php(160): view('page/content/antenatals', [...])
 4 SYSTEMPATH\CodeIgniter.php(933): App\Controllers\Menu->antenatal_ibus('IBU001')
 5 SYSTEMPATH\CodeIgniter.php(509): CodeIgniter\CodeIgniter->runController(Object(App\Controllers\Menu))
 6 SYSTEMPATH\CodeIgniter.php(355): CodeIgniter\CodeIgniter->handleRequest(null, Object(Config\Cache), false)
 7 SYSTEMPATH\Boot.php(325): CodeIgniter\CodeIgniter->run()
 8 SYSTEMPATH\Boot.php(67): CodeIgniter\Boot::runCodeIgniter(Object(CodeIgniter\CodeIgniter))
 9 FCPATH\index.php(56): CodeIgniter\Boot::bootWeb(Object(Config\Paths))
10 SYSTEMPATH\rewrite.php(44): require_once('E:\\Project\\klinik-bersalin\\public\\index.php')
INFO - 2024-07-08 23:56:20 --> Session: Class initialized using 'CodeIgniter\Session\Handlers\FileHandler' driver.
INFO - 2024-07-08 23:56:43 --> Session: Class initialized using 'CodeIgniter\Session\Handlers\FileHandler' driver.
INFO - 2024-07-08 23:57:31 --> Session: Class initialized using 'CodeIgniter\Session\Handlers\FileHandler' driver.
INFO - 2024-07-08 23:59:19 --> Session: Class initialized using 'CodeIgniter\Session\Handlers\FileHandler' driver.
INFO - 2024-07-08 23:59:30 --> Session: Class initialized using 'CodeIgniter\Session\Handlers\FileHandler' driver.
