INFO - 2024-07-29 00:39:55 --> Session: Class initialized using 'CodeIgniter\Session\Handlers\FileHandler' driver.
INFO - 2024-07-29 00:40:24 --> Session: Class initialized using 'CodeIgniter\Session\Handlers\FileHandler' driver.
INFO - 2024-07-29 00:40:25 --> Session: Class initialized using 'CodeIgniter\Session\Handlers\FileHandler' driver.
INFO - 2024-07-29 00:40:32 --> Session: Class initialized using 'CodeIgniter\Session\Handlers\FileHandler' driver.
INFO - 2024-07-29 00:40:40 --> Session: Class initialized using 'CodeIgniter\Session\Handlers\FileHandler' driver.
CRITICAL - 2024-07-29 00:40:40 --> ErrorException: Undefined array key "kamarNama"
[Method: GET, Route: print-pembayaran/PBY002]
in APPPATH\Views\page\report\data_pembayaran.php on line 87.
 1 APPPATH\Views\page\report\data_pembayaran.php(87): CodeIgniter\Debug\Exceptions->errorHandler(2, 'Undefined array key "kamarNama"', 'E:\\Project\\klinik-bersalin\\app\\Views\\page\\report\\data_pembayaran.php', 87)
 2 SYSTEMPATH\View\View.php(234): include('E:\\Project\\klinik-bersalin\\app\\Views\\page\\report\\data_pembayaran.php')
 3 SYSTEMPATH\View\View.php(237): CodeIgniter\View\View->CodeIgniter\View\{closure}()
 4 SYSTEMPATH\Common.php(1171): CodeIgniter\View\View->render('page/report/data_pembayaran', [], true)
 5 APPPATH\Controllers\Laporan.php(149): view('page/report/data_pembayaran', [...])
 6 SYSTEMPATH\CodeIgniter.php(933): App\Controllers\Laporan->data_pembayaran('PBY002')
 7 SYSTEMPATH\CodeIgniter.php(509): CodeIgniter\CodeIgniter->runController(Object(App\Controllers\Laporan))
 8 SYSTEMPATH\CodeIgniter.php(355): CodeIgniter\CodeIgniter->handleRequest(null, Object(Config\Cache), false)
 9 SYSTEMPATH\Boot.php(325): CodeIgniter\CodeIgniter->run()
10 SYSTEMPATH\Boot.php(67): CodeIgniter\Boot::runCodeIgniter(Object(CodeIgniter\CodeIgniter))
11 FCPATH\index.php(56): CodeIgniter\Boot::bootWeb(Object(Config\Paths))
12 SYSTEMPATH\rewrite.php(44): require_once('E:\\Project\\klinik-bersalin\\public\\index.php')
INFO - 2024-07-29 00:41:58 --> Session: Class initialized using 'CodeIgniter\Session\Handlers\FileHandler' driver.
INFO - 2024-07-29 00:42:21 --> Session: Class initialized using 'CodeIgniter\Session\Handlers\FileHandler' driver.
INFO - 2024-07-29 00:43:01 --> Session: Class initialized using 'CodeIgniter\Session\Handlers\FileHandler' driver.
CRITICAL - 2024-07-29 00:43:02 --> TypeError: Cannot access offset of type string on string
[Method: GET, Route: print-pembayaran/PBY002]
in APPPATH\Views\page\report\data_pembayaran.php on line 87.
 1 SYSTEMPATH\View\View.php(234): include()
 2 SYSTEMPATH\View\View.php(237): CodeIgniter\View\View->CodeIgniter\View\{closure}()
 3 SYSTEMPATH\Common.php(1171): CodeIgniter\View\View->render('page/report/data_pembayaran', [], true)
 4 APPPATH\Controllers\Laporan.php(149): view('page/report/data_pembayaran', [...])
 5 SYSTEMPATH\CodeIgniter.php(933): App\Controllers\Laporan->data_pembayaran('PBY002')
 6 SYSTEMPATH\CodeIgniter.php(509): CodeIgniter\CodeIgniter->runController(Object(App\Controllers\Laporan))
 7 SYSTEMPATH\CodeIgniter.php(355): CodeIgniter\CodeIgniter->handleRequest(null, Object(Config\Cache), false)
 8 SYSTEMPATH\Boot.php(325): CodeIgniter\CodeIgniter->run()
 9 SYSTEMPATH\Boot.php(67): CodeIgniter\Boot::runCodeIgniter(Object(CodeIgniter\CodeIgniter))
10 FCPATH\index.php(56): CodeIgniter\Boot::bootWeb(Object(Config\Paths))
11 SYSTEMPATH\rewrite.php(44): require_once('E:\\Project\\klinik-bersalin\\public\\index.php')
INFO - 2024-07-29 00:43:57 --> Session: Class initialized using 'CodeIgniter\Session\Handlers\FileHandler' driver.
INFO - 2024-07-29 00:44:48 --> Session: Class initialized using 'CodeIgniter\Session\Handlers\FileHandler' driver.
INFO - 2024-07-29 00:45:04 --> Session: Class initialized using 'CodeIgniter\Session\Handlers\FileHandler' driver.
CRITICAL - 2024-07-29 00:45:04 --> TypeError: Cannot access offset of type string on string
[Method: GET, Route: print-pembayaran/PBY002]
in APPPATH\Views\page\report\data_pembayaran.php on line 111.
 1 SYSTEMPATH\View\View.php(234): include()
 2 SYSTEMPATH\View\View.php(237): CodeIgniter\View\View->CodeIgniter\View\{closure}()
 3 SYSTEMPATH\Common.php(1171): CodeIgniter\View\View->render('page/report/data_pembayaran', [], true)
 4 APPPATH\Controllers\Laporan.php(149): view('page/report/data_pembayaran', [...])
 5 SYSTEMPATH\CodeIgniter.php(933): App\Controllers\Laporan->data_pembayaran('PBY002')
 6 SYSTEMPATH\CodeIgniter.php(509): CodeIgniter\CodeIgniter->runController(Object(App\Controllers\Laporan))
 7 SYSTEMPATH\CodeIgniter.php(355): CodeIgniter\CodeIgniter->handleRequest(null, Object(Config\Cache), false)
 8 SYSTEMPATH\Boot.php(325): CodeIgniter\CodeIgniter->run()
 9 SYSTEMPATH\Boot.php(67): CodeIgniter\Boot::runCodeIgniter(Object(CodeIgniter\CodeIgniter))
10 FCPATH\index.php(56): CodeIgniter\Boot::bootWeb(Object(Config\Paths))
11 SYSTEMPATH\rewrite.php(44): require_once('E:\\Project\\klinik-bersalin\\public\\index.php')
INFO - 2024-07-29 00:46:38 --> Session: Class initialized using 'CodeIgniter\Session\Handlers\FileHandler' driver.
ERROR - 2024-07-29 00:46:38 --> mysqli_sql_exception: Unknown column 'pembayaranID' in 'where clause' in E:\Project\klinik-bersalin\system\Database\MySQLi\Connection.php:312
Stack trace:
#0 E:\Project\klinik-bersalin\system\Database\MySQLi\Connection.php(312): mysqli->query('SELECT *\nFROM `...', 0)
#1 E:\Project\klinik-bersalin\system\Database\BaseConnection.php(734): CodeIgniter\Database\MySQLi\Connection->execute('SELECT *\nFROM `...')
#2 E:\Project\klinik-bersalin\system\Database\BaseConnection.php(648): CodeIgniter\Database\BaseConnection->simpleQuery('SELECT *\nFROM `...')
#3 E:\Project\klinik-bersalin\system\Database\BaseBuilder.php(1636): CodeIgniter\Database\BaseConnection->query('SELECT *\nFROM `...', Array, false)
#4 E:\Project\klinik-bersalin\system\Model.php(286): CodeIgniter\Database\BaseBuilder->get()
#5 E:\Project\klinik-bersalin\system\BaseModel.php(676): CodeIgniter\Model->doFindAll(0, 0)
#6 E:\Project\klinik-bersalin\app\Controllers\Laporan.php(146): CodeIgniter\BaseModel->findAll()
#7 E:\Project\klinik-bersalin\system\CodeIgniter.php(933): App\Controllers\Laporan->data_pembayaran('PBY002')
#8 E:\Project\klinik-bersalin\system\CodeIgniter.php(509): CodeIgniter\CodeIgniter->runController(Object(App\Controllers\Laporan))
#9 E:\Project\klinik-bersalin\system\CodeIgniter.php(355): CodeIgniter\CodeIgniter->handleRequest(NULL, Object(Config\Cache), false)
#10 E:\Project\klinik-bersalin\system\Boot.php(325): CodeIgniter\CodeIgniter->run()
#11 E:\Project\klinik-bersalin\system\Boot.php(67): CodeIgniter\Boot::runCodeIgniter(Object(CodeIgniter\CodeIgniter))
#12 E:\Project\klinik-bersalin\public\index.php(56): CodeIgniter\Boot::bootWeb(Object(Config\Paths))
#13 E:\Project\klinik-bersalin\system\rewrite.php(44): require_once('E:\\Project\\klin...')
#14 {main}
CRITICAL - 2024-07-29 00:46:38 --> CodeIgniter\Database\Exceptions\DatabaseException: Unknown column 'pembayaranID' in 'where clause'
[Method: GET, Route: print-pembayaran/PBY002]
in SYSTEMPATH\Database\BaseConnection.php on line 688.
 1 SYSTEMPATH\Database\BaseBuilder.php(1636): CodeIgniter\Database\BaseConnection->query('SELECT *
FROM `detail_penggunaan_obat`
JOIN `penggunaan_obat` ON `penggunaan_obat`.`penggunaanObatID`=`detail_penggunaan_obat`.`penggunaanObatID`
JOIN `obat` ON `detail_penggunaan_obat`.`obatID`=`obat`.`obatID`
WHERE `pembayaranID` = :pembayaranID:', [...], false)
 2 SYSTEMPATH\Model.php(286): CodeIgniter\Database\BaseBuilder->get()
 3 SYSTEMPATH\BaseModel.php(676): CodeIgniter\Model->doFindAll(0, 0)
 4 APPPATH\Controllers\Laporan.php(146): CodeIgniter\BaseModel->findAll()
 5 SYSTEMPATH\CodeIgniter.php(933): App\Controllers\Laporan->data_pembayaran('PBY002')
 6 SYSTEMPATH\CodeIgniter.php(509): CodeIgniter\CodeIgniter->runController(Object(App\Controllers\Laporan))
 7 SYSTEMPATH\CodeIgniter.php(355): CodeIgniter\CodeIgniter->handleRequest(null, Object(Config\Cache), false)
 8 SYSTEMPATH\Boot.php(325): CodeIgniter\CodeIgniter->run()
 9 SYSTEMPATH\Boot.php(67): CodeIgniter\Boot::runCodeIgniter(Object(CodeIgniter\CodeIgniter))
10 FCPATH\index.php(56): CodeIgniter\Boot::bootWeb(Object(Config\Paths))
11 SYSTEMPATH\rewrite.php(44): require_once('E:\\Project\\klinik-bersalin\\public\\index.php')
CRITICAL - 2024-07-29 00:46:38 --> [Caused by] CodeIgniter\Database\Exceptions\DatabaseException: Unknown column 'pembayaranID' in 'where clause'
in SYSTEMPATH\Database\MySQLi\Connection.php on line 317.
 1 SYSTEMPATH\Database\BaseConnection.php(734): CodeIgniter\Database\MySQLi\Connection->execute('SELECT *
FROM `detail_penggunaan_obat`
JOIN `penggunaan_obat` ON `penggunaan_obat`.`penggunaanObatID`=`detail_penggunaan_obat`.`penggunaanObatID`
JOIN `obat` ON `detail_penggunaan_obat`.`obatID`=`obat`.`obatID`
WHERE `pembayaranID` = \'PBY002\'')
 2 SYSTEMPATH\Database\BaseConnection.php(648): CodeIgniter\Database\BaseConnection->simpleQuery('SELECT *
FROM `detail_penggunaan_obat`
JOIN `penggunaan_obat` ON `penggunaan_obat`.`penggunaanObatID`=`detail_penggunaan_obat`.`penggunaanObatID`
JOIN `obat` ON `detail_penggunaan_obat`.`obatID`=`obat`.`obatID`
WHERE `pembayaranID` = \'PBY002\'')
 3 SYSTEMPATH\Database\BaseBuilder.php(1636): CodeIgniter\Database\BaseConnection->query('SELECT *
FROM `detail_penggunaan_obat`
JOIN `penggunaan_obat` ON `penggunaan_obat`.`penggunaanObatID`=`detail_penggunaan_obat`.`penggunaanObatID`
JOIN `obat` ON `detail_penggunaan_obat`.`obatID`=`obat`.`obatID`
WHERE `pembayaranID` = :pembayaranID:', [...], false)
 4 SYSTEMPATH\Model.php(286): CodeIgniter\Database\BaseBuilder->get()
 5 SYSTEMPATH\BaseModel.php(676): CodeIgniter\Model->doFindAll(0, 0)
 6 APPPATH\Controllers\Laporan.php(146): CodeIgniter\BaseModel->findAll()
 7 SYSTEMPATH\CodeIgniter.php(933): App\Controllers\Laporan->data_pembayaran('PBY002')
 8 SYSTEMPATH\CodeIgniter.php(509): CodeIgniter\CodeIgniter->runController(Object(App\Controllers\Laporan))
 9 SYSTEMPATH\CodeIgniter.php(355): CodeIgniter\CodeIgniter->handleRequest(null, Object(Config\Cache), false)
10 SYSTEMPATH\Boot.php(325): CodeIgniter\CodeIgniter->run()
11 SYSTEMPATH\Boot.php(67): CodeIgniter\Boot::runCodeIgniter(Object(CodeIgniter\CodeIgniter))
12 FCPATH\index.php(56): CodeIgniter\Boot::bootWeb(Object(Config\Paths))
13 SYSTEMPATH\rewrite.php(44): require_once('E:\\Project\\klinik-bersalin\\public\\index.php')
CRITICAL - 2024-07-29 00:46:38 --> [Caused by] mysqli_sql_exception: Unknown column 'pembayaranID' in 'where clause'
in SYSTEMPATH\Database\MySQLi\Connection.php on line 312.
 1 SYSTEMPATH\Database\MySQLi\Connection.php(312): mysqli->query('SELECT *
FROM `detail_penggunaan_obat`
JOIN `penggunaan_obat` ON `penggunaan_obat`.`penggunaanObatID`=`detail_penggunaan_obat`.`penggunaanObatID`
JOIN `obat` ON `detail_penggunaan_obat`.`obatID`=`obat`.`obatID`
WHERE `pembayaranID` = \'PBY002\'', 0)
 2 SYSTEMPATH\Database\BaseConnection.php(734): CodeIgniter\Database\MySQLi\Connection->execute('SELECT *
FROM `detail_penggunaan_obat`
JOIN `penggunaan_obat` ON `penggunaan_obat`.`penggunaanObatID`=`detail_penggunaan_obat`.`penggunaanObatID`
JOIN `obat` ON `detail_penggunaan_obat`.`obatID`=`obat`.`obatID`
WHERE `pembayaranID` = \'PBY002\'')
 3 SYSTEMPATH\Database\BaseConnection.php(648): CodeIgniter\Database\BaseConnection->simpleQuery('SELECT *
FROM `detail_penggunaan_obat`
JOIN `penggunaan_obat` ON `penggunaan_obat`.`penggunaanObatID`=`detail_penggunaan_obat`.`penggunaanObatID`
JOIN `obat` ON `detail_penggunaan_obat`.`obatID`=`obat`.`obatID`
WHERE `pembayaranID` = \'PBY002\'')
 4 SYSTEMPATH\Database\BaseBuilder.php(1636): CodeIgniter\Database\BaseConnection->query('SELECT *
FROM `detail_penggunaan_obat`
JOIN `penggunaan_obat` ON `penggunaan_obat`.`penggunaanObatID`=`detail_penggunaan_obat`.`penggunaanObatID`
JOIN `obat` ON `detail_penggunaan_obat`.`obatID`=`obat`.`obatID`
WHERE `pembayaranID` = :pembayaranID:', [...], false)
 5 SYSTEMPATH\Model.php(286): CodeIgniter\Database\BaseBuilder->get()
 6 SYSTEMPATH\BaseModel.php(676): CodeIgniter\Model->doFindAll(0, 0)
 7 APPPATH\Controllers\Laporan.php(146): CodeIgniter\BaseModel->findAll()
 8 SYSTEMPATH\CodeIgniter.php(933): App\Controllers\Laporan->data_pembayaran('PBY002')
 9 SYSTEMPATH\CodeIgniter.php(509): CodeIgniter\CodeIgniter->runController(Object(App\Controllers\Laporan))
10 SYSTEMPATH\CodeIgniter.php(355): CodeIgniter\CodeIgniter->handleRequest(null, Object(Config\Cache), false)
11 SYSTEMPATH\Boot.php(325): CodeIgniter\CodeIgniter->run()
12 SYSTEMPATH\Boot.php(67): CodeIgniter\Boot::runCodeIgniter(Object(CodeIgniter\CodeIgniter))
13 FCPATH\index.php(56): CodeIgniter\Boot::bootWeb(Object(Config\Paths))
14 SYSTEMPATH\rewrite.php(44): require_once('E:\\Project\\klinik-bersalin\\public\\index.php')
INFO - 2024-07-29 00:46:48 --> Session: Class initialized using 'CodeIgniter\Session\Handlers\FileHandler' driver.
ERROR - 2024-07-29 00:46:48 --> mysqli_sql_exception: Unknown column 'penggunaan_obat.pembayaranID' in 'where clause' in E:\Project\klinik-bersalin\system\Database\MySQLi\Connection.php:312
Stack trace:
#0 E:\Project\klinik-bersalin\system\Database\MySQLi\Connection.php(312): mysqli->query('SELECT *\nFROM `...', 0)
#1 E:\Project\klinik-bersalin\system\Database\BaseConnection.php(734): CodeIgniter\Database\MySQLi\Connection->execute('SELECT *\nFROM `...')
#2 E:\Project\klinik-bersalin\system\Database\BaseConnection.php(648): CodeIgniter\Database\BaseConnection->simpleQuery('SELECT *\nFROM `...')
#3 E:\Project\klinik-bersalin\system\Database\BaseBuilder.php(1636): CodeIgniter\Database\BaseConnection->query('SELECT *\nFROM `...', Array, false)
#4 E:\Project\klinik-bersalin\system\Model.php(286): CodeIgniter\Database\BaseBuilder->get()
#5 E:\Project\klinik-bersalin\system\BaseModel.php(676): CodeIgniter\Model->doFindAll(0, 0)
#6 E:\Project\klinik-bersalin\app\Controllers\Laporan.php(146): CodeIgniter\BaseModel->findAll()
#7 E:\Project\klinik-bersalin\system\CodeIgniter.php(933): App\Controllers\Laporan->data_pembayaran('PBY002')
#8 E:\Project\klinik-bersalin\system\CodeIgniter.php(509): CodeIgniter\CodeIgniter->runController(Object(App\Controllers\Laporan))
#9 E:\Project\klinik-bersalin\system\CodeIgniter.php(355): CodeIgniter\CodeIgniter->handleRequest(NULL, Object(Config\Cache), false)
#10 E:\Project\klinik-bersalin\system\Boot.php(325): CodeIgniter\CodeIgniter->run()
#11 E:\Project\klinik-bersalin\system\Boot.php(67): CodeIgniter\Boot::runCodeIgniter(Object(CodeIgniter\CodeIgniter))
#12 E:\Project\klinik-bersalin\public\index.php(56): CodeIgniter\Boot::bootWeb(Object(Config\Paths))
#13 E:\Project\klinik-bersalin\system\rewrite.php(44): require_once('E:\\Project\\klin...')
#14 {main}
CRITICAL - 2024-07-29 00:46:48 --> CodeIgniter\Database\Exceptions\DatabaseException: Unknown column 'penggunaan_obat.pembayaranID' in 'where clause'
[Method: GET, Route: print-pembayaran/PBY002]
in SYSTEMPATH\Database\BaseConnection.php on line 688.
 1 SYSTEMPATH\Database\BaseBuilder.php(1636): CodeIgniter\Database\BaseConnection->query('SELECT *
FROM `detail_penggunaan_obat`
JOIN `penggunaan_obat` ON `penggunaan_obat`.`penggunaanObatID`=`detail_penggunaan_obat`.`penggunaanObatID`
JOIN `obat` ON `detail_penggunaan_obat`.`obatID`=`obat`.`obatID`
WHERE `penggunaan_obat`.`pembayaranID` = :penggunaan_obat.pembayaranID:', [...], false)
 2 SYSTEMPATH\Model.php(286): CodeIgniter\Database\BaseBuilder->get()
 3 SYSTEMPATH\BaseModel.php(676): CodeIgniter\Model->doFindAll(0, 0)
 4 APPPATH\Controllers\Laporan.php(146): CodeIgniter\BaseModel->findAll()
 5 SYSTEMPATH\CodeIgniter.php(933): App\Controllers\Laporan->data_pembayaran('PBY002')
 6 SYSTEMPATH\CodeIgniter.php(509): CodeIgniter\CodeIgniter->runController(Object(App\Controllers\Laporan))
 7 SYSTEMPATH\CodeIgniter.php(355): CodeIgniter\CodeIgniter->handleRequest(null, Object(Config\Cache), false)
 8 SYSTEMPATH\Boot.php(325): CodeIgniter\CodeIgniter->run()
 9 SYSTEMPATH\Boot.php(67): CodeIgniter\Boot::runCodeIgniter(Object(CodeIgniter\CodeIgniter))
10 FCPATH\index.php(56): CodeIgniter\Boot::bootWeb(Object(Config\Paths))
11 SYSTEMPATH\rewrite.php(44): require_once('E:\\Project\\klinik-bersalin\\public\\index.php')
CRITICAL - 2024-07-29 00:46:48 --> [Caused by] CodeIgniter\Database\Exceptions\DatabaseException: Unknown column 'penggunaan_obat.pembayaranID' in 'where clause'
in SYSTEMPATH\Database\MySQLi\Connection.php on line 317.
 1 SYSTEMPATH\Database\BaseConnection.php(734): CodeIgniter\Database\MySQLi\Connection->execute('SELECT *
FROM `detail_penggunaan_obat`
JOIN `penggunaan_obat` ON `penggunaan_obat`.`penggunaanObatID`=`detail_penggunaan_obat`.`penggunaanObatID`
JOIN `obat` ON `detail_penggunaan_obat`.`obatID`=`obat`.`obatID`
WHERE `penggunaan_obat`.`pembayaranID` = \'PBY002\'')
 2 SYSTEMPATH\Database\BaseConnection.php(648): CodeIgniter\Database\BaseConnection->simpleQuery('SELECT *
FROM `detail_penggunaan_obat`
JOIN `penggunaan_obat` ON `penggunaan_obat`.`penggunaanObatID`=`detail_penggunaan_obat`.`penggunaanObatID`
JOIN `obat` ON `detail_penggunaan_obat`.`obatID`=`obat`.`obatID`
WHERE `penggunaan_obat`.`pembayaranID` = \'PBY002\'')
 3 SYSTEMPATH\Database\BaseBuilder.php(1636): CodeIgniter\Database\BaseConnection->query('SELECT *
FROM `detail_penggunaan_obat`
JOIN `penggunaan_obat` ON `penggunaan_obat`.`penggunaanObatID`=`detail_penggunaan_obat`.`penggunaanObatID`
JOIN `obat` ON `detail_penggunaan_obat`.`obatID`=`obat`.`obatID`
WHERE `penggunaan_obat`.`pembayaranID` = :penggunaan_obat.pembayaranID:', [...], false)
 4 SYSTEMPATH\Model.php(286): CodeIgniter\Database\BaseBuilder->get()
 5 SYSTEMPATH\BaseModel.php(676): CodeIgniter\Model->doFindAll(0, 0)
 6 APPPATH\Controllers\Laporan.php(146): CodeIgniter\BaseModel->findAll()
 7 SYSTEMPATH\CodeIgniter.php(933): App\Controllers\Laporan->data_pembayaran('PBY002')
 8 SYSTEMPATH\CodeIgniter.php(509): CodeIgniter\CodeIgniter->runController(Object(App\Controllers\Laporan))
 9 SYSTEMPATH\CodeIgniter.php(355): CodeIgniter\CodeIgniter->handleRequest(null, Object(Config\Cache), false)
10 SYSTEMPATH\Boot.php(325): CodeIgniter\CodeIgniter->run()
11 SYSTEMPATH\Boot.php(67): CodeIgniter\Boot::runCodeIgniter(Object(CodeIgniter\CodeIgniter))
12 FCPATH\index.php(56): CodeIgniter\Boot::bootWeb(Object(Config\Paths))
13 SYSTEMPATH\rewrite.php(44): require_once('E:\\Project\\klinik-bersalin\\public\\index.php')
CRITICAL - 2024-07-29 00:46:48 --> [Caused by] mysqli_sql_exception: Unknown column 'penggunaan_obat.pembayaranID' in 'where clause'
in SYSTEMPATH\Database\MySQLi\Connection.php on line 312.
 1 SYSTEMPATH\Database\MySQLi\Connection.php(312): mysqli->query('SELECT *
FROM `detail_penggunaan_obat`
JOIN `penggunaan_obat` ON `penggunaan_obat`.`penggunaanObatID`=`detail_penggunaan_obat`.`penggunaanObatID`
JOIN `obat` ON `detail_penggunaan_obat`.`obatID`=`obat`.`obatID`
WHERE `penggunaan_obat`.`pembayaranID` = \'PBY002\'', 0)
 2 SYSTEMPATH\Database\BaseConnection.php(734): CodeIgniter\Database\MySQLi\Connection->execute('SELECT *
FROM `detail_penggunaan_obat`
JOIN `penggunaan_obat` ON `penggunaan_obat`.`penggunaanObatID`=`detail_penggunaan_obat`.`penggunaanObatID`
JOIN `obat` ON `detail_penggunaan_obat`.`obatID`=`obat`.`obatID`
WHERE `penggunaan_obat`.`pembayaranID` = \'PBY002\'')
 3 SYSTEMPATH\Database\BaseConnection.php(648): CodeIgniter\Database\BaseConnection->simpleQuery('SELECT *
FROM `detail_penggunaan_obat`
JOIN `penggunaan_obat` ON `penggunaan_obat`.`penggunaanObatID`=`detail_penggunaan_obat`.`penggunaanObatID`
JOIN `obat` ON `detail_penggunaan_obat`.`obatID`=`obat`.`obatID`
WHERE `penggunaan_obat`.`pembayaranID` = \'PBY002\'')
 4 SYSTEMPATH\Database\BaseBuilder.php(1636): CodeIgniter\Database\BaseConnection->query('SELECT *
FROM `detail_penggunaan_obat`
JOIN `penggunaan_obat` ON `penggunaan_obat`.`penggunaanObatID`=`detail_penggunaan_obat`.`penggunaanObatID`
JOIN `obat` ON `detail_penggunaan_obat`.`obatID`=`obat`.`obatID`
WHERE `penggunaan_obat`.`pembayaranID` = :penggunaan_obat.pembayaranID:', [...], false)
 5 SYSTEMPATH\Model.php(286): CodeIgniter\Database\BaseBuilder->get()
 6 SYSTEMPATH\BaseModel.php(676): CodeIgniter\Model->doFindAll(0, 0)
 7 APPPATH\Controllers\Laporan.php(146): CodeIgniter\BaseModel->findAll()
 8 SYSTEMPATH\CodeIgniter.php(933): App\Controllers\Laporan->data_pembayaran('PBY002')
 9 SYSTEMPATH\CodeIgniter.php(509): CodeIgniter\CodeIgniter->runController(Object(App\Controllers\Laporan))
10 SYSTEMPATH\CodeIgniter.php(355): CodeIgniter\CodeIgniter->handleRequest(null, Object(Config\Cache), false)
11 SYSTEMPATH\Boot.php(325): CodeIgniter\CodeIgniter->run()
12 SYSTEMPATH\Boot.php(67): CodeIgniter\Boot::runCodeIgniter(Object(CodeIgniter\CodeIgniter))
13 FCPATH\index.php(56): CodeIgniter\Boot::bootWeb(Object(Config\Paths))
14 SYSTEMPATH\rewrite.php(44): require_once('E:\\Project\\klinik-bersalin\\public\\index.php')
INFO - 2024-07-29 00:48:06 --> Session: Class initialized using 'CodeIgniter\Session\Handlers\FileHandler' driver.
ERROR - 2024-07-29 00:48:06 --> mysqli_sql_exception: Unknown column 'penggunaan_obat.pembayaranID' in 'where clause' in E:\Project\klinik-bersalin\system\Database\MySQLi\Connection.php:312
Stack trace:
#0 E:\Project\klinik-bersalin\system\Database\MySQLi\Connection.php(312): mysqli->query('SELECT *\nFROM `...', 0)
#1 E:\Project\klinik-bersalin\system\Database\BaseConnection.php(734): CodeIgniter\Database\MySQLi\Connection->execute('SELECT *\nFROM `...')
#2 E:\Project\klinik-bersalin\system\Database\BaseConnection.php(648): CodeIgniter\Database\BaseConnection->simpleQuery('SELECT *\nFROM `...')
#3 E:\Project\klinik-bersalin\system\Database\BaseBuilder.php(1636): CodeIgniter\Database\BaseConnection->query('SELECT *\nFROM `...', Array, false)
#4 E:\Project\klinik-bersalin\system\Model.php(286): CodeIgniter\Database\BaseBuilder->get()
#5 E:\Project\klinik-bersalin\system\BaseModel.php(676): CodeIgniter\Model->doFindAll(0, 0)
#6 E:\Project\klinik-bersalin\app\Controllers\Laporan.php(147): CodeIgniter\BaseModel->findAll()
#7 E:\Project\klinik-bersalin\system\CodeIgniter.php(933): App\Controllers\Laporan->data_pembayaran('PBY002')
#8 E:\Project\klinik-bersalin\system\CodeIgniter.php(509): CodeIgniter\CodeIgniter->runController(Object(App\Controllers\Laporan))
#9 E:\Project\klinik-bersalin\system\CodeIgniter.php(355): CodeIgniter\CodeIgniter->handleRequest(NULL, Object(Config\Cache), false)
#10 E:\Project\klinik-bersalin\system\Boot.php(325): CodeIgniter\CodeIgniter->run()
#11 E:\Project\klinik-bersalin\system\Boot.php(67): CodeIgniter\Boot::runCodeIgniter(Object(CodeIgniter\CodeIgniter))
#12 E:\Project\klinik-bersalin\public\index.php(56): CodeIgniter\Boot::bootWeb(Object(Config\Paths))
#13 E:\Project\klinik-bersalin\system\rewrite.php(44): require_once('E:\\Project\\klin...')
#14 {main}
CRITICAL - 2024-07-29 00:48:06 --> CodeIgniter\Database\Exceptions\DatabaseException: Unknown column 'penggunaan_obat.pembayaranID' in 'where clause'
[Method: GET, Route: print-pembayaran/PBY002]
in SYSTEMPATH\Database\BaseConnection.php on line 688.
 1 SYSTEMPATH\Database\BaseBuilder.php(1636): CodeIgniter\Database\BaseConnection->query('SELECT *
FROM `detail_penggunaan_obat`
JOIN `penggunaan_obat` ON `penggunaan_obat`.`penggunaanObatID`=`detail_penggunaan_obat`.`penggunaanObatID`
JOIN `obat` ON `detail_penggunaan_obat`.`obatID`=`obat`.`obatID`
JOIN `pembayaran` ON `pembayaran`.`penggunaanObatID`=`penggunaan_obat`.`penggunaanObatID=`
WHERE `penggunaan_obat`.`pembayaranID` = :penggunaan_obat.pembayaranID:', [...], false)
 2 SYSTEMPATH\Model.php(286): CodeIgniter\Database\BaseBuilder->get()
 3 SYSTEMPATH\BaseModel.php(676): CodeIgniter\Model->doFindAll(0, 0)
 4 APPPATH\Controllers\Laporan.php(147): CodeIgniter\BaseModel->findAll()
 5 SYSTEMPATH\CodeIgniter.php(933): App\Controllers\Laporan->data_pembayaran('PBY002')
 6 SYSTEMPATH\CodeIgniter.php(509): CodeIgniter\CodeIgniter->runController(Object(App\Controllers\Laporan))
 7 SYSTEMPATH\CodeIgniter.php(355): CodeIgniter\CodeIgniter->handleRequest(null, Object(Config\Cache), false)
 8 SYSTEMPATH\Boot.php(325): CodeIgniter\CodeIgniter->run()
 9 SYSTEMPATH\Boot.php(67): CodeIgniter\Boot::runCodeIgniter(Object(CodeIgniter\CodeIgniter))
10 FCPATH\index.php(56): CodeIgniter\Boot::bootWeb(Object(Config\Paths))
11 SYSTEMPATH\rewrite.php(44): require_once('E:\\Project\\klinik-bersalin\\public\\index.php')
CRITICAL - 2024-07-29 00:48:06 --> [Caused by] CodeIgniter\Database\Exceptions\DatabaseException: Unknown column 'penggunaan_obat.pembayaranID' in 'where clause'
in SYSTEMPATH\Database\MySQLi\Connection.php on line 317.
 1 SYSTEMPATH\Database\BaseConnection.php(734): CodeIgniter\Database\MySQLi\Connection->execute('SELECT *
FROM `detail_penggunaan_obat`
JOIN `penggunaan_obat` ON `penggunaan_obat`.`penggunaanObatID`=`detail_penggunaan_obat`.`penggunaanObatID`
JOIN `obat` ON `detail_penggunaan_obat`.`obatID`=`obat`.`obatID`
JOIN `pembayaran` ON `pembayaran`.`penggunaanObatID`=`penggunaan_obat`.`penggunaanObatID=`
WHERE `penggunaan_obat`.`pembayaranID` = \'PBY002\'')
 2 SYSTEMPATH\Database\BaseConnection.php(648): CodeIgniter\Database\BaseConnection->simpleQuery('SELECT *
FROM `detail_penggunaan_obat`
JOIN `penggunaan_obat` ON `penggunaan_obat`.`penggunaanObatID`=`detail_penggunaan_obat`.`penggunaanObatID`
JOIN `obat` ON `detail_penggunaan_obat`.`obatID`=`obat`.`obatID`
JOIN `pembayaran` ON `pembayaran`.`penggunaanObatID`=`penggunaan_obat`.`penggunaanObatID=`
WHERE `penggunaan_obat`.`pembayaranID` = \'PBY002\'')
 3 SYSTEMPATH\Database\BaseBuilder.php(1636): CodeIgniter\Database\BaseConnection->query('SELECT *
FROM `detail_penggunaan_obat`
JOIN `penggunaan_obat` ON `penggunaan_obat`.`penggunaanObatID`=`detail_penggunaan_obat`.`penggunaanObatID`
JOIN `obat` ON `detail_penggunaan_obat`.`obatID`=`obat`.`obatID`
JOIN `pembayaran` ON `pembayaran`.`penggunaanObatID`=`penggunaan_obat`.`penggunaanObatID=`
WHERE `penggunaan_obat`.`pembayaranID` = :penggunaan_obat.pembayaranID:', [...], false)
 4 SYSTEMPATH\Model.php(286): CodeIgniter\Database\BaseBuilder->get()
 5 SYSTEMPATH\BaseModel.php(676): CodeIgniter\Model->doFindAll(0, 0)
 6 APPPATH\Controllers\Laporan.php(147): CodeIgniter\BaseModel->findAll()
 7 SYSTEMPATH\CodeIgniter.php(933): App\Controllers\Laporan->data_pembayaran('PBY002')
 8 SYSTEMPATH\CodeIgniter.php(509): CodeIgniter\CodeIgniter->runController(Object(App\Controllers\Laporan))
 9 SYSTEMPATH\CodeIgniter.php(355): CodeIgniter\CodeIgniter->handleRequest(null, Object(Config\Cache), false)
10 SYSTEMPATH\Boot.php(325): CodeIgniter\CodeIgniter->run()
11 SYSTEMPATH\Boot.php(67): CodeIgniter\Boot::runCodeIgniter(Object(CodeIgniter\CodeIgniter))
12 FCPATH\index.php(56): CodeIgniter\Boot::bootWeb(Object(Config\Paths))
13 SYSTEMPATH\rewrite.php(44): require_once('E:\\Project\\klinik-bersalin\\public\\index.php')
CRITICAL - 2024-07-29 00:48:06 --> [Caused by] mysqli_sql_exception: Unknown column 'penggunaan_obat.pembayaranID' in 'where clause'
in SYSTEMPATH\Database\MySQLi\Connection.php on line 312.
 1 SYSTEMPATH\Database\MySQLi\Connection.php(312): mysqli->query('SELECT *
FROM `detail_penggunaan_obat`
JOIN `penggunaan_obat` ON `penggunaan_obat`.`penggunaanObatID`=`detail_penggunaan_obat`.`penggunaanObatID`
JOIN `obat` ON `detail_penggunaan_obat`.`obatID`=`obat`.`obatID`
JOIN `pembayaran` ON `pembayaran`.`penggunaanObatID`=`penggunaan_obat`.`penggunaanObatID=`
WHERE `penggunaan_obat`.`pembayaranID` = \'PBY002\'', 0)
 2 SYSTEMPATH\Database\BaseConnection.php(734): CodeIgniter\Database\MySQLi\Connection->execute('SELECT *
FROM `detail_penggunaan_obat`
JOIN `penggunaan_obat` ON `penggunaan_obat`.`penggunaanObatID`=`detail_penggunaan_obat`.`penggunaanObatID`
JOIN `obat` ON `detail_penggunaan_obat`.`obatID`=`obat`.`obatID`
JOIN `pembayaran` ON `pembayaran`.`penggunaanObatID`=`penggunaan_obat`.`penggunaanObatID=`
WHERE `penggunaan_obat`.`pembayaranID` = \'PBY002\'')
 3 SYSTEMPATH\Database\BaseConnection.php(648): CodeIgniter\Database\BaseConnection->simpleQuery('SELECT *
FROM `detail_penggunaan_obat`
JOIN `penggunaan_obat` ON `penggunaan_obat`.`penggunaanObatID`=`detail_penggunaan_obat`.`penggunaanObatID`
JOIN `obat` ON `detail_penggunaan_obat`.`obatID`=`obat`.`obatID`
JOIN `pembayaran` ON `pembayaran`.`penggunaanObatID`=`penggunaan_obat`.`penggunaanObatID=`
WHERE `penggunaan_obat`.`pembayaranID` = \'PBY002\'')
 4 SYSTEMPATH\Database\BaseBuilder.php(1636): CodeIgniter\Database\BaseConnection->query('SELECT *
FROM `detail_penggunaan_obat`
JOIN `penggunaan_obat` ON `penggunaan_obat`.`penggunaanObatID`=`detail_penggunaan_obat`.`penggunaanObatID`
JOIN `obat` ON `detail_penggunaan_obat`.`obatID`=`obat`.`obatID`
JOIN `pembayaran` ON `pembayaran`.`penggunaanObatID`=`penggunaan_obat`.`penggunaanObatID=`
WHERE `penggunaan_obat`.`pembayaranID` = :penggunaan_obat.pembayaranID:', [...], false)
 5 SYSTEMPATH\Model.php(286): CodeIgniter\Database\BaseBuilder->get()
 6 SYSTEMPATH\BaseModel.php(676): CodeIgniter\Model->doFindAll(0, 0)
 7 APPPATH\Controllers\Laporan.php(147): CodeIgniter\BaseModel->findAll()
 8 SYSTEMPATH\CodeIgniter.php(933): App\Controllers\Laporan->data_pembayaran('PBY002')
 9 SYSTEMPATH\CodeIgniter.php(509): CodeIgniter\CodeIgniter->runController(Object(App\Controllers\Laporan))
10 SYSTEMPATH\CodeIgniter.php(355): CodeIgniter\CodeIgniter->handleRequest(null, Object(Config\Cache), false)
11 SYSTEMPATH\Boot.php(325): CodeIgniter\CodeIgniter->run()
12 SYSTEMPATH\Boot.php(67): CodeIgniter\Boot::runCodeIgniter(Object(CodeIgniter\CodeIgniter))
13 FCPATH\index.php(56): CodeIgniter\Boot::bootWeb(Object(Config\Paths))
14 SYSTEMPATH\rewrite.php(44): require_once('E:\\Project\\klinik-bersalin\\public\\index.php')
INFO - 2024-07-29 00:48:27 --> Session: Class initialized using 'CodeIgniter\Session\Handlers\FileHandler' driver.
ERROR - 2024-07-29 00:48:27 --> mysqli_sql_exception: Unknown column 'penggunaan_obat.penggunaanObatID=' in 'on clause' in E:\Project\klinik-bersalin\system\Database\MySQLi\Connection.php:312
Stack trace:
#0 E:\Project\klinik-bersalin\system\Database\MySQLi\Connection.php(312): mysqli->query('SELECT *\nFROM `...', 0)
#1 E:\Project\klinik-bersalin\system\Database\BaseConnection.php(734): CodeIgniter\Database\MySQLi\Connection->execute('SELECT *\nFROM `...')
#2 E:\Project\klinik-bersalin\system\Database\BaseConnection.php(648): CodeIgniter\Database\BaseConnection->simpleQuery('SELECT *\nFROM `...')
#3 E:\Project\klinik-bersalin\system\Database\BaseBuilder.php(1636): CodeIgniter\Database\BaseConnection->query('SELECT *\nFROM `...', Array, false)
#4 E:\Project\klinik-bersalin\system\Model.php(286): CodeIgniter\Database\BaseBuilder->get()
#5 E:\Project\klinik-bersalin\system\BaseModel.php(676): CodeIgniter\Model->doFindAll(0, 0)
#6 E:\Project\klinik-bersalin\app\Controllers\Laporan.php(147): CodeIgniter\BaseModel->findAll()
#7 E:\Project\klinik-bersalin\system\CodeIgniter.php(933): App\Controllers\Laporan->data_pembayaran('PBY002')
#8 E:\Project\klinik-bersalin\system\CodeIgniter.php(509): CodeIgniter\CodeIgniter->runController(Object(App\Controllers\Laporan))
#9 E:\Project\klinik-bersalin\system\CodeIgniter.php(355): CodeIgniter\CodeIgniter->handleRequest(NULL, Object(Config\Cache), false)
#10 E:\Project\klinik-bersalin\system\Boot.php(325): CodeIgniter\CodeIgniter->run()
#11 E:\Project\klinik-bersalin\system\Boot.php(67): CodeIgniter\Boot::runCodeIgniter(Object(CodeIgniter\CodeIgniter))
#12 E:\Project\klinik-bersalin\public\index.php(56): CodeIgniter\Boot::bootWeb(Object(Config\Paths))
#13 E:\Project\klinik-bersalin\system\rewrite.php(44): require_once('E:\\Project\\klin...')
#14 {main}
CRITICAL - 2024-07-29 00:48:27 --> CodeIgniter\Database\Exceptions\DatabaseException: Unknown column 'penggunaan_obat.penggunaanObatID=' in 'on clause'
[Method: GET, Route: print-pembayaran/PBY002]
in SYSTEMPATH\Database\BaseConnection.php on line 688.
 1 SYSTEMPATH\Database\BaseBuilder.php(1636): CodeIgniter\Database\BaseConnection->query('SELECT *
FROM `detail_penggunaan_obat`
JOIN `penggunaan_obat` ON `penggunaan_obat`.`penggunaanObatID`=`detail_penggunaan_obat`.`penggunaanObatID`
JOIN `obat` ON `detail_penggunaan_obat`.`obatID`=`obat`.`obatID`
JOIN `pembayaran` ON `pembayaran`.`penggunaanObatID`=`penggunaan_obat`.`penggunaanObatID=`
WHERE `pembayaran`.`pembayaranID` = :pembayaran.pembayaranID:', [...], false)
 2 SYSTEMPATH\Model.php(286): CodeIgniter\Database\BaseBuilder->get()
 3 SYSTEMPATH\BaseModel.php(676): CodeIgniter\Model->doFindAll(0, 0)
 4 APPPATH\Controllers\Laporan.php(147): CodeIgniter\BaseModel->findAll()
 5 SYSTEMPATH\CodeIgniter.php(933): App\Controllers\Laporan->data_pembayaran('PBY002')
 6 SYSTEMPATH\CodeIgniter.php(509): CodeIgniter\CodeIgniter->runController(Object(App\Controllers\Laporan))
 7 SYSTEMPATH\CodeIgniter.php(355): CodeIgniter\CodeIgniter->handleRequest(null, Object(Config\Cache), false)
 8 SYSTEMPATH\Boot.php(325): CodeIgniter\CodeIgniter->run()
 9 SYSTEMPATH\Boot.php(67): CodeIgniter\Boot::runCodeIgniter(Object(CodeIgniter\CodeIgniter))
10 FCPATH\index.php(56): CodeIgniter\Boot::bootWeb(Object(Config\Paths))
11 SYSTEMPATH\rewrite.php(44): require_once('E:\\Project\\klinik-bersalin\\public\\index.php')
CRITICAL - 2024-07-29 00:48:28 --> [Caused by] CodeIgniter\Database\Exceptions\DatabaseException: Unknown column 'penggunaan_obat.penggunaanObatID=' in 'on clause'
in SYSTEMPATH\Database\MySQLi\Connection.php on line 317.
 1 SYSTEMPATH\Database\BaseConnection.php(734): CodeIgniter\Database\MySQLi\Connection->execute('SELECT *
FROM `detail_penggunaan_obat`
JOIN `penggunaan_obat` ON `penggunaan_obat`.`penggunaanObatID`=`detail_penggunaan_obat`.`penggunaanObatID`
JOIN `obat` ON `detail_penggunaan_obat`.`obatID`=`obat`.`obatID`
JOIN `pembayaran` ON `pembayaran`.`penggunaanObatID`=`penggunaan_obat`.`penggunaanObatID=`
WHERE `pembayaran`.`pembayaranID` = \'PBY002\'')
 2 SYSTEMPATH\Database\BaseConnection.php(648): CodeIgniter\Database\BaseConnection->simpleQuery('SELECT *
FROM `detail_penggunaan_obat`
JOIN `penggunaan_obat` ON `penggunaan_obat`.`penggunaanObatID`=`detail_penggunaan_obat`.`penggunaanObatID`
JOIN `obat` ON `detail_penggunaan_obat`.`obatID`=`obat`.`obatID`
JOIN `pembayaran` ON `pembayaran`.`penggunaanObatID`=`penggunaan_obat`.`penggunaanObatID=`
WHERE `pembayaran`.`pembayaranID` = \'PBY002\'')
 3 SYSTEMPATH\Database\BaseBuilder.php(1636): CodeIgniter\Database\BaseConnection->query('SELECT *
FROM `detail_penggunaan_obat`
JOIN `penggunaan_obat` ON `penggunaan_obat`.`penggunaanObatID`=`detail_penggunaan_obat`.`penggunaanObatID`
JOIN `obat` ON `detail_penggunaan_obat`.`obatID`=`obat`.`obatID`
JOIN `pembayaran` ON `pembayaran`.`penggunaanObatID`=`penggunaan_obat`.`penggunaanObatID=`
WHERE `pembayaran`.`pembayaranID` = :pembayaran.pembayaranID:', [...], false)
 4 SYSTEMPATH\Model.php(286): CodeIgniter\Database\BaseBuilder->get()
 5 SYSTEMPATH\BaseModel.php(676): CodeIgniter\Model->doFindAll(0, 0)
 6 APPPATH\Controllers\Laporan.php(147): CodeIgniter\BaseModel->findAll()
 7 SYSTEMPATH\CodeIgniter.php(933): App\Controllers\Laporan->data_pembayaran('PBY002')
 8 SYSTEMPATH\CodeIgniter.php(509): CodeIgniter\CodeIgniter->runController(Object(App\Controllers\Laporan))
 9 SYSTEMPATH\CodeIgniter.php(355): CodeIgniter\CodeIgniter->handleRequest(null, Object(Config\Cache), false)
10 SYSTEMPATH\Boot.php(325): CodeIgniter\CodeIgniter->run()
11 SYSTEMPATH\Boot.php(67): CodeIgniter\Boot::runCodeIgniter(Object(CodeIgniter\CodeIgniter))
12 FCPATH\index.php(56): CodeIgniter\Boot::bootWeb(Object(Config\Paths))
13 SYSTEMPATH\rewrite.php(44): require_once('E:\\Project\\klinik-bersalin\\public\\index.php')
CRITICAL - 2024-07-29 00:48:28 --> [Caused by] mysqli_sql_exception: Unknown column 'penggunaan_obat.penggunaanObatID=' in 'on clause'
in SYSTEMPATH\Database\MySQLi\Connection.php on line 312.
 1 SYSTEMPATH\Database\MySQLi\Connection.php(312): mysqli->query('SELECT *
FROM `detail_penggunaan_obat`
JOIN `penggunaan_obat` ON `penggunaan_obat`.`penggunaanObatID`=`detail_penggunaan_obat`.`penggunaanObatID`
JOIN `obat` ON `detail_penggunaan_obat`.`obatID`=`obat`.`obatID`
JOIN `pembayaran` ON `pembayaran`.`penggunaanObatID`=`penggunaan_obat`.`penggunaanObatID=`
WHERE `pembayaran`.`pembayaranID` = \'PBY002\'', 0)
 2 SYSTEMPATH\Database\BaseConnection.php(734): CodeIgniter\Database\MySQLi\Connection->execute('SELECT *
FROM `detail_penggunaan_obat`
JOIN `penggunaan_obat` ON `penggunaan_obat`.`penggunaanObatID`=`detail_penggunaan_obat`.`penggunaanObatID`
JOIN `obat` ON `detail_penggunaan_obat`.`obatID`=`obat`.`obatID`
JOIN `pembayaran` ON `pembayaran`.`penggunaanObatID`=`penggunaan_obat`.`penggunaanObatID=`
WHERE `pembayaran`.`pembayaranID` = \'PBY002\'')
 3 SYSTEMPATH\Database\BaseConnection.php(648): CodeIgniter\Database\BaseConnection->simpleQuery('SELECT *
FROM `detail_penggunaan_obat`
JOIN `penggunaan_obat` ON `penggunaan_obat`.`penggunaanObatID`=`detail_penggunaan_obat`.`penggunaanObatID`
JOIN `obat` ON `detail_penggunaan_obat`.`obatID`=`obat`.`obatID`
JOIN `pembayaran` ON `pembayaran`.`penggunaanObatID`=`penggunaan_obat`.`penggunaanObatID=`
WHERE `pembayaran`.`pembayaranID` = \'PBY002\'')
 4 SYSTEMPATH\Database\BaseBuilder.php(1636): CodeIgniter\Database\BaseConnection->query('SELECT *
FROM `detail_penggunaan_obat`
JOIN `penggunaan_obat` ON `penggunaan_obat`.`penggunaanObatID`=`detail_penggunaan_obat`.`penggunaanObatID`
JOIN `obat` ON `detail_penggunaan_obat`.`obatID`=`obat`.`obatID`
JOIN `pembayaran` ON `pembayaran`.`penggunaanObatID`=`penggunaan_obat`.`penggunaanObatID=`
WHERE `pembayaran`.`pembayaranID` = :pembayaran.pembayaranID:', [...], false)
 5 SYSTEMPATH\Model.php(286): CodeIgniter\Database\BaseBuilder->get()
 6 SYSTEMPATH\BaseModel.php(676): CodeIgniter\Model->doFindAll(0, 0)
 7 APPPATH\Controllers\Laporan.php(147): CodeIgniter\BaseModel->findAll()
 8 SYSTEMPATH\CodeIgniter.php(933): App\Controllers\Laporan->data_pembayaran('PBY002')
 9 SYSTEMPATH\CodeIgniter.php(509): CodeIgniter\CodeIgniter->runController(Object(App\Controllers\Laporan))
10 SYSTEMPATH\CodeIgniter.php(355): CodeIgniter\CodeIgniter->handleRequest(null, Object(Config\Cache), false)
11 SYSTEMPATH\Boot.php(325): CodeIgniter\CodeIgniter->run()
12 SYSTEMPATH\Boot.php(67): CodeIgniter\Boot::runCodeIgniter(Object(CodeIgniter\CodeIgniter))
13 FCPATH\index.php(56): CodeIgniter\Boot::bootWeb(Object(Config\Paths))
14 SYSTEMPATH\rewrite.php(44): require_once('E:\\Project\\klinik-bersalin\\public\\index.php')
INFO - 2024-07-29 00:49:38 --> Session: Class initialized using 'CodeIgniter\Session\Handlers\FileHandler' driver.
ERROR - 2024-07-29 00:49:38 --> mysqli_sql_exception: Unknown column 'penggunaan_obat.penggunaanObatID=' in 'on clause' in E:\Project\klinik-bersalin\system\Database\MySQLi\Connection.php:312
Stack trace:
#0 E:\Project\klinik-bersalin\system\Database\MySQLi\Connection.php(312): mysqli->query('SELECT *\nFROM `...', 0)
#1 E:\Project\klinik-bersalin\system\Database\BaseConnection.php(734): CodeIgniter\Database\MySQLi\Connection->execute('SELECT *\nFROM `...')
#2 E:\Project\klinik-bersalin\system\Database\BaseConnection.php(648): CodeIgniter\Database\BaseConnection->simpleQuery('SELECT *\nFROM `...')
#3 E:\Project\klinik-bersalin\system\Database\BaseBuilder.php(1636): CodeIgniter\Database\BaseConnection->query('SELECT *\nFROM `...', Array, false)
#4 E:\Project\klinik-bersalin\system\Model.php(286): CodeIgniter\Database\BaseBuilder->get()
#5 E:\Project\klinik-bersalin\system\BaseModel.php(676): CodeIgniter\Model->doFindAll(0, 0)
#6 E:\Project\klinik-bersalin\app\Controllers\Laporan.php(143): CodeIgniter\BaseModel->findAll()
#7 E:\Project\klinik-bersalin\system\CodeIgniter.php(933): App\Controllers\Laporan->data_pembayaran('PBY002')
#8 E:\Project\klinik-bersalin\system\CodeIgniter.php(509): CodeIgniter\CodeIgniter->runController(Object(App\Controllers\Laporan))
#9 E:\Project\klinik-bersalin\system\CodeIgniter.php(355): CodeIgniter\CodeIgniter->handleRequest(NULL, Object(Config\Cache), false)
#10 E:\Project\klinik-bersalin\system\Boot.php(325): CodeIgniter\CodeIgniter->run()
#11 E:\Project\klinik-bersalin\system\Boot.php(67): CodeIgniter\Boot::runCodeIgniter(Object(CodeIgniter\CodeIgniter))
#12 E:\Project\klinik-bersalin\public\index.php(56): CodeIgniter\Boot::bootWeb(Object(Config\Paths))
#13 E:\Project\klinik-bersalin\system\rewrite.php(44): require_once('E:\\Project\\klin...')
#14 {main}
CRITICAL - 2024-07-29 00:49:38 --> CodeIgniter\Database\Exceptions\DatabaseException: Unknown column 'penggunaan_obat.penggunaanObatID=' in 'on clause'
[Method: GET, Route: print-pembayaran/PBY002]
in SYSTEMPATH\Database\BaseConnection.php on line 688.
 1 SYSTEMPATH\Database\BaseBuilder.php(1636): CodeIgniter\Database\BaseConnection->query('SELECT *
FROM `detail_penggunaan_obat`
JOIN `penggunaan_obat` ON `penggunaan_obat`.`penggunaanObatID`=`detail_penggunaan_obat`.`penggunaanObatID`
JOIN `obat` ON `detail_penggunaan_obat`.`obatID`=`obat`.`obatID`
JOIN `pembayaran` ON `pembayaran`.`penggunaanObatID`=`penggunaan_obat`.`penggunaanObatID=`
WHERE `pembayaran`.`pembayaranID` = :pembayaran.pembayaranID:', [...], false)
 2 SYSTEMPATH\Model.php(286): CodeIgniter\Database\BaseBuilder->get()
 3 SYSTEMPATH\BaseModel.php(676): CodeIgniter\Model->doFindAll(0, 0)
 4 APPPATH\Controllers\Laporan.php(143): CodeIgniter\BaseModel->findAll()
 5 SYSTEMPATH\CodeIgniter.php(933): App\Controllers\Laporan->data_pembayaran('PBY002')
 6 SYSTEMPATH\CodeIgniter.php(509): CodeIgniter\CodeIgniter->runController(Object(App\Controllers\Laporan))
 7 SYSTEMPATH\CodeIgniter.php(355): CodeIgniter\CodeIgniter->handleRequest(null, Object(Config\Cache), false)
 8 SYSTEMPATH\Boot.php(325): CodeIgniter\CodeIgniter->run()
 9 SYSTEMPATH\Boot.php(67): CodeIgniter\Boot::runCodeIgniter(Object(CodeIgniter\CodeIgniter))
10 FCPATH\index.php(56): CodeIgniter\Boot::bootWeb(Object(Config\Paths))
11 SYSTEMPATH\rewrite.php(44): require_once('E:\\Project\\klinik-bersalin\\public\\index.php')
CRITICAL - 2024-07-29 00:49:38 --> [Caused by] CodeIgniter\Database\Exceptions\DatabaseException: Unknown column 'penggunaan_obat.penggunaanObatID=' in 'on clause'
in SYSTEMPATH\Database\MySQLi\Connection.php on line 317.
 1 SYSTEMPATH\Database\BaseConnection.php(734): CodeIgniter\Database\MySQLi\Connection->execute('SELECT *
FROM `detail_penggunaan_obat`
JOIN `penggunaan_obat` ON `penggunaan_obat`.`penggunaanObatID`=`detail_penggunaan_obat`.`penggunaanObatID`
JOIN `obat` ON `detail_penggunaan_obat`.`obatID`=`obat`.`obatID`
JOIN `pembayaran` ON `pembayaran`.`penggunaanObatID`=`penggunaan_obat`.`penggunaanObatID=`
WHERE `pembayaran`.`pembayaranID` = \'PBY002\'')
 2 SYSTEMPATH\Database\BaseConnection.php(648): CodeIgniter\Database\BaseConnection->simpleQuery('SELECT *
FROM `detail_penggunaan_obat`
JOIN `penggunaan_obat` ON `penggunaan_obat`.`penggunaanObatID`=`detail_penggunaan_obat`.`penggunaanObatID`
JOIN `obat` ON `detail_penggunaan_obat`.`obatID`=`obat`.`obatID`
JOIN `pembayaran` ON `pembayaran`.`penggunaanObatID`=`penggunaan_obat`.`penggunaanObatID=`
WHERE `pembayaran`.`pembayaranID` = \'PBY002\'')
 3 SYSTEMPATH\Database\BaseBuilder.php(1636): CodeIgniter\Database\BaseConnection->query('SELECT *
FROM `detail_penggunaan_obat`
JOIN `penggunaan_obat` ON `penggunaan_obat`.`penggunaanObatID`=`detail_penggunaan_obat`.`penggunaanObatID`
JOIN `obat` ON `detail_penggunaan_obat`.`obatID`=`obat`.`obatID`
JOIN `pembayaran` ON `pembayaran`.`penggunaanObatID`=`penggunaan_obat`.`penggunaanObatID=`
WHERE `pembayaran`.`pembayaranID` = :pembayaran.pembayaranID:', [...], false)
 4 SYSTEMPATH\Model.php(286): CodeIgniter\Database\BaseBuilder->get()
 5 SYSTEMPATH\BaseModel.php(676): CodeIgniter\Model->doFindAll(0, 0)
 6 APPPATH\Controllers\Laporan.php(143): CodeIgniter\BaseModel->findAll()
 7 SYSTEMPATH\CodeIgniter.php(933): App\Controllers\Laporan->data_pembayaran('PBY002')
 8 SYSTEMPATH\CodeIgniter.php(509): CodeIgniter\CodeIgniter->runController(Object(App\Controllers\Laporan))
 9 SYSTEMPATH\CodeIgniter.php(355): CodeIgniter\CodeIgniter->handleRequest(null, Object(Config\Cache), false)
10 SYSTEMPATH\Boot.php(325): CodeIgniter\CodeIgniter->run()
11 SYSTEMPATH\Boot.php(67): CodeIgniter\Boot::runCodeIgniter(Object(CodeIgniter\CodeIgniter))
12 FCPATH\index.php(56): CodeIgniter\Boot::bootWeb(Object(Config\Paths))
13 SYSTEMPATH\rewrite.php(44): require_once('E:\\Project\\klinik-bersalin\\public\\index.php')
CRITICAL - 2024-07-29 00:49:38 --> [Caused by] mysqli_sql_exception: Unknown column 'penggunaan_obat.penggunaanObatID=' in 'on clause'
in SYSTEMPATH\Database\MySQLi\Connection.php on line 312.
 1 SYSTEMPATH\Database\MySQLi\Connection.php(312): mysqli->query('SELECT *
FROM `detail_penggunaan_obat`
JOIN `penggunaan_obat` ON `penggunaan_obat`.`penggunaanObatID`=`detail_penggunaan_obat`.`penggunaanObatID`
JOIN `obat` ON `detail_penggunaan_obat`.`obatID`=`obat`.`obatID`
JOIN `pembayaran` ON `pembayaran`.`penggunaanObatID`=`penggunaan_obat`.`penggunaanObatID=`
WHERE `pembayaran`.`pembayaranID` = \'PBY002\'', 0)
 2 SYSTEMPATH\Database\BaseConnection.php(734): CodeIgniter\Database\MySQLi\Connection->execute('SELECT *
FROM `detail_penggunaan_obat`
JOIN `penggunaan_obat` ON `penggunaan_obat`.`penggunaanObatID`=`detail_penggunaan_obat`.`penggunaanObatID`
JOIN `obat` ON `detail_penggunaan_obat`.`obatID`=`obat`.`obatID`
JOIN `pembayaran` ON `pembayaran`.`penggunaanObatID`=`penggunaan_obat`.`penggunaanObatID=`
WHERE `pembayaran`.`pembayaranID` = \'PBY002\'')
 3 SYSTEMPATH\Database\BaseConnection.php(648): CodeIgniter\Database\BaseConnection->simpleQuery('SELECT *
FROM `detail_penggunaan_obat`
JOIN `penggunaan_obat` ON `penggunaan_obat`.`penggunaanObatID`=`detail_penggunaan_obat`.`penggunaanObatID`
JOIN `obat` ON `detail_penggunaan_obat`.`obatID`=`obat`.`obatID`
JOIN `pembayaran` ON `pembayaran`.`penggunaanObatID`=`penggunaan_obat`.`penggunaanObatID=`
WHERE `pembayaran`.`pembayaranID` = \'PBY002\'')
 4 SYSTEMPATH\Database\BaseBuilder.php(1636): CodeIgniter\Database\BaseConnection->query('SELECT *
FROM `detail_penggunaan_obat`
JOIN `penggunaan_obat` ON `penggunaan_obat`.`penggunaanObatID`=`detail_penggunaan_obat`.`penggunaanObatID`
JOIN `obat` ON `detail_penggunaan_obat`.`obatID`=`obat`.`obatID`
JOIN `pembayaran` ON `pembayaran`.`penggunaanObatID`=`penggunaan_obat`.`penggunaanObatID=`
WHERE `pembayaran`.`pembayaranID` = :pembayaran.pembayaranID:', [...], false)
 5 SYSTEMPATH\Model.php(286): CodeIgniter\Database\BaseBuilder->get()
 6 SYSTEMPATH\BaseModel.php(676): CodeIgniter\Model->doFindAll(0, 0)
 7 APPPATH\Controllers\Laporan.php(143): CodeIgniter\BaseModel->findAll()
 8 SYSTEMPATH\CodeIgniter.php(933): App\Controllers\Laporan->data_pembayaran('PBY002')
 9 SYSTEMPATH\CodeIgniter.php(509): CodeIgniter\CodeIgniter->runController(Object(App\Controllers\Laporan))
10 SYSTEMPATH\CodeIgniter.php(355): CodeIgniter\CodeIgniter->handleRequest(null, Object(Config\Cache), false)
11 SYSTEMPATH\Boot.php(325): CodeIgniter\CodeIgniter->run()
12 SYSTEMPATH\Boot.php(67): CodeIgniter\Boot::runCodeIgniter(Object(CodeIgniter\CodeIgniter))
13 FCPATH\index.php(56): CodeIgniter\Boot::bootWeb(Object(Config\Paths))
14 SYSTEMPATH\rewrite.php(44): require_once('E:\\Project\\klinik-bersalin\\public\\index.php')
INFO - 2024-07-29 00:50:30 --> Session: Class initialized using 'CodeIgniter\Session\Handlers\FileHandler' driver.
ERROR - 2024-07-29 00:50:30 --> mysqli_sql_exception: Unknown column 'penggunaan_obat.penggunaanObatID=' in 'on clause' in E:\Project\klinik-bersalin\system\Database\MySQLi\Connection.php:312
Stack trace:
#0 E:\Project\klinik-bersalin\system\Database\MySQLi\Connection.php(312): mysqli->query('SELECT *\nFROM `...', 0)
#1 E:\Project\klinik-bersalin\system\Database\BaseConnection.php(734): CodeIgniter\Database\MySQLi\Connection->execute('SELECT *\nFROM `...')
#2 E:\Project\klinik-bersalin\system\Database\BaseConnection.php(648): CodeIgniter\Database\BaseConnection->simpleQuery('SELECT *\nFROM `...')
#3 E:\Project\klinik-bersalin\system\Database\BaseBuilder.php(1636): CodeIgniter\Database\BaseConnection->query('SELECT *\nFROM `...', Array, false)
#4 E:\Project\klinik-bersalin\system\Model.php(286): CodeIgniter\Database\BaseBuilder->get()
#5 E:\Project\klinik-bersalin\system\BaseModel.php(676): CodeIgniter\Model->doFindAll(0, 0)
#6 E:\Project\klinik-bersalin\app\Controllers\Laporan.php(143): CodeIgniter\BaseModel->findAll()
#7 E:\Project\klinik-bersalin\system\CodeIgniter.php(933): App\Controllers\Laporan->data_pembayaran('PBY002')
#8 E:\Project\klinik-bersalin\system\CodeIgniter.php(509): CodeIgniter\CodeIgniter->runController(Object(App\Controllers\Laporan))
#9 E:\Project\klinik-bersalin\system\CodeIgniter.php(355): CodeIgniter\CodeIgniter->handleRequest(NULL, Object(Config\Cache), false)
#10 E:\Project\klinik-bersalin\system\Boot.php(325): CodeIgniter\CodeIgniter->run()
#11 E:\Project\klinik-bersalin\system\Boot.php(67): CodeIgniter\Boot::runCodeIgniter(Object(CodeIgniter\CodeIgniter))
#12 E:\Project\klinik-bersalin\public\index.php(56): CodeIgniter\Boot::bootWeb(Object(Config\Paths))
#13 E:\Project\klinik-bersalin\system\rewrite.php(44): require_once('E:\\Project\\klin...')
#14 {main}
CRITICAL - 2024-07-29 00:50:30 --> CodeIgniter\Database\Exceptions\DatabaseException: Unknown column 'penggunaan_obat.penggunaanObatID=' in 'on clause'
[Method: GET, Route: print-pembayaran/PBY002]
in SYSTEMPATH\Database\BaseConnection.php on line 688.
 1 SYSTEMPATH\Database\BaseBuilder.php(1636): CodeIgniter\Database\BaseConnection->query('SELECT *
FROM `penggunaan_obat`
JOIN `ibu` ON `ibu`.`ibuID`=`penggunaan_obat`.`ibuID`
JOIN `pembayaran` ON `pembayaran`.`penggunaanObatID`=`penggunaan_obat`.`penggunaanObatID=`
WHERE `pembayaran`.`pembayaranID` = :pembayaran.pembayaranID:', [...], false)
 2 SYSTEMPATH\Model.php(286): CodeIgniter\Database\BaseBuilder->get()
 3 SYSTEMPATH\BaseModel.php(676): CodeIgniter\Model->doFindAll(0, 0)
 4 APPPATH\Controllers\Laporan.php(143): CodeIgniter\BaseModel->findAll()
 5 SYSTEMPATH\CodeIgniter.php(933): App\Controllers\Laporan->data_pembayaran('PBY002')
 6 SYSTEMPATH\CodeIgniter.php(509): CodeIgniter\CodeIgniter->runController(Object(App\Controllers\Laporan))
 7 SYSTEMPATH\CodeIgniter.php(355): CodeIgniter\CodeIgniter->handleRequest(null, Object(Config\Cache), false)
 8 SYSTEMPATH\Boot.php(325): CodeIgniter\CodeIgniter->run()
 9 SYSTEMPATH\Boot.php(67): CodeIgniter\Boot::runCodeIgniter(Object(CodeIgniter\CodeIgniter))
10 FCPATH\index.php(56): CodeIgniter\Boot::bootWeb(Object(Config\Paths))
11 SYSTEMPATH\rewrite.php(44): require_once('E:\\Project\\klinik-bersalin\\public\\index.php')
CRITICAL - 2024-07-29 00:50:30 --> [Caused by] CodeIgniter\Database\Exceptions\DatabaseException: Unknown column 'penggunaan_obat.penggunaanObatID=' in 'on clause'
in SYSTEMPATH\Database\MySQLi\Connection.php on line 317.
 1 SYSTEMPATH\Database\BaseConnection.php(734): CodeIgniter\Database\MySQLi\Connection->execute('SELECT *
FROM `penggunaan_obat`
JOIN `ibu` ON `ibu`.`ibuID`=`penggunaan_obat`.`ibuID`
JOIN `pembayaran` ON `pembayaran`.`penggunaanObatID`=`penggunaan_obat`.`penggunaanObatID=`
WHERE `pembayaran`.`pembayaranID` = \'PBY002\'')
 2 SYSTEMPATH\Database\BaseConnection.php(648): CodeIgniter\Database\BaseConnection->simpleQuery('SELECT *
FROM `penggunaan_obat`
JOIN `ibu` ON `ibu`.`ibuID`=`penggunaan_obat`.`ibuID`
JOIN `pembayaran` ON `pembayaran`.`penggunaanObatID`=`penggunaan_obat`.`penggunaanObatID=`
WHERE `pembayaran`.`pembayaranID` = \'PBY002\'')
 3 SYSTEMPATH\Database\BaseBuilder.php(1636): CodeIgniter\Database\BaseConnection->query('SELECT *
FROM `penggunaan_obat`
JOIN `ibu` ON `ibu`.`ibuID`=`penggunaan_obat`.`ibuID`
JOIN `pembayaran` ON `pembayaran`.`penggunaanObatID`=`penggunaan_obat`.`penggunaanObatID=`
WHERE `pembayaran`.`pembayaranID` = :pembayaran.pembayaranID:', [...], false)
 4 SYSTEMPATH\Model.php(286): CodeIgniter\Database\BaseBuilder->get()
 5 SYSTEMPATH\BaseModel.php(676): CodeIgniter\Model->doFindAll(0, 0)
 6 APPPATH\Controllers\Laporan.php(143): CodeIgniter\BaseModel->findAll()
 7 SYSTEMPATH\CodeIgniter.php(933): App\Controllers\Laporan->data_pembayaran('PBY002')
 8 SYSTEMPATH\CodeIgniter.php(509): CodeIgniter\CodeIgniter->runController(Object(App\Controllers\Laporan))
 9 SYSTEMPATH\CodeIgniter.php(355): CodeIgniter\CodeIgniter->handleRequest(null, Object(Config\Cache), false)
10 SYSTEMPATH\Boot.php(325): CodeIgniter\CodeIgniter->run()
11 SYSTEMPATH\Boot.php(67): CodeIgniter\Boot::runCodeIgniter(Object(CodeIgniter\CodeIgniter))
12 FCPATH\index.php(56): CodeIgniter\Boot::bootWeb(Object(Config\Paths))
13 SYSTEMPATH\rewrite.php(44): require_once('E:\\Project\\klinik-bersalin\\public\\index.php')
CRITICAL - 2024-07-29 00:50:30 --> [Caused by] mysqli_sql_exception: Unknown column 'penggunaan_obat.penggunaanObatID=' in 'on clause'
in SYSTEMPATH\Database\MySQLi\Connection.php on line 312.
 1 SYSTEMPATH\Database\MySQLi\Connection.php(312): mysqli->query('SELECT *
FROM `penggunaan_obat`
JOIN `ibu` ON `ibu`.`ibuID`=`penggunaan_obat`.`ibuID`
JOIN `pembayaran` ON `pembayaran`.`penggunaanObatID`=`penggunaan_obat`.`penggunaanObatID=`
WHERE `pembayaran`.`pembayaranID` = \'PBY002\'', 0)
 2 SYSTEMPATH\Database\BaseConnection.php(734): CodeIgniter\Database\MySQLi\Connection->execute('SELECT *
FROM `penggunaan_obat`
JOIN `ibu` ON `ibu`.`ibuID`=`penggunaan_obat`.`ibuID`
JOIN `pembayaran` ON `pembayaran`.`penggunaanObatID`=`penggunaan_obat`.`penggunaanObatID=`
WHERE `pembayaran`.`pembayaranID` = \'PBY002\'')
 3 SYSTEMPATH\Database\BaseConnection.php(648): CodeIgniter\Database\BaseConnection->simpleQuery('SELECT *
FROM `penggunaan_obat`
JOIN `ibu` ON `ibu`.`ibuID`=`penggunaan_obat`.`ibuID`
JOIN `pembayaran` ON `pembayaran`.`penggunaanObatID`=`penggunaan_obat`.`penggunaanObatID=`
WHERE `pembayaran`.`pembayaranID` = \'PBY002\'')
 4 SYSTEMPATH\Database\BaseBuilder.php(1636): CodeIgniter\Database\BaseConnection->query('SELECT *
FROM `penggunaan_obat`
JOIN `ibu` ON `ibu`.`ibuID`=`penggunaan_obat`.`ibuID`
JOIN `pembayaran` ON `pembayaran`.`penggunaanObatID`=`penggunaan_obat`.`penggunaanObatID=`
WHERE `pembayaran`.`pembayaranID` = :pembayaran.pembayaranID:', [...], false)
 5 SYSTEMPATH\Model.php(286): CodeIgniter\Database\BaseBuilder->get()
 6 SYSTEMPATH\BaseModel.php(676): CodeIgniter\Model->doFindAll(0, 0)
 7 APPPATH\Controllers\Laporan.php(143): CodeIgniter\BaseModel->findAll()
 8 SYSTEMPATH\CodeIgniter.php(933): App\Controllers\Laporan->data_pembayaran('PBY002')
 9 SYSTEMPATH\CodeIgniter.php(509): CodeIgniter\CodeIgniter->runController(Object(App\Controllers\Laporan))
10 SYSTEMPATH\CodeIgniter.php(355): CodeIgniter\CodeIgniter->handleRequest(null, Object(Config\Cache), false)
11 SYSTEMPATH\Boot.php(325): CodeIgniter\CodeIgniter->run()
12 SYSTEMPATH\Boot.php(67): CodeIgniter\Boot::runCodeIgniter(Object(CodeIgniter\CodeIgniter))
13 FCPATH\index.php(56): CodeIgniter\Boot::bootWeb(Object(Config\Paths))
14 SYSTEMPATH\rewrite.php(44): require_once('E:\\Project\\klinik-bersalin\\public\\index.php')
INFO - 2024-07-29 00:50:36 --> Session: Class initialized using 'CodeIgniter\Session\Handlers\FileHandler' driver.
ERROR - 2024-07-29 00:50:36 --> mysqli_sql_exception: Unknown column 'penggunaan_obat.penggunaanObatID=' in 'on clause' in E:\Project\klinik-bersalin\system\Database\MySQLi\Connection.php:312
Stack trace:
#0 E:\Project\klinik-bersalin\system\Database\MySQLi\Connection.php(312): mysqli->query('SELECT *\nFROM `...', 0)
#1 E:\Project\klinik-bersalin\system\Database\BaseConnection.php(734): CodeIgniter\Database\MySQLi\Connection->execute('SELECT *\nFROM `...')
#2 E:\Project\klinik-bersalin\system\Database\BaseConnection.php(648): CodeIgniter\Database\BaseConnection->simpleQuery('SELECT *\nFROM `...')
#3 E:\Project\klinik-bersalin\system\Database\BaseBuilder.php(1636): CodeIgniter\Database\BaseConnection->query('SELECT *\nFROM `...', Array, false)
#4 E:\Project\klinik-bersalin\system\Model.php(286): CodeIgniter\Database\BaseBuilder->get()
#5 E:\Project\klinik-bersalin\system\BaseModel.php(676): CodeIgniter\Model->doFindAll(0, 0)
#6 E:\Project\klinik-bersalin\app\Controllers\Laporan.php(143): CodeIgniter\BaseModel->findAll()
#7 E:\Project\klinik-bersalin\system\CodeIgniter.php(933): App\Controllers\Laporan->data_pembayaran('PBY002')
#8 E:\Project\klinik-bersalin\system\CodeIgniter.php(509): CodeIgniter\CodeIgniter->runController(Object(App\Controllers\Laporan))
#9 E:\Project\klinik-bersalin\system\CodeIgniter.php(355): CodeIgniter\CodeIgniter->handleRequest(NULL, Object(Config\Cache), false)
#10 E:\Project\klinik-bersalin\system\Boot.php(325): CodeIgniter\CodeIgniter->run()
#11 E:\Project\klinik-bersalin\system\Boot.php(67): CodeIgniter\Boot::runCodeIgniter(Object(CodeIgniter\CodeIgniter))
#12 E:\Project\klinik-bersalin\public\index.php(56): CodeIgniter\Boot::bootWeb(Object(Config\Paths))
#13 E:\Project\klinik-bersalin\system\rewrite.php(44): require_once('E:\\Project\\klin...')
#14 {main}
CRITICAL - 2024-07-29 00:50:36 --> CodeIgniter\Database\Exceptions\DatabaseException: Unknown column 'penggunaan_obat.penggunaanObatID=' in 'on clause'
[Method: GET, Route: print-pembayaran/PBY002]
in SYSTEMPATH\Database\BaseConnection.php on line 688.
 1 SYSTEMPATH\Database\BaseBuilder.php(1636): CodeIgniter\Database\BaseConnection->query('SELECT *
FROM `penggunaan_obat`
JOIN `ibu` ON `ibu`.`ibuID`=`penggunaan_obat`.`ibuID`
JOIN `pembayaran` ON `pembayaran`.`penggunaanObatID`=`penggunaan_obat`.`penggunaanObatID=`
WHERE `pembayaran`.`pembayaranID` = :pembayaran.pembayaranID:', [...], false)
 2 SYSTEMPATH\Model.php(286): CodeIgniter\Database\BaseBuilder->get()
 3 SYSTEMPATH\BaseModel.php(676): CodeIgniter\Model->doFindAll(0, 0)
 4 APPPATH\Controllers\Laporan.php(143): CodeIgniter\BaseModel->findAll()
 5 SYSTEMPATH\CodeIgniter.php(933): App\Controllers\Laporan->data_pembayaran('PBY002')
 6 SYSTEMPATH\CodeIgniter.php(509): CodeIgniter\CodeIgniter->runController(Object(App\Controllers\Laporan))
 7 SYSTEMPATH\CodeIgniter.php(355): CodeIgniter\CodeIgniter->handleRequest(null, Object(Config\Cache), false)
 8 SYSTEMPATH\Boot.php(325): CodeIgniter\CodeIgniter->run()
 9 SYSTEMPATH\Boot.php(67): CodeIgniter\Boot::runCodeIgniter(Object(CodeIgniter\CodeIgniter))
10 FCPATH\index.php(56): CodeIgniter\Boot::bootWeb(Object(Config\Paths))
11 SYSTEMPATH\rewrite.php(44): require_once('E:\\Project\\klinik-bersalin\\public\\index.php')
CRITICAL - 2024-07-29 00:50:36 --> [Caused by] CodeIgniter\Database\Exceptions\DatabaseException: Unknown column 'penggunaan_obat.penggunaanObatID=' in 'on clause'
in SYSTEMPATH\Database\MySQLi\Connection.php on line 317.
 1 SYSTEMPATH\Database\BaseConnection.php(734): CodeIgniter\Database\MySQLi\Connection->execute('SELECT *
FROM `penggunaan_obat`
JOIN `ibu` ON `ibu`.`ibuID`=`penggunaan_obat`.`ibuID`
JOIN `pembayaran` ON `pembayaran`.`penggunaanObatID`=`penggunaan_obat`.`penggunaanObatID=`
WHERE `pembayaran`.`pembayaranID` = \'PBY002\'')
 2 SYSTEMPATH\Database\BaseConnection.php(648): CodeIgniter\Database\BaseConnection->simpleQuery('SELECT *
FROM `penggunaan_obat`
JOIN `ibu` ON `ibu`.`ibuID`=`penggunaan_obat`.`ibuID`
JOIN `pembayaran` ON `pembayaran`.`penggunaanObatID`=`penggunaan_obat`.`penggunaanObatID=`
WHERE `pembayaran`.`pembayaranID` = \'PBY002\'')
 3 SYSTEMPATH\Database\BaseBuilder.php(1636): CodeIgniter\Database\BaseConnection->query('SELECT *
FROM `penggunaan_obat`
JOIN `ibu` ON `ibu`.`ibuID`=`penggunaan_obat`.`ibuID`
JOIN `pembayaran` ON `pembayaran`.`penggunaanObatID`=`penggunaan_obat`.`penggunaanObatID=`
WHERE `pembayaran`.`pembayaranID` = :pembayaran.pembayaranID:', [...], false)
 4 SYSTEMPATH\Model.php(286): CodeIgniter\Database\BaseBuilder->get()
 5 SYSTEMPATH\BaseModel.php(676): CodeIgniter\Model->doFindAll(0, 0)
 6 APPPATH\Controllers\Laporan.php(143): CodeIgniter\BaseModel->findAll()
 7 SYSTEMPATH\CodeIgniter.php(933): App\Controllers\Laporan->data_pembayaran('PBY002')
 8 SYSTEMPATH\CodeIgniter.php(509): CodeIgniter\CodeIgniter->runController(Object(App\Controllers\Laporan))
 9 SYSTEMPATH\CodeIgniter.php(355): CodeIgniter\CodeIgniter->handleRequest(null, Object(Config\Cache), false)
10 SYSTEMPATH\Boot.php(325): CodeIgniter\CodeIgniter->run()
11 SYSTEMPATH\Boot.php(67): CodeIgniter\Boot::runCodeIgniter(Object(CodeIgniter\CodeIgniter))
12 FCPATH\index.php(56): CodeIgniter\Boot::bootWeb(Object(Config\Paths))
13 SYSTEMPATH\rewrite.php(44): require_once('E:\\Project\\klinik-bersalin\\public\\index.php')
CRITICAL - 2024-07-29 00:50:36 --> [Caused by] mysqli_sql_exception: Unknown column 'penggunaan_obat.penggunaanObatID=' in 'on clause'
in SYSTEMPATH\Database\MySQLi\Connection.php on line 312.
 1 SYSTEMPATH\Database\MySQLi\Connection.php(312): mysqli->query('SELECT *
FROM `penggunaan_obat`
JOIN `ibu` ON `ibu`.`ibuID`=`penggunaan_obat`.`ibuID`
JOIN `pembayaran` ON `pembayaran`.`penggunaanObatID`=`penggunaan_obat`.`penggunaanObatID=`
WHERE `pembayaran`.`pembayaranID` = \'PBY002\'', 0)
 2 SYSTEMPATH\Database\BaseConnection.php(734): CodeIgniter\Database\MySQLi\Connection->execute('SELECT *
FROM `penggunaan_obat`
JOIN `ibu` ON `ibu`.`ibuID`=`penggunaan_obat`.`ibuID`
JOIN `pembayaran` ON `pembayaran`.`penggunaanObatID`=`penggunaan_obat`.`penggunaanObatID=`
WHERE `pembayaran`.`pembayaranID` = \'PBY002\'')
 3 SYSTEMPATH\Database\BaseConnection.php(648): CodeIgniter\Database\BaseConnection->simpleQuery('SELECT *
FROM `penggunaan_obat`
JOIN `ibu` ON `ibu`.`ibuID`=`penggunaan_obat`.`ibuID`
JOIN `pembayaran` ON `pembayaran`.`penggunaanObatID`=`penggunaan_obat`.`penggunaanObatID=`
WHERE `pembayaran`.`pembayaranID` = \'PBY002\'')
 4 SYSTEMPATH\Database\BaseBuilder.php(1636): CodeIgniter\Database\BaseConnection->query('SELECT *
FROM `penggunaan_obat`
JOIN `ibu` ON `ibu`.`ibuID`=`penggunaan_obat`.`ibuID`
JOIN `pembayaran` ON `pembayaran`.`penggunaanObatID`=`penggunaan_obat`.`penggunaanObatID=`
WHERE `pembayaran`.`pembayaranID` = :pembayaran.pembayaranID:', [...], false)
 5 SYSTEMPATH\Model.php(286): CodeIgniter\Database\BaseBuilder->get()
 6 SYSTEMPATH\BaseModel.php(676): CodeIgniter\Model->doFindAll(0, 0)
 7 APPPATH\Controllers\Laporan.php(143): CodeIgniter\BaseModel->findAll()
 8 SYSTEMPATH\CodeIgniter.php(933): App\Controllers\Laporan->data_pembayaran('PBY002')
 9 SYSTEMPATH\CodeIgniter.php(509): CodeIgniter\CodeIgniter->runController(Object(App\Controllers\Laporan))
10 SYSTEMPATH\CodeIgniter.php(355): CodeIgniter\CodeIgniter->handleRequest(null, Object(Config\Cache), false)
11 SYSTEMPATH\Boot.php(325): CodeIgniter\CodeIgniter->run()
12 SYSTEMPATH\Boot.php(67): CodeIgniter\Boot::runCodeIgniter(Object(CodeIgniter\CodeIgniter))
13 FCPATH\index.php(56): CodeIgniter\Boot::bootWeb(Object(Config\Paths))
14 SYSTEMPATH\rewrite.php(44): require_once('E:\\Project\\klinik-bersalin\\public\\index.php')
INFO - 2024-07-29 00:50:44 --> Session: Class initialized using 'CodeIgniter\Session\Handlers\FileHandler' driver.
CRITICAL - 2024-07-29 00:50:44 --> ErrorException: Undefined variable $detail_penggunaan_obat
[Method: GET, Route: print-pembayaran/PBY002]
in APPPATH\Views\page\report\data_pembayaran.php on line 109.
 1 APPPATH\Views\page\report\data_pembayaran.php(109): CodeIgniter\Debug\Exceptions->errorHandler(2, 'Undefined variable $detail_penggunaan_obat', 'E:\\Project\\klinik-bersalin\\app\\Views\\page\\report\\data_pembayaran.php', 109)
 2 SYSTEMPATH\View\View.php(234): include('E:\\Project\\klinik-bersalin\\app\\Views\\page\\report\\data_pembayaran.php')
 3 SYSTEMPATH\View\View.php(237): CodeIgniter\View\View->CodeIgniter\View\{closure}()
 4 SYSTEMPATH\Common.php(1171): CodeIgniter\View\View->render('page/report/data_pembayaran', [], true)
 5 APPPATH\Controllers\Laporan.php(140): view('page/report/data_pembayaran', [...])
 6 SYSTEMPATH\CodeIgniter.php(933): App\Controllers\Laporan->data_pembayaran('PBY002')
 7 SYSTEMPATH\CodeIgniter.php(509): CodeIgniter\CodeIgniter->runController(Object(App\Controllers\Laporan))
 8 SYSTEMPATH\CodeIgniter.php(355): CodeIgniter\CodeIgniter->handleRequest(null, Object(Config\Cache), false)
 9 SYSTEMPATH\Boot.php(325): CodeIgniter\CodeIgniter->run()
10 SYSTEMPATH\Boot.php(67): CodeIgniter\Boot::runCodeIgniter(Object(CodeIgniter\CodeIgniter))
11 FCPATH\index.php(56): CodeIgniter\Boot::bootWeb(Object(Config\Paths))
12 SYSTEMPATH\rewrite.php(44): require_once('E:\\Project\\klinik-bersalin\\public\\index.php')
INFO - 2024-07-29 00:51:03 --> Session: Class initialized using 'CodeIgniter\Session\Handlers\FileHandler' driver.
INFO - 2024-07-29 00:52:03 --> Session: Class initialized using 'CodeIgniter\Session\Handlers\FileHandler' driver.
INFO - 2024-07-29 00:52:35 --> Session: Class initialized using 'CodeIgniter\Session\Handlers\FileHandler' driver.
INFO - 2024-07-29 00:52:52 --> Session: Class initialized using 'CodeIgniter\Session\Handlers\FileHandler' driver.
INFO - 2024-07-29 00:53:12 --> Session: Class initialized using 'CodeIgniter\Session\Handlers\FileHandler' driver.
INFO - 2024-07-29 00:53:30 --> Session: Class initialized using 'CodeIgniter\Session\Handlers\FileHandler' driver.
INFO - 2024-07-29 00:53:37 --> Session: Class initialized using 'CodeIgniter\Session\Handlers\FileHandler' driver.
INFO - 2024-07-29 00:54:27 --> Session: Class initialized using 'CodeIgniter\Session\Handlers\FileHandler' driver.
INFO - 2024-07-29 00:54:42 --> Session: Class initialized using 'CodeIgniter\Session\Handlers\FileHandler' driver.
INFO - 2024-07-29 00:54:53 --> Session: Class initialized using 'CodeIgniter\Session\Handlers\FileHandler' driver.
INFO - 2024-07-29 00:55:02 --> Session: Class initialized using 'CodeIgniter\Session\Handlers\FileHandler' driver.
INFO - 2024-07-29 00:55:24 --> Session: Class initialized using 'CodeIgniter\Session\Handlers\FileHandler' driver.
INFO - 2024-07-29 00:55:52 --> Session: Class initialized using 'CodeIgniter\Session\Handlers\FileHandler' driver.
INFO - 2024-07-29 00:57:17 --> Session: Class initialized using 'CodeIgniter\Session\Handlers\FileHandler' driver.
INFO - 2024-07-29 00:57:26 --> Session: Class initialized using 'CodeIgniter\Session\Handlers\FileHandler' driver.
INFO - 2024-07-29 00:57:29 --> Session: Class initialized using 'CodeIgniter\Session\Handlers\FileHandler' driver.
INFO - 2024-07-29 00:57:32 --> Session: Class initialized using 'CodeIgniter\Session\Handlers\FileHandler' driver.
INFO - 2024-07-29 00:57:45 --> Session: Class initialized using 'CodeIgniter\Session\Handlers\FileHandler' driver.
INFO - 2024-07-29 00:57:49 --> Session: Class initialized using 'CodeIgniter\Session\Handlers\FileHandler' driver.
INFO - 2024-07-29 00:57:58 --> Session: Class initialized using 'CodeIgniter\Session\Handlers\FileHandler' driver.
INFO - 2024-07-29 00:59:17 --> Session: Class initialized using 'CodeIgniter\Session\Handlers\FileHandler' driver.
INFO - 2024-07-29 00:59:26 --> Session: Class initialized using 'CodeIgniter\Session\Handlers\FileHandler' driver.
INFO - 2024-07-29 01:01:21 --> Session: Class initialized using 'CodeIgniter\Session\Handlers\FileHandler' driver.
INFO - 2024-07-29 01:01:30 --> Session: Class initialized using 'CodeIgniter\Session\Handlers\FileHandler' driver.
INFO - 2024-07-29 01:02:10 --> Session: Class initialized using 'CodeIgniter\Session\Handlers\FileHandler' driver.
INFO - 2024-07-29 01:02:20 --> Session: Class initialized using 'CodeIgniter\Session\Handlers\FileHandler' driver.
INFO - 2024-07-29 01:02:51 --> Session: Class initialized using 'CodeIgniter\Session\Handlers\FileHandler' driver.
INFO - 2024-07-29 01:05:03 --> Session: Class initialized using 'CodeIgniter\Session\Handlers\FileHandler' driver.
INFO - 2024-07-29 01:05:05 --> Session: Class initialized using 'CodeIgniter\Session\Handlers\FileHandler' driver.
INFO - 2024-07-29 01:06:00 --> Session: Class initialized using 'CodeIgniter\Session\Handlers\FileHandler' driver.
INFO - 2024-07-29 01:13:48 --> Session: Class initialized using 'CodeIgniter\Session\Handlers\FileHandler' driver.
CRITICAL - 2024-07-29 01:13:48 --> ErrorException: Undefined variable $antrianSaatIni
[Method: GET, Route: report-master]
in APPPATH\Views\page\report\report_master.php on line 14.
 1 APPPATH\Views\page\report\report_master.php(14): CodeIgniter\Debug\Exceptions->errorHandler(2, 'Undefined variable $antrianSaatIni', 'E:\\Project\\klinik-bersalin\\app\\Views\\page\\report\\report_master.php', 14)
 2 SYSTEMPATH\View\View.php(234): include('E:\\Project\\klinik-bersalin\\app\\Views\\page\\report\\report_master.php')
 3 SYSTEMPATH\View\View.php(237): CodeIgniter\View\View->CodeIgniter\View\{closure}()
 4 SYSTEMPATH\Common.php(1171): CodeIgniter\View\View->render('page/report/report_master', [], true)
 5 APPPATH\Controllers\Laporan.php(150): view('page/report/report_master')
 6 SYSTEMPATH\CodeIgniter.php(933): App\Controllers\Laporan->report_master()
 7 SYSTEMPATH\CodeIgniter.php(509): CodeIgniter\CodeIgniter->runController(Object(App\Controllers\Laporan))
 8 SYSTEMPATH\CodeIgniter.php(355): CodeIgniter\CodeIgniter->handleRequest(null, Object(Config\Cache), false)
 9 SYSTEMPATH\Boot.php(325): CodeIgniter\CodeIgniter->run()
10 SYSTEMPATH\Boot.php(67): CodeIgniter\Boot::runCodeIgniter(Object(CodeIgniter\CodeIgniter))
11 FCPATH\index.php(56): CodeIgniter\Boot::bootWeb(Object(Config\Paths))
12 SYSTEMPATH\rewrite.php(44): require_once('E:\\Project\\klinik-bersalin\\public\\index.php')
INFO - 2024-07-29 01:14:20 --> Session: Class initialized using 'CodeIgniter\Session\Handlers\FileHandler' driver.
CRITICAL - 2024-07-29 01:14:20 --> ErrorException: Undefined variable $antrianSaatIni
[Method: GET, Route: report-master]
in APPPATH\Views\page\report\report_master.php on line 30.
 1 APPPATH\Views\page\report\report_master.php(30): CodeIgniter\Debug\Exceptions->errorHandler(2, 'Undefined variable $antrianSaatIni', 'E:\\Project\\klinik-bersalin\\app\\Views\\page\\report\\report_master.php', 30)
 2 SYSTEMPATH\View\View.php(234): include('E:\\Project\\klinik-bersalin\\app\\Views\\page\\report\\report_master.php')
 3 SYSTEMPATH\View\View.php(237): CodeIgniter\View\View->CodeIgniter\View\{closure}()
 4 SYSTEMPATH\Common.php(1171): CodeIgniter\View\View->render('page/report/report_master', [], true)
 5 APPPATH\Controllers\Laporan.php(150): view('page/report/report_master')
 6 SYSTEMPATH\CodeIgniter.php(933): App\Controllers\Laporan->report_master()
 7 SYSTEMPATH\CodeIgniter.php(509): CodeIgniter\CodeIgniter->runController(Object(App\Controllers\Laporan))
 8 SYSTEMPATH\CodeIgniter.php(355): CodeIgniter\CodeIgniter->handleRequest(null, Object(Config\Cache), false)
 9 SYSTEMPATH\Boot.php(325): CodeIgniter\CodeIgniter->run()
10 SYSTEMPATH\Boot.php(67): CodeIgniter\Boot::runCodeIgniter(Object(CodeIgniter\CodeIgniter))
11 FCPATH\index.php(56): CodeIgniter\Boot::bootWeb(Object(Config\Paths))
12 SYSTEMPATH\rewrite.php(44): require_once('E:\\Project\\klinik-bersalin\\public\\index.php')
INFO - 2024-07-29 01:14:57 --> Session: Class initialized using 'CodeIgniter\Session\Handlers\FileHandler' driver.
INFO - 2024-07-29 01:15:04 --> Session: Class initialized using 'CodeIgniter\Session\Handlers\FileHandler' driver.
INFO - 2024-07-29 01:15:34 --> Session: Class initialized using 'CodeIgniter\Session\Handlers\FileHandler' driver.
INFO - 2024-07-29 01:15:44 --> Session: Class initialized using 'CodeIgniter\Session\Handlers\FileHandler' driver.
INFO - 2024-07-29 01:15:44 --> Session: Class initialized using 'CodeIgniter\Session\Handlers\FileHandler' driver.
INFO - 2024-07-29 01:38:28 --> Session: Class initialized using 'CodeIgniter\Session\Handlers\FileHandler' driver.
INFO - 2024-07-29 01:38:34 --> Session: Class initialized using 'CodeIgniter\Session\Handlers\FileHandler' driver.
INFO - 2024-07-29 02:59:38 --> Session: Class initialized using 'CodeIgniter\Session\Handlers\FileHandler' driver.
INFO - 2024-07-29 03:15:52 --> Session: Class initialized using 'CodeIgniter\Session\Handlers\FileHandler' driver.
INFO - 2024-07-29 03:37:11 --> Session: Class initialized using 'CodeIgniter\Session\Handlers\FileHandler' driver.
INFO - 2024-07-29 04:07:46 --> Session: Class initialized using 'CodeIgniter\Session\Handlers\FileHandler' driver.
INFO - 2024-07-29 04:07:56 --> Session: Class initialized using 'CodeIgniter\Session\Handlers\FileHandler' driver.
INFO - 2024-07-29 04:07:56 --> Session: Class initialized using 'CodeIgniter\Session\Handlers\FileHandler' driver.
INFO - 2024-07-29 04:07:58 --> Session: Class initialized using 'CodeIgniter\Session\Handlers\FileHandler' driver.
INFO - 2024-07-29 04:09:33 --> Session: Class initialized using 'CodeIgniter\Session\Handlers\FileHandler' driver.
INFO - 2024-07-29 04:09:50 --> Session: Class initialized using 'CodeIgniter\Session\Handlers\FileHandler' driver.
INFO - 2024-07-29 04:09:57 --> Session: Class initialized using 'CodeIgniter\Session\Handlers\FileHandler' driver.
INFO - 2024-07-29 04:10:56 --> Session: Class initialized using 'CodeIgniter\Session\Handlers\FileHandler' driver.
INFO - 2024-07-29 04:11:01 --> Session: Class initialized using 'CodeIgniter\Session\Handlers\FileHandler' driver.
INFO - 2024-07-29 04:12:25 --> Session: Class initialized using 'CodeIgniter\Session\Handlers\FileHandler' driver.
INFO - 2024-07-29 04:12:30 --> Session: Class initialized using 'CodeIgniter\Session\Handlers\FileHandler' driver.
INFO - 2024-07-29 04:12:57 --> Session: Class initialized using 'CodeIgniter\Session\Handlers\FileHandler' driver.
INFO - 2024-07-29 04:13:11 --> Session: Class initialized using 'CodeIgniter\Session\Handlers\FileHandler' driver.
INFO - 2024-07-29 04:13:50 --> Session: Class initialized using 'CodeIgniter\Session\Handlers\FileHandler' driver.
INFO - 2024-07-29 04:13:50 --> Session: Class initialized using 'CodeIgniter\Session\Handlers\FileHandler' driver.
INFO - 2024-07-29 04:14:16 --> Session: Class initialized using 'CodeIgniter\Session\Handlers\FileHandler' driver.
INFO - 2024-07-29 04:14:39 --> Session: Class initialized using 'CodeIgniter\Session\Handlers\FileHandler' driver.
INFO - 2024-07-29 04:14:50 --> Session: Class initialized using 'CodeIgniter\Session\Handlers\FileHandler' driver.
INFO - 2024-07-29 04:15:02 --> Session: Class initialized using 'CodeIgniter\Session\Handlers\FileHandler' driver.
INFO - 2024-07-29 04:15:02 --> Session: Class initialized using 'CodeIgniter\Session\Handlers\FileHandler' driver.
INFO - 2024-07-29 04:15:08 --> Session: Class initialized using 'CodeIgniter\Session\Handlers\FileHandler' driver.
INFO - 2024-07-29 04:15:19 --> Session: Class initialized using 'CodeIgniter\Session\Handlers\FileHandler' driver.
INFO - 2024-07-29 04:18:24 --> Session: Class initialized using 'CodeIgniter\Session\Handlers\FileHandler' driver.
INFO - 2024-07-29 04:18:30 --> Session: Class initialized using 'CodeIgniter\Session\Handlers\FileHandler' driver.
INFO - 2024-07-29 04:18:49 --> Session: Class initialized using 'CodeIgniter\Session\Handlers\FileHandler' driver.
INFO - 2024-07-29 04:18:50 --> Session: Class initialized using 'CodeIgniter\Session\Handlers\FileHandler' driver.
INFO - 2024-07-29 04:19:32 --> Session: Class initialized using 'CodeIgniter\Session\Handlers\FileHandler' driver.
INFO - 2024-07-29 04:19:32 --> Session: Class initialized using 'CodeIgniter\Session\Handlers\FileHandler' driver.
INFO - 2024-07-29 04:20:03 --> Session: Class initialized using 'CodeIgniter\Session\Handlers\FileHandler' driver.
INFO - 2024-07-29 04:20:03 --> Session: Class initialized using 'CodeIgniter\Session\Handlers\FileHandler' driver.
INFO - 2024-07-29 04:20:11 --> Session: Class initialized using 'CodeIgniter\Session\Handlers\FileHandler' driver.
INFO - 2024-07-29 04:20:15 --> Session: Class initialized using 'CodeIgniter\Session\Handlers\FileHandler' driver.
INFO - 2024-07-29 04:20:28 --> Session: Class initialized using 'CodeIgniter\Session\Handlers\FileHandler' driver.
INFO - 2024-07-29 04:20:58 --> Session: Class initialized using 'CodeIgniter\Session\Handlers\FileHandler' driver.
INFO - 2024-07-29 04:21:06 --> Session: Class initialized using 'CodeIgniter\Session\Handlers\FileHandler' driver.
INFO - 2024-07-29 04:21:18 --> Session: Class initialized using 'CodeIgniter\Session\Handlers\FileHandler' driver.
INFO - 2024-07-29 04:21:39 --> Session: Class initialized using 'CodeIgniter\Session\Handlers\FileHandler' driver.
INFO - 2024-07-29 04:21:39 --> Session: Class initialized using 'CodeIgniter\Session\Handlers\FileHandler' driver.
INFO - 2024-07-29 04:21:43 --> Session: Class initialized using 'CodeIgniter\Session\Handlers\FileHandler' driver.
INFO - 2024-07-29 04:21:52 --> Session: Class initialized using 'CodeIgniter\Session\Handlers\FileHandler' driver.
INFO - 2024-07-29 04:22:05 --> Session: Class initialized using 'CodeIgniter\Session\Handlers\FileHandler' driver.
INFO - 2024-07-29 04:22:05 --> Session: Class initialized using 'CodeIgniter\Session\Handlers\FileHandler' driver.
INFO - 2024-07-29 04:22:21 --> Session: Class initialized using 'CodeIgniter\Session\Handlers\FileHandler' driver.
INFO - 2024-07-29 04:22:38 --> Session: Class initialized using 'CodeIgniter\Session\Handlers\FileHandler' driver.
INFO - 2024-07-29 04:22:39 --> Session: Class initialized using 'CodeIgniter\Session\Handlers\FileHandler' driver.
INFO - 2024-07-29 04:22:45 --> Session: Class initialized using 'CodeIgniter\Session\Handlers\FileHandler' driver.
INFO - 2024-07-29 04:23:48 --> Session: Class initialized using 'CodeIgniter\Session\Handlers\FileHandler' driver.
INFO - 2024-07-29 04:23:56 --> Session: Class initialized using 'CodeIgniter\Session\Handlers\FileHandler' driver.
INFO - 2024-07-29 04:23:57 --> Session: Class initialized using 'CodeIgniter\Session\Handlers\FileHandler' driver.
INFO - 2024-07-29 04:24:05 --> Session: Class initialized using 'CodeIgniter\Session\Handlers\FileHandler' driver.
INFO - 2024-07-29 04:24:13 --> Session: Class initialized using 'CodeIgniter\Session\Handlers\FileHandler' driver.
INFO - 2024-07-29 04:24:57 --> Session: Class initialized using 'CodeIgniter\Session\Handlers\FileHandler' driver.
INFO - 2024-07-29 04:25:02 --> Session: Class initialized using 'CodeIgniter\Session\Handlers\FileHandler' driver.
INFO - 2024-07-29 04:26:00 --> Session: Class initialized using 'CodeIgniter\Session\Handlers\FileHandler' driver.
INFO - 2024-07-29 04:26:09 --> Session: Class initialized using 'CodeIgniter\Session\Handlers\FileHandler' driver.
INFO - 2024-07-29 04:26:13 --> Session: Class initialized using 'CodeIgniter\Session\Handlers\FileHandler' driver.
INFO - 2024-07-29 04:26:36 --> Session: Class initialized using 'CodeIgniter\Session\Handlers\FileHandler' driver.
INFO - 2024-07-29 04:30:43 --> Session: Class initialized using 'CodeIgniter\Session\Handlers\FileHandler' driver.
INFO - 2024-07-29 04:31:08 --> Session: Class initialized using 'CodeIgniter\Session\Handlers\FileHandler' driver.
INFO - 2024-07-29 04:31:08 --> Session: Class initialized using 'CodeIgniter\Session\Handlers\FileHandler' driver.
INFO - 2024-07-29 04:31:35 --> Session: Class initialized using 'CodeIgniter\Session\Handlers\FileHandler' driver.
INFO - 2024-07-29 04:31:42 --> Session: Class initialized using 'CodeIgniter\Session\Handlers\FileHandler' driver.
INFO - 2024-07-29 04:37:40 --> Session: Class initialized using 'CodeIgniter\Session\Handlers\FileHandler' driver.
INFO - 2024-07-29 04:37:51 --> Session: Class initialized using 'CodeIgniter\Session\Handlers\FileHandler' driver.
INFO - 2024-07-29 04:38:47 --> Session: Class initialized using 'CodeIgniter\Session\Handlers\FileHandler' driver.
INFO - 2024-07-29 04:40:16 --> Session: Class initialized using 'CodeIgniter\Session\Handlers\FileHandler' driver.
CRITICAL - 2024-07-29 04:40:16 --> CodeIgniter\View\Exceptions\ViewException: Invalid file: "page/report/print_obat.php"
[Method: GET, Route: print-obat]
in SYSTEMPATH\Exceptions\FrameworkException.php on line 41.
 1 SYSTEMPATH\View\View.php(222): CodeIgniter\Exceptions\FrameworkException::forInvalidFile('page/report/print_obat.php')
 2 SYSTEMPATH\Common.php(1171): CodeIgniter\View\View->render('page/report/print_obat', [], true)
 3 APPPATH\Controllers\Laporan.php(156): view('page/report/print_obat')
 4 SYSTEMPATH\CodeIgniter.php(933): App\Controllers\Laporan->print_obat()
 5 SYSTEMPATH\CodeIgniter.php(509): CodeIgniter\CodeIgniter->runController(Object(App\Controllers\Laporan))
 6 SYSTEMPATH\CodeIgniter.php(355): CodeIgniter\CodeIgniter->handleRequest(null, Object(Config\Cache), false)
 7 SYSTEMPATH\Boot.php(325): CodeIgniter\CodeIgniter->run()
 8 SYSTEMPATH\Boot.php(67): CodeIgniter\Boot::runCodeIgniter(Object(CodeIgniter\CodeIgniter))
 9 FCPATH\index.php(56): CodeIgniter\Boot::bootWeb(Object(Config\Paths))
10 SYSTEMPATH\rewrite.php(44): require_once('E:\\Project\\klinik-bersalin\\public\\index.php')
INFO - 2024-07-29 04:40:59 --> Session: Class initialized using 'CodeIgniter\Session\Handlers\FileHandler' driver.
INFO - 2024-07-29 04:41:10 --> Session: Class initialized using 'CodeIgniter\Session\Handlers\FileHandler' driver.
INFO - 2024-07-29 04:41:18 --> Session: Class initialized using 'CodeIgniter\Session\Handlers\FileHandler' driver.
INFO - 2024-07-29 04:41:48 --> Session: Class initialized using 'CodeIgniter\Session\Handlers\FileHandler' driver.
CRITICAL - 2024-07-29 04:41:49 --> ErrorException: Undefined variable $detail_penggunaan_obat
[Method: GET, Route: print-obat]
in APPPATH\Views\page\report\print_obat.php on line 58.
 1 APPPATH\Views\page\report\print_obat.php(58): CodeIgniter\Debug\Exceptions->errorHandler(2, 'Undefined variable $detail_penggunaan_obat', 'E:\\Project\\klinik-bersalin\\app\\Views\\page\\report\\print_obat.php', 58)
 2 SYSTEMPATH\View\View.php(234): include('E:\\Project\\klinik-bersalin\\app\\Views\\page\\report\\print_obat.php')
 3 SYSTEMPATH\View\View.php(237): CodeIgniter\View\View->CodeIgniter\View\{closure}()
 4 SYSTEMPATH\Common.php(1171): CodeIgniter\View\View->render('page/report/print_obat', [], true)
 5 APPPATH\Controllers\Laporan.php(156): view('page/report/print_obat')
 6 SYSTEMPATH\CodeIgniter.php(933): App\Controllers\Laporan->print_obat()
 7 SYSTEMPATH\CodeIgniter.php(509): CodeIgniter\CodeIgniter->runController(Object(App\Controllers\Laporan))
 8 SYSTEMPATH\CodeIgniter.php(355): CodeIgniter\CodeIgniter->handleRequest(null, Object(Config\Cache), false)
 9 SYSTEMPATH\Boot.php(325): CodeIgniter\CodeIgniter->run()
10 SYSTEMPATH\Boot.php(67): CodeIgniter\Boot::runCodeIgniter(Object(CodeIgniter\CodeIgniter))
11 FCPATH\index.php(56): CodeIgniter\Boot::bootWeb(Object(Config\Paths))
12 SYSTEMPATH\rewrite.php(44): require_once('E:\\Project\\klinik-bersalin\\public\\index.php')
INFO - 2024-07-29 04:43:58 --> Session: Class initialized using 'CodeIgniter\Session\Handlers\FileHandler' driver.
CRITICAL - 2024-07-29 04:43:58 --> ErrorException: Undefined variable $print_obat
[Method: GET, Route: print-obat]
in APPPATH\Views\page\report\print_obat.php on line 58.
 1 APPPATH\Views\page\report\print_obat.php(58): CodeIgniter\Debug\Exceptions->errorHandler(2, 'Undefined variable $print_obat', 'E:\\Project\\klinik-bersalin\\app\\Views\\page\\report\\print_obat.php', 58)
 2 SYSTEMPATH\View\View.php(234): include('E:\\Project\\klinik-bersalin\\app\\Views\\page\\report\\print_obat.php')
 3 SYSTEMPATH\View\View.php(237): CodeIgniter\View\View->CodeIgniter\View\{closure}()
 4 SYSTEMPATH\Common.php(1171): CodeIgniter\View\View->render('page/report/print_obat', [], true)
 5 APPPATH\Controllers\Laporan.php(156): view('page/report/print_obat')
 6 SYSTEMPATH\CodeIgniter.php(933): App\Controllers\Laporan->print_obat()
 7 SYSTEMPATH\CodeIgniter.php(509): CodeIgniter\CodeIgniter->runController(Object(App\Controllers\Laporan))
 8 SYSTEMPATH\CodeIgniter.php(355): CodeIgniter\CodeIgniter->handleRequest(null, Object(Config\Cache), false)
 9 SYSTEMPATH\Boot.php(325): CodeIgniter\CodeIgniter->run()
10 SYSTEMPATH\Boot.php(67): CodeIgniter\Boot::runCodeIgniter(Object(CodeIgniter\CodeIgniter))
11 FCPATH\index.php(56): CodeIgniter\Boot::bootWeb(Object(Config\Paths))
12 SYSTEMPATH\rewrite.php(44): require_once('E:\\Project\\klinik-bersalin\\public\\index.php')
INFO - 2024-07-29 04:44:08 --> Session: Class initialized using 'CodeIgniter\Session\Handlers\FileHandler' driver.
INFO - 2024-07-29 04:44:22 --> Session: Class initialized using 'CodeIgniter\Session\Handlers\FileHandler' driver.
INFO - 2024-07-29 04:44:49 --> Session: Class initialized using 'CodeIgniter\Session\Handlers\FileHandler' driver.
INFO - 2024-07-29 04:45:02 --> Session: Class initialized using 'CodeIgniter\Session\Handlers\FileHandler' driver.
INFO - 2024-07-29 04:45:25 --> Session: Class initialized using 'CodeIgniter\Session\Handlers\FileHandler' driver.
INFO - 2024-07-29 04:45:30 --> Session: Class initialized using 'CodeIgniter\Session\Handlers\FileHandler' driver.
INFO - 2024-07-29 04:45:45 --> Session: Class initialized using 'CodeIgniter\Session\Handlers\FileHandler' driver.
INFO - 2024-07-29 04:45:53 --> Session: Class initialized using 'CodeIgniter\Session\Handlers\FileHandler' driver.
INFO - 2024-07-29 04:46:53 --> Session: Class initialized using 'CodeIgniter\Session\Handlers\FileHandler' driver.
CRITICAL - 2024-07-29 04:46:53 --> ErrorException: Undefined variable $print_obat
[Method: GET, Route: print-kamar]
in APPPATH\Views\page\report\print_kamar.php on line 59.
 1 APPPATH\Views\page\report\print_kamar.php(59): CodeIgniter\Debug\Exceptions->errorHandler(2, 'Undefined variable $print_obat', 'E:\\Project\\klinik-bersalin\\app\\Views\\page\\report\\print_kamar.php', 59)
 2 SYSTEMPATH\View\View.php(234): include('E:\\Project\\klinik-bersalin\\app\\Views\\page\\report\\print_kamar.php')
 3 SYSTEMPATH\View\View.php(237): CodeIgniter\View\View->CodeIgniter\View\{closure}()
 4 SYSTEMPATH\Common.php(1171): CodeIgniter\View\View->render('page/report/print_kamar', [], true)
 5 APPPATH\Controllers\Laporan.php(162): view('page/report/print_kamar', [...])
 6 SYSTEMPATH\CodeIgniter.php(933): App\Controllers\Laporan->print_kamar()
 7 SYSTEMPATH\CodeIgniter.php(509): CodeIgniter\CodeIgniter->runController(Object(App\Controllers\Laporan))
 8 SYSTEMPATH\CodeIgniter.php(355): CodeIgniter\CodeIgniter->handleRequest(null, Object(Config\Cache), false)
 9 SYSTEMPATH\Boot.php(325): CodeIgniter\CodeIgniter->run()
10 SYSTEMPATH\Boot.php(67): CodeIgniter\Boot::runCodeIgniter(Object(CodeIgniter\CodeIgniter))
11 FCPATH\index.php(56): CodeIgniter\Boot::bootWeb(Object(Config\Paths))
12 SYSTEMPATH\rewrite.php(44): require_once('E:\\Project\\klinik-bersalin\\public\\index.php')
INFO - 2024-07-29 04:47:57 --> Session: Class initialized using 'CodeIgniter\Session\Handlers\FileHandler' driver.
CRITICAL - 2024-07-29 04:47:57 --> ErrorException: Undefined variable $obat
[Method: GET, Route: print-kamar]
in APPPATH\Views\page\report\print_kamar.php on line 66.
 1 APPPATH\Views\page\report\print_kamar.php(66): CodeIgniter\Debug\Exceptions->errorHandler(2, 'Undefined variable $obat', 'E:\\Project\\klinik-bersalin\\app\\Views\\page\\report\\print_kamar.php', 66)
 2 SYSTEMPATH\View\View.php(234): include('E:\\Project\\klinik-bersalin\\app\\Views\\page\\report\\print_kamar.php')
 3 SYSTEMPATH\View\View.php(237): CodeIgniter\View\View->CodeIgniter\View\{closure}()
 4 SYSTEMPATH\Common.php(1171): CodeIgniter\View\View->render('page/report/print_kamar', [], true)
 5 APPPATH\Controllers\Laporan.php(162): view('page/report/print_kamar', [...])
 6 SYSTEMPATH\CodeIgniter.php(933): App\Controllers\Laporan->print_kamar()
 7 SYSTEMPATH\CodeIgniter.php(509): CodeIgniter\CodeIgniter->runController(Object(App\Controllers\Laporan))
 8 SYSTEMPATH\CodeIgniter.php(355): CodeIgniter\CodeIgniter->handleRequest(null, Object(Config\Cache), false)
 9 SYSTEMPATH\Boot.php(325): CodeIgniter\CodeIgniter->run()
10 SYSTEMPATH\Boot.php(67): CodeIgniter\Boot::runCodeIgniter(Object(CodeIgniter\CodeIgniter))
11 FCPATH\index.php(56): CodeIgniter\Boot::bootWeb(Object(Config\Paths))
12 SYSTEMPATH\rewrite.php(44): require_once('E:\\Project\\klinik-bersalin\\public\\index.php')
INFO - 2024-07-29 04:48:04 --> Session: Class initialized using 'CodeIgniter\Session\Handlers\FileHandler' driver.
INFO - 2024-07-29 04:48:15 --> Session: Class initialized using 'CodeIgniter\Session\Handlers\FileHandler' driver.
INFO - 2024-07-29 04:48:19 --> Session: Class initialized using 'CodeIgniter\Session\Handlers\FileHandler' driver.
CRITICAL - 2024-07-29 04:48:19 --> ErrorException: Undefined variable $print_obat
[Method: GET, Route: print-user]
in APPPATH\Views\page\report\print_user.php on line 59.
 1 APPPATH\Views\page\report\print_user.php(59): CodeIgniter\Debug\Exceptions->errorHandler(2, 'Undefined variable $print_obat', 'E:\\Project\\klinik-bersalin\\app\\Views\\page\\report\\print_user.php', 59)
 2 SYSTEMPATH\View\View.php(234): include('E:\\Project\\klinik-bersalin\\app\\Views\\page\\report\\print_user.php')
 3 SYSTEMPATH\View\View.php(237): CodeIgniter\View\View->CodeIgniter\View\{closure}()
 4 SYSTEMPATH\Common.php(1171): CodeIgniter\View\View->render('page/report/print_user', [], true)
 5 APPPATH\Controllers\Laporan.php(168): view('page/report/print_user', [...])
 6 SYSTEMPATH\CodeIgniter.php(933): App\Controllers\Laporan->print_user()
 7 SYSTEMPATH\CodeIgniter.php(509): CodeIgniter\CodeIgniter->runController(Object(App\Controllers\Laporan))
 8 SYSTEMPATH\CodeIgniter.php(355): CodeIgniter\CodeIgniter->handleRequest(null, Object(Config\Cache), false)
 9 SYSTEMPATH\Boot.php(325): CodeIgniter\CodeIgniter->run()
10 SYSTEMPATH\Boot.php(67): CodeIgniter\Boot::runCodeIgniter(Object(CodeIgniter\CodeIgniter))
11 FCPATH\index.php(56): CodeIgniter\Boot::bootWeb(Object(Config\Paths))
12 SYSTEMPATH\rewrite.php(44): require_once('E:\\Project\\klinik-bersalin\\public\\index.php')
INFO - 2024-07-29 04:48:34 --> Session: Class initialized using 'CodeIgniter\Session\Handlers\FileHandler' driver.
INFO - 2024-07-29 04:49:12 --> Session: Class initialized using 'CodeIgniter\Session\Handlers\FileHandler' driver.
INFO - 2024-07-29 04:49:17 --> Session: Class initialized using 'CodeIgniter\Session\Handlers\FileHandler' driver.
CRITICAL - 2024-07-29 04:49:17 --> ErrorException: Undefined array key "userStok"
[Method: GET, Route: print-user]
in APPPATH\Views\page\report\print_user.php on line 64.
 1 APPPATH\Views\page\report\print_user.php(64): CodeIgniter\Debug\Exceptions->errorHandler(2, 'Undefined array key "userStok"', 'E:\\Project\\klinik-bersalin\\app\\Views\\page\\report\\print_user.php', 64)
 2 SYSTEMPATH\View\View.php(234): include('E:\\Project\\klinik-bersalin\\app\\Views\\page\\report\\print_user.php')
 3 SYSTEMPATH\View\View.php(237): CodeIgniter\View\View->CodeIgniter\View\{closure}()
 4 SYSTEMPATH\Common.php(1171): CodeIgniter\View\View->render('page/report/print_user', [], true)
 5 APPPATH\Controllers\Laporan.php(168): view('page/report/print_user', [...])
 6 SYSTEMPATH\CodeIgniter.php(933): App\Controllers\Laporan->print_user()
 7 SYSTEMPATH\CodeIgniter.php(509): CodeIgniter\CodeIgniter->runController(Object(App\Controllers\Laporan))
 8 SYSTEMPATH\CodeIgniter.php(355): CodeIgniter\CodeIgniter->handleRequest(null, Object(Config\Cache), false)
 9 SYSTEMPATH\Boot.php(325): CodeIgniter\CodeIgniter->run()
10 SYSTEMPATH\Boot.php(67): CodeIgniter\Boot::runCodeIgniter(Object(CodeIgniter\CodeIgniter))
11 FCPATH\index.php(56): CodeIgniter\Boot::bootWeb(Object(Config\Paths))
12 SYSTEMPATH\rewrite.php(44): require_once('E:\\Project\\klinik-bersalin\\public\\index.php')
INFO - 2024-07-29 04:49:47 --> Session: Class initialized using 'CodeIgniter\Session\Handlers\FileHandler' driver.
INFO - 2024-07-29 04:49:55 --> Session: Class initialized using 'CodeIgniter\Session\Handlers\FileHandler' driver.
INFO - 2024-07-29 04:49:58 --> Session: Class initialized using 'CodeIgniter\Session\Handlers\FileHandler' driver.
INFO - 2024-07-29 04:50:00 --> Session: Class initialized using 'CodeIgniter\Session\Handlers\FileHandler' driver.
INFO - 2024-07-29 04:50:34 --> Session: Class initialized using 'CodeIgniter\Session\Handlers\FileHandler' driver.
INFO - 2024-07-29 04:50:36 --> Session: Class initialized using 'CodeIgniter\Session\Handlers\FileHandler' driver.
INFO - 2024-07-29 04:51:12 --> Session: Class initialized using 'CodeIgniter\Session\Handlers\FileHandler' driver.
INFO - 2024-07-29 04:51:15 --> Session: Class initialized using 'CodeIgniter\Session\Handlers\FileHandler' driver.
INFO - 2024-07-29 04:51:21 --> Session: Class initialized using 'CodeIgniter\Session\Handlers\FileHandler' driver.
INFO - 2024-07-29 04:51:27 --> Session: Class initialized using 'CodeIgniter\Session\Handlers\FileHandler' driver.
INFO - 2024-07-29 04:51:58 --> Session: Class initialized using 'CodeIgniter\Session\Handlers\FileHandler' driver.
INFO - 2024-07-29 04:52:03 --> Session: Class initialized using 'CodeIgniter\Session\Handlers\FileHandler' driver.
INFO - 2024-07-29 04:53:06 --> Session: Class initialized using 'CodeIgniter\Session\Handlers\FileHandler' driver.
INFO - 2024-07-29 04:53:20 --> Session: Class initialized using 'CodeIgniter\Session\Handlers\FileHandler' driver.
INFO - 2024-07-29 04:53:34 --> Session: Class initialized using 'CodeIgniter\Session\Handlers\FileHandler' driver.
INFO - 2024-07-29 04:53:49 --> Session: Class initialized using 'CodeIgniter\Session\Handlers\FileHandler' driver.
INFO - 2024-07-29 04:54:03 --> Session: Class initialized using 'CodeIgniter\Session\Handlers\FileHandler' driver.
INFO - 2024-07-29 04:56:00 --> Session: Class initialized using 'CodeIgniter\Session\Handlers\FileHandler' driver.
INFO - 2024-07-29 04:56:41 --> Session: Class initialized using 'CodeIgniter\Session\Handlers\FileHandler' driver.
INFO - 2024-07-29 04:56:46 --> Session: Class initialized using 'CodeIgniter\Session\Handlers\FileHandler' driver.
INFO - 2024-07-29 04:58:16 --> Session: Class initialized using 'CodeIgniter\Session\Handlers\FileHandler' driver.
INFO - 2024-07-29 04:58:28 --> Session: Class initialized using 'CodeIgniter\Session\Handlers\FileHandler' driver.
INFO - 2024-07-29 04:58:45 --> Session: Class initialized using 'CodeIgniter\Session\Handlers\FileHandler' driver.
INFO - 2024-07-29 04:58:52 --> Session: Class initialized using 'CodeIgniter\Session\Handlers\FileHandler' driver.
INFO - 2024-07-29 04:59:09 --> Session: Class initialized using 'CodeIgniter\Session\Handlers\FileHandler' driver.
INFO - 2024-07-29 04:59:12 --> Session: Class initialized using 'CodeIgniter\Session\Handlers\FileHandler' driver.
INFO - 2024-07-29 04:59:15 --> Session: Class initialized using 'CodeIgniter\Session\Handlers\FileHandler' driver.
INFO - 2024-07-29 04:59:17 --> Session: Class initialized using 'CodeIgniter\Session\Handlers\FileHandler' driver.
INFO - 2024-07-29 04:59:23 --> Session: Class initialized using 'CodeIgniter\Session\Handlers\FileHandler' driver.
INFO - 2024-07-29 04:59:27 --> Session: Class initialized using 'CodeIgniter\Session\Handlers\FileHandler' driver.
INFO - 2024-07-29 04:59:30 --> Session: Class initialized using 'CodeIgniter\Session\Handlers\FileHandler' driver.
INFO - 2024-07-29 05:00:33 --> Session: Class initialized using 'CodeIgniter\Session\Handlers\FileHandler' driver.
INFO - 2024-07-29 05:02:36 --> Session: Class initialized using 'CodeIgniter\Session\Handlers\FileHandler' driver.
INFO - 2024-07-29 05:03:05 --> Session: Class initialized using 'CodeIgniter\Session\Handlers\FileHandler' driver.
INFO - 2024-07-29 05:03:10 --> Session: Class initialized using 'CodeIgniter\Session\Handlers\FileHandler' driver.
INFO - 2024-07-29 05:03:25 --> Session: Class initialized using 'CodeIgniter\Session\Handlers\FileHandler' driver.
INFO - 2024-07-29 05:03:36 --> Session: Class initialized using 'CodeIgniter\Session\Handlers\FileHandler' driver.
INFO - 2024-07-29 05:03:39 --> Session: Class initialized using 'CodeIgniter\Session\Handlers\FileHandler' driver.
INFO - 2024-07-29 05:04:51 --> Session: Class initialized using 'CodeIgniter\Session\Handlers\FileHandler' driver.
INFO - 2024-07-29 05:05:02 --> Session: Class initialized using 'CodeIgniter\Session\Handlers\FileHandler' driver.
INFO - 2024-07-29 05:05:38 --> Session: Class initialized using 'CodeIgniter\Session\Handlers\FileHandler' driver.
INFO - 2024-07-29 05:05:52 --> Session: Class initialized using 'CodeIgniter\Session\Handlers\FileHandler' driver.
INFO - 2024-07-29 05:38:27 --> Session: Class initialized using 'CodeIgniter\Session\Handlers\FileHandler' driver.
INFO - 2024-07-29 05:47:54 --> Session: Class initialized using 'CodeIgniter\Session\Handlers\FileHandler' driver.
CRITICAL - 2024-07-29 05:47:54 --> ArgumentCountError: Too few arguments to function App\Controllers\Laporan::data_rujukan_ibu(), 0 passed in E:\Project\klinik-bersalin\system\CodeIgniter.php on line 933 and exactly 1 expected
[Method: POST, Route: print-rujukan-ibu-pertanggal]
in APPPATH\Controllers\Laporan.php on line 148.
 1 SYSTEMPATH\CodeIgniter.php(933): App\Controllers\Laporan->data_rujukan_ibu()
 2 SYSTEMPATH\CodeIgniter.php(509): CodeIgniter\CodeIgniter->runController(Object(App\Controllers\Laporan))
 3 SYSTEMPATH\CodeIgniter.php(355): CodeIgniter\CodeIgniter->handleRequest(null, Object(Config\Cache), false)
 4 SYSTEMPATH\Boot.php(325): CodeIgniter\CodeIgniter->run()
 5 SYSTEMPATH\Boot.php(67): CodeIgniter\Boot::runCodeIgniter(Object(CodeIgniter\CodeIgniter))
 6 FCPATH\index.php(56): CodeIgniter\Boot::bootWeb(Object(Config\Paths))
 7 SYSTEMPATH\rewrite.php(44): require_once('E:\\Project\\klinik-bersalin\\public\\index.php')
INFO - 2024-07-29 05:57:33 --> Session: Class initialized using 'CodeIgniter\Session\Handlers\FileHandler' driver.
CRITICAL - 2024-07-29 05:57:33 --> CodeIgniter\View\Exceptions\ViewException: Invalid file: "page/report/print_rujukan_ibu_pertanggal.php"
[Method: POST, Route: print-rujukan-ibu-pertanggal]
in SYSTEMPATH\Exceptions\FrameworkException.php on line 41.
 1 SYSTEMPATH\View\View.php(222): CodeIgniter\Exceptions\FrameworkException::forInvalidFile('page/report/print_rujukan_ibu_pertanggal.php')
 2 SYSTEMPATH\Common.php(1171): CodeIgniter\View\View->render('page/report/print_rujukan_ibu_pertanggal', [], true)
 3 APPPATH\Controllers\Laporan.php(195): view('page/report/print_rujukan_ibu_pertanggal', [...])
 4 SYSTEMPATH\CodeIgniter.php(933): App\Controllers\Laporan->data_rujukan_ibu_pertanggal()
 5 SYSTEMPATH\CodeIgniter.php(509): CodeIgniter\CodeIgniter->runController(Object(App\Controllers\Laporan))
 6 SYSTEMPATH\CodeIgniter.php(355): CodeIgniter\CodeIgniter->handleRequest(null, Object(Config\Cache), false)
 7 SYSTEMPATH\Boot.php(325): CodeIgniter\CodeIgniter->run()
 8 SYSTEMPATH\Boot.php(67): CodeIgniter\Boot::runCodeIgniter(Object(CodeIgniter\CodeIgniter))
 9 FCPATH\index.php(56): CodeIgniter\Boot::bootWeb(Object(Config\Paths))
10 SYSTEMPATH\rewrite.php(44): require_once('E:\\Project\\klinik-bersalin\\public\\index.php')
INFO - 2024-07-29 05:57:54 --> Session: Class initialized using 'CodeIgniter\Session\Handlers\FileHandler' driver.
CRITICAL - 2024-07-29 05:57:54 --> ErrorException: Undefined variable $print_obat
[Method: POST, Route: print-rujukan-ibu-pertanggal]
in APPPATH\Views\page\report\print_rujukan_ibu_pertanggal.php on line 60.
 1 APPPATH\Views\page\report\print_rujukan_ibu_pertanggal.php(60): CodeIgniter\Debug\Exceptions->errorHandler(2, 'Undefined variable $print_obat', 'E:\\Project\\klinik-bersalin\\app\\Views\\page\\report\\print_rujukan_ibu_pertanggal.php', 60)
 2 SYSTEMPATH\View\View.php(234): include('E:\\Project\\klinik-bersalin\\app\\Views\\page\\report\\print_rujukan_ibu_pertanggal.php')
 3 SYSTEMPATH\View\View.php(237): CodeIgniter\View\View->CodeIgniter\View\{closure}()
 4 SYSTEMPATH\Common.php(1171): CodeIgniter\View\View->render('page/report/print_rujukan_ibu_pertanggal', [], true)
 5 APPPATH\Controllers\Laporan.php(195): view('page/report/print_rujukan_ibu_pertanggal', [...])
 6 SYSTEMPATH\CodeIgniter.php(933): App\Controllers\Laporan->data_rujukan_ibu_pertanggal()
 7 SYSTEMPATH\CodeIgniter.php(509): CodeIgniter\CodeIgniter->runController(Object(App\Controllers\Laporan))
 8 SYSTEMPATH\CodeIgniter.php(355): CodeIgniter\CodeIgniter->handleRequest(null, Object(Config\Cache), false)
 9 SYSTEMPATH\Boot.php(325): CodeIgniter\CodeIgniter->run()
10 SYSTEMPATH\Boot.php(67): CodeIgniter\Boot::runCodeIgniter(Object(CodeIgniter\CodeIgniter))
11 FCPATH\index.php(56): CodeIgniter\Boot::bootWeb(Object(Config\Paths))
12 SYSTEMPATH\rewrite.php(44): require_once('E:\\Project\\klinik-bersalin\\public\\index.php')
INFO - 2024-07-29 05:58:24 --> Session: Class initialized using 'CodeIgniter\Session\Handlers\FileHandler' driver.
INFO - 2024-07-29 05:58:51 --> Session: Class initialized using 'CodeIgniter\Session\Handlers\FileHandler' driver.
INFO - 2024-07-29 05:58:59 --> Session: Class initialized using 'CodeIgniter\Session\Handlers\FileHandler' driver.
INFO - 2024-07-29 05:59:59 --> Session: Class initialized using 'CodeIgniter\Session\Handlers\FileHandler' driver.
INFO - 2024-07-29 06:00:34 --> Session: Class initialized using 'CodeIgniter\Session\Handlers\FileHandler' driver.
INFO - 2024-07-29 06:01:05 --> Session: Class initialized using 'CodeIgniter\Session\Handlers\FileHandler' driver.
INFO - 2024-07-29 06:01:24 --> Session: Class initialized using 'CodeIgniter\Session\Handlers\FileHandler' driver.
INFO - 2024-07-29 07:39:25 --> Session: Class initialized using 'CodeIgniter\Session\Handlers\FileHandler' driver.
INFO - 2024-07-29 07:40:35 --> Session: Class initialized using 'CodeIgniter\Session\Handlers\FileHandler' driver.
INFO - 2024-07-29 07:40:59 --> Session: Class initialized using 'CodeIgniter\Session\Handlers\FileHandler' driver.
INFO - 2024-07-29 07:41:30 --> Session: Class initialized using 'CodeIgniter\Session\Handlers\FileHandler' driver.
INFO - 2024-07-29 07:41:45 --> Session: Class initialized using 'CodeIgniter\Session\Handlers\FileHandler' driver.
INFO - 2024-07-29 07:42:19 --> Session: Class initialized using 'CodeIgniter\Session\Handlers\FileHandler' driver.
INFO - 2024-07-29 07:42:36 --> Session: Class initialized using 'CodeIgniter\Session\Handlers\FileHandler' driver.
INFO - 2024-07-29 07:42:40 --> Session: Class initialized using 'CodeIgniter\Session\Handlers\FileHandler' driver.
INFO - 2024-07-29 07:42:46 --> Session: Class initialized using 'CodeIgniter\Session\Handlers\FileHandler' driver.
INFO - 2024-07-29 07:42:51 --> Session: Class initialized using 'CodeIgniter\Session\Handlers\FileHandler' driver.
INFO - 2024-07-29 07:42:56 --> Session: Class initialized using 'CodeIgniter\Session\Handlers\FileHandler' driver.
INFO - 2024-07-29 07:43:02 --> Session: Class initialized using 'CodeIgniter\Session\Handlers\FileHandler' driver.
INFO - 2024-07-29 07:43:05 --> Session: Class initialized using 'CodeIgniter\Session\Handlers\FileHandler' driver.
INFO - 2024-07-29 07:43:11 --> Session: Class initialized using 'CodeIgniter\Session\Handlers\FileHandler' driver.
INFO - 2024-07-29 07:43:27 --> Session: Class initialized using 'CodeIgniter\Session\Handlers\FileHandler' driver.
INFO - 2024-07-29 07:43:39 --> Session: Class initialized using 'CodeIgniter\Session\Handlers\FileHandler' driver.
INFO - 2024-07-29 07:45:20 --> Session: Class initialized using 'CodeIgniter\Session\Handlers\FileHandler' driver.
INFO - 2024-07-29 07:45:26 --> Session: Class initialized using 'CodeIgniter\Session\Handlers\FileHandler' driver.
CRITICAL - 2024-07-29 07:45:26 --> CodeIgniter\View\Exceptions\ViewException: Invalid file: "page/report/print_rujukan_bayi_pertanggal.php"
[Method: POST, Route: print-rujukan-bayi-pertanggal]
in SYSTEMPATH\Exceptions\FrameworkException.php on line 41.
 1 SYSTEMPATH\View\View.php(222): CodeIgniter\Exceptions\FrameworkException::forInvalidFile('page/report/print_rujukan_bayi_pertanggal.php')
 2 SYSTEMPATH\Common.php(1171): CodeIgniter\View\View->render('page/report/print_rujukan_bayi_pertanggal', [], true)
 3 APPPATH\Controllers\Laporan.php(209): view('page/report/print_rujukan_bayi_pertanggal', [...])
 4 SYSTEMPATH\CodeIgniter.php(933): App\Controllers\Laporan->data_rujukan_bayi_pertanggal()
 5 SYSTEMPATH\CodeIgniter.php(509): CodeIgniter\CodeIgniter->runController(Object(App\Controllers\Laporan))
 6 SYSTEMPATH\CodeIgniter.php(355): CodeIgniter\CodeIgniter->handleRequest(null, Object(Config\Cache), false)
 7 SYSTEMPATH\Boot.php(325): CodeIgniter\CodeIgniter->run()
 8 SYSTEMPATH\Boot.php(67): CodeIgniter\Boot::runCodeIgniter(Object(CodeIgniter\CodeIgniter))
 9 FCPATH\index.php(56): CodeIgniter\Boot::bootWeb(Object(Config\Paths))
10 SYSTEMPATH\rewrite.php(44): require_once('E:\\Project\\klinik-bersalin\\public\\index.php')
INFO - 2024-07-29 07:45:56 --> Session: Class initialized using 'CodeIgniter\Session\Handlers\FileHandler' driver.
INFO - 2024-07-29 07:46:10 --> Session: Class initialized using 'CodeIgniter\Session\Handlers\FileHandler' driver.
INFO - 2024-07-29 08:31:40 --> Session: Class initialized using 'CodeIgniter\Session\Handlers\FileHandler' driver.
INFO - 2024-07-29 08:32:08 --> Session: Class initialized using 'CodeIgniter\Session\Handlers\FileHandler' driver.
INFO - 2024-07-29 08:42:05 --> Session: Class initialized using 'CodeIgniter\Session\Handlers\FileHandler' driver.
CRITICAL - 2024-07-29 08:42:05 --> ErrorException: Undefined array key "ibuEmail"
[Method: GET, Route: print-pasien-ibu]
in APPPATH\Views\page\report\print_ibu.php on line 63.
 1 APPPATH\Views\page\report\print_ibu.php(63): CodeIgniter\Debug\Exceptions->errorHandler(2, 'Undefined array key "ibuEmail"', 'E:\\Project\\klinik-bersalin\\app\\Views\\page\\report\\print_ibu.php', 63)
 2 SYSTEMPATH\View\View.php(234): include('E:\\Project\\klinik-bersalin\\app\\Views\\page\\report\\print_ibu.php')
 3 SYSTEMPATH\View\View.php(237): CodeIgniter\View\View->CodeIgniter\View\{closure}()
 4 SYSTEMPATH\Common.php(1171): CodeIgniter\View\View->render('page/report/print_ibu', [], true)
 5 APPPATH\Controllers\Laporan.php(186): view('page/report/print_ibu', [...])
 6 SYSTEMPATH\CodeIgniter.php(933): App\Controllers\Laporan->print_pasien_ibu()
 7 SYSTEMPATH\CodeIgniter.php(509): CodeIgniter\CodeIgniter->runController(Object(App\Controllers\Laporan))
 8 SYSTEMPATH\CodeIgniter.php(355): CodeIgniter\CodeIgniter->handleRequest(null, Object(Config\Cache), false)
 9 SYSTEMPATH\Boot.php(325): CodeIgniter\CodeIgniter->run()
10 SYSTEMPATH\Boot.php(67): CodeIgniter\Boot::runCodeIgniter(Object(CodeIgniter\CodeIgniter))
11 FCPATH\index.php(56): CodeIgniter\Boot::bootWeb(Object(Config\Paths))
12 SYSTEMPATH\rewrite.php(44): require_once('E:\\Project\\klinik-bersalin\\public\\index.php')
INFO - 2024-07-29 08:43:50 --> Session: Class initialized using 'CodeIgniter\Session\Handlers\FileHandler' driver.
INFO - 2024-07-29 08:44:06 --> Session: Class initialized using 'CodeIgniter\Session\Handlers\FileHandler' driver.
INFO - 2024-07-29 08:44:27 --> Session: Class initialized using 'CodeIgniter\Session\Handlers\FileHandler' driver.
INFO - 2024-07-29 08:45:22 --> Session: Class initialized using 'CodeIgniter\Session\Handlers\FileHandler' driver.
INFO - 2024-07-29 08:45:25 --> Session: Class initialized using 'CodeIgniter\Session\Handlers\FileHandler' driver.
CRITICAL - 2024-07-29 08:45:25 --> ErrorException: Undefined variable $print_ibu
[Method: GET, Route: print-pasien-bayi]
in APPPATH\Views\page\report\print_bayi.php on line 59.
 1 APPPATH\Views\page\report\print_bayi.php(59): CodeIgniter\Debug\Exceptions->errorHandler(2, 'Undefined variable $print_ibu', 'E:\\Project\\klinik-bersalin\\app\\Views\\page\\report\\print_bayi.php', 59)
 2 SYSTEMPATH\View\View.php(234): include('E:\\Project\\klinik-bersalin\\app\\Views\\page\\report\\print_bayi.php')
 3 SYSTEMPATH\View\View.php(237): CodeIgniter\View\View->CodeIgniter\View\{closure}()
 4 SYSTEMPATH\Common.php(1171): CodeIgniter\View\View->render('page/report/print_bayi', [], true)
 5 APPPATH\Controllers\Laporan.php(193): view('page/report/print_bayi', [...])
 6 SYSTEMPATH\CodeIgniter.php(933): App\Controllers\Laporan->print_pasien_bayi()
 7 SYSTEMPATH\CodeIgniter.php(509): CodeIgniter\CodeIgniter->runController(Object(App\Controllers\Laporan))
 8 SYSTEMPATH\CodeIgniter.php(355): CodeIgniter\CodeIgniter->handleRequest(null, Object(Config\Cache), false)
 9 SYSTEMPATH\Boot.php(325): CodeIgniter\CodeIgniter->run()
10 SYSTEMPATH\Boot.php(67): CodeIgniter\Boot::runCodeIgniter(Object(CodeIgniter\CodeIgniter))
11 FCPATH\index.php(56): CodeIgniter\Boot::bootWeb(Object(Config\Paths))
12 SYSTEMPATH\rewrite.php(44): require_once('E:\\Project\\klinik-bersalin\\public\\index.php')
INFO - 2024-07-29 08:46:05 --> Session: Class initialized using 'CodeIgniter\Session\Handlers\FileHandler' driver.
CRITICAL - 2024-07-29 08:46:05 --> ErrorException: Undefined array key "bayiRM"
[Method: GET, Route: print-pasien-bayi]
in APPPATH\Views\page\report\print_bayi.php on line 63.
 1 APPPATH\Views\page\report\print_bayi.php(63): CodeIgniter\Debug\Exceptions->errorHandler(2, 'Undefined array key "bayiRM"', 'E:\\Project\\klinik-bersalin\\app\\Views\\page\\report\\print_bayi.php', 63)
 2 SYSTEMPATH\View\View.php(234): include('E:\\Project\\klinik-bersalin\\app\\Views\\page\\report\\print_bayi.php')
 3 SYSTEMPATH\View\View.php(237): CodeIgniter\View\View->CodeIgniter\View\{closure}()
 4 SYSTEMPATH\Common.php(1171): CodeIgniter\View\View->render('page/report/print_bayi', [], true)
 5 APPPATH\Controllers\Laporan.php(193): view('page/report/print_bayi', [...])
 6 SYSTEMPATH\CodeIgniter.php(933): App\Controllers\Laporan->print_pasien_bayi()
 7 SYSTEMPATH\CodeIgniter.php(509): CodeIgniter\CodeIgniter->runController(Object(App\Controllers\Laporan))
 8 SYSTEMPATH\CodeIgniter.php(355): CodeIgniter\CodeIgniter->handleRequest(null, Object(Config\Cache), false)
 9 SYSTEMPATH\Boot.php(325): CodeIgniter\CodeIgniter->run()
10 SYSTEMPATH\Boot.php(67): CodeIgniter\Boot::runCodeIgniter(Object(CodeIgniter\CodeIgniter))
11 FCPATH\index.php(56): CodeIgniter\Boot::bootWeb(Object(Config\Paths))
12 SYSTEMPATH\rewrite.php(44): require_once('E:\\Project\\klinik-bersalin\\public\\index.php')
INFO - 2024-07-29 08:46:11 --> Session: Class initialized using 'CodeIgniter\Session\Handlers\FileHandler' driver.
CRITICAL - 2024-07-29 08:46:11 --> ErrorException: Undefined array key "bayiTanggalLahir"
[Method: GET, Route: print-pasien-bayi]
in APPPATH\Views\page\report\print_bayi.php on line 66.
 1 APPPATH\Views\page\report\print_bayi.php(66): CodeIgniter\Debug\Exceptions->errorHandler(2, 'Undefined array key "bayiTanggalLahir"', 'E:\\Project\\klinik-bersalin\\app\\Views\\page\\report\\print_bayi.php', 66)
 2 SYSTEMPATH\View\View.php(234): include('E:\\Project\\klinik-bersalin\\app\\Views\\page\\report\\print_bayi.php')
 3 SYSTEMPATH\View\View.php(237): CodeIgniter\View\View->CodeIgniter\View\{closure}()
 4 SYSTEMPATH\Common.php(1171): CodeIgniter\View\View->render('page/report/print_bayi', [], true)
 5 APPPATH\Controllers\Laporan.php(193): view('page/report/print_bayi', [...])
 6 SYSTEMPATH\CodeIgniter.php(933): App\Controllers\Laporan->print_pasien_bayi()
 7 SYSTEMPATH\CodeIgniter.php(509): CodeIgniter\CodeIgniter->runController(Object(App\Controllers\Laporan))
 8 SYSTEMPATH\CodeIgniter.php(355): CodeIgniter\CodeIgniter->handleRequest(null, Object(Config\Cache), false)
 9 SYSTEMPATH\Boot.php(325): CodeIgniter\CodeIgniter->run()
10 SYSTEMPATH\Boot.php(67): CodeIgniter\Boot::runCodeIgniter(Object(CodeIgniter\CodeIgniter))
11 FCPATH\index.php(56): CodeIgniter\Boot::bootWeb(Object(Config\Paths))
12 SYSTEMPATH\rewrite.php(44): require_once('E:\\Project\\klinik-bersalin\\public\\index.php')
INFO - 2024-07-29 08:46:24 --> Session: Class initialized using 'CodeIgniter\Session\Handlers\FileHandler' driver.
INFO - 2024-07-29 08:47:12 --> Session: Class initialized using 'CodeIgniter\Session\Handlers\FileHandler' driver.
INFO - 2024-07-29 08:47:26 --> Session: Class initialized using 'CodeIgniter\Session\Handlers\FileHandler' driver.
INFO - 2024-07-29 08:47:47 --> Session: Class initialized using 'CodeIgniter\Session\Handlers\FileHandler' driver.
INFO - 2024-07-29 08:48:25 --> Session: Class initialized using 'CodeIgniter\Session\Handlers\FileHandler' driver.
INFO - 2024-07-29 08:49:36 --> Session: Class initialized using 'CodeIgniter\Session\Handlers\FileHandler' driver.
CRITICAL - 2024-07-29 08:49:36 --> ErrorException: Undefined variable $ibus
[Method: GET, Route: report-master]
in APPPATH\Views\page\report\report_master.php on line 46.
 1 APPPATH\Views\page\report\report_master.php(46): CodeIgniter\Debug\Exceptions->errorHandler(2, 'Undefined variable $ibus', 'E:\\Project\\klinik-bersalin\\app\\Views\\page\\report\\report_master.php', 46)
 2 SYSTEMPATH\View\View.php(234): include('E:\\Project\\klinik-bersalin\\app\\Views\\page\\report\\report_master.php')
 3 SYSTEMPATH\View\View.php(237): CodeIgniter\View\View->CodeIgniter\View\{closure}()
 4 SYSTEMPATH\Common.php(1171): CodeIgniter\View\View->render('page/report/report_master', [], true)
 5 APPPATH\Controllers\Laporan.php(162): view('page/report/report_master')
 6 SYSTEMPATH\CodeIgniter.php(933): App\Controllers\Laporan->report_master()
 7 SYSTEMPATH\CodeIgniter.php(509): CodeIgniter\CodeIgniter->runController(Object(App\Controllers\Laporan))
 8 SYSTEMPATH\CodeIgniter.php(355): CodeIgniter\CodeIgniter->handleRequest(null, Object(Config\Cache), false)
 9 SYSTEMPATH\Boot.php(325): CodeIgniter\CodeIgniter->run()
10 SYSTEMPATH\Boot.php(67): CodeIgniter\Boot::runCodeIgniter(Object(CodeIgniter\CodeIgniter))
11 FCPATH\index.php(56): CodeIgniter\Boot::bootWeb(Object(Config\Paths))
12 SYSTEMPATH\rewrite.php(44): require_once('E:\\Project\\klinik-bersalin\\public\\index.php')
INFO - 2024-07-29 08:50:31 --> Session: Class initialized using 'CodeIgniter\Session\Handlers\FileHandler' driver.
INFO - 2024-07-29 08:51:27 --> Session: Class initialized using 'CodeIgniter\Session\Handlers\FileHandler' driver.
INFO - 2024-07-29 08:52:04 --> Session: Class initialized using 'CodeIgniter\Session\Handlers\FileHandler' driver.
INFO - 2024-07-29 08:52:15 --> Session: Class initialized using 'CodeIgniter\Session\Handlers\FileHandler' driver.
ERROR - 2024-07-29 08:52:15 --> mysqli_sql_exception: You have an error in your SQL syntax; check the manual that corresponds to your MariaDB server version for the right syntax to use near 'IS NULL
AND `tanggalRujukan` < IS NULL' at line 4 in E:\Project\klinik-bersalin\system\Database\MySQLi\Connection.php:312
Stack trace:
#0 E:\Project\klinik-bersalin\system\Database\MySQLi\Connection.php(312): mysqli->query('SELECT *\nFROM `...', 0)
#1 E:\Project\klinik-bersalin\system\Database\BaseConnection.php(734): CodeIgniter\Database\MySQLi\Connection->execute('SELECT *\nFROM `...')
#2 E:\Project\klinik-bersalin\system\Database\BaseConnection.php(648): CodeIgniter\Database\BaseConnection->simpleQuery('SELECT *\nFROM `...')
#3 E:\Project\klinik-bersalin\system\Database\BaseBuilder.php(1636): CodeIgniter\Database\BaseConnection->query('SELECT *\nFROM `...', Array, false)
#4 E:\Project\klinik-bersalin\system\Model.php(286): CodeIgniter\Database\BaseBuilder->get()
#5 E:\Project\klinik-bersalin\system\BaseModel.php(676): CodeIgniter\Model->doFindAll(0, 0)
#6 E:\Project\klinik-bersalin\app\Controllers\Laporan.php(222): CodeIgniter\BaseModel->findAll()
#7 E:\Project\klinik-bersalin\system\CodeIgniter.php(933): App\Controllers\Laporan->data_rujukan_bayi_pertanggal()
#8 E:\Project\klinik-bersalin\system\CodeIgniter.php(509): CodeIgniter\CodeIgniter->runController(Object(App\Controllers\Laporan))
#9 E:\Project\klinik-bersalin\system\CodeIgniter.php(355): CodeIgniter\CodeIgniter->handleRequest(NULL, Object(Config\Cache), false)
#10 E:\Project\klinik-bersalin\system\Boot.php(325): CodeIgniter\CodeIgniter->run()
#11 E:\Project\klinik-bersalin\system\Boot.php(67): CodeIgniter\Boot::runCodeIgniter(Object(CodeIgniter\CodeIgniter))
#12 E:\Project\klinik-bersalin\public\index.php(56): CodeIgniter\Boot::bootWeb(Object(Config\Paths))
#13 E:\Project\klinik-bersalin\system\rewrite.php(44): require_once('E:\\Project\\klin...')
#14 {main}
CRITICAL - 2024-07-29 08:52:15 --> CodeIgniter\Database\Exceptions\DatabaseException: You have an error in your SQL syntax; check the manual that corresponds to your MariaDB server version for the right syntax to use near 'IS NULL
AND `tanggalRujukan` < IS NULL' at line 4
[Method: POST, Route: print-rujukan-bayi-pertanggal]
in SYSTEMPATH\Database\BaseConnection.php on line 688.
 1 SYSTEMPATH\Database\BaseBuilder.php(1636): CodeIgniter\Database\BaseConnection->query('SELECT *
FROM `rujukan_bayi`
JOIN `bayi` ON `bayi`.`bayiID`=`rujukan_bayi`.`bayiID`
WHERE `tanggalRujukan` > IS NULL
AND `tanggalRujukan` < IS NULL', [], false)
 2 SYSTEMPATH\Model.php(286): CodeIgniter\Database\BaseBuilder->get()
 3 SYSTEMPATH\BaseModel.php(676): CodeIgniter\Model->doFindAll(0, 0)
 4 APPPATH\Controllers\Laporan.php(222): CodeIgniter\BaseModel->findAll()
 5 SYSTEMPATH\CodeIgniter.php(933): App\Controllers\Laporan->data_rujukan_bayi_pertanggal()
 6 SYSTEMPATH\CodeIgniter.php(509): CodeIgniter\CodeIgniter->runController(Object(App\Controllers\Laporan))
 7 SYSTEMPATH\CodeIgniter.php(355): CodeIgniter\CodeIgniter->handleRequest(null, Object(Config\Cache), false)
 8 SYSTEMPATH\Boot.php(325): CodeIgniter\CodeIgniter->run()
 9 SYSTEMPATH\Boot.php(67): CodeIgniter\Boot::runCodeIgniter(Object(CodeIgniter\CodeIgniter))
10 FCPATH\index.php(56): CodeIgniter\Boot::bootWeb(Object(Config\Paths))
11 SYSTEMPATH\rewrite.php(44): require_once('E:\\Project\\klinik-bersalin\\public\\index.php')
CRITICAL - 2024-07-29 08:52:15 --> [Caused by] CodeIgniter\Database\Exceptions\DatabaseException: You have an error in your SQL syntax; check the manual that corresponds to your MariaDB server version for the right syntax to use near 'IS NULL
AND `tanggalRujukan` < IS NULL' at line 4
in SYSTEMPATH\Database\MySQLi\Connection.php on line 317.
 1 SYSTEMPATH\Database\BaseConnection.php(734): CodeIgniter\Database\MySQLi\Connection->execute('SELECT *
FROM `rujukan_bayi`
JOIN `bayi` ON `bayi`.`bayiID`=`rujukan_bayi`.`bayiID`
WHERE `tanggalRujukan` > IS NULL
AND `tanggalRujukan` < IS NULL')
 2 SYSTEMPATH\Database\BaseConnection.php(648): CodeIgniter\Database\BaseConnection->simpleQuery('SELECT *
FROM `rujukan_bayi`
JOIN `bayi` ON `bayi`.`bayiID`=`rujukan_bayi`.`bayiID`
WHERE `tanggalRujukan` > IS NULL
AND `tanggalRujukan` < IS NULL')
 3 SYSTEMPATH\Database\BaseBuilder.php(1636): CodeIgniter\Database\BaseConnection->query('SELECT *
FROM `rujukan_bayi`
JOIN `bayi` ON `bayi`.`bayiID`=`rujukan_bayi`.`bayiID`
WHERE `tanggalRujukan` > IS NULL
AND `tanggalRujukan` < IS NULL', [], false)
 4 SYSTEMPATH\Model.php(286): CodeIgniter\Database\BaseBuilder->get()
 5 SYSTEMPATH\BaseModel.php(676): CodeIgniter\Model->doFindAll(0, 0)
 6 APPPATH\Controllers\Laporan.php(222): CodeIgniter\BaseModel->findAll()
 7 SYSTEMPATH\CodeIgniter.php(933): App\Controllers\Laporan->data_rujukan_bayi_pertanggal()
 8 SYSTEMPATH\CodeIgniter.php(509): CodeIgniter\CodeIgniter->runController(Object(App\Controllers\Laporan))
 9 SYSTEMPATH\CodeIgniter.php(355): CodeIgniter\CodeIgniter->handleRequest(null, Object(Config\Cache), false)
10 SYSTEMPATH\Boot.php(325): CodeIgniter\CodeIgniter->run()
11 SYSTEMPATH\Boot.php(67): CodeIgniter\Boot::runCodeIgniter(Object(CodeIgniter\CodeIgniter))
12 FCPATH\index.php(56): CodeIgniter\Boot::bootWeb(Object(Config\Paths))
13 SYSTEMPATH\rewrite.php(44): require_once('E:\\Project\\klinik-bersalin\\public\\index.php')
CRITICAL - 2024-07-29 08:52:15 --> [Caused by] mysqli_sql_exception: You have an error in your SQL syntax; check the manual that corresponds to your MariaDB server version for the right syntax to use near 'IS NULL
AND `tanggalRujukan` < IS NULL' at line 4
in SYSTEMPATH\Database\MySQLi\Connection.php on line 312.
 1 SYSTEMPATH\Database\MySQLi\Connection.php(312): mysqli->query('SELECT *
FROM `rujukan_bayi`
JOIN `bayi` ON `bayi`.`bayiID`=`rujukan_bayi`.`bayiID`
WHERE `tanggalRujukan` > IS NULL
AND `tanggalRujukan` < IS NULL', 0)
 2 SYSTEMPATH\Database\BaseConnection.php(734): CodeIgniter\Database\MySQLi\Connection->execute('SELECT *
FROM `rujukan_bayi`
JOIN `bayi` ON `bayi`.`bayiID`=`rujukan_bayi`.`bayiID`
WHERE `tanggalRujukan` > IS NULL
AND `tanggalRujukan` < IS NULL')
 3 SYSTEMPATH\Database\BaseConnection.php(648): CodeIgniter\Database\BaseConnection->simpleQuery('SELECT *
FROM `rujukan_bayi`
JOIN `bayi` ON `bayi`.`bayiID`=`rujukan_bayi`.`bayiID`
WHERE `tanggalRujukan` > IS NULL
AND `tanggalRujukan` < IS NULL')
 4 SYSTEMPATH\Database\BaseBuilder.php(1636): CodeIgniter\Database\BaseConnection->query('SELECT *
FROM `rujukan_bayi`
JOIN `bayi` ON `bayi`.`bayiID`=`rujukan_bayi`.`bayiID`
WHERE `tanggalRujukan` > IS NULL
AND `tanggalRujukan` < IS NULL', [], false)
 5 SYSTEMPATH\Model.php(286): CodeIgniter\Database\BaseBuilder->get()
 6 SYSTEMPATH\BaseModel.php(676): CodeIgniter\Model->doFindAll(0, 0)
 7 APPPATH\Controllers\Laporan.php(222): CodeIgniter\BaseModel->findAll()
 8 SYSTEMPATH\CodeIgniter.php(933): App\Controllers\Laporan->data_rujukan_bayi_pertanggal()
 9 SYSTEMPATH\CodeIgniter.php(509): CodeIgniter\CodeIgniter->runController(Object(App\Controllers\Laporan))
10 SYSTEMPATH\CodeIgniter.php(355): CodeIgniter\CodeIgniter->handleRequest(null, Object(Config\Cache), false)
11 SYSTEMPATH\Boot.php(325): CodeIgniter\CodeIgniter->run()
12 SYSTEMPATH\Boot.php(67): CodeIgniter\Boot::runCodeIgniter(Object(CodeIgniter\CodeIgniter))
13 FCPATH\index.php(56): CodeIgniter\Boot::bootWeb(Object(Config\Paths))
14 SYSTEMPATH\rewrite.php(44): require_once('E:\\Project\\klinik-bersalin\\public\\index.php')
INFO - 2024-07-29 08:59:01 --> Session: Class initialized using 'CodeIgniter\Session\Handlers\FileHandler' driver.
ERROR - 2024-07-29 08:59:02 --> mysqli_sql_exception: You have an error in your SQL syntax; check the manual that corresponds to your MariaDB server version for the right syntax to use near 'IS NULL
AND `tanggalRujukan` < IS NULL' at line 4 in E:\Project\klinik-bersalin\system\Database\MySQLi\Connection.php:312
Stack trace:
#0 E:\Project\klinik-bersalin\system\Database\MySQLi\Connection.php(312): mysqli->query('SELECT *\nFROM `...', 0)
#1 E:\Project\klinik-bersalin\system\Database\BaseConnection.php(734): CodeIgniter\Database\MySQLi\Connection->execute('SELECT *\nFROM `...')
#2 E:\Project\klinik-bersalin\system\Database\BaseConnection.php(648): CodeIgniter\Database\BaseConnection->simpleQuery('SELECT *\nFROM `...')
#3 E:\Project\klinik-bersalin\system\Database\BaseBuilder.php(1636): CodeIgniter\Database\BaseConnection->query('SELECT *\nFROM `...', Array, false)
#4 E:\Project\klinik-bersalin\system\Model.php(286): CodeIgniter\Database\BaseBuilder->get()
#5 E:\Project\klinik-bersalin\system\BaseModel.php(676): CodeIgniter\Model->doFindAll(0, 0)
#6 E:\Project\klinik-bersalin\app\Controllers\Laporan.php(222): CodeIgniter\BaseModel->findAll()
#7 E:\Project\klinik-bersalin\system\CodeIgniter.php(933): App\Controllers\Laporan->data_rujukan_bayi_pertanggal()
#8 E:\Project\klinik-bersalin\system\CodeIgniter.php(509): CodeIgniter\CodeIgniter->runController(Object(App\Controllers\Laporan))
#9 E:\Project\klinik-bersalin\system\CodeIgniter.php(355): CodeIgniter\CodeIgniter->handleRequest(NULL, Object(Config\Cache), false)
#10 E:\Project\klinik-bersalin\system\Boot.php(325): CodeIgniter\CodeIgniter->run()
#11 E:\Project\klinik-bersalin\system\Boot.php(67): CodeIgniter\Boot::runCodeIgniter(Object(CodeIgniter\CodeIgniter))
#12 E:\Project\klinik-bersalin\public\index.php(56): CodeIgniter\Boot::bootWeb(Object(Config\Paths))
#13 E:\Project\klinik-bersalin\system\rewrite.php(44): require_once('E:\\Project\\klin...')
#14 {main}
CRITICAL - 2024-07-29 08:59:02 --> CodeIgniter\Database\Exceptions\DatabaseException: You have an error in your SQL syntax; check the manual that corresponds to your MariaDB server version for the right syntax to use near 'IS NULL
AND `tanggalRujukan` < IS NULL' at line 4
[Method: POST, Route: print-rujukan-bayi-pertanggal]
in SYSTEMPATH\Database\BaseConnection.php on line 688.
 1 SYSTEMPATH\Database\BaseBuilder.php(1636): CodeIgniter\Database\BaseConnection->query('SELECT *
FROM `rujukan_bayi`
JOIN `bayi` ON `bayi`.`bayiID`=`rujukan_bayi`.`bayiID`
WHERE `tanggalRujukan` > IS NULL
AND `tanggalRujukan` < IS NULL', [], false)
 2 SYSTEMPATH\Model.php(286): CodeIgniter\Database\BaseBuilder->get()
 3 SYSTEMPATH\BaseModel.php(676): CodeIgniter\Model->doFindAll(0, 0)
 4 APPPATH\Controllers\Laporan.php(222): CodeIgniter\BaseModel->findAll()
 5 SYSTEMPATH\CodeIgniter.php(933): App\Controllers\Laporan->data_rujukan_bayi_pertanggal()
 6 SYSTEMPATH\CodeIgniter.php(509): CodeIgniter\CodeIgniter->runController(Object(App\Controllers\Laporan))
 7 SYSTEMPATH\CodeIgniter.php(355): CodeIgniter\CodeIgniter->handleRequest(null, Object(Config\Cache), false)
 8 SYSTEMPATH\Boot.php(325): CodeIgniter\CodeIgniter->run()
 9 SYSTEMPATH\Boot.php(67): CodeIgniter\Boot::runCodeIgniter(Object(CodeIgniter\CodeIgniter))
10 FCPATH\index.php(56): CodeIgniter\Boot::bootWeb(Object(Config\Paths))
11 SYSTEMPATH\rewrite.php(44): require_once('E:\\Project\\klinik-bersalin\\public\\index.php')
CRITICAL - 2024-07-29 08:59:02 --> [Caused by] CodeIgniter\Database\Exceptions\DatabaseException: You have an error in your SQL syntax; check the manual that corresponds to your MariaDB server version for the right syntax to use near 'IS NULL
AND `tanggalRujukan` < IS NULL' at line 4
in SYSTEMPATH\Database\MySQLi\Connection.php on line 317.
 1 SYSTEMPATH\Database\BaseConnection.php(734): CodeIgniter\Database\MySQLi\Connection->execute('SELECT *
FROM `rujukan_bayi`
JOIN `bayi` ON `bayi`.`bayiID`=`rujukan_bayi`.`bayiID`
WHERE `tanggalRujukan` > IS NULL
AND `tanggalRujukan` < IS NULL')
 2 SYSTEMPATH\Database\BaseConnection.php(648): CodeIgniter\Database\BaseConnection->simpleQuery('SELECT *
FROM `rujukan_bayi`
JOIN `bayi` ON `bayi`.`bayiID`=`rujukan_bayi`.`bayiID`
WHERE `tanggalRujukan` > IS NULL
AND `tanggalRujukan` < IS NULL')
 3 SYSTEMPATH\Database\BaseBuilder.php(1636): CodeIgniter\Database\BaseConnection->query('SELECT *
FROM `rujukan_bayi`
JOIN `bayi` ON `bayi`.`bayiID`=`rujukan_bayi`.`bayiID`
WHERE `tanggalRujukan` > IS NULL
AND `tanggalRujukan` < IS NULL', [], false)
 4 SYSTEMPATH\Model.php(286): CodeIgniter\Database\BaseBuilder->get()
 5 SYSTEMPATH\BaseModel.php(676): CodeIgniter\Model->doFindAll(0, 0)
 6 APPPATH\Controllers\Laporan.php(222): CodeIgniter\BaseModel->findAll()
 7 SYSTEMPATH\CodeIgniter.php(933): App\Controllers\Laporan->data_rujukan_bayi_pertanggal()
 8 SYSTEMPATH\CodeIgniter.php(509): CodeIgniter\CodeIgniter->runController(Object(App\Controllers\Laporan))
 9 SYSTEMPATH\CodeIgniter.php(355): CodeIgniter\CodeIgniter->handleRequest(null, Object(Config\Cache), false)
10 SYSTEMPATH\Boot.php(325): CodeIgniter\CodeIgniter->run()
11 SYSTEMPATH\Boot.php(67): CodeIgniter\Boot::runCodeIgniter(Object(CodeIgniter\CodeIgniter))
12 FCPATH\index.php(56): CodeIgniter\Boot::bootWeb(Object(Config\Paths))
13 SYSTEMPATH\rewrite.php(44): require_once('E:\\Project\\klinik-bersalin\\public\\index.php')
CRITICAL - 2024-07-29 08:59:02 --> [Caused by] mysqli_sql_exception: You have an error in your SQL syntax; check the manual that corresponds to your MariaDB server version for the right syntax to use near 'IS NULL
AND `tanggalRujukan` < IS NULL' at line 4
in SYSTEMPATH\Database\MySQLi\Connection.php on line 312.
 1 SYSTEMPATH\Database\MySQLi\Connection.php(312): mysqli->query('SELECT *
FROM `rujukan_bayi`
JOIN `bayi` ON `bayi`.`bayiID`=`rujukan_bayi`.`bayiID`
WHERE `tanggalRujukan` > IS NULL
AND `tanggalRujukan` < IS NULL', 0)
 2 SYSTEMPATH\Database\BaseConnection.php(734): CodeIgniter\Database\MySQLi\Connection->execute('SELECT *
FROM `rujukan_bayi`
JOIN `bayi` ON `bayi`.`bayiID`=`rujukan_bayi`.`bayiID`
WHERE `tanggalRujukan` > IS NULL
AND `tanggalRujukan` < IS NULL')
 3 SYSTEMPATH\Database\BaseConnection.php(648): CodeIgniter\Database\BaseConnection->simpleQuery('SELECT *
FROM `rujukan_bayi`
JOIN `bayi` ON `bayi`.`bayiID`=`rujukan_bayi`.`bayiID`
WHERE `tanggalRujukan` > IS NULL
AND `tanggalRujukan` < IS NULL')
 4 SYSTEMPATH\Database\BaseBuilder.php(1636): CodeIgniter\Database\BaseConnection->query('SELECT *
FROM `rujukan_bayi`
JOIN `bayi` ON `bayi`.`bayiID`=`rujukan_bayi`.`bayiID`
WHERE `tanggalRujukan` > IS NULL
AND `tanggalRujukan` < IS NULL', [], false)
 5 SYSTEMPATH\Model.php(286): CodeIgniter\Database\BaseBuilder->get()
 6 SYSTEMPATH\BaseModel.php(676): CodeIgniter\Model->doFindAll(0, 0)
 7 APPPATH\Controllers\Laporan.php(222): CodeIgniter\BaseModel->findAll()
 8 SYSTEMPATH\CodeIgniter.php(933): App\Controllers\Laporan->data_rujukan_bayi_pertanggal()
 9 SYSTEMPATH\CodeIgniter.php(509): CodeIgniter\CodeIgniter->runController(Object(App\Controllers\Laporan))
10 SYSTEMPATH\CodeIgniter.php(355): CodeIgniter\CodeIgniter->handleRequest(null, Object(Config\Cache), false)
11 SYSTEMPATH\Boot.php(325): CodeIgniter\CodeIgniter->run()
12 SYSTEMPATH\Boot.php(67): CodeIgniter\Boot::runCodeIgniter(Object(CodeIgniter\CodeIgniter))
13 FCPATH\index.php(56): CodeIgniter\Boot::bootWeb(Object(Config\Paths))
14 SYSTEMPATH\rewrite.php(44): require_once('E:\\Project\\klinik-bersalin\\public\\index.php')
INFO - 2024-07-29 08:59:03 --> Session: Class initialized using 'CodeIgniter\Session\Handlers\FileHandler' driver.
INFO - 2024-07-29 08:59:26 --> Session: Class initialized using 'CodeIgniter\Session\Handlers\FileHandler' driver.
INFO - 2024-07-29 09:00:01 --> Session: Class initialized using 'CodeIgniter\Session\Handlers\FileHandler' driver.
CRITICAL - 2024-07-29 09:00:01 --> ErrorException: Undefined array key "ibuRM"
[Method: POST, Route: print-riwayat-ibu]
in APPPATH\Views\page\report\print_riwayat_ibu.php on line 43.
 1 APPPATH\Views\page\report\print_riwayat_ibu.php(43): CodeIgniter\Debug\Exceptions->errorHandler(2, 'Undefined array key "ibuRM"', 'E:\\Project\\klinik-bersalin\\app\\Views\\page\\report\\print_riwayat_ibu.php', 43)
 2 SYSTEMPATH\View\View.php(234): include('E:\\Project\\klinik-bersalin\\app\\Views\\page\\report\\print_riwayat_ibu.php')
 3 SYSTEMPATH\View\View.php(237): CodeIgniter\View\View->CodeIgniter\View\{closure}()
 4 SYSTEMPATH\Common.php(1171): CodeIgniter\View\View->render('page/report/print_riwayat_ibu', [], true)
 5 APPPATH\Controllers\Laporan.php(235): view('page/report/print_riwayat_ibu', [...])
 6 SYSTEMPATH\CodeIgniter.php(933): App\Controllers\Laporan->print_riwayat_ibu()
 7 SYSTEMPATH\CodeIgniter.php(509): CodeIgniter\CodeIgniter->runController(Object(App\Controllers\Laporan))
 8 SYSTEMPATH\CodeIgniter.php(355): CodeIgniter\CodeIgniter->handleRequest(null, Object(Config\Cache), false)
 9 SYSTEMPATH\Boot.php(325): CodeIgniter\CodeIgniter->run()
10 SYSTEMPATH\Boot.php(67): CodeIgniter\Boot::runCodeIgniter(Object(CodeIgniter\CodeIgniter))
11 FCPATH\index.php(56): CodeIgniter\Boot::bootWeb(Object(Config\Paths))
12 SYSTEMPATH\rewrite.php(44): require_once('E:\\Project\\klinik-bersalin\\public\\index.php')
INFO - 2024-07-29 09:00:24 --> Session: Class initialized using 'CodeIgniter\Session\Handlers\FileHandler' driver.
CRITICAL - 2024-07-29 09:00:24 --> ErrorException: Undefined array key "ibuRM"
[Method: POST, Route: print-riwayat-ibu]
in APPPATH\Views\page\report\print_riwayat_ibu.php on line 43.
 1 APPPATH\Views\page\report\print_riwayat_ibu.php(43): CodeIgniter\Debug\Exceptions->errorHandler(2, 'Undefined array key "ibuRM"', 'E:\\Project\\klinik-bersalin\\app\\Views\\page\\report\\print_riwayat_ibu.php', 43)
 2 SYSTEMPATH\View\View.php(234): include('E:\\Project\\klinik-bersalin\\app\\Views\\page\\report\\print_riwayat_ibu.php')
 3 SYSTEMPATH\View\View.php(237): CodeIgniter\View\View->CodeIgniter\View\{closure}()
 4 SYSTEMPATH\Common.php(1171): CodeIgniter\View\View->render('page/report/print_riwayat_ibu', [], true)
 5 APPPATH\Controllers\Laporan.php(235): view('page/report/print_riwayat_ibu', [...])
 6 SYSTEMPATH\CodeIgniter.php(933): App\Controllers\Laporan->data_riwayat_ibu()
 7 SYSTEMPATH\CodeIgniter.php(509): CodeIgniter\CodeIgniter->runController(Object(App\Controllers\Laporan))
 8 SYSTEMPATH\CodeIgniter.php(355): CodeIgniter\CodeIgniter->handleRequest(null, Object(Config\Cache), false)
 9 SYSTEMPATH\Boot.php(325): CodeIgniter\CodeIgniter->run()
10 SYSTEMPATH\Boot.php(67): CodeIgniter\Boot::runCodeIgniter(Object(CodeIgniter\CodeIgniter))
11 FCPATH\index.php(56): CodeIgniter\Boot::bootWeb(Object(Config\Paths))
12 SYSTEMPATH\rewrite.php(44): require_once('E:\\Project\\klinik-bersalin\\public\\index.php')
INFO - 2024-07-29 09:00:41 --> Session: Class initialized using 'CodeIgniter\Session\Handlers\FileHandler' driver.
CRITICAL - 2024-07-29 09:00:41 --> ErrorException: Undefined variable $print_bayi
[Method: POST, Route: print-riwayat-ibu]
in APPPATH\Views\page\report\print_riwayat_ibu.php on line 66.
 1 APPPATH\Views\page\report\print_riwayat_ibu.php(66): CodeIgniter\Debug\Exceptions->errorHandler(2, 'Undefined variable $print_bayi', 'E:\\Project\\klinik-bersalin\\app\\Views\\page\\report\\print_riwayat_ibu.php', 66)
 2 SYSTEMPATH\View\View.php(234): include('E:\\Project\\klinik-bersalin\\app\\Views\\page\\report\\print_riwayat_ibu.php')
 3 SYSTEMPATH\View\View.php(237): CodeIgniter\View\View->CodeIgniter\View\{closure}()
 4 SYSTEMPATH\Common.php(1171): CodeIgniter\View\View->render('page/report/print_riwayat_ibu', [], true)
 5 APPPATH\Controllers\Laporan.php(235): view('page/report/print_riwayat_ibu', [...])
 6 SYSTEMPATH\CodeIgniter.php(933): App\Controllers\Laporan->data_riwayat_ibu()
 7 SYSTEMPATH\CodeIgniter.php(509): CodeIgniter\CodeIgniter->runController(Object(App\Controllers\Laporan))
 8 SYSTEMPATH\CodeIgniter.php(355): CodeIgniter\CodeIgniter->handleRequest(null, Object(Config\Cache), false)
 9 SYSTEMPATH\Boot.php(325): CodeIgniter\CodeIgniter->run()
10 SYSTEMPATH\Boot.php(67): CodeIgniter\Boot::runCodeIgniter(Object(CodeIgniter\CodeIgniter))
11 FCPATH\index.php(56): CodeIgniter\Boot::bootWeb(Object(Config\Paths))
12 SYSTEMPATH\rewrite.php(44): require_once('E:\\Project\\klinik-bersalin\\public\\index.php')
INFO - 2024-07-29 09:00:57 --> Session: Class initialized using 'CodeIgniter\Session\Handlers\FileHandler' driver.
INFO - 2024-07-29 09:01:35 --> Session: Class initialized using 'CodeIgniter\Session\Handlers\FileHandler' driver.
INFO - 2024-07-29 09:01:52 --> Session: Class initialized using 'CodeIgniter\Session\Handlers\FileHandler' driver.
INFO - 2024-07-29 09:02:23 --> Session: Class initialized using 'CodeIgniter\Session\Handlers\FileHandler' driver.
INFO - 2024-07-29 09:02:50 --> Session: Class initialized using 'CodeIgniter\Session\Handlers\FileHandler' driver.
INFO - 2024-07-29 09:03:35 --> Session: Class initialized using 'CodeIgniter\Session\Handlers\FileHandler' driver.
INFO - 2024-07-29 09:04:26 --> Session: Class initialized using 'CodeIgniter\Session\Handlers\FileHandler' driver.
INFO - 2024-07-29 09:05:20 --> Session: Class initialized using 'CodeIgniter\Session\Handlers\FileHandler' driver.
INFO - 2024-07-29 09:05:41 --> Session: Class initialized using 'CodeIgniter\Session\Handlers\FileHandler' driver.
INFO - 2024-07-29 10:15:04 --> Session: Class initialized using 'CodeIgniter\Session\Handlers\FileHandler' driver.
INFO - 2024-07-29 10:15:08 --> Session: Class initialized using 'CodeIgniter\Session\Handlers\FileHandler' driver.
INFO - 2024-07-29 10:15:19 --> Session: Class initialized using 'CodeIgniter\Session\Handlers\FileHandler' driver.
INFO - 2024-07-29 10:15:31 --> Session: Class initialized using 'CodeIgniter\Session\Handlers\FileHandler' driver.
INFO - 2024-07-29 10:15:39 --> Session: Class initialized using 'CodeIgniter\Session\Handlers\FileHandler' driver.
INFO - 2024-07-29 10:17:14 --> Session: Class initialized using 'CodeIgniter\Session\Handlers\FileHandler' driver.
INFO - 2024-07-29 10:19:08 --> Session: Class initialized using 'CodeIgniter\Session\Handlers\FileHandler' driver.
INFO - 2024-07-29 10:19:19 --> Session: Class initialized using 'CodeIgniter\Session\Handlers\FileHandler' driver.
INFO - 2024-07-29 10:19:37 --> Session: Class initialized using 'CodeIgniter\Session\Handlers\FileHandler' driver.
INFO - 2024-07-29 10:19:42 --> Session: Class initialized using 'CodeIgniter\Session\Handlers\FileHandler' driver.
CRITICAL - 2024-07-29 10:19:42 --> ErrorException: Undefined variable $riwayat
[Method: POST, Route: print-antenatal-ibu]
in APPPATH\Views\page\report\print_antenatal_ibu.php on line 62.
 1 APPPATH\Views\page\report\print_antenatal_ibu.php(62): CodeIgniter\Debug\Exceptions->errorHandler(2, 'Undefined variable $riwayat', 'E:\\Project\\klinik-bersalin\\app\\Views\\page\\report\\print_antenatal_ibu.php', 62)
 2 SYSTEMPATH\View\View.php(234): include('E:\\Project\\klinik-bersalin\\app\\Views\\page\\report\\print_antenatal_ibu.php')
 3 SYSTEMPATH\View\View.php(237): CodeIgniter\View\View->CodeIgniter\View\{closure}()
 4 SYSTEMPATH\Common.php(1171): CodeIgniter\View\View->render('page/report/print_antenatal_ibu', [], true)
 5 APPPATH\Controllers\Laporan.php(247): view('page/report/print_antenatal_ibu', [...])
 6 SYSTEMPATH\CodeIgniter.php(933): App\Controllers\Laporan->data_antenatal_ibu()
 7 SYSTEMPATH\CodeIgniter.php(509): CodeIgniter\CodeIgniter->runController(Object(App\Controllers\Laporan))
 8 SYSTEMPATH\CodeIgniter.php(355): CodeIgniter\CodeIgniter->handleRequest(null, Object(Config\Cache), false)
 9 SYSTEMPATH\Boot.php(325): CodeIgniter\CodeIgniter->run()
10 SYSTEMPATH\Boot.php(67): CodeIgniter\Boot::runCodeIgniter(Object(CodeIgniter\CodeIgniter))
11 FCPATH\index.php(56): CodeIgniter\Boot::bootWeb(Object(Config\Paths))
12 SYSTEMPATH\rewrite.php(44): require_once('E:\\Project\\klinik-bersalin\\public\\index.php')
INFO - 2024-07-29 10:22:23 --> Session: Class initialized using 'CodeIgniter\Session\Handlers\FileHandler' driver.
CRITICAL - 2024-07-29 10:22:23 --> ErrorException: Undefined array key "kehamilan"
[Method: POST, Route: print-antenatal-ibu]
in APPPATH\Views\page\report\print_antenatal_ibu.php on line 66.
 1 APPPATH\Views\page\report\print_antenatal_ibu.php(66): CodeIgniter\Debug\Exceptions->errorHandler(2, 'Undefined array key "kehamilan"', 'E:\\Project\\klinik-bersalin\\app\\Views\\page\\report\\print_antenatal_ibu.php', 66)
 2 SYSTEMPATH\View\View.php(234): include('E:\\Project\\klinik-bersalin\\app\\Views\\page\\report\\print_antenatal_ibu.php')
 3 SYSTEMPATH\View\View.php(237): CodeIgniter\View\View->CodeIgniter\View\{closure}()
 4 SYSTEMPATH\Common.php(1171): CodeIgniter\View\View->render('page/report/print_antenatal_ibu', [], true)
 5 APPPATH\Controllers\Laporan.php(247): view('page/report/print_antenatal_ibu', [...])
 6 SYSTEMPATH\CodeIgniter.php(933): App\Controllers\Laporan->data_antenatal_ibu()
 7 SYSTEMPATH\CodeIgniter.php(509): CodeIgniter\CodeIgniter->runController(Object(App\Controllers\Laporan))
 8 SYSTEMPATH\CodeIgniter.php(355): CodeIgniter\CodeIgniter->handleRequest(null, Object(Config\Cache), false)
 9 SYSTEMPATH\Boot.php(325): CodeIgniter\CodeIgniter->run()
10 SYSTEMPATH\Boot.php(67): CodeIgniter\Boot::runCodeIgniter(Object(CodeIgniter\CodeIgniter))
11 FCPATH\index.php(56): CodeIgniter\Boot::bootWeb(Object(Config\Paths))
12 SYSTEMPATH\rewrite.php(44): require_once('E:\\Project\\klinik-bersalin\\public\\index.php')
INFO - 2024-07-29 10:27:32 --> Session: Class initialized using 'CodeIgniter\Session\Handlers\FileHandler' driver.
CRITICAL - 2024-07-29 10:27:32 --> ErrorException: Undefined variable $riwayat
[Method: POST, Route: print-antenatal-ibu]
in APPPATH\Views\page\report\print_antenatal_ibu.php on line 91.
 1 APPPATH\Views\page\report\print_antenatal_ibu.php(91): CodeIgniter\Debug\Exceptions->errorHandler(2, 'Undefined variable $riwayat', 'E:\\Project\\klinik-bersalin\\app\\Views\\page\\report\\print_antenatal_ibu.php', 91)
 2 SYSTEMPATH\View\View.php(234): include('E:\\Project\\klinik-bersalin\\app\\Views\\page\\report\\print_antenatal_ibu.php')
 3 SYSTEMPATH\View\View.php(237): CodeIgniter\View\View->CodeIgniter\View\{closure}()
 4 SYSTEMPATH\Common.php(1171): CodeIgniter\View\View->render('page/report/print_antenatal_ibu', [], true)
 5 APPPATH\Controllers\Laporan.php(247): view('page/report/print_antenatal_ibu', [...])
 6 SYSTEMPATH\CodeIgniter.php(933): App\Controllers\Laporan->data_antenatal_ibu()
 7 SYSTEMPATH\CodeIgniter.php(509): CodeIgniter\CodeIgniter->runController(Object(App\Controllers\Laporan))
 8 SYSTEMPATH\CodeIgniter.php(355): CodeIgniter\CodeIgniter->handleRequest(null, Object(Config\Cache), false)
 9 SYSTEMPATH\Boot.php(325): CodeIgniter\CodeIgniter->run()
10 SYSTEMPATH\Boot.php(67): CodeIgniter\Boot::runCodeIgniter(Object(CodeIgniter\CodeIgniter))
11 FCPATH\index.php(56): CodeIgniter\Boot::bootWeb(Object(Config\Paths))
12 SYSTEMPATH\rewrite.php(44): require_once('E:\\Project\\klinik-bersalin\\public\\index.php')
INFO - 2024-07-29 10:27:55 --> Session: Class initialized using 'CodeIgniter\Session\Handlers\FileHandler' driver.
CRITICAL - 2024-07-29 10:27:55 --> ErrorException: Undefined array key "riwayatID"
[Method: POST, Route: print-antenatal-ibu]
in APPPATH\Views\page\report\print_antenatal_ibu.php on line 94.
 1 APPPATH\Views\page\report\print_antenatal_ibu.php(94): CodeIgniter\Debug\Exceptions->errorHandler(2, 'Undefined array key "riwayatID"', 'E:\\Project\\klinik-bersalin\\app\\Views\\page\\report\\print_antenatal_ibu.php', 94)
 2 SYSTEMPATH\View\View.php(234): include('E:\\Project\\klinik-bersalin\\app\\Views\\page\\report\\print_antenatal_ibu.php')
 3 SYSTEMPATH\View\View.php(237): CodeIgniter\View\View->CodeIgniter\View\{closure}()
 4 SYSTEMPATH\Common.php(1171): CodeIgniter\View\View->render('page/report/print_antenatal_ibu', [], true)
 5 APPPATH\Controllers\Laporan.php(247): view('page/report/print_antenatal_ibu', [...])
 6 SYSTEMPATH\CodeIgniter.php(933): App\Controllers\Laporan->data_antenatal_ibu()
 7 SYSTEMPATH\CodeIgniter.php(509): CodeIgniter\CodeIgniter->runController(Object(App\Controllers\Laporan))
 8 SYSTEMPATH\CodeIgniter.php(355): CodeIgniter\CodeIgniter->handleRequest(null, Object(Config\Cache), false)
 9 SYSTEMPATH\Boot.php(325): CodeIgniter\CodeIgniter->run()
10 SYSTEMPATH\Boot.php(67): CodeIgniter\Boot::runCodeIgniter(Object(CodeIgniter\CodeIgniter))
11 FCPATH\index.php(56): CodeIgniter\Boot::bootWeb(Object(Config\Paths))
12 SYSTEMPATH\rewrite.php(44): require_once('E:\\Project\\klinik-bersalin\\public\\index.php')
INFO - 2024-07-29 10:28:06 --> Session: Class initialized using 'CodeIgniter\Session\Handlers\FileHandler' driver.
INFO - 2024-07-29 10:28:33 --> Session: Class initialized using 'CodeIgniter\Session\Handlers\FileHandler' driver.
INFO - 2024-07-29 10:28:45 --> Session: Class initialized using 'CodeIgniter\Session\Handlers\FileHandler' driver.
INFO - 2024-07-29 10:28:51 --> Session: Class initialized using 'CodeIgniter\Session\Handlers\FileHandler' driver.
INFO - 2024-07-29 10:28:53 --> Session: Class initialized using 'CodeIgniter\Session\Handlers\FileHandler' driver.
INFO - 2024-07-29 10:29:00 --> Session: Class initialized using 'CodeIgniter\Session\Handlers\FileHandler' driver.
INFO - 2024-07-29 10:29:46 --> Session: Class initialized using 'CodeIgniter\Session\Handlers\FileHandler' driver.
INFO - 2024-07-29 10:30:27 --> Session: Class initialized using 'CodeIgniter\Session\Handlers\FileHandler' driver.
INFO - 2024-07-29 10:30:42 --> Session: Class initialized using 'CodeIgniter\Session\Handlers\FileHandler' driver.
INFO - 2024-07-29 11:25:13 --> Session: Class initialized using 'CodeIgniter\Session\Handlers\FileHandler' driver.
INFO - 2024-07-29 11:25:16 --> Session: Class initialized using 'CodeIgniter\Session\Handlers\FileHandler' driver.
INFO - 2024-07-29 11:38:41 --> Session: Class initialized using 'CodeIgniter\Session\Handlers\FileHandler' driver.
INFO - 2024-07-29 11:40:15 --> Session: Class initialized using 'CodeIgniter\Session\Handlers\FileHandler' driver.
INFO - 2024-07-29 11:40:18 --> Session: Class initialized using 'CodeIgniter\Session\Handlers\FileHandler' driver.
INFO - 2024-07-29 11:40:31 --> Session: Class initialized using 'CodeIgniter\Session\Handlers\FileHandler' driver.
INFO - 2024-07-29 11:40:34 --> Session: Class initialized using 'CodeIgniter\Session\Handlers\FileHandler' driver.
INFO - 2024-07-29 11:40:43 --> Session: Class initialized using 'CodeIgniter\Session\Handlers\FileHandler' driver.
INFO - 2024-07-29 11:40:48 --> Session: Class initialized using 'CodeIgniter\Session\Handlers\FileHandler' driver.
INFO - 2024-07-29 11:41:30 --> Session: Class initialized using 'CodeIgniter\Session\Handlers\FileHandler' driver.
CRITICAL - 2024-07-29 11:41:30 --> CodeIgniter\View\Exceptions\ViewException: Invalid file: "page/report/print_persalinan_ibu.php"
[Method: POST, Route: print-persalinan-ibu]
in SYSTEMPATH\Exceptions\FrameworkException.php on line 41.
 1 SYSTEMPATH\View\View.php(222): CodeIgniter\Exceptions\FrameworkException::forInvalidFile('page/report/print_persalinan_ibu.php')
 2 SYSTEMPATH\Common.php(1171): CodeIgniter\View\View->render('page/report/print_persalinan_ibu', [], true)
 3 APPPATH\Controllers\Laporan.php(266): view('page/report/print_persalinan_ibu', [...])
 4 SYSTEMPATH\CodeIgniter.php(933): App\Controllers\Laporan->data_persalinan_ibu()
 5 SYSTEMPATH\CodeIgniter.php(509): CodeIgniter\CodeIgniter->runController(Object(App\Controllers\Laporan))
 6 SYSTEMPATH\CodeIgniter.php(355): CodeIgniter\CodeIgniter->handleRequest(null, Object(Config\Cache), false)
 7 SYSTEMPATH\Boot.php(325): CodeIgniter\CodeIgniter->run()
 8 SYSTEMPATH\Boot.php(67): CodeIgniter\Boot::runCodeIgniter(Object(CodeIgniter\CodeIgniter))
 9 FCPATH\index.php(56): CodeIgniter\Boot::bootWeb(Object(Config\Paths))
10 SYSTEMPATH\rewrite.php(44): require_once('E:\\Project\\klinik-bersalin\\public\\index.php')
INFO - 2024-07-29 11:42:03 --> Session: Class initialized using 'CodeIgniter\Session\Handlers\FileHandler' driver.
INFO - 2024-07-29 11:42:49 --> Session: Class initialized using 'CodeIgniter\Session\Handlers\FileHandler' driver.
INFO - 2024-07-29 11:42:52 --> Session: Class initialized using 'CodeIgniter\Session\Handlers\FileHandler' driver.
CRITICAL - 2024-07-29 11:42:52 --> ErrorException: Trying to access array offset on value of type null
[Method: POST, Route: print-persalinan-ibu]
in APPPATH\Views\page\report\print_persalinan_ibu.php on line 43.
 1 APPPATH\Views\page\report\print_persalinan_ibu.php(43): CodeIgniter\Debug\Exceptions->errorHandler(2, 'Trying to access array offset on value of type null', 'E:\\Project\\klinik-bersalin\\app\\Views\\page\\report\\print_persalinan_ibu.php', 43)
 2 SYSTEMPATH\View\View.php(234): include('E:\\Project\\klinik-bersalin\\app\\Views\\page\\report\\print_persalinan_ibu.php')
 3 SYSTEMPATH\View\View.php(237): CodeIgniter\View\View->CodeIgniter\View\{closure}()
 4 SYSTEMPATH\Common.php(1171): CodeIgniter\View\View->render('page/report/print_persalinan_ibu', [], true)
 5 APPPATH\Controllers\Laporan.php(266): view('page/report/print_persalinan_ibu', [...])
 6 SYSTEMPATH\CodeIgniter.php(933): App\Controllers\Laporan->data_persalinan_ibu()
 7 SYSTEMPATH\CodeIgniter.php(509): CodeIgniter\CodeIgniter->runController(Object(App\Controllers\Laporan))
 8 SYSTEMPATH\CodeIgniter.php(355): CodeIgniter\CodeIgniter->handleRequest(null, Object(Config\Cache), false)
 9 SYSTEMPATH\Boot.php(325): CodeIgniter\CodeIgniter->run()
10 SYSTEMPATH\Boot.php(67): CodeIgniter\Boot::runCodeIgniter(Object(CodeIgniter\CodeIgniter))
11 FCPATH\index.php(56): CodeIgniter\Boot::bootWeb(Object(Config\Paths))
12 SYSTEMPATH\rewrite.php(44): require_once('E:\\Project\\klinik-bersalin\\public\\index.php')
INFO - 2024-07-29 11:42:54 --> Session: Class initialized using 'CodeIgniter\Session\Handlers\FileHandler' driver.
INFO - 2024-07-29 11:42:58 --> Session: Class initialized using 'CodeIgniter\Session\Handlers\FileHandler' driver.
CRITICAL - 2024-07-29 11:42:58 --> ErrorException: Undefined array key "keluhanSekarang"
[Method: POST, Route: print-persalinan-ibu]
in APPPATH\Views\page\report\print_persalinan_ibu.php on line 64.
 1 APPPATH\Views\page\report\print_persalinan_ibu.php(64): CodeIgniter\Debug\Exceptions->errorHandler(2, 'Undefined array key "keluhanSekarang"', 'E:\\Project\\klinik-bersalin\\app\\Views\\page\\report\\print_persalinan_ibu.php', 64)
 2 SYSTEMPATH\View\View.php(234): include('E:\\Project\\klinik-bersalin\\app\\Views\\page\\report\\print_persalinan_ibu.php')
 3 SYSTEMPATH\View\View.php(237): CodeIgniter\View\View->CodeIgniter\View\{closure}()
 4 SYSTEMPATH\Common.php(1171): CodeIgniter\View\View->render('page/report/print_persalinan_ibu', [], true)
 5 APPPATH\Controllers\Laporan.php(266): view('page/report/print_persalinan_ibu', [...])
 6 SYSTEMPATH\CodeIgniter.php(933): App\Controllers\Laporan->data_persalinan_ibu()
 7 SYSTEMPATH\CodeIgniter.php(509): CodeIgniter\CodeIgniter->runController(Object(App\Controllers\Laporan))
 8 SYSTEMPATH\CodeIgniter.php(355): CodeIgniter\CodeIgniter->handleRequest(null, Object(Config\Cache), false)
 9 SYSTEMPATH\Boot.php(325): CodeIgniter\CodeIgniter->run()
10 SYSTEMPATH\Boot.php(67): CodeIgniter\Boot::runCodeIgniter(Object(CodeIgniter\CodeIgniter))
11 FCPATH\index.php(56): CodeIgniter\Boot::bootWeb(Object(Config\Paths))
12 SYSTEMPATH\rewrite.php(44): require_once('E:\\Project\\klinik-bersalin\\public\\index.php')
INFO - 2024-07-29 11:46:44 --> Session: Class initialized using 'CodeIgniter\Session\Handlers\FileHandler' driver.
ERROR - 2024-07-29 11:46:44 --> mysqli_sql_exception: Table 'klinikbersalin.user' doesn't exist in E:\Project\klinik-bersalin\system\Database\MySQLi\Connection.php:312
Stack trace:
#0 E:\Project\klinik-bersalin\system\Database\MySQLi\Connection.php(312): mysqli->query('SELECT *\nFROM `...', 0)
#1 E:\Project\klinik-bersalin\system\Database\BaseConnection.php(734): CodeIgniter\Database\MySQLi\Connection->execute('SELECT *\nFROM `...')
#2 E:\Project\klinik-bersalin\system\Database\BaseConnection.php(648): CodeIgniter\Database\BaseConnection->simpleQuery('SELECT *\nFROM `...')
#3 E:\Project\klinik-bersalin\system\Database\BaseBuilder.php(1636): CodeIgniter\Database\BaseConnection->query('SELECT *\nFROM `...', Array, false)
#4 E:\Project\klinik-bersalin\system\Model.php(286): CodeIgniter\Database\BaseBuilder->get()
#5 E:\Project\klinik-bersalin\system\BaseModel.php(676): CodeIgniter\Model->doFindAll(0, 0)
#6 E:\Project\klinik-bersalin\app\Controllers\Laporan.php(266): CodeIgniter\BaseModel->findAll()
#7 E:\Project\klinik-bersalin\system\CodeIgniter.php(933): App\Controllers\Laporan->data_persalinan_ibu()
#8 E:\Project\klinik-bersalin\system\CodeIgniter.php(509): CodeIgniter\CodeIgniter->runController(Object(App\Controllers\Laporan))
#9 E:\Project\klinik-bersalin\system\CodeIgniter.php(355): CodeIgniter\CodeIgniter->handleRequest(NULL, Object(Config\Cache), false)
#10 E:\Project\klinik-bersalin\system\Boot.php(325): CodeIgniter\CodeIgniter->run()
#11 E:\Project\klinik-bersalin\system\Boot.php(67): CodeIgniter\Boot::runCodeIgniter(Object(CodeIgniter\CodeIgniter))
#12 E:\Project\klinik-bersalin\public\index.php(56): CodeIgniter\Boot::bootWeb(Object(Config\Paths))
#13 E:\Project\klinik-bersalin\system\rewrite.php(44): require_once('E:\\Project\\klin...')
#14 {main}
CRITICAL - 2024-07-29 11:46:44 --> CodeIgniter\Database\Exceptions\DatabaseException: Table 'klinikbersalin.user' doesn't exist
[Method: POST, Route: print-persalinan-ibu]
in SYSTEMPATH\Database\BaseConnection.php on line 688.
 1 SYSTEMPATH\Database\BaseBuilder.php(1636): CodeIgniter\Database\BaseConnection->query('SELECT *
FROM `persalinan`
JOIN `ibu` ON `ibu`.`ibuID` = `persalinan`.`ibuID`
JOIN `user` ON `user`.`userID` = `persalinan`.`userID`
WHERE `persalinan`.`ibuID` = :persalinan.ibuID:', [...], false)
 2 SYSTEMPATH\Model.php(286): CodeIgniter\Database\BaseBuilder->get()
 3 SYSTEMPATH\BaseModel.php(676): CodeIgniter\Model->doFindAll(0, 0)
 4 APPPATH\Controllers\Laporan.php(266): CodeIgniter\BaseModel->findAll()
 5 SYSTEMPATH\CodeIgniter.php(933): App\Controllers\Laporan->data_persalinan_ibu()
 6 SYSTEMPATH\CodeIgniter.php(509): CodeIgniter\CodeIgniter->runController(Object(App\Controllers\Laporan))
 7 SYSTEMPATH\CodeIgniter.php(355): CodeIgniter\CodeIgniter->handleRequest(null, Object(Config\Cache), false)
 8 SYSTEMPATH\Boot.php(325): CodeIgniter\CodeIgniter->run()
 9 SYSTEMPATH\Boot.php(67): CodeIgniter\Boot::runCodeIgniter(Object(CodeIgniter\CodeIgniter))
10 FCPATH\index.php(56): CodeIgniter\Boot::bootWeb(Object(Config\Paths))
11 SYSTEMPATH\rewrite.php(44): require_once('E:\\Project\\klinik-bersalin\\public\\index.php')
CRITICAL - 2024-07-29 11:46:44 --> [Caused by] CodeIgniter\Database\Exceptions\DatabaseException: Table 'klinikbersalin.user' doesn't exist
in SYSTEMPATH\Database\MySQLi\Connection.php on line 317.
 1 SYSTEMPATH\Database\BaseConnection.php(734): CodeIgniter\Database\MySQLi\Connection->execute('SELECT *
FROM `persalinan`
JOIN `ibu` ON `ibu`.`ibuID` = `persalinan`.`ibuID`
JOIN `user` ON `user`.`userID` = `persalinan`.`userID`
WHERE `persalinan`.`ibuID` = \'IBU001\'')
 2 SYSTEMPATH\Database\BaseConnection.php(648): CodeIgniter\Database\BaseConnection->simpleQuery('SELECT *
FROM `persalinan`
JOIN `ibu` ON `ibu`.`ibuID` = `persalinan`.`ibuID`
JOIN `user` ON `user`.`userID` = `persalinan`.`userID`
WHERE `persalinan`.`ibuID` = \'IBU001\'')
 3 SYSTEMPATH\Database\BaseBuilder.php(1636): CodeIgniter\Database\BaseConnection->query('SELECT *
FROM `persalinan`
JOIN `ibu` ON `ibu`.`ibuID` = `persalinan`.`ibuID`
JOIN `user` ON `user`.`userID` = `persalinan`.`userID`
WHERE `persalinan`.`ibuID` = :persalinan.ibuID:', [...], false)
 4 SYSTEMPATH\Model.php(286): CodeIgniter\Database\BaseBuilder->get()
 5 SYSTEMPATH\BaseModel.php(676): CodeIgniter\Model->doFindAll(0, 0)
 6 APPPATH\Controllers\Laporan.php(266): CodeIgniter\BaseModel->findAll()
 7 SYSTEMPATH\CodeIgniter.php(933): App\Controllers\Laporan->data_persalinan_ibu()
 8 SYSTEMPATH\CodeIgniter.php(509): CodeIgniter\CodeIgniter->runController(Object(App\Controllers\Laporan))
 9 SYSTEMPATH\CodeIgniter.php(355): CodeIgniter\CodeIgniter->handleRequest(null, Object(Config\Cache), false)
10 SYSTEMPATH\Boot.php(325): CodeIgniter\CodeIgniter->run()
11 SYSTEMPATH\Boot.php(67): CodeIgniter\Boot::runCodeIgniter(Object(CodeIgniter\CodeIgniter))
12 FCPATH\index.php(56): CodeIgniter\Boot::bootWeb(Object(Config\Paths))
13 SYSTEMPATH\rewrite.php(44): require_once('E:\\Project\\klinik-bersalin\\public\\index.php')
CRITICAL - 2024-07-29 11:46:44 --> [Caused by] mysqli_sql_exception: Table 'klinikbersalin.user' doesn't exist
in SYSTEMPATH\Database\MySQLi\Connection.php on line 312.
 1 SYSTEMPATH\Database\MySQLi\Connection.php(312): mysqli->query('SELECT *
FROM `persalinan`
JOIN `ibu` ON `ibu`.`ibuID` = `persalinan`.`ibuID`
JOIN `user` ON `user`.`userID` = `persalinan`.`userID`
WHERE `persalinan`.`ibuID` = \'IBU001\'', 0)
 2 SYSTEMPATH\Database\BaseConnection.php(734): CodeIgniter\Database\MySQLi\Connection->execute('SELECT *
FROM `persalinan`
JOIN `ibu` ON `ibu`.`ibuID` = `persalinan`.`ibuID`
JOIN `user` ON `user`.`userID` = `persalinan`.`userID`
WHERE `persalinan`.`ibuID` = \'IBU001\'')
 3 SYSTEMPATH\Database\BaseConnection.php(648): CodeIgniter\Database\BaseConnection->simpleQuery('SELECT *
FROM `persalinan`
JOIN `ibu` ON `ibu`.`ibuID` = `persalinan`.`ibuID`
JOIN `user` ON `user`.`userID` = `persalinan`.`userID`
WHERE `persalinan`.`ibuID` = \'IBU001\'')
 4 SYSTEMPATH\Database\BaseBuilder.php(1636): CodeIgniter\Database\BaseConnection->query('SELECT *
FROM `persalinan`
JOIN `ibu` ON `ibu`.`ibuID` = `persalinan`.`ibuID`
JOIN `user` ON `user`.`userID` = `persalinan`.`userID`
WHERE `persalinan`.`ibuID` = :persalinan.ibuID:', [...], false)
 5 SYSTEMPATH\Model.php(286): CodeIgniter\Database\BaseBuilder->get()
 6 SYSTEMPATH\BaseModel.php(676): CodeIgniter\Model->doFindAll(0, 0)
 7 APPPATH\Controllers\Laporan.php(266): CodeIgniter\BaseModel->findAll()
 8 SYSTEMPATH\CodeIgniter.php(933): App\Controllers\Laporan->data_persalinan_ibu()
 9 SYSTEMPATH\CodeIgniter.php(509): CodeIgniter\CodeIgniter->runController(Object(App\Controllers\Laporan))
10 SYSTEMPATH\CodeIgniter.php(355): CodeIgniter\CodeIgniter->handleRequest(null, Object(Config\Cache), false)
11 SYSTEMPATH\Boot.php(325): CodeIgniter\CodeIgniter->run()
12 SYSTEMPATH\Boot.php(67): CodeIgniter\Boot::runCodeIgniter(Object(CodeIgniter\CodeIgniter))
13 FCPATH\index.php(56): CodeIgniter\Boot::bootWeb(Object(Config\Paths))
14 SYSTEMPATH\rewrite.php(44): require_once('E:\\Project\\klinik-bersalin\\public\\index.php')
INFO - 2024-07-29 11:47:01 --> Session: Class initialized using 'CodeIgniter\Session\Handlers\FileHandler' driver.
ERROR - 2024-07-29 11:47:01 --> mysqli_sql_exception: Unknown column 'persalinan.userID' in 'on clause' in E:\Project\klinik-bersalin\system\Database\MySQLi\Connection.php:312
Stack trace:
#0 E:\Project\klinik-bersalin\system\Database\MySQLi\Connection.php(312): mysqli->query('SELECT *\nFROM `...', 0)
#1 E:\Project\klinik-bersalin\system\Database\BaseConnection.php(734): CodeIgniter\Database\MySQLi\Connection->execute('SELECT *\nFROM `...')
#2 E:\Project\klinik-bersalin\system\Database\BaseConnection.php(648): CodeIgniter\Database\BaseConnection->simpleQuery('SELECT *\nFROM `...')
#3 E:\Project\klinik-bersalin\system\Database\BaseBuilder.php(1636): CodeIgniter\Database\BaseConnection->query('SELECT *\nFROM `...', Array, false)
#4 E:\Project\klinik-bersalin\system\Model.php(286): CodeIgniter\Database\BaseBuilder->get()
#5 E:\Project\klinik-bersalin\system\BaseModel.php(676): CodeIgniter\Model->doFindAll(0, 0)
#6 E:\Project\klinik-bersalin\app\Controllers\Laporan.php(266): CodeIgniter\BaseModel->findAll()
#7 E:\Project\klinik-bersalin\system\CodeIgniter.php(933): App\Controllers\Laporan->data_persalinan_ibu()
#8 E:\Project\klinik-bersalin\system\CodeIgniter.php(509): CodeIgniter\CodeIgniter->runController(Object(App\Controllers\Laporan))
#9 E:\Project\klinik-bersalin\system\CodeIgniter.php(355): CodeIgniter\CodeIgniter->handleRequest(NULL, Object(Config\Cache), false)
#10 E:\Project\klinik-bersalin\system\Boot.php(325): CodeIgniter\CodeIgniter->run()
#11 E:\Project\klinik-bersalin\system\Boot.php(67): CodeIgniter\Boot::runCodeIgniter(Object(CodeIgniter\CodeIgniter))
#12 E:\Project\klinik-bersalin\public\index.php(56): CodeIgniter\Boot::bootWeb(Object(Config\Paths))
#13 E:\Project\klinik-bersalin\system\rewrite.php(44): require_once('E:\\Project\\klin...')
#14 {main}
CRITICAL - 2024-07-29 11:47:01 --> CodeIgniter\Database\Exceptions\DatabaseException: Unknown column 'persalinan.userID' in 'on clause'
[Method: POST, Route: print-persalinan-ibu]
in SYSTEMPATH\Database\BaseConnection.php on line 688.
 1 SYSTEMPATH\Database\BaseBuilder.php(1636): CodeIgniter\Database\BaseConnection->query('SELECT *
FROM `persalinan`
JOIN `ibu` ON `ibu`.`ibuID` = `persalinan`.`ibuID`
JOIN `users` ON `users`.`userID` = `persalinan`.`userID`
WHERE `persalinan`.`ibuID` = :persalinan.ibuID:', [...], false)
 2 SYSTEMPATH\Model.php(286): CodeIgniter\Database\BaseBuilder->get()
 3 SYSTEMPATH\BaseModel.php(676): CodeIgniter\Model->doFindAll(0, 0)
 4 APPPATH\Controllers\Laporan.php(266): CodeIgniter\BaseModel->findAll()
 5 SYSTEMPATH\CodeIgniter.php(933): App\Controllers\Laporan->data_persalinan_ibu()
 6 SYSTEMPATH\CodeIgniter.php(509): CodeIgniter\CodeIgniter->runController(Object(App\Controllers\Laporan))
 7 SYSTEMPATH\CodeIgniter.php(355): CodeIgniter\CodeIgniter->handleRequest(null, Object(Config\Cache), false)
 8 SYSTEMPATH\Boot.php(325): CodeIgniter\CodeIgniter->run()
 9 SYSTEMPATH\Boot.php(67): CodeIgniter\Boot::runCodeIgniter(Object(CodeIgniter\CodeIgniter))
10 FCPATH\index.php(56): CodeIgniter\Boot::bootWeb(Object(Config\Paths))
11 SYSTEMPATH\rewrite.php(44): require_once('E:\\Project\\klinik-bersalin\\public\\index.php')
CRITICAL - 2024-07-29 11:47:01 --> [Caused by] CodeIgniter\Database\Exceptions\DatabaseException: Unknown column 'persalinan.userID' in 'on clause'
in SYSTEMPATH\Database\MySQLi\Connection.php on line 317.
 1 SYSTEMPATH\Database\BaseConnection.php(734): CodeIgniter\Database\MySQLi\Connection->execute('SELECT *
FROM `persalinan`
JOIN `ibu` ON `ibu`.`ibuID` = `persalinan`.`ibuID`
JOIN `users` ON `users`.`userID` = `persalinan`.`userID`
WHERE `persalinan`.`ibuID` = \'IBU001\'')
 2 SYSTEMPATH\Database\BaseConnection.php(648): CodeIgniter\Database\BaseConnection->simpleQuery('SELECT *
FROM `persalinan`
JOIN `ibu` ON `ibu`.`ibuID` = `persalinan`.`ibuID`
JOIN `users` ON `users`.`userID` = `persalinan`.`userID`
WHERE `persalinan`.`ibuID` = \'IBU001\'')
 3 SYSTEMPATH\Database\BaseBuilder.php(1636): CodeIgniter\Database\BaseConnection->query('SELECT *
FROM `persalinan`
JOIN `ibu` ON `ibu`.`ibuID` = `persalinan`.`ibuID`
JOIN `users` ON `users`.`userID` = `persalinan`.`userID`
WHERE `persalinan`.`ibuID` = :persalinan.ibuID:', [...], false)
 4 SYSTEMPATH\Model.php(286): CodeIgniter\Database\BaseBuilder->get()
 5 SYSTEMPATH\BaseModel.php(676): CodeIgniter\Model->doFindAll(0, 0)
 6 APPPATH\Controllers\Laporan.php(266): CodeIgniter\BaseModel->findAll()
 7 SYSTEMPATH\CodeIgniter.php(933): App\Controllers\Laporan->data_persalinan_ibu()
 8 SYSTEMPATH\CodeIgniter.php(509): CodeIgniter\CodeIgniter->runController(Object(App\Controllers\Laporan))
 9 SYSTEMPATH\CodeIgniter.php(355): CodeIgniter\CodeIgniter->handleRequest(null, Object(Config\Cache), false)
10 SYSTEMPATH\Boot.php(325): CodeIgniter\CodeIgniter->run()
11 SYSTEMPATH\Boot.php(67): CodeIgniter\Boot::runCodeIgniter(Object(CodeIgniter\CodeIgniter))
12 FCPATH\index.php(56): CodeIgniter\Boot::bootWeb(Object(Config\Paths))
13 SYSTEMPATH\rewrite.php(44): require_once('E:\\Project\\klinik-bersalin\\public\\index.php')
CRITICAL - 2024-07-29 11:47:01 --> [Caused by] mysqli_sql_exception: Unknown column 'persalinan.userID' in 'on clause'
in SYSTEMPATH\Database\MySQLi\Connection.php on line 312.
 1 SYSTEMPATH\Database\MySQLi\Connection.php(312): mysqli->query('SELECT *
FROM `persalinan`
JOIN `ibu` ON `ibu`.`ibuID` = `persalinan`.`ibuID`
JOIN `users` ON `users`.`userID` = `persalinan`.`userID`
WHERE `persalinan`.`ibuID` = \'IBU001\'', 0)
 2 SYSTEMPATH\Database\BaseConnection.php(734): CodeIgniter\Database\MySQLi\Connection->execute('SELECT *
FROM `persalinan`
JOIN `ibu` ON `ibu`.`ibuID` = `persalinan`.`ibuID`
JOIN `users` ON `users`.`userID` = `persalinan`.`userID`
WHERE `persalinan`.`ibuID` = \'IBU001\'')
 3 SYSTEMPATH\Database\BaseConnection.php(648): CodeIgniter\Database\BaseConnection->simpleQuery('SELECT *
FROM `persalinan`
JOIN `ibu` ON `ibu`.`ibuID` = `persalinan`.`ibuID`
JOIN `users` ON `users`.`userID` = `persalinan`.`userID`
WHERE `persalinan`.`ibuID` = \'IBU001\'')
 4 SYSTEMPATH\Database\BaseBuilder.php(1636): CodeIgniter\Database\BaseConnection->query('SELECT *
FROM `persalinan`
JOIN `ibu` ON `ibu`.`ibuID` = `persalinan`.`ibuID`
JOIN `users` ON `users`.`userID` = `persalinan`.`userID`
WHERE `persalinan`.`ibuID` = :persalinan.ibuID:', [...], false)
 5 SYSTEMPATH\Model.php(286): CodeIgniter\Database\BaseBuilder->get()
 6 SYSTEMPATH\BaseModel.php(676): CodeIgniter\Model->doFindAll(0, 0)
 7 APPPATH\Controllers\Laporan.php(266): CodeIgniter\BaseModel->findAll()
 8 SYSTEMPATH\CodeIgniter.php(933): App\Controllers\Laporan->data_persalinan_ibu()
 9 SYSTEMPATH\CodeIgniter.php(509): CodeIgniter\CodeIgniter->runController(Object(App\Controllers\Laporan))
10 SYSTEMPATH\CodeIgniter.php(355): CodeIgniter\CodeIgniter->handleRequest(null, Object(Config\Cache), false)
11 SYSTEMPATH\Boot.php(325): CodeIgniter\CodeIgniter->run()
12 SYSTEMPATH\Boot.php(67): CodeIgniter\Boot::runCodeIgniter(Object(CodeIgniter\CodeIgniter))
13 FCPATH\index.php(56): CodeIgniter\Boot::bootWeb(Object(Config\Paths))
14 SYSTEMPATH\rewrite.php(44): require_once('E:\\Project\\klinik-bersalin\\public\\index.php')
INFO - 2024-07-29 11:47:22 --> Session: Class initialized using 'CodeIgniter\Session\Handlers\FileHandler' driver.
INFO - 2024-07-29 11:49:38 --> Session: Class initialized using 'CodeIgniter\Session\Handlers\FileHandler' driver.
INFO - 2024-07-29 12:12:31 --> Session: Class initialized using 'CodeIgniter\Session\Handlers\FileHandler' driver.
INFO - 2024-07-29 12:14:53 --> Session: Class initialized using 'CodeIgniter\Session\Handlers\FileHandler' driver.
INFO - 2024-07-29 12:15:54 --> Session: Class initialized using 'CodeIgniter\Session\Handlers\FileHandler' driver.
INFO - 2024-07-29 12:16:23 --> Session: Class initialized using 'CodeIgniter\Session\Handlers\FileHandler' driver.
INFO - 2024-07-29 12:17:18 --> Session: Class initialized using 'CodeIgniter\Session\Handlers\FileHandler' driver.
CRITICAL - 2024-07-29 12:17:18 --> ErrorException: Undefined variable $antenatal
[Method: POST, Route: print-pasca-persalinan-ibu]
in APPPATH\Views\page\report\print_pasca_persalinan_ibu.php on line 60.
 1 APPPATH\Views\page\report\print_pasca_persalinan_ibu.php(60): CodeIgniter\Debug\Exceptions->errorHandler(2, 'Undefined variable $antenatal', 'E:\\Project\\klinik-bersalin\\app\\Views\\page\\report\\print_pasca_persalinan_ibu.php', 60)
 2 SYSTEMPATH\View\View.php(234): include('E:\\Project\\klinik-bersalin\\app\\Views\\page\\report\\print_pasca_persalinan_ibu.php')
 3 SYSTEMPATH\View\View.php(237): CodeIgniter\View\View->CodeIgniter\View\{closure}()
 4 SYSTEMPATH\Common.php(1171): CodeIgniter\View\View->render('page/report/print_pasca_persalinan_ibu', [], true)
 5 APPPATH\Controllers\Laporan.php(281): view('page/report/print_pasca_persalinan_ibu', [...])
 6 SYSTEMPATH\CodeIgniter.php(933): App\Controllers\Laporan->data_pasca_persalinan_ibu()
 7 SYSTEMPATH\CodeIgniter.php(509): CodeIgniter\CodeIgniter->runController(Object(App\Controllers\Laporan))
 8 SYSTEMPATH\CodeIgniter.php(355): CodeIgniter\CodeIgniter->handleRequest(null, Object(Config\Cache), false)
 9 SYSTEMPATH\Boot.php(325): CodeIgniter\CodeIgniter->run()
10 SYSTEMPATH\Boot.php(67): CodeIgniter\Boot::runCodeIgniter(Object(CodeIgniter\CodeIgniter))
11 FCPATH\index.php(56): CodeIgniter\Boot::bootWeb(Object(Config\Paths))
12 SYSTEMPATH\rewrite.php(44): require_once('E:\\Project\\klinik-bersalin\\public\\index.php')
INFO - 2024-07-29 12:18:11 --> Session: Class initialized using 'CodeIgniter\Session\Handlers\FileHandler' driver.
CRITICAL - 2024-07-29 12:18:11 --> ErrorException: Undefined array key "pasca_persalinanID"
[Method: POST, Route: print-pasca-persalinan-ibu]
in APPPATH\Views\page\report\print_pasca_persalinan_ibu.php on line 63.
 1 APPPATH\Views\page\report\print_pasca_persalinan_ibu.php(63): CodeIgniter\Debug\Exceptions->errorHandler(2, 'Undefined array key "pasca_persalinanID"', 'E:\\Project\\klinik-bersalin\\app\\Views\\page\\report\\print_pasca_persalinan_ibu.php', 63)
 2 SYSTEMPATH\View\View.php(234): include('E:\\Project\\klinik-bersalin\\app\\Views\\page\\report\\print_pasca_persalinan_ibu.php')
 3 SYSTEMPATH\View\View.php(237): CodeIgniter\View\View->CodeIgniter\View\{closure}()
 4 SYSTEMPATH\Common.php(1171): CodeIgniter\View\View->render('page/report/print_pasca_persalinan_ibu', [], true)
 5 APPPATH\Controllers\Laporan.php(281): view('page/report/print_pasca_persalinan_ibu', [...])
 6 SYSTEMPATH\CodeIgniter.php(933): App\Controllers\Laporan->data_pasca_persalinan_ibu()
 7 SYSTEMPATH\CodeIgniter.php(509): CodeIgniter\CodeIgniter->runController(Object(App\Controllers\Laporan))
 8 SYSTEMPATH\CodeIgniter.php(355): CodeIgniter\CodeIgniter->handleRequest(null, Object(Config\Cache), false)
 9 SYSTEMPATH\Boot.php(325): CodeIgniter\CodeIgniter->run()
10 SYSTEMPATH\Boot.php(67): CodeIgniter\Boot::runCodeIgniter(Object(CodeIgniter\CodeIgniter))
11 FCPATH\index.php(56): CodeIgniter\Boot::bootWeb(Object(Config\Paths))
12 SYSTEMPATH\rewrite.php(44): require_once('E:\\Project\\klinik-bersalin\\public\\index.php')
INFO - 2024-07-29 12:18:28 --> Session: Class initialized using 'CodeIgniter\Session\Handlers\FileHandler' driver.
CRITICAL - 2024-07-29 12:18:28 --> ErrorException: Undefined array key "pascaPersalinanID"
[Method: POST, Route: print-pasca-persalinan-ibu]
in APPPATH\Views\page\report\print_pasca_persalinan_ibu.php on line 63.
 1 APPPATH\Views\page\report\print_pasca_persalinan_ibu.php(63): CodeIgniter\Debug\Exceptions->errorHandler(2, 'Undefined array key "pascaPersalinanID"', 'E:\\Project\\klinik-bersalin\\app\\Views\\page\\report\\print_pasca_persalinan_ibu.php', 63)
 2 SYSTEMPATH\View\View.php(234): include('E:\\Project\\klinik-bersalin\\app\\Views\\page\\report\\print_pasca_persalinan_ibu.php')
 3 SYSTEMPATH\View\View.php(237): CodeIgniter\View\View->CodeIgniter\View\{closure}()
 4 SYSTEMPATH\Common.php(1171): CodeIgniter\View\View->render('page/report/print_pasca_persalinan_ibu', [], true)
 5 APPPATH\Controllers\Laporan.php(281): view('page/report/print_pasca_persalinan_ibu', [...])
 6 SYSTEMPATH\CodeIgniter.php(933): App\Controllers\Laporan->data_pasca_persalinan_ibu()
 7 SYSTEMPATH\CodeIgniter.php(509): CodeIgniter\CodeIgniter->runController(Object(App\Controllers\Laporan))
 8 SYSTEMPATH\CodeIgniter.php(355): CodeIgniter\CodeIgniter->handleRequest(null, Object(Config\Cache), false)
 9 SYSTEMPATH\Boot.php(325): CodeIgniter\CodeIgniter->run()
10 SYSTEMPATH\Boot.php(67): CodeIgniter\Boot::runCodeIgniter(Object(CodeIgniter\CodeIgniter))
11 FCPATH\index.php(56): CodeIgniter\Boot::bootWeb(Object(Config\Paths))
12 SYSTEMPATH\rewrite.php(44): require_once('E:\\Project\\klinik-bersalin\\public\\index.php')
INFO - 2024-07-29 12:18:46 --> Session: Class initialized using 'CodeIgniter\Session\Handlers\FileHandler' driver.
CRITICAL - 2024-07-29 12:18:46 --> ErrorException: Undefined array key "keluhanSekarang"
[Method: POST, Route: print-pasca-persalinan-ibu]
in APPPATH\Views\page\report\print_pasca_persalinan_ibu.php on line 64.
 1 APPPATH\Views\page\report\print_pasca_persalinan_ibu.php(64): CodeIgniter\Debug\Exceptions->errorHandler(2, 'Undefined array key "keluhanSekarang"', 'E:\\Project\\klinik-bersalin\\app\\Views\\page\\report\\print_pasca_persalinan_ibu.php', 64)
 2 SYSTEMPATH\View\View.php(234): include('E:\\Project\\klinik-bersalin\\app\\Views\\page\\report\\print_pasca_persalinan_ibu.php')
 3 SYSTEMPATH\View\View.php(237): CodeIgniter\View\View->CodeIgniter\View\{closure}()
 4 SYSTEMPATH\Common.php(1171): CodeIgniter\View\View->render('page/report/print_pasca_persalinan_ibu', [], true)
 5 APPPATH\Controllers\Laporan.php(281): view('page/report/print_pasca_persalinan_ibu', [...])
 6 SYSTEMPATH\CodeIgniter.php(933): App\Controllers\Laporan->data_pasca_persalinan_ibu()
 7 SYSTEMPATH\CodeIgniter.php(509): CodeIgniter\CodeIgniter->runController(Object(App\Controllers\Laporan))
 8 SYSTEMPATH\CodeIgniter.php(355): CodeIgniter\CodeIgniter->handleRequest(null, Object(Config\Cache), false)
 9 SYSTEMPATH\Boot.php(325): CodeIgniter\CodeIgniter->run()
10 SYSTEMPATH\Boot.php(67): CodeIgniter\Boot::runCodeIgniter(Object(CodeIgniter\CodeIgniter))
11 FCPATH\index.php(56): CodeIgniter\Boot::bootWeb(Object(Config\Paths))
12 SYSTEMPATH\rewrite.php(44): require_once('E:\\Project\\klinik-bersalin\\public\\index.php')
INFO - 2024-07-29 12:22:40 --> Session: Class initialized using 'CodeIgniter\Session\Handlers\FileHandler' driver.
INFO - 2024-07-29 12:23:15 --> Session: Class initialized using 'CodeIgniter\Session\Handlers\FileHandler' driver.
INFO - 2024-07-29 12:25:30 --> Session: Class initialized using 'CodeIgniter\Session\Handlers\FileHandler' driver.
INFO - 2024-07-29 12:26:43 --> Session: Class initialized using 'CodeIgniter\Session\Handlers\FileHandler' driver.
INFO - 2024-07-29 12:27:29 --> Session: Class initialized using 'CodeIgniter\Session\Handlers\FileHandler' driver.
INFO - 2024-07-29 12:27:57 --> Session: Class initialized using 'CodeIgniter\Session\Handlers\FileHandler' driver.
INFO - 2024-07-29 12:28:45 --> Session: Class initialized using 'CodeIgniter\Session\Handlers\FileHandler' driver.
INFO - 2024-07-29 12:28:55 --> Session: Class initialized using 'CodeIgniter\Session\Handlers\FileHandler' driver.
INFO - 2024-07-29 12:29:21 --> Session: Class initialized using 'CodeIgniter\Session\Handlers\FileHandler' driver.
INFO - 2024-07-29 12:30:07 --> Session: Class initialized using 'CodeIgniter\Session\Handlers\FileHandler' driver.
INFO - 2024-07-29 12:30:22 --> Session: Class initialized using 'CodeIgniter\Session\Handlers\FileHandler' driver.
INFO - 2024-07-29 12:30:50 --> Session: Class initialized using 'CodeIgniter\Session\Handlers\FileHandler' driver.
INFO - 2024-07-29 12:31:18 --> Session: Class initialized using 'CodeIgniter\Session\Handlers\FileHandler' driver.
INFO - 2024-07-29 12:31:36 --> Session: Class initialized using 'CodeIgniter\Session\Handlers\FileHandler' driver.
INFO - 2024-07-29 12:32:08 --> Session: Class initialized using 'CodeIgniter\Session\Handlers\FileHandler' driver.
INFO - 2024-07-29 12:32:41 --> Session: Class initialized using 'CodeIgniter\Session\Handlers\FileHandler' driver.
CRITICAL - 2024-07-29 12:32:41 --> CodeIgniter\View\Exceptions\ViewException: Invalid file: "page/report/report_pasien_bayi.php"
[Method: GET, Route: report-pasien-bayi]
in SYSTEMPATH\Exceptions\FrameworkException.php on line 41.
 1 SYSTEMPATH\View\View.php(222): CodeIgniter\Exceptions\FrameworkException::forInvalidFile('page/report/report_pasien_bayi.php')
 2 SYSTEMPATH\Common.php(1171): CodeIgniter\View\View->render('page/report/report_pasien_bayi', [], true)
 3 APPPATH\Controllers\Laporan.php(85): view('page/report/report_pasien_bayi', [...])
 4 SYSTEMPATH\CodeIgniter.php(933): App\Controllers\Laporan->report_pasien_bayi()
 5 SYSTEMPATH\CodeIgniter.php(509): CodeIgniter\CodeIgniter->runController(Object(App\Controllers\Laporan))
 6 SYSTEMPATH\CodeIgniter.php(355): CodeIgniter\CodeIgniter->handleRequest(null, Object(Config\Cache), false)
 7 SYSTEMPATH\Boot.php(325): CodeIgniter\CodeIgniter->run()
 8 SYSTEMPATH\Boot.php(67): CodeIgniter\Boot::runCodeIgniter(Object(CodeIgniter\CodeIgniter))
 9 FCPATH\index.php(56): CodeIgniter\Boot::bootWeb(Object(Config\Paths))
10 SYSTEMPATH\rewrite.php(44): require_once('E:\\Project\\klinik-bersalin\\public\\index.php')
INFO - 2024-07-29 12:33:33 --> Session: Class initialized using 'CodeIgniter\Session\Handlers\FileHandler' driver.
INFO - 2024-07-29 12:33:56 --> Session: Class initialized using 'CodeIgniter\Session\Handlers\FileHandler' driver.
INFO - 2024-07-29 12:33:59 --> Session: Class initialized using 'CodeIgniter\Session\Handlers\FileHandler' driver.
CRITICAL - 2024-07-29 12:33:59 --> ErrorException: Undefined variable $ibus
[Method: GET, Route: report-pasien-bayi]
in APPPATH\Views\page\report\report_pasien_bayi.php on line 46.
 1 APPPATH\Views\page\report\report_pasien_bayi.php(46): CodeIgniter\Debug\Exceptions->errorHandler(2, 'Undefined variable $ibus', 'E:\\Project\\klinik-bersalin\\app\\Views\\page\\report\\report_pasien_bayi.php', 46)
 2 SYSTEMPATH\View\View.php(234): include('E:\\Project\\klinik-bersalin\\app\\Views\\page\\report\\report_pasien_bayi.php')
 3 SYSTEMPATH\View\View.php(237): CodeIgniter\View\View->CodeIgniter\View\{closure}()
 4 SYSTEMPATH\Common.php(1171): CodeIgniter\View\View->render('page/report/report_pasien_bayi', [], true)
 5 APPPATH\Controllers\Laporan.php(85): view('page/report/report_pasien_bayi', [...])
 6 SYSTEMPATH\CodeIgniter.php(933): App\Controllers\Laporan->report_pasien_bayi()
 7 SYSTEMPATH\CodeIgniter.php(509): CodeIgniter\CodeIgniter->runController(Object(App\Controllers\Laporan))
 8 SYSTEMPATH\CodeIgniter.php(355): CodeIgniter\CodeIgniter->handleRequest(null, Object(Config\Cache), false)
 9 SYSTEMPATH\Boot.php(325): CodeIgniter\CodeIgniter->run()
10 SYSTEMPATH\Boot.php(67): CodeIgniter\Boot::runCodeIgniter(Object(CodeIgniter\CodeIgniter))
11 FCPATH\index.php(56): CodeIgniter\Boot::bootWeb(Object(Config\Paths))
12 SYSTEMPATH\rewrite.php(44): require_once('E:\\Project\\klinik-bersalin\\public\\index.php')
INFO - 2024-07-29 12:35:06 --> Session: Class initialized using 'CodeIgniter\Session\Handlers\FileHandler' driver.
CRITICAL - 2024-07-29 12:35:06 --> ErrorException: Undefined variable $ibu
[Method: GET, Route: report-pasien-bayi]
in APPPATH\Views\page\report\report_pasien_bayi.php on line 50.
 1 APPPATH\Views\page\report\report_pasien_bayi.php(50): CodeIgniter\Debug\Exceptions->errorHandler(2, 'Undefined variable $ibu', 'E:\\Project\\klinik-bersalin\\app\\Views\\page\\report\\report_pasien_bayi.php', 50)
 2 SYSTEMPATH\View\View.php(234): include('E:\\Project\\klinik-bersalin\\app\\Views\\page\\report\\report_pasien_bayi.php')
 3 SYSTEMPATH\View\View.php(237): CodeIgniter\View\View->CodeIgniter\View\{closure}()
 4 SYSTEMPATH\Common.php(1171): CodeIgniter\View\View->render('page/report/report_pasien_bayi', [], true)
 5 APPPATH\Controllers\Laporan.php(85): view('page/report/report_pasien_bayi', [...])
 6 SYSTEMPATH\CodeIgniter.php(933): App\Controllers\Laporan->report_pasien_bayi()
 7 SYSTEMPATH\CodeIgniter.php(509): CodeIgniter\CodeIgniter->runController(Object(App\Controllers\Laporan))
 8 SYSTEMPATH\CodeIgniter.php(355): CodeIgniter\CodeIgniter->handleRequest(null, Object(Config\Cache), false)
 9 SYSTEMPATH\Boot.php(325): CodeIgniter\CodeIgniter->run()
10 SYSTEMPATH\Boot.php(67): CodeIgniter\Boot::runCodeIgniter(Object(CodeIgniter\CodeIgniter))
11 FCPATH\index.php(56): CodeIgniter\Boot::bootWeb(Object(Config\Paths))
12 SYSTEMPATH\rewrite.php(44): require_once('E:\\Project\\klinik-bersalin\\public\\index.php')
INFO - 2024-07-29 12:35:40 --> Session: Class initialized using 'CodeIgniter\Session\Handlers\FileHandler' driver.
INFO - 2024-07-29 12:36:33 --> Session: Class initialized using 'CodeIgniter\Session\Handlers\FileHandler' driver.
INFO - 2024-07-29 12:36:47 --> Session: Class initialized using 'CodeIgniter\Session\Handlers\FileHandler' driver.
INFO - 2024-07-29 12:36:52 --> Session: Class initialized using 'CodeIgniter\Session\Handlers\FileHandler' driver.
INFO - 2024-07-29 12:37:16 --> Session: Class initialized using 'CodeIgniter\Session\Handlers\FileHandler' driver.
INFO - 2024-07-29 12:37:21 --> Session: Class initialized using 'CodeIgniter\Session\Handlers\FileHandler' driver.
INFO - 2024-07-29 12:37:59 --> Session: Class initialized using 'CodeIgniter\Session\Handlers\FileHandler' driver.
INFO - 2024-07-29 12:40:17 --> Session: Class initialized using 'CodeIgniter\Session\Handlers\FileHandler' driver.
CRITICAL - 2024-07-29 12:40:17 --> CodeIgniter\View\Exceptions\ViewException: Invalid file: "page/report/print_riwayat_bayi.php"
[Method: POST, Route: print-riwayat-bayi]
in SYSTEMPATH\Exceptions\FrameworkException.php on line 41.
 1 SYSTEMPATH\View\View.php(222): CodeIgniter\Exceptions\FrameworkException::forInvalidFile('page/report/print_riwayat_bayi.php')
 2 SYSTEMPATH\Common.php(1171): CodeIgniter\View\View->render('page/report/print_riwayat_bayi', [], true)
 3 APPPATH\Controllers\Laporan.php(300): view('page/report/print_riwayat_bayi', [...])
 4 SYSTEMPATH\CodeIgniter.php(933): App\Controllers\Laporan->print_riwayat_bayi()
 5 SYSTEMPATH\CodeIgniter.php(509): CodeIgniter\CodeIgniter->runController(Object(App\Controllers\Laporan))
 6 SYSTEMPATH\CodeIgniter.php(355): CodeIgniter\CodeIgniter->handleRequest(null, Object(Config\Cache), false)
 7 SYSTEMPATH\Boot.php(325): CodeIgniter\CodeIgniter->run()
 8 SYSTEMPATH\Boot.php(67): CodeIgniter\Boot::runCodeIgniter(Object(CodeIgniter\CodeIgniter))
 9 FCPATH\index.php(56): CodeIgniter\Boot::bootWeb(Object(Config\Paths))
10 SYSTEMPATH\rewrite.php(44): require_once('E:\\Project\\klinik-bersalin\\public\\index.php')
INFO - 2024-07-29 12:41:17 --> Session: Class initialized using 'CodeIgniter\Session\Handlers\FileHandler' driver.
CRITICAL - 2024-07-29 12:41:17 --> ErrorException: Undefined array key "bayiNoRM"
[Method: POST, Route: print-riwayat-bayi]
in APPPATH\Views\page\report\print_riwayat_bayi.php on line 43.
 1 APPPATH\Views\page\report\print_riwayat_bayi.php(43): CodeIgniter\Debug\Exceptions->errorHandler(2, 'Undefined array key "bayiNoRM"', 'E:\\Project\\klinik-bersalin\\app\\Views\\page\\report\\print_riwayat_bayi.php', 43)
 2 SYSTEMPATH\View\View.php(234): include('E:\\Project\\klinik-bersalin\\app\\Views\\page\\report\\print_riwayat_bayi.php')
 3 SYSTEMPATH\View\View.php(237): CodeIgniter\View\View->CodeIgniter\View\{closure}()
 4 SYSTEMPATH\Common.php(1171): CodeIgniter\View\View->render('page/report/print_riwayat_bayi', [], true)
 5 APPPATH\Controllers\Laporan.php(300): view('page/report/print_riwayat_bayi', [...])
 6 SYSTEMPATH\CodeIgniter.php(933): App\Controllers\Laporan->print_riwayat_bayi()
 7 SYSTEMPATH\CodeIgniter.php(509): CodeIgniter\CodeIgniter->runController(Object(App\Controllers\Laporan))
 8 SYSTEMPATH\CodeIgniter.php(355): CodeIgniter\CodeIgniter->handleRequest(null, Object(Config\Cache), false)
 9 SYSTEMPATH\Boot.php(325): CodeIgniter\CodeIgniter->run()
10 SYSTEMPATH\Boot.php(67): CodeIgniter\Boot::runCodeIgniter(Object(CodeIgniter\CodeIgniter))
11 FCPATH\index.php(56): CodeIgniter\Boot::bootWeb(Object(Config\Paths))
12 SYSTEMPATH\rewrite.php(44): require_once('E:\\Project\\klinik-bersalin\\public\\index.php')
INFO - 2024-07-29 12:42:12 --> Session: Class initialized using 'CodeIgniter\Session\Handlers\FileHandler' driver.
INFO - 2024-07-29 12:42:17 --> Session: Class initialized using 'CodeIgniter\Session\Handlers\FileHandler' driver.
CRITICAL - 2024-07-29 12:42:17 --> ErrorException: Undefined array key "bayiNoRM"
[Method: POST, Route: print-riwayat-bayi]
in APPPATH\Views\page\report\print_riwayat_bayi.php on line 43.
 1 APPPATH\Views\page\report\print_riwayat_bayi.php(43): CodeIgniter\Debug\Exceptions->errorHandler(2, 'Undefined array key "bayiNoRM"', 'E:\\Project\\klinik-bersalin\\app\\Views\\page\\report\\print_riwayat_bayi.php', 43)
 2 SYSTEMPATH\View\View.php(234): include('E:\\Project\\klinik-bersalin\\app\\Views\\page\\report\\print_riwayat_bayi.php')
 3 SYSTEMPATH\View\View.php(237): CodeIgniter\View\View->CodeIgniter\View\{closure}()
 4 SYSTEMPATH\Common.php(1171): CodeIgniter\View\View->render('page/report/print_riwayat_bayi', [], true)
 5 APPPATH\Controllers\Laporan.php(300): view('page/report/print_riwayat_bayi', [...])
 6 SYSTEMPATH\CodeIgniter.php(933): App\Controllers\Laporan->print_riwayat_bayi()
 7 SYSTEMPATH\CodeIgniter.php(509): CodeIgniter\CodeIgniter->runController(Object(App\Controllers\Laporan))
 8 SYSTEMPATH\CodeIgniter.php(355): CodeIgniter\CodeIgniter->handleRequest(null, Object(Config\Cache), false)
 9 SYSTEMPATH\Boot.php(325): CodeIgniter\CodeIgniter->run()
10 SYSTEMPATH\Boot.php(67): CodeIgniter\Boot::runCodeIgniter(Object(CodeIgniter\CodeIgniter))
11 FCPATH\index.php(56): CodeIgniter\Boot::bootWeb(Object(Config\Paths))
12 SYSTEMPATH\rewrite.php(44): require_once('E:\\Project\\klinik-bersalin\\public\\index.php')
INFO - 2024-07-29 12:43:03 --> Session: Class initialized using 'CodeIgniter\Session\Handlers\FileHandler' driver.
INFO - 2024-07-29 12:43:35 --> Session: Class initialized using 'CodeIgniter\Session\Handlers\FileHandler' driver.
CRITICAL - 2024-07-29 12:43:35 --> ErrorException: Undefined variable $riwayat
[Method: POST, Route: print-riwayat-bayi]
in APPPATH\Views\page\report\print_riwayat_bayi.php on line 62.
 1 APPPATH\Views\page\report\print_riwayat_bayi.php(62): CodeIgniter\Debug\Exceptions->errorHandler(2, 'Undefined variable $riwayat', 'E:\\Project\\klinik-bersalin\\app\\Views\\page\\report\\print_riwayat_bayi.php', 62)
 2 SYSTEMPATH\View\View.php(234): include('E:\\Project\\klinik-bersalin\\app\\Views\\page\\report\\print_riwayat_bayi.php')
 3 SYSTEMPATH\View\View.php(237): CodeIgniter\View\View->CodeIgniter\View\{closure}()
 4 SYSTEMPATH\Common.php(1171): CodeIgniter\View\View->render('page/report/print_riwayat_bayi', [], true)
 5 APPPATH\Controllers\Laporan.php(300): view('page/report/print_riwayat_bayi', [...])
 6 SYSTEMPATH\CodeIgniter.php(933): App\Controllers\Laporan->print_riwayat_bayi()
 7 SYSTEMPATH\CodeIgniter.php(509): CodeIgniter\CodeIgniter->runController(Object(App\Controllers\Laporan))
 8 SYSTEMPATH\CodeIgniter.php(355): CodeIgniter\CodeIgniter->handleRequest(null, Object(Config\Cache), false)
 9 SYSTEMPATH\Boot.php(325): CodeIgniter\CodeIgniter->run()
10 SYSTEMPATH\Boot.php(67): CodeIgniter\Boot::runCodeIgniter(Object(CodeIgniter\CodeIgniter))
11 FCPATH\index.php(56): CodeIgniter\Boot::bootWeb(Object(Config\Paths))
12 SYSTEMPATH\rewrite.php(44): require_once('E:\\Project\\klinik-bersalin\\public\\index.php')
INFO - 2024-07-29 12:44:14 --> Session: Class initialized using 'CodeIgniter\Session\Handlers\FileHandler' driver.
CRITICAL - 2024-07-29 12:44:14 --> ErrorException: Undefined array key "riwayatID"
[Method: POST, Route: print-riwayat-bayi]
in APPPATH\Views\page\report\print_riwayat_bayi.php on line 65.
 1 APPPATH\Views\page\report\print_riwayat_bayi.php(65): CodeIgniter\Debug\Exceptions->errorHandler(2, 'Undefined array key "riwayatID"', 'E:\\Project\\klinik-bersalin\\app\\Views\\page\\report\\print_riwayat_bayi.php', 65)
 2 SYSTEMPATH\View\View.php(234): include('E:\\Project\\klinik-bersalin\\app\\Views\\page\\report\\print_riwayat_bayi.php')
 3 SYSTEMPATH\View\View.php(237): CodeIgniter\View\View->CodeIgniter\View\{closure}()
 4 SYSTEMPATH\Common.php(1171): CodeIgniter\View\View->render('page/report/print_riwayat_bayi', [], true)
 5 APPPATH\Controllers\Laporan.php(300): view('page/report/print_riwayat_bayi', [...])
 6 SYSTEMPATH\CodeIgniter.php(933): App\Controllers\Laporan->print_riwayat_bayi()
 7 SYSTEMPATH\CodeIgniter.php(509): CodeIgniter\CodeIgniter->runController(Object(App\Controllers\Laporan))
 8 SYSTEMPATH\CodeIgniter.php(355): CodeIgniter\CodeIgniter->handleRequest(null, Object(Config\Cache), false)
 9 SYSTEMPATH\Boot.php(325): CodeIgniter\CodeIgniter->run()
10 SYSTEMPATH\Boot.php(67): CodeIgniter\Boot::runCodeIgniter(Object(CodeIgniter\CodeIgniter))
11 FCPATH\index.php(56): CodeIgniter\Boot::bootWeb(Object(Config\Paths))
12 SYSTEMPATH\rewrite.php(44): require_once('E:\\Project\\klinik-bersalin\\public\\index.php')
INFO - 2024-07-29 12:46:07 --> Session: Class initialized using 'CodeIgniter\Session\Handlers\FileHandler' driver.
CRITICAL - 2024-07-29 12:46:08 --> ErrorException: Undefined array key "resuitasi"
[Method: POST, Route: print-riwayat-bayi]
in APPPATH\Views\page\report\print_riwayat_bayi.php on line 72.
 1 APPPATH\Views\page\report\print_riwayat_bayi.php(72): CodeIgniter\Debug\Exceptions->errorHandler(2, 'Undefined array key "resuitasi"', 'E:\\Project\\klinik-bersalin\\app\\Views\\page\\report\\print_riwayat_bayi.php', 72)
 2 SYSTEMPATH\View\View.php(234): include('E:\\Project\\klinik-bersalin\\app\\Views\\page\\report\\print_riwayat_bayi.php')
 3 SYSTEMPATH\View\View.php(237): CodeIgniter\View\View->CodeIgniter\View\{closure}()
 4 SYSTEMPATH\Common.php(1171): CodeIgniter\View\View->render('page/report/print_riwayat_bayi', [], true)
 5 APPPATH\Controllers\Laporan.php(300): view('page/report/print_riwayat_bayi', [...])
 6 SYSTEMPATH\CodeIgniter.php(933): App\Controllers\Laporan->print_riwayat_bayi()
 7 SYSTEMPATH\CodeIgniter.php(509): CodeIgniter\CodeIgniter->runController(Object(App\Controllers\Laporan))
 8 SYSTEMPATH\CodeIgniter.php(355): CodeIgniter\CodeIgniter->handleRequest(null, Object(Config\Cache), false)
 9 SYSTEMPATH\Boot.php(325): CodeIgniter\CodeIgniter->run()
10 SYSTEMPATH\Boot.php(67): CodeIgniter\Boot::runCodeIgniter(Object(CodeIgniter\CodeIgniter))
11 FCPATH\index.php(56): CodeIgniter\Boot::bootWeb(Object(Config\Paths))
12 SYSTEMPATH\rewrite.php(44): require_once('E:\\Project\\klinik-bersalin\\public\\index.php')
INFO - 2024-07-29 12:46:19 --> Session: Class initialized using 'CodeIgniter\Session\Handlers\FileHandler' driver.
CRITICAL - 2024-07-29 12:46:19 --> ErrorException: Undefined array key "taksiranPersalinan"
[Method: POST, Route: print-riwayat-bayi]
in APPPATH\Views\page\report\print_riwayat_bayi.php on line 96.
 1 APPPATH\Views\page\report\print_riwayat_bayi.php(96): CodeIgniter\Debug\Exceptions->errorHandler(2, 'Undefined array key "taksiranPersalinan"', 'E:\\Project\\klinik-bersalin\\app\\Views\\page\\report\\print_riwayat_bayi.php', 96)
 2 SYSTEMPATH\View\View.php(234): include('E:\\Project\\klinik-bersalin\\app\\Views\\page\\report\\print_riwayat_bayi.php')
 3 SYSTEMPATH\View\View.php(237): CodeIgniter\View\View->CodeIgniter\View\{closure}()
 4 SYSTEMPATH\Common.php(1171): CodeIgniter\View\View->render('page/report/print_riwayat_bayi', [], true)
 5 APPPATH\Controllers\Laporan.php(300): view('page/report/print_riwayat_bayi', [...])
 6 SYSTEMPATH\CodeIgniter.php(933): App\Controllers\Laporan->print_riwayat_bayi()
 7 SYSTEMPATH\CodeIgniter.php(509): CodeIgniter\CodeIgniter->runController(Object(App\Controllers\Laporan))
 8 SYSTEMPATH\CodeIgniter.php(355): CodeIgniter\CodeIgniter->handleRequest(null, Object(Config\Cache), false)
 9 SYSTEMPATH\Boot.php(325): CodeIgniter\CodeIgniter->run()
10 SYSTEMPATH\Boot.php(67): CodeIgniter\Boot::runCodeIgniter(Object(CodeIgniter\CodeIgniter))
11 FCPATH\index.php(56): CodeIgniter\Boot::bootWeb(Object(Config\Paths))
12 SYSTEMPATH\rewrite.php(44): require_once('E:\\Project\\klinik-bersalin\\public\\index.php')
INFO - 2024-07-29 12:46:31 --> Session: Class initialized using 'CodeIgniter\Session\Handlers\FileHandler' driver.
INFO - 2024-07-29 12:47:20 --> Session: Class initialized using 'CodeIgniter\Session\Handlers\FileHandler' driver.
INFO - 2024-07-29 12:47:29 --> Session: Class initialized using 'CodeIgniter\Session\Handlers\FileHandler' driver.
INFO - 2024-07-29 12:47:56 --> Session: Class initialized using 'CodeIgniter\Session\Handlers\FileHandler' driver.
INFO - 2024-07-29 12:48:44 --> Session: Class initialized using 'CodeIgniter\Session\Handlers\FileHandler' driver.
CRITICAL - 2024-07-29 12:48:44 --> ErrorException: Undefined variable $riwayat_bayi
[Method: POST, Route: print-pemeriksaan-bayi]
in APPPATH\Views\page\report\print_pemeriksaan_bayi.php on line 60.
 1 APPPATH\Views\page\report\print_pemeriksaan_bayi.php(60): CodeIgniter\Debug\Exceptions->errorHandler(2, 'Undefined variable $riwayat_bayi', 'E:\\Project\\klinik-bersalin\\app\\Views\\page\\report\\print_pemeriksaan_bayi.php', 60)
 2 SYSTEMPATH\View\View.php(234): include('E:\\Project\\klinik-bersalin\\app\\Views\\page\\report\\print_pemeriksaan_bayi.php')
 3 SYSTEMPATH\View\View.php(237): CodeIgniter\View\View->CodeIgniter\View\{closure}()
 4 SYSTEMPATH\Common.php(1171): CodeIgniter\View\View->render('page/report/print_pemeriksaan_bayi', [], true)
 5 APPPATH\Controllers\Laporan.php(312): view('page/report/print_pemeriksaan_bayi', [...])
 6 SYSTEMPATH\CodeIgniter.php(933): App\Controllers\Laporan->print_pemeriksaan_bayi()
 7 SYSTEMPATH\CodeIgniter.php(509): CodeIgniter\CodeIgniter->runController(Object(App\Controllers\Laporan))
 8 SYSTEMPATH\CodeIgniter.php(355): CodeIgniter\CodeIgniter->handleRequest(null, Object(Config\Cache), false)
 9 SYSTEMPATH\Boot.php(325): CodeIgniter\CodeIgniter->run()
10 SYSTEMPATH\Boot.php(67): CodeIgniter\Boot::runCodeIgniter(Object(CodeIgniter\CodeIgniter))
11 FCPATH\index.php(56): CodeIgniter\Boot::bootWeb(Object(Config\Paths))
12 SYSTEMPATH\rewrite.php(44): require_once('E:\\Project\\klinik-bersalin\\public\\index.php')
INFO - 2024-07-29 12:48:59 --> Session: Class initialized using 'CodeIgniter\Session\Handlers\FileHandler' driver.
CRITICAL - 2024-07-29 12:48:59 --> ErrorException: Undefined array key "bbBayi"
[Method: POST, Route: print-pemeriksaan-bayi]
in APPPATH\Views\page\report\print_pemeriksaan_bayi.php on line 64.
 1 APPPATH\Views\page\report\print_pemeriksaan_bayi.php(64): CodeIgniter\Debug\Exceptions->errorHandler(2, 'Undefined array key "bbBayi"', 'E:\\Project\\klinik-bersalin\\app\\Views\\page\\report\\print_pemeriksaan_bayi.php', 64)
 2 SYSTEMPATH\View\View.php(234): include('E:\\Project\\klinik-bersalin\\app\\Views\\page\\report\\print_pemeriksaan_bayi.php')
 3 SYSTEMPATH\View\View.php(237): CodeIgniter\View\View->CodeIgniter\View\{closure}()
 4 SYSTEMPATH\Common.php(1171): CodeIgniter\View\View->render('page/report/print_pemeriksaan_bayi', [], true)
 5 APPPATH\Controllers\Laporan.php(312): view('page/report/print_pemeriksaan_bayi', [...])
 6 SYSTEMPATH\CodeIgniter.php(933): App\Controllers\Laporan->print_pemeriksaan_bayi()
 7 SYSTEMPATH\CodeIgniter.php(509): CodeIgniter\CodeIgniter->runController(Object(App\Controllers\Laporan))
 8 SYSTEMPATH\CodeIgniter.php(355): CodeIgniter\CodeIgniter->handleRequest(null, Object(Config\Cache), false)
 9 SYSTEMPATH\Boot.php(325): CodeIgniter\CodeIgniter->run()
10 SYSTEMPATH\Boot.php(67): CodeIgniter\Boot::runCodeIgniter(Object(CodeIgniter\CodeIgniter))
11 FCPATH\index.php(56): CodeIgniter\Boot::bootWeb(Object(Config\Paths))
12 SYSTEMPATH\rewrite.php(44): require_once('E:\\Project\\klinik-bersalin\\public\\index.php')
INFO - 2024-07-29 12:50:22 --> Session: Class initialized using 'CodeIgniter\Session\Handlers\FileHandler' driver.
CRITICAL - 2024-07-29 12:50:22 --> ErrorException: Undefined array key "komplikasiLahir"
[Method: POST, Route: print-pemeriksaan-bayi]
in APPPATH\Views\page\report\print_pemeriksaan_bayi.php on line 94.
 1 APPPATH\Views\page\report\print_pemeriksaan_bayi.php(94): CodeIgniter\Debug\Exceptions->errorHandler(2, 'Undefined array key "komplikasiLahir"', 'E:\\Project\\klinik-bersalin\\app\\Views\\page\\report\\print_pemeriksaan_bayi.php', 94)
 2 SYSTEMPATH\View\View.php(234): include('E:\\Project\\klinik-bersalin\\app\\Views\\page\\report\\print_pemeriksaan_bayi.php')
 3 SYSTEMPATH\View\View.php(237): CodeIgniter\View\View->CodeIgniter\View\{closure}()
 4 SYSTEMPATH\Common.php(1171): CodeIgniter\View\View->render('page/report/print_pemeriksaan_bayi', [], true)
 5 APPPATH\Controllers\Laporan.php(312): view('page/report/print_pemeriksaan_bayi', [...])
 6 SYSTEMPATH\CodeIgniter.php(933): App\Controllers\Laporan->print_pemeriksaan_bayi()
 7 SYSTEMPATH\CodeIgniter.php(509): CodeIgniter\CodeIgniter->runController(Object(App\Controllers\Laporan))
 8 SYSTEMPATH\CodeIgniter.php(355): CodeIgniter\CodeIgniter->handleRequest(null, Object(Config\Cache), false)
 9 SYSTEMPATH\Boot.php(325): CodeIgniter\CodeIgniter->run()
10 SYSTEMPATH\Boot.php(67): CodeIgniter\Boot::runCodeIgniter(Object(CodeIgniter\CodeIgniter))
11 FCPATH\index.php(56): CodeIgniter\Boot::bootWeb(Object(Config\Paths))
12 SYSTEMPATH\rewrite.php(44): require_once('E:\\Project\\klinik-bersalin\\public\\index.php')
INFO - 2024-07-29 12:50:32 --> Session: Class initialized using 'CodeIgniter\Session\Handlers\FileHandler' driver.
INFO - 2024-07-29 12:51:25 --> Session: Class initialized using 'CodeIgniter\Session\Handlers\FileHandler' driver.
INFO - 2024-07-29 12:51:49 --> Session: Class initialized using 'CodeIgniter\Session\Handlers\FileHandler' driver.
INFO - 2024-07-29 12:51:54 --> Session: Class initialized using 'CodeIgniter\Session\Handlers\FileHandler' driver.
INFO - 2024-07-29 12:52:00 --> Session: Class initialized using 'CodeIgniter\Session\Handlers\FileHandler' driver.
INFO - 2024-07-29 12:52:08 --> Session: Class initialized using 'CodeIgniter\Session\Handlers\FileHandler' driver.
INFO - 2024-07-29 12:53:10 --> Session: Class initialized using 'CodeIgniter\Session\Handlers\FileHandler' driver.
INFO - 2024-07-29 12:54:17 --> Session: Class initialized using 'CodeIgniter\Session\Handlers\FileHandler' driver.
INFO - 2024-07-29 12:54:37 --> Session: Class initialized using 'CodeIgniter\Session\Handlers\FileHandler' driver.
INFO - 2024-07-29 12:55:28 --> Session: Class initialized using 'CodeIgniter\Session\Handlers\FileHandler' driver.
INFO - 2024-07-29 13:01:31 --> Session: Class initialized using 'CodeIgniter\Session\Handlers\FileHandler' driver.
INFO - 2024-07-29 13:01:41 --> Session: Class initialized using 'CodeIgniter\Session\Handlers\FileHandler' driver.
INFO - 2024-07-29 13:01:49 --> Session: Class initialized using 'CodeIgniter\Session\Handlers\FileHandler' driver.
ERROR - 2024-07-29 13:01:49 --> mysqli_sql_exception: Unknown column 'rujukan_ibu.ibuID' in 'on clause' in E:\Project\klinik-bersalin\system\Database\MySQLi\Connection.php:312
Stack trace:
#0 E:\Project\klinik-bersalin\system\Database\MySQLi\Connection.php(312): mysqli->query('SELECT *\nFROM `...', 0)
#1 E:\Project\klinik-bersalin\system\Database\BaseConnection.php(734): CodeIgniter\Database\MySQLi\Connection->execute('SELECT *\nFROM `...')
#2 E:\Project\klinik-bersalin\system\Database\BaseConnection.php(648): CodeIgniter\Database\BaseConnection->simpleQuery('SELECT *\nFROM `...')
#3 E:\Project\klinik-bersalin\system\Database\BaseBuilder.php(1636): CodeIgniter\Database\BaseConnection->query('SELECT *\nFROM `...', Array, false)
#4 E:\Project\klinik-bersalin\system\Model.php(286): CodeIgniter\Database\BaseBuilder->get()
#5 E:\Project\klinik-bersalin\system\BaseModel.php(676): CodeIgniter\Model->doFindAll(0, 0)
#6 E:\Project\klinik-bersalin\app\Controllers\Laporan.php(332): CodeIgniter\BaseModel->findAll()
#7 E:\Project\klinik-bersalin\system\CodeIgniter.php(933): App\Controllers\Laporan->data_penggunaan_kamar_pertanggal()
#8 E:\Project\klinik-bersalin\system\CodeIgniter.php(509): CodeIgniter\CodeIgniter->runController(Object(App\Controllers\Laporan))
#9 E:\Project\klinik-bersalin\system\CodeIgniter.php(355): CodeIgniter\CodeIgniter->handleRequest(NULL, Object(Config\Cache), false)
#10 E:\Project\klinik-bersalin\system\Boot.php(325): CodeIgniter\CodeIgniter->run()
#11 E:\Project\klinik-bersalin\system\Boot.php(67): CodeIgniter\Boot::runCodeIgniter(Object(CodeIgniter\CodeIgniter))
#12 E:\Project\klinik-bersalin\public\index.php(56): CodeIgniter\Boot::bootWeb(Object(Config\Paths))
#13 E:\Project\klinik-bersalin\system\rewrite.php(44): require_once('E:\\Project\\klin...')
#14 {main}
CRITICAL - 2024-07-29 13:01:49 --> CodeIgniter\Database\Exceptions\DatabaseException: Unknown column 'rujukan_ibu.ibuID' in 'on clause'
[Method: POST, Route: print-penggunaan-kamar]
in SYSTEMPATH\Database\BaseConnection.php on line 688.
 1 SYSTEMPATH\Database\BaseBuilder.php(1636): CodeIgniter\Database\BaseConnection->query('SELECT *
FROM `penggunaan_kamar`
JOIN `ibu` ON `ibu`.`ibuID` = `rujukan_ibu`.`ibuID`
WHERE `tanggalMasuk` <= :tanggalMasuk:
AND `tanggalKeluar` >= :tanggalKeluar:', [...], false)
 2 SYSTEMPATH\Model.php(286): CodeIgniter\Database\BaseBuilder->get()
 3 SYSTEMPATH\BaseModel.php(676): CodeIgniter\Model->doFindAll(0, 0)
 4 APPPATH\Controllers\Laporan.php(332): CodeIgniter\BaseModel->findAll()
 5 SYSTEMPATH\CodeIgniter.php(933): App\Controllers\Laporan->data_penggunaan_kamar_pertanggal()
 6 SYSTEMPATH\CodeIgniter.php(509): CodeIgniter\CodeIgniter->runController(Object(App\Controllers\Laporan))
 7 SYSTEMPATH\CodeIgniter.php(355): CodeIgniter\CodeIgniter->handleRequest(null, Object(Config\Cache), false)
 8 SYSTEMPATH\Boot.php(325): CodeIgniter\CodeIgniter->run()
 9 SYSTEMPATH\Boot.php(67): CodeIgniter\Boot::runCodeIgniter(Object(CodeIgniter\CodeIgniter))
10 FCPATH\index.php(56): CodeIgniter\Boot::bootWeb(Object(Config\Paths))
11 SYSTEMPATH\rewrite.php(44): require_once('E:\\Project\\klinik-bersalin\\public\\index.php')
CRITICAL - 2024-07-29 13:01:49 --> [Caused by] CodeIgniter\Database\Exceptions\DatabaseException: Unknown column 'rujukan_ibu.ibuID' in 'on clause'
in SYSTEMPATH\Database\MySQLi\Connection.php on line 317.
 1 SYSTEMPATH\Database\BaseConnection.php(734): CodeIgniter\Database\MySQLi\Connection->execute('SELECT *
FROM `penggunaan_kamar`
JOIN `ibu` ON `ibu`.`ibuID` = `rujukan_ibu`.`ibuID`
WHERE `tanggalMasuk` <= \'2024-07-31\'
AND `tanggalKeluar` >= \'2024-07-01\'')
 2 SYSTEMPATH\Database\BaseConnection.php(648): CodeIgniter\Database\BaseConnection->simpleQuery('SELECT *
FROM `penggunaan_kamar`
JOIN `ibu` ON `ibu`.`ibuID` = `rujukan_ibu`.`ibuID`
WHERE `tanggalMasuk` <= \'2024-07-31\'
AND `tanggalKeluar` >= \'2024-07-01\'')
 3 SYSTEMPATH\Database\BaseBuilder.php(1636): CodeIgniter\Database\BaseConnection->query('SELECT *
FROM `penggunaan_kamar`
JOIN `ibu` ON `ibu`.`ibuID` = `rujukan_ibu`.`ibuID`
WHERE `tanggalMasuk` <= :tanggalMasuk:
AND `tanggalKeluar` >= :tanggalKeluar:', [...], false)
 4 SYSTEMPATH\Model.php(286): CodeIgniter\Database\BaseBuilder->get()
 5 SYSTEMPATH\BaseModel.php(676): CodeIgniter\Model->doFindAll(0, 0)
 6 APPPATH\Controllers\Laporan.php(332): CodeIgniter\BaseModel->findAll()
 7 SYSTEMPATH\CodeIgniter.php(933): App\Controllers\Laporan->data_penggunaan_kamar_pertanggal()
 8 SYSTEMPATH\CodeIgniter.php(509): CodeIgniter\CodeIgniter->runController(Object(App\Controllers\Laporan))
 9 SYSTEMPATH\CodeIgniter.php(355): CodeIgniter\CodeIgniter->handleRequest(null, Object(Config\Cache), false)
10 SYSTEMPATH\Boot.php(325): CodeIgniter\CodeIgniter->run()
11 SYSTEMPATH\Boot.php(67): CodeIgniter\Boot::runCodeIgniter(Object(CodeIgniter\CodeIgniter))
12 FCPATH\index.php(56): CodeIgniter\Boot::bootWeb(Object(Config\Paths))
13 SYSTEMPATH\rewrite.php(44): require_once('E:\\Project\\klinik-bersalin\\public\\index.php')
CRITICAL - 2024-07-29 13:01:49 --> [Caused by] mysqli_sql_exception: Unknown column 'rujukan_ibu.ibuID' in 'on clause'
in SYSTEMPATH\Database\MySQLi\Connection.php on line 312.
 1 SYSTEMPATH\Database\MySQLi\Connection.php(312): mysqli->query('SELECT *
FROM `penggunaan_kamar`
JOIN `ibu` ON `ibu`.`ibuID` = `rujukan_ibu`.`ibuID`
WHERE `tanggalMasuk` <= \'2024-07-31\'
AND `tanggalKeluar` >= \'2024-07-01\'', 0)
 2 SYSTEMPATH\Database\BaseConnection.php(734): CodeIgniter\Database\MySQLi\Connection->execute('SELECT *
FROM `penggunaan_kamar`
JOIN `ibu` ON `ibu`.`ibuID` = `rujukan_ibu`.`ibuID`
WHERE `tanggalMasuk` <= \'2024-07-31\'
AND `tanggalKeluar` >= \'2024-07-01\'')
 3 SYSTEMPATH\Database\BaseConnection.php(648): CodeIgniter\Database\BaseConnection->simpleQuery('SELECT *
FROM `penggunaan_kamar`
JOIN `ibu` ON `ibu`.`ibuID` = `rujukan_ibu`.`ibuID`
WHERE `tanggalMasuk` <= \'2024-07-31\'
AND `tanggalKeluar` >= \'2024-07-01\'')
 4 SYSTEMPATH\Database\BaseBuilder.php(1636): CodeIgniter\Database\BaseConnection->query('SELECT *
FROM `penggunaan_kamar`
JOIN `ibu` ON `ibu`.`ibuID` = `rujukan_ibu`.`ibuID`
WHERE `tanggalMasuk` <= :tanggalMasuk:
AND `tanggalKeluar` >= :tanggalKeluar:', [...], false)
 5 SYSTEMPATH\Model.php(286): CodeIgniter\Database\BaseBuilder->get()
 6 SYSTEMPATH\BaseModel.php(676): CodeIgniter\Model->doFindAll(0, 0)
 7 APPPATH\Controllers\Laporan.php(332): CodeIgniter\BaseModel->findAll()
 8 SYSTEMPATH\CodeIgniter.php(933): App\Controllers\Laporan->data_penggunaan_kamar_pertanggal()
 9 SYSTEMPATH\CodeIgniter.php(509): CodeIgniter\CodeIgniter->runController(Object(App\Controllers\Laporan))
10 SYSTEMPATH\CodeIgniter.php(355): CodeIgniter\CodeIgniter->handleRequest(null, Object(Config\Cache), false)
11 SYSTEMPATH\Boot.php(325): CodeIgniter\CodeIgniter->run()
12 SYSTEMPATH\Boot.php(67): CodeIgniter\Boot::runCodeIgniter(Object(CodeIgniter\CodeIgniter))
13 FCPATH\index.php(56): CodeIgniter\Boot::bootWeb(Object(Config\Paths))
14 SYSTEMPATH\rewrite.php(44): require_once('E:\\Project\\klinik-bersalin\\public\\index.php')
INFO - 2024-07-29 13:01:58 --> Session: Class initialized using 'CodeIgniter\Session\Handlers\FileHandler' driver.
CRITICAL - 2024-07-29 13:01:58 --> CodeIgniter\View\Exceptions\ViewException: Invalid file: "page/report/print_penggunaan_kamar_pertanggal.php"
[Method: POST, Route: print-penggunaan-kamar]
in SYSTEMPATH\Exceptions\FrameworkException.php on line 41.
 1 SYSTEMPATH\View\View.php(222): CodeIgniter\Exceptions\FrameworkException::forInvalidFile('page/report/print_penggunaan_kamar_pertanggal.php')
 2 SYSTEMPATH\Common.php(1171): CodeIgniter\View\View->render('page/report/print_penggunaan_kamar_pertanggal', [], true)
 3 APPPATH\Controllers\Laporan.php(334): view('page/report/print_penggunaan_kamar_pertanggal', [...])
 4 SYSTEMPATH\CodeIgniter.php(933): App\Controllers\Laporan->data_penggunaan_kamar_pertanggal()
 5 SYSTEMPATH\CodeIgniter.php(509): CodeIgniter\CodeIgniter->runController(Object(App\Controllers\Laporan))
 6 SYSTEMPATH\CodeIgniter.php(355): CodeIgniter\CodeIgniter->handleRequest(null, Object(Config\Cache), false)
 7 SYSTEMPATH\Boot.php(325): CodeIgniter\CodeIgniter->run()
 8 SYSTEMPATH\Boot.php(67): CodeIgniter\Boot::runCodeIgniter(Object(CodeIgniter\CodeIgniter))
 9 FCPATH\index.php(56): CodeIgniter\Boot::bootWeb(Object(Config\Paths))
10 SYSTEMPATH\rewrite.php(44): require_once('E:\\Project\\klinik-bersalin\\public\\index.php')
INFO - 2024-07-29 13:02:50 --> Session: Class initialized using 'CodeIgniter\Session\Handlers\FileHandler' driver.
CRITICAL - 2024-07-29 13:02:50 --> ErrorException: Undefined variable $print_user
[Method: POST, Route: print-penggunaan-kamar]
in APPPATH\Views\page\report\print_penggunaan_kamar_pertanggal.php on line 58.
 1 APPPATH\Views\page\report\print_penggunaan_kamar_pertanggal.php(58): CodeIgniter\Debug\Exceptions->errorHandler(2, 'Undefined variable $print_user', 'E:\\Project\\klinik-bersalin\\app\\Views\\page\\report\\print_penggunaan_kamar_pertanggal.php', 58)
 2 SYSTEMPATH\View\View.php(234): include('E:\\Project\\klinik-bersalin\\app\\Views\\page\\report\\print_penggunaan_kamar_pertanggal.php')
 3 SYSTEMPATH\View\View.php(237): CodeIgniter\View\View->CodeIgniter\View\{closure}()
 4 SYSTEMPATH\Common.php(1171): CodeIgniter\View\View->render('page/report/print_penggunaan_kamar_pertanggal', [], true)
 5 APPPATH\Controllers\Laporan.php(334): view('page/report/print_penggunaan_kamar_pertanggal', [...])
 6 SYSTEMPATH\CodeIgniter.php(933): App\Controllers\Laporan->data_penggunaan_kamar_pertanggal()
 7 SYSTEMPATH\CodeIgniter.php(509): CodeIgniter\CodeIgniter->runController(Object(App\Controllers\Laporan))
 8 SYSTEMPATH\CodeIgniter.php(355): CodeIgniter\CodeIgniter->handleRequest(null, Object(Config\Cache), false)
 9 SYSTEMPATH\Boot.php(325): CodeIgniter\CodeIgniter->run()
10 SYSTEMPATH\Boot.php(67): CodeIgniter\Boot::runCodeIgniter(Object(CodeIgniter\CodeIgniter))
11 FCPATH\index.php(56): CodeIgniter\Boot::bootWeb(Object(Config\Paths))
12 SYSTEMPATH\rewrite.php(44): require_once('E:\\Project\\klinik-bersalin\\public\\index.php')
INFO - 2024-07-29 13:04:09 --> Session: Class initialized using 'CodeIgniter\Session\Handlers\FileHandler' driver.
CRITICAL - 2024-07-29 13:04:09 --> ErrorException: Undefined variable $print_user
[Method: POST, Route: print-penggunaan-kamar]
in APPPATH\Views\page\report\print_penggunaan_kamar_pertanggal.php on line 58.
 1 APPPATH\Views\page\report\print_penggunaan_kamar_pertanggal.php(58): CodeIgniter\Debug\Exceptions->errorHandler(2, 'Undefined variable $print_user', 'E:\\Project\\klinik-bersalin\\app\\Views\\page\\report\\print_penggunaan_kamar_pertanggal.php', 58)
 2 SYSTEMPATH\View\View.php(234): include('E:\\Project\\klinik-bersalin\\app\\Views\\page\\report\\print_penggunaan_kamar_pertanggal.php')
 3 SYSTEMPATH\View\View.php(237): CodeIgniter\View\View->CodeIgniter\View\{closure}()
 4 SYSTEMPATH\Common.php(1171): CodeIgniter\View\View->render('page/report/print_penggunaan_kamar_pertanggal', [], true)
 5 APPPATH\Controllers\Laporan.php(334): view('page/report/print_penggunaan_kamar_pertanggal', [...])
 6 SYSTEMPATH\CodeIgniter.php(933): App\Controllers\Laporan->data_penggunaan_kamar_pertanggal()
 7 SYSTEMPATH\CodeIgniter.php(509): CodeIgniter\CodeIgniter->runController(Object(App\Controllers\Laporan))
 8 SYSTEMPATH\CodeIgniter.php(355): CodeIgniter\CodeIgniter->handleRequest(null, Object(Config\Cache), false)
 9 SYSTEMPATH\Boot.php(325): CodeIgniter\CodeIgniter->run()
10 SYSTEMPATH\Boot.php(67): CodeIgniter\Boot::runCodeIgniter(Object(CodeIgniter\CodeIgniter))
11 FCPATH\index.php(56): CodeIgniter\Boot::bootWeb(Object(Config\Paths))
12 SYSTEMPATH\rewrite.php(44): require_once('E:\\Project\\klinik-bersalin\\public\\index.php')
INFO - 2024-07-29 13:06:24 --> Session: Class initialized using 'CodeIgniter\Session\Handlers\FileHandler' driver.
CRITICAL - 2024-07-29 13:06:24 --> TypeError: CodeIgniter\Database\BaseBuilder::join(): Argument #1 ($table) must be of type string, array given, called in E:\Project\klinik-bersalin\system\Model.php on line 930
[Method: POST, Route: print-penggunaan-kamar]
in SYSTEMPATH\Database\BaseBuilder.php on line 620.
 1 SYSTEMPATH\Model.php(930): CodeIgniter\Database\BaseBuilder->join([...])
 2 APPPATH\Controllers\Laporan.php(329): CodeIgniter\Model->__call('join', [...])
 3 SYSTEMPATH\CodeIgniter.php(933): App\Controllers\Laporan->data_penggunaan_kamar_pertanggal()
 4 SYSTEMPATH\CodeIgniter.php(509): CodeIgniter\CodeIgniter->runController(Object(App\Controllers\Laporan))
 5 SYSTEMPATH\CodeIgniter.php(355): CodeIgniter\CodeIgniter->handleRequest(null, Object(Config\Cache), false)
 6 SYSTEMPATH\Boot.php(325): CodeIgniter\CodeIgniter->run()
 7 SYSTEMPATH\Boot.php(67): CodeIgniter\Boot::runCodeIgniter(Object(CodeIgniter\CodeIgniter))
 8 FCPATH\index.php(56): CodeIgniter\Boot::bootWeb(Object(Config\Paths))
 9 SYSTEMPATH\rewrite.php(44): require_once('E:\\Project\\klinik-bersalin\\public\\index.php')
INFO - 2024-07-29 13:06:44 --> Session: Class initialized using 'CodeIgniter\Session\Handlers\FileHandler' driver.
CRITICAL - 2024-07-29 13:06:44 --> ErrorException: Undefined variable $penggunaankamar
[Method: POST, Route: print-penggunaan-kamar]
in APPPATH\Views\page\report\print_penggunaan_kamar_pertanggal.php on line 59.
 1 APPPATH\Views\page\report\print_penggunaan_kamar_pertanggal.php(59): CodeIgniter\Debug\Exceptions->errorHandler(2, 'Undefined variable $penggunaankamar', 'E:\\Project\\klinik-bersalin\\app\\Views\\page\\report\\print_penggunaan_kamar_pertanggal.php', 59)
 2 SYSTEMPATH\View\View.php(234): include('E:\\Project\\klinik-bersalin\\app\\Views\\page\\report\\print_penggunaan_kamar_pertanggal.php')
 3 SYSTEMPATH\View\View.php(237): CodeIgniter\View\View->CodeIgniter\View\{closure}()
 4 SYSTEMPATH\Common.php(1171): CodeIgniter\View\View->render('page/report/print_penggunaan_kamar_pertanggal', [], true)
 5 APPPATH\Controllers\Laporan.php(334): view('page/report/print_penggunaan_kamar_pertanggal', [...])
 6 SYSTEMPATH\CodeIgniter.php(933): App\Controllers\Laporan->data_penggunaan_kamar_pertanggal()
 7 SYSTEMPATH\CodeIgniter.php(509): CodeIgniter\CodeIgniter->runController(Object(App\Controllers\Laporan))
 8 SYSTEMPATH\CodeIgniter.php(355): CodeIgniter\CodeIgniter->handleRequest(null, Object(Config\Cache), false)
 9 SYSTEMPATH\Boot.php(325): CodeIgniter\CodeIgniter->run()
10 SYSTEMPATH\Boot.php(67): CodeIgniter\Boot::runCodeIgniter(Object(CodeIgniter\CodeIgniter))
11 FCPATH\index.php(56): CodeIgniter\Boot::bootWeb(Object(Config\Paths))
12 SYSTEMPATH\rewrite.php(44): require_once('E:\\Project\\klinik-bersalin\\public\\index.php')
INFO - 2024-07-29 13:07:17 --> Session: Class initialized using 'CodeIgniter\Session\Handlers\FileHandler' driver.
CRITICAL - 2024-07-29 13:07:17 --> ErrorException: Undefined array key "kamarNama"
[Method: POST, Route: print-penggunaan-kamar]
in APPPATH\Views\page\report\print_penggunaan_kamar_pertanggal.php on line 65.
 1 APPPATH\Views\page\report\print_penggunaan_kamar_pertanggal.php(65): CodeIgniter\Debug\Exceptions->errorHandler(2, 'Undefined array key "kamarNama"', 'E:\\Project\\klinik-bersalin\\app\\Views\\page\\report\\print_penggunaan_kamar_pertanggal.php', 65)
 2 SYSTEMPATH\View\View.php(234): include('E:\\Project\\klinik-bersalin\\app\\Views\\page\\report\\print_penggunaan_kamar_pertanggal.php')
 3 SYSTEMPATH\View\View.php(237): CodeIgniter\View\View->CodeIgniter\View\{closure}()
 4 SYSTEMPATH\Common.php(1171): CodeIgniter\View\View->render('page/report/print_penggunaan_kamar_pertanggal', [], true)
 5 APPPATH\Controllers\Laporan.php(334): view('page/report/print_penggunaan_kamar_pertanggal', [...])
 6 SYSTEMPATH\CodeIgniter.php(933): App\Controllers\Laporan->data_penggunaan_kamar_pertanggal()
 7 SYSTEMPATH\CodeIgniter.php(509): CodeIgniter\CodeIgniter->runController(Object(App\Controllers\Laporan))
 8 SYSTEMPATH\CodeIgniter.php(355): CodeIgniter\CodeIgniter->handleRequest(null, Object(Config\Cache), false)
 9 SYSTEMPATH\Boot.php(325): CodeIgniter\CodeIgniter->run()
10 SYSTEMPATH\Boot.php(67): CodeIgniter\Boot::runCodeIgniter(Object(CodeIgniter\CodeIgniter))
11 FCPATH\index.php(56): CodeIgniter\Boot::bootWeb(Object(Config\Paths))
12 SYSTEMPATH\rewrite.php(44): require_once('E:\\Project\\klinik-bersalin\\public\\index.php')
INFO - 2024-07-29 13:07:34 --> Session: Class initialized using 'CodeIgniter\Session\Handlers\FileHandler' driver.
CRITICAL - 2024-07-29 13:07:34 --> TypeError: CodeIgniter\Database\BaseBuilder::join(): Argument #1 ($table) must be of type string, array given, called in E:\Project\klinik-bersalin\system\Model.php on line 930
[Method: POST, Route: print-penggunaan-kamar]
in SYSTEMPATH\Database\BaseBuilder.php on line 620.
 1 SYSTEMPATH\Model.php(930): CodeIgniter\Database\BaseBuilder->join([...])
 2 APPPATH\Controllers\Laporan.php(329): CodeIgniter\Model->__call('join', [...])
 3 SYSTEMPATH\CodeIgniter.php(933): App\Controllers\Laporan->data_penggunaan_kamar_pertanggal()
 4 SYSTEMPATH\CodeIgniter.php(509): CodeIgniter\CodeIgniter->runController(Object(App\Controllers\Laporan))
 5 SYSTEMPATH\CodeIgniter.php(355): CodeIgniter\CodeIgniter->handleRequest(null, Object(Config\Cache), false)
 6 SYSTEMPATH\Boot.php(325): CodeIgniter\CodeIgniter->run()
 7 SYSTEMPATH\Boot.php(67): CodeIgniter\Boot::runCodeIgniter(Object(CodeIgniter\CodeIgniter))
 8 FCPATH\index.php(56): CodeIgniter\Boot::bootWeb(Object(Config\Paths))
 9 SYSTEMPATH\rewrite.php(44): require_once('E:\\Project\\klinik-bersalin\\public\\index.php')
INFO - 2024-07-29 13:07:47 --> Session: Class initialized using 'CodeIgniter\Session\Handlers\FileHandler' driver.
ERROR - 2024-07-29 13:07:47 --> mysqli_sql_exception: Table 'klinikbersalin.kamars' doesn't exist in E:\Project\klinik-bersalin\system\Database\MySQLi\Connection.php:312
Stack trace:
#0 E:\Project\klinik-bersalin\system\Database\MySQLi\Connection.php(312): mysqli->query('SELECT *\nFROM `...', 0)
#1 E:\Project\klinik-bersalin\system\Database\BaseConnection.php(734): CodeIgniter\Database\MySQLi\Connection->execute('SELECT *\nFROM `...')
#2 E:\Project\klinik-bersalin\system\Database\BaseConnection.php(648): CodeIgniter\Database\BaseConnection->simpleQuery('SELECT *\nFROM `...')
#3 E:\Project\klinik-bersalin\system\Database\BaseBuilder.php(1636): CodeIgniter\Database\BaseConnection->query('SELECT *\nFROM `...', Array, false)
#4 E:\Project\klinik-bersalin\system\Model.php(286): CodeIgniter\Database\BaseBuilder->get()
#5 E:\Project\klinik-bersalin\system\BaseModel.php(676): CodeIgniter\Model->doFindAll(0, 0)
#6 E:\Project\klinik-bersalin\app\Controllers\Laporan.php(332): CodeIgniter\BaseModel->findAll()
#7 E:\Project\klinik-bersalin\system\CodeIgniter.php(933): App\Controllers\Laporan->data_penggunaan_kamar_pertanggal()
#8 E:\Project\klinik-bersalin\system\CodeIgniter.php(509): CodeIgniter\CodeIgniter->runController(Object(App\Controllers\Laporan))
#9 E:\Project\klinik-bersalin\system\CodeIgniter.php(355): CodeIgniter\CodeIgniter->handleRequest(NULL, Object(Config\Cache), false)
#10 E:\Project\klinik-bersalin\system\Boot.php(325): CodeIgniter\CodeIgniter->run()
#11 E:\Project\klinik-bersalin\system\Boot.php(67): CodeIgniter\Boot::runCodeIgniter(Object(CodeIgniter\CodeIgniter))
#12 E:\Project\klinik-bersalin\public\index.php(56): CodeIgniter\Boot::bootWeb(Object(Config\Paths))
#13 E:\Project\klinik-bersalin\system\rewrite.php(44): require_once('E:\\Project\\klin...')
#14 {main}
CRITICAL - 2024-07-29 13:07:47 --> CodeIgniter\Database\Exceptions\DatabaseException: Table 'klinikbersalin.kamars' doesn't exist
[Method: POST, Route: print-penggunaan-kamar]
in SYSTEMPATH\Database\BaseConnection.php on line 688.
 1 SYSTEMPATH\Database\BaseBuilder.php(1636): CodeIgniter\Database\BaseConnection->query('SELECT *
FROM `penggunaan_kamar`
JOIN `kamars` ON `kamars`.`kamarID`=`penggunaan_kamar`.`kamarID`
WHERE `tanggalMasuk` <= :tanggalMasuk:
AND `tanggalKeluar` >= :tanggalKeluar:', [...], false)
 2 SYSTEMPATH\Model.php(286): CodeIgniter\Database\BaseBuilder->get()
 3 SYSTEMPATH\BaseModel.php(676): CodeIgniter\Model->doFindAll(0, 0)
 4 APPPATH\Controllers\Laporan.php(332): CodeIgniter\BaseModel->findAll()
 5 SYSTEMPATH\CodeIgniter.php(933): App\Controllers\Laporan->data_penggunaan_kamar_pertanggal()
 6 SYSTEMPATH\CodeIgniter.php(509): CodeIgniter\CodeIgniter->runController(Object(App\Controllers\Laporan))
 7 SYSTEMPATH\CodeIgniter.php(355): CodeIgniter\CodeIgniter->handleRequest(null, Object(Config\Cache), false)
 8 SYSTEMPATH\Boot.php(325): CodeIgniter\CodeIgniter->run()
 9 SYSTEMPATH\Boot.php(67): CodeIgniter\Boot::runCodeIgniter(Object(CodeIgniter\CodeIgniter))
10 FCPATH\index.php(56): CodeIgniter\Boot::bootWeb(Object(Config\Paths))
11 SYSTEMPATH\rewrite.php(44): require_once('E:\\Project\\klinik-bersalin\\public\\index.php')
CRITICAL - 2024-07-29 13:07:47 --> [Caused by] CodeIgniter\Database\Exceptions\DatabaseException: Table 'klinikbersalin.kamars' doesn't exist
in SYSTEMPATH\Database\MySQLi\Connection.php on line 317.
 1 SYSTEMPATH\Database\BaseConnection.php(734): CodeIgniter\Database\MySQLi\Connection->execute('SELECT *
FROM `penggunaan_kamar`
JOIN `kamars` ON `kamars`.`kamarID`=`penggunaan_kamar`.`kamarID`
WHERE `tanggalMasuk` <= \'2024-07-31\'
AND `tanggalKeluar` >= \'2024-07-01\'')
 2 SYSTEMPATH\Database\BaseConnection.php(648): CodeIgniter\Database\BaseConnection->simpleQuery('SELECT *
FROM `penggunaan_kamar`
JOIN `kamars` ON `kamars`.`kamarID`=`penggunaan_kamar`.`kamarID`
WHERE `tanggalMasuk` <= \'2024-07-31\'
AND `tanggalKeluar` >= \'2024-07-01\'')
 3 SYSTEMPATH\Database\BaseBuilder.php(1636): CodeIgniter\Database\BaseConnection->query('SELECT *
FROM `penggunaan_kamar`
JOIN `kamars` ON `kamars`.`kamarID`=`penggunaan_kamar`.`kamarID`
WHERE `tanggalMasuk` <= :tanggalMasuk:
AND `tanggalKeluar` >= :tanggalKeluar:', [...], false)
 4 SYSTEMPATH\Model.php(286): CodeIgniter\Database\BaseBuilder->get()
 5 SYSTEMPATH\BaseModel.php(676): CodeIgniter\Model->doFindAll(0, 0)
 6 APPPATH\Controllers\Laporan.php(332): CodeIgniter\BaseModel->findAll()
 7 SYSTEMPATH\CodeIgniter.php(933): App\Controllers\Laporan->data_penggunaan_kamar_pertanggal()
 8 SYSTEMPATH\CodeIgniter.php(509): CodeIgniter\CodeIgniter->runController(Object(App\Controllers\Laporan))
 9 SYSTEMPATH\CodeIgniter.php(355): CodeIgniter\CodeIgniter->handleRequest(null, Object(Config\Cache), false)
10 SYSTEMPATH\Boot.php(325): CodeIgniter\CodeIgniter->run()
11 SYSTEMPATH\Boot.php(67): CodeIgniter\Boot::runCodeIgniter(Object(CodeIgniter\CodeIgniter))
12 FCPATH\index.php(56): CodeIgniter\Boot::bootWeb(Object(Config\Paths))
13 SYSTEMPATH\rewrite.php(44): require_once('E:\\Project\\klinik-bersalin\\public\\index.php')
CRITICAL - 2024-07-29 13:07:47 --> [Caused by] mysqli_sql_exception: Table 'klinikbersalin.kamars' doesn't exist
in SYSTEMPATH\Database\MySQLi\Connection.php on line 312.
 1 SYSTEMPATH\Database\MySQLi\Connection.php(312): mysqli->query('SELECT *
FROM `penggunaan_kamar`
JOIN `kamars` ON `kamars`.`kamarID`=`penggunaan_kamar`.`kamarID`
WHERE `tanggalMasuk` <= \'2024-07-31\'
AND `tanggalKeluar` >= \'2024-07-01\'', 0)
 2 SYSTEMPATH\Database\BaseConnection.php(734): CodeIgniter\Database\MySQLi\Connection->execute('SELECT *
FROM `penggunaan_kamar`
JOIN `kamars` ON `kamars`.`kamarID`=`penggunaan_kamar`.`kamarID`
WHERE `tanggalMasuk` <= \'2024-07-31\'
AND `tanggalKeluar` >= \'2024-07-01\'')
 3 SYSTEMPATH\Database\BaseConnection.php(648): CodeIgniter\Database\BaseConnection->simpleQuery('SELECT *
FROM `penggunaan_kamar`
JOIN `kamars` ON `kamars`.`kamarID`=`penggunaan_kamar`.`kamarID`
WHERE `tanggalMasuk` <= \'2024-07-31\'
AND `tanggalKeluar` >= \'2024-07-01\'')
 4 SYSTEMPATH\Database\BaseBuilder.php(1636): CodeIgniter\Database\BaseConnection->query('SELECT *
FROM `penggunaan_kamar`
JOIN `kamars` ON `kamars`.`kamarID`=`penggunaan_kamar`.`kamarID`
WHERE `tanggalMasuk` <= :tanggalMasuk:
AND `tanggalKeluar` >= :tanggalKeluar:', [...], false)
 5 SYSTEMPATH\Model.php(286): CodeIgniter\Database\BaseBuilder->get()
 6 SYSTEMPATH\BaseModel.php(676): CodeIgniter\Model->doFindAll(0, 0)
 7 APPPATH\Controllers\Laporan.php(332): CodeIgniter\BaseModel->findAll()
 8 SYSTEMPATH\CodeIgniter.php(933): App\Controllers\Laporan->data_penggunaan_kamar_pertanggal()
 9 SYSTEMPATH\CodeIgniter.php(509): CodeIgniter\CodeIgniter->runController(Object(App\Controllers\Laporan))
10 SYSTEMPATH\CodeIgniter.php(355): CodeIgniter\CodeIgniter->handleRequest(null, Object(Config\Cache), false)
11 SYSTEMPATH\Boot.php(325): CodeIgniter\CodeIgniter->run()
12 SYSTEMPATH\Boot.php(67): CodeIgniter\Boot::runCodeIgniter(Object(CodeIgniter\CodeIgniter))
13 FCPATH\index.php(56): CodeIgniter\Boot::bootWeb(Object(Config\Paths))
14 SYSTEMPATH\rewrite.php(44): require_once('E:\\Project\\klinik-bersalin\\public\\index.php')
INFO - 2024-07-29 13:07:54 --> Session: Class initialized using 'CodeIgniter\Session\Handlers\FileHandler' driver.
INFO - 2024-07-29 13:08:05 --> Session: Class initialized using 'CodeIgniter\Session\Handlers\FileHandler' driver.
INFO - 2024-07-29 13:08:16 --> Session: Class initialized using 'CodeIgniter\Session\Handlers\FileHandler' driver.
INFO - 2024-07-29 13:08:42 --> Session: Class initialized using 'CodeIgniter\Session\Handlers\FileHandler' driver.
INFO - 2024-07-29 13:08:46 --> Session: Class initialized using 'CodeIgniter\Session\Handlers\FileHandler' driver.
INFO - 2024-07-29 13:09:12 --> Session: Class initialized using 'CodeIgniter\Session\Handlers\FileHandler' driver.
INFO - 2024-07-29 13:09:20 --> Session: Class initialized using 'CodeIgniter\Session\Handlers\FileHandler' driver.
ERROR - 2024-07-29 13:09:20 --> mysqli_sql_exception: You have an error in your SQL syntax; check the manual that corresponds to your MariaDB server version for the right syntax to use near '= '2024-07-01'' at line 4 in E:\Project\klinik-bersalin\system\Database\MySQLi\Connection.php:312
Stack trace:
#0 E:\Project\klinik-bersalin\system\Database\MySQLi\Connection.php(312): mysqli->query('SELECT *\nFROM `...', 0)
#1 E:\Project\klinik-bersalin\system\Database\BaseConnection.php(734): CodeIgniter\Database\MySQLi\Connection->execute('SELECT *\nFROM `...')
#2 E:\Project\klinik-bersalin\system\Database\BaseConnection.php(648): CodeIgniter\Database\BaseConnection->simpleQuery('SELECT *\nFROM `...')
#3 E:\Project\klinik-bersalin\system\Database\BaseBuilder.php(1636): CodeIgniter\Database\BaseConnection->query('SELECT *\nFROM `...', Array, false)
#4 E:\Project\klinik-bersalin\system\Model.php(286): CodeIgniter\Database\BaseBuilder->get()
#5 E:\Project\klinik-bersalin\system\BaseModel.php(676): CodeIgniter\Model->doFindAll(0, 0)
#6 E:\Project\klinik-bersalin\app\Controllers\Laporan.php(346): CodeIgniter\BaseModel->findAll()
#7 E:\Project\klinik-bersalin\system\CodeIgniter.php(933): App\Controllers\Laporan->data_penggunaan_obat_pertanggal()
#8 E:\Project\klinik-bersalin\system\CodeIgniter.php(509): CodeIgniter\CodeIgniter->runController(Object(App\Controllers\Laporan))
#9 E:\Project\klinik-bersalin\system\CodeIgniter.php(355): CodeIgniter\CodeIgniter->handleRequest(NULL, Object(Config\Cache), false)
#10 E:\Project\klinik-bersalin\system\Boot.php(325): CodeIgniter\CodeIgniter->run()
#11 E:\Project\klinik-bersalin\system\Boot.php(67): CodeIgniter\Boot::runCodeIgniter(Object(CodeIgniter\CodeIgniter))
#12 E:\Project\klinik-bersalin\public\index.php(56): CodeIgniter\Boot::bootWeb(Object(Config\Paths))
#13 E:\Project\klinik-bersalin\system\rewrite.php(44): require_once('E:\\Project\\klin...')
#14 {main}
CRITICAL - 2024-07-29 13:09:20 --> CodeIgniter\Database\Exceptions\DatabaseException: You have an error in your SQL syntax; check the manual that corresponds to your MariaDB server version for the right syntax to use near '= '2024-07-01'' at line 4
[Method: POST, Route: print-penggunaan-obat]
in SYSTEMPATH\Database\BaseConnection.php on line 688.
 1 SYSTEMPATH\Database\BaseBuilder.php(1636): CodeIgniter\Database\BaseConnection->query('SELECT *
FROM `penggunaan_obat`
JOIN `ibu` ON `ibu`.`ibuID` = `rujukan_ibu`.`ibuID`
WHERE  = ::', [...], false)
 2 SYSTEMPATH\Model.php(286): CodeIgniter\Database\BaseBuilder->get()
 3 SYSTEMPATH\BaseModel.php(676): CodeIgniter\Model->doFindAll(0, 0)
 4 APPPATH\Controllers\Laporan.php(346): CodeIgniter\BaseModel->findAll()
 5 SYSTEMPATH\CodeIgniter.php(933): App\Controllers\Laporan->data_penggunaan_obat_pertanggal()
 6 SYSTEMPATH\CodeIgniter.php(509): CodeIgniter\CodeIgniter->runController(Object(App\Controllers\Laporan))
 7 SYSTEMPATH\CodeIgniter.php(355): CodeIgniter\CodeIgniter->handleRequest(null, Object(Config\Cache), false)
 8 SYSTEMPATH\Boot.php(325): CodeIgniter\CodeIgniter->run()
 9 SYSTEMPATH\Boot.php(67): CodeIgniter\Boot::runCodeIgniter(Object(CodeIgniter\CodeIgniter))
10 FCPATH\index.php(56): CodeIgniter\Boot::bootWeb(Object(Config\Paths))
11 SYSTEMPATH\rewrite.php(44): require_once('E:\\Project\\klinik-bersalin\\public\\index.php')
CRITICAL - 2024-07-29 13:09:20 --> [Caused by] CodeIgniter\Database\Exceptions\DatabaseException: You have an error in your SQL syntax; check the manual that corresponds to your MariaDB server version for the right syntax to use near '= '2024-07-01'' at line 4
in SYSTEMPATH\Database\MySQLi\Connection.php on line 317.
 1 SYSTEMPATH\Database\BaseConnection.php(734): CodeIgniter\Database\MySQLi\Connection->execute('SELECT *
FROM `penggunaan_obat`
JOIN `ibu` ON `ibu`.`ibuID` = `rujukan_ibu`.`ibuID`
WHERE  = \'2024-07-01\'')
 2 SYSTEMPATH\Database\BaseConnection.php(648): CodeIgniter\Database\BaseConnection->simpleQuery('SELECT *
FROM `penggunaan_obat`
JOIN `ibu` ON `ibu`.`ibuID` = `rujukan_ibu`.`ibuID`
WHERE  = \'2024-07-01\'')
 3 SYSTEMPATH\Database\BaseBuilder.php(1636): CodeIgniter\Database\BaseConnection->query('SELECT *
FROM `penggunaan_obat`
JOIN `ibu` ON `ibu`.`ibuID` = `rujukan_ibu`.`ibuID`
WHERE  = ::', [...], false)
 4 SYSTEMPATH\Model.php(286): CodeIgniter\Database\BaseBuilder->get()
 5 SYSTEMPATH\BaseModel.php(676): CodeIgniter\Model->doFindAll(0, 0)
 6 APPPATH\Controllers\Laporan.php(346): CodeIgniter\BaseModel->findAll()
 7 SYSTEMPATH\CodeIgniter.php(933): App\Controllers\Laporan->data_penggunaan_obat_pertanggal()
 8 SYSTEMPATH\CodeIgniter.php(509): CodeIgniter\CodeIgniter->runController(Object(App\Controllers\Laporan))
 9 SYSTEMPATH\CodeIgniter.php(355): CodeIgniter\CodeIgniter->handleRequest(null, Object(Config\Cache), false)
10 SYSTEMPATH\Boot.php(325): CodeIgniter\CodeIgniter->run()
11 SYSTEMPATH\Boot.php(67): CodeIgniter\Boot::runCodeIgniter(Object(CodeIgniter\CodeIgniter))
12 FCPATH\index.php(56): CodeIgniter\Boot::bootWeb(Object(Config\Paths))
13 SYSTEMPATH\rewrite.php(44): require_once('E:\\Project\\klinik-bersalin\\public\\index.php')
CRITICAL - 2024-07-29 13:09:20 --> [Caused by] mysqli_sql_exception: You have an error in your SQL syntax; check the manual that corresponds to your MariaDB server version for the right syntax to use near '= '2024-07-01'' at line 4
in SYSTEMPATH\Database\MySQLi\Connection.php on line 312.
 1 SYSTEMPATH\Database\MySQLi\Connection.php(312): mysqli->query('SELECT *
FROM `penggunaan_obat`
JOIN `ibu` ON `ibu`.`ibuID` = `rujukan_ibu`.`ibuID`
WHERE  = \'2024-07-01\'', 0)
 2 SYSTEMPATH\Database\BaseConnection.php(734): CodeIgniter\Database\MySQLi\Connection->execute('SELECT *
FROM `penggunaan_obat`
JOIN `ibu` ON `ibu`.`ibuID` = `rujukan_ibu`.`ibuID`
WHERE  = \'2024-07-01\'')
 3 SYSTEMPATH\Database\BaseConnection.php(648): CodeIgniter\Database\BaseConnection->simpleQuery('SELECT *
FROM `penggunaan_obat`
JOIN `ibu` ON `ibu`.`ibuID` = `rujukan_ibu`.`ibuID`
WHERE  = \'2024-07-01\'')
 4 SYSTEMPATH\Database\BaseBuilder.php(1636): CodeIgniter\Database\BaseConnection->query('SELECT *
FROM `penggunaan_obat`
JOIN `ibu` ON `ibu`.`ibuID` = `rujukan_ibu`.`ibuID`
WHERE  = ::', [...], false)
 5 SYSTEMPATH\Model.php(286): CodeIgniter\Database\BaseBuilder->get()
 6 SYSTEMPATH\BaseModel.php(676): CodeIgniter\Model->doFindAll(0, 0)
 7 APPPATH\Controllers\Laporan.php(346): CodeIgniter\BaseModel->findAll()
 8 SYSTEMPATH\CodeIgniter.php(933): App\Controllers\Laporan->data_penggunaan_obat_pertanggal()
 9 SYSTEMPATH\CodeIgniter.php(509): CodeIgniter\CodeIgniter->runController(Object(App\Controllers\Laporan))
10 SYSTEMPATH\CodeIgniter.php(355): CodeIgniter\CodeIgniter->handleRequest(null, Object(Config\Cache), false)
11 SYSTEMPATH\Boot.php(325): CodeIgniter\CodeIgniter->run()
12 SYSTEMPATH\Boot.php(67): CodeIgniter\Boot::runCodeIgniter(Object(CodeIgniter\CodeIgniter))
13 FCPATH\index.php(56): CodeIgniter\Boot::bootWeb(Object(Config\Paths))
14 SYSTEMPATH\rewrite.php(44): require_once('E:\\Project\\klinik-bersalin\\public\\index.php')
INFO - 2024-07-29 13:19:06 --> Session: Class initialized using 'CodeIgniter\Session\Handlers\FileHandler' driver.
ERROR - 2024-07-29 13:19:06 --> mysqli_sql_exception: Unknown column 'penggunaan_obat' in 'where clause' in E:\Project\klinik-bersalin\system\Database\MySQLi\Connection.php:312
Stack trace:
#0 E:\Project\klinik-bersalin\system\Database\MySQLi\Connection.php(312): mysqli->query('SELECT *\nFROM `...', 0)
#1 E:\Project\klinik-bersalin\system\Database\BaseConnection.php(734): CodeIgniter\Database\MySQLi\Connection->execute('SELECT *\nFROM `...')
#2 E:\Project\klinik-bersalin\system\Database\BaseConnection.php(648): CodeIgniter\Database\BaseConnection->simpleQuery('SELECT *\nFROM `...')
#3 E:\Project\klinik-bersalin\system\Database\BaseBuilder.php(1636): CodeIgniter\Database\BaseConnection->query('SELECT *\nFROM `...', Array, false)
#4 E:\Project\klinik-bersalin\system\Model.php(286): CodeIgniter\Database\BaseBuilder->get()
#5 E:\Project\klinik-bersalin\system\BaseModel.php(676): CodeIgniter\Model->doFindAll(0, 0)
#6 E:\Project\klinik-bersalin\app\Controllers\Laporan.php(344): CodeIgniter\BaseModel->findAll()
#7 E:\Project\klinik-bersalin\system\CodeIgniter.php(933): App\Controllers\Laporan->data_penggunaan_obat_pertanggal()
#8 E:\Project\klinik-bersalin\system\CodeIgniter.php(509): CodeIgniter\CodeIgniter->runController(Object(App\Controllers\Laporan))
#9 E:\Project\klinik-bersalin\system\CodeIgniter.php(355): CodeIgniter\CodeIgniter->handleRequest(NULL, Object(Config\Cache), false)
#10 E:\Project\klinik-bersalin\system\Boot.php(325): CodeIgniter\CodeIgniter->run()
#11 E:\Project\klinik-bersalin\system\Boot.php(67): CodeIgniter\Boot::runCodeIgniter(Object(CodeIgniter\CodeIgniter))
#12 E:\Project\klinik-bersalin\public\index.php(56): CodeIgniter\Boot::bootWeb(Object(Config\Paths))
#13 E:\Project\klinik-bersalin\system\rewrite.php(44): require_once('E:\\Project\\klin...')
#14 {main}
CRITICAL - 2024-07-29 13:19:06 --> CodeIgniter\Database\Exceptions\DatabaseException: Unknown column 'penggunaan_obat' in 'where clause'
[Method: POST, Route: print-penggunaan-obat]
in SYSTEMPATH\Database\BaseConnection.php on line 688.
 1 SYSTEMPATH\Database\BaseBuilder.php(1636): CodeIgniter\Database\BaseConnection->query('SELECT *
FROM `penggunaan_obat`
JOIN `ibu` ON `ibu`.`ibuID` = `penggunaan_obat`.`ibuID`
WHERE `penggunaan_obat` IS NULL', [], false)
 2 SYSTEMPATH\Model.php(286): CodeIgniter\Database\BaseBuilder->get()
 3 SYSTEMPATH\BaseModel.php(676): CodeIgniter\Model->doFindAll(0, 0)
 4 APPPATH\Controllers\Laporan.php(344): CodeIgniter\BaseModel->findAll()
 5 SYSTEMPATH\CodeIgniter.php(933): App\Controllers\Laporan->data_penggunaan_obat_pertanggal()
 6 SYSTEMPATH\CodeIgniter.php(509): CodeIgniter\CodeIgniter->runController(Object(App\Controllers\Laporan))
 7 SYSTEMPATH\CodeIgniter.php(355): CodeIgniter\CodeIgniter->handleRequest(null, Object(Config\Cache), false)
 8 SYSTEMPATH\Boot.php(325): CodeIgniter\CodeIgniter->run()
 9 SYSTEMPATH\Boot.php(67): CodeIgniter\Boot::runCodeIgniter(Object(CodeIgniter\CodeIgniter))
10 FCPATH\index.php(56): CodeIgniter\Boot::bootWeb(Object(Config\Paths))
11 SYSTEMPATH\rewrite.php(44): require_once('E:\\Project\\klinik-bersalin\\public\\index.php')
CRITICAL - 2024-07-29 13:19:06 --> [Caused by] CodeIgniter\Database\Exceptions\DatabaseException: Unknown column 'penggunaan_obat' in 'where clause'
in SYSTEMPATH\Database\MySQLi\Connection.php on line 317.
 1 SYSTEMPATH\Database\BaseConnection.php(734): CodeIgniter\Database\MySQLi\Connection->execute('SELECT *
FROM `penggunaan_obat`
JOIN `ibu` ON `ibu`.`ibuID` = `penggunaan_obat`.`ibuID`
WHERE `penggunaan_obat` IS NULL')
 2 SYSTEMPATH\Database\BaseConnection.php(648): CodeIgniter\Database\BaseConnection->simpleQuery('SELECT *
FROM `penggunaan_obat`
JOIN `ibu` ON `ibu`.`ibuID` = `penggunaan_obat`.`ibuID`
WHERE `penggunaan_obat` IS NULL')
 3 SYSTEMPATH\Database\BaseBuilder.php(1636): CodeIgniter\Database\BaseConnection->query('SELECT *
FROM `penggunaan_obat`
JOIN `ibu` ON `ibu`.`ibuID` = `penggunaan_obat`.`ibuID`
WHERE `penggunaan_obat` IS NULL', [], false)
 4 SYSTEMPATH\Model.php(286): CodeIgniter\Database\BaseBuilder->get()
 5 SYSTEMPATH\BaseModel.php(676): CodeIgniter\Model->doFindAll(0, 0)
 6 APPPATH\Controllers\Laporan.php(344): CodeIgniter\BaseModel->findAll()
 7 SYSTEMPATH\CodeIgniter.php(933): App\Controllers\Laporan->data_penggunaan_obat_pertanggal()
 8 SYSTEMPATH\CodeIgniter.php(509): CodeIgniter\CodeIgniter->runController(Object(App\Controllers\Laporan))
 9 SYSTEMPATH\CodeIgniter.php(355): CodeIgniter\CodeIgniter->handleRequest(null, Object(Config\Cache), false)
10 SYSTEMPATH\Boot.php(325): CodeIgniter\CodeIgniter->run()
11 SYSTEMPATH\Boot.php(67): CodeIgniter\Boot::runCodeIgniter(Object(CodeIgniter\CodeIgniter))
12 FCPATH\index.php(56): CodeIgniter\Boot::bootWeb(Object(Config\Paths))
13 SYSTEMPATH\rewrite.php(44): require_once('E:\\Project\\klinik-bersalin\\public\\index.php')
CRITICAL - 2024-07-29 13:19:06 --> [Caused by] mysqli_sql_exception: Unknown column 'penggunaan_obat' in 'where clause'
in SYSTEMPATH\Database\MySQLi\Connection.php on line 312.
 1 SYSTEMPATH\Database\MySQLi\Connection.php(312): mysqli->query('SELECT *
FROM `penggunaan_obat`
JOIN `ibu` ON `ibu`.`ibuID` = `penggunaan_obat`.`ibuID`
WHERE `penggunaan_obat` IS NULL', 0)
 2 SYSTEMPATH\Database\BaseConnection.php(734): CodeIgniter\Database\MySQLi\Connection->execute('SELECT *
FROM `penggunaan_obat`
JOIN `ibu` ON `ibu`.`ibuID` = `penggunaan_obat`.`ibuID`
WHERE `penggunaan_obat` IS NULL')
 3 SYSTEMPATH\Database\BaseConnection.php(648): CodeIgniter\Database\BaseConnection->simpleQuery('SELECT *
FROM `penggunaan_obat`
JOIN `ibu` ON `ibu`.`ibuID` = `penggunaan_obat`.`ibuID`
WHERE `penggunaan_obat` IS NULL')
 4 SYSTEMPATH\Database\BaseBuilder.php(1636): CodeIgniter\Database\BaseConnection->query('SELECT *
FROM `penggunaan_obat`
JOIN `ibu` ON `ibu`.`ibuID` = `penggunaan_obat`.`ibuID`
WHERE `penggunaan_obat` IS NULL', [], false)
 5 SYSTEMPATH\Model.php(286): CodeIgniter\Database\BaseBuilder->get()
 6 SYSTEMPATH\BaseModel.php(676): CodeIgniter\Model->doFindAll(0, 0)
 7 APPPATH\Controllers\Laporan.php(344): CodeIgniter\BaseModel->findAll()
 8 SYSTEMPATH\CodeIgniter.php(933): App\Controllers\Laporan->data_penggunaan_obat_pertanggal()
 9 SYSTEMPATH\CodeIgniter.php(509): CodeIgniter\CodeIgniter->runController(Object(App\Controllers\Laporan))
10 SYSTEMPATH\CodeIgniter.php(355): CodeIgniter\CodeIgniter->handleRequest(null, Object(Config\Cache), false)
11 SYSTEMPATH\Boot.php(325): CodeIgniter\CodeIgniter->run()
12 SYSTEMPATH\Boot.php(67): CodeIgniter\Boot::runCodeIgniter(Object(CodeIgniter\CodeIgniter))
13 FCPATH\index.php(56): CodeIgniter\Boot::bootWeb(Object(Config\Paths))
14 SYSTEMPATH\rewrite.php(44): require_once('E:\\Project\\klinik-bersalin\\public\\index.php')
INFO - 2024-07-29 13:19:09 --> Session: Class initialized using 'CodeIgniter\Session\Handlers\FileHandler' driver.
INFO - 2024-07-29 13:19:16 --> Session: Class initialized using 'CodeIgniter\Session\Handlers\FileHandler' driver.
ERROR - 2024-07-29 13:19:16 --> mysqli_sql_exception: Unknown column 'penggunaan_obat' in 'where clause' in E:\Project\klinik-bersalin\system\Database\MySQLi\Connection.php:312
Stack trace:
#0 E:\Project\klinik-bersalin\system\Database\MySQLi\Connection.php(312): mysqli->query('SELECT *\nFROM `...', 0)
#1 E:\Project\klinik-bersalin\system\Database\BaseConnection.php(734): CodeIgniter\Database\MySQLi\Connection->execute('SELECT *\nFROM `...')
#2 E:\Project\klinik-bersalin\system\Database\BaseConnection.php(648): CodeIgniter\Database\BaseConnection->simpleQuery('SELECT *\nFROM `...')
#3 E:\Project\klinik-bersalin\system\Database\BaseBuilder.php(1636): CodeIgniter\Database\BaseConnection->query('SELECT *\nFROM `...', Array, false)
#4 E:\Project\klinik-bersalin\system\Model.php(286): CodeIgniter\Database\BaseBuilder->get()
#5 E:\Project\klinik-bersalin\system\BaseModel.php(676): CodeIgniter\Model->doFindAll(0, 0)
#6 E:\Project\klinik-bersalin\app\Controllers\Laporan.php(344): CodeIgniter\BaseModel->findAll()
#7 E:\Project\klinik-bersalin\system\CodeIgniter.php(933): App\Controllers\Laporan->data_penggunaan_obat_pertanggal()
#8 E:\Project\klinik-bersalin\system\CodeIgniter.php(509): CodeIgniter\CodeIgniter->runController(Object(App\Controllers\Laporan))
#9 E:\Project\klinik-bersalin\system\CodeIgniter.php(355): CodeIgniter\CodeIgniter->handleRequest(NULL, Object(Config\Cache), false)
#10 E:\Project\klinik-bersalin\system\Boot.php(325): CodeIgniter\CodeIgniter->run()
#11 E:\Project\klinik-bersalin\system\Boot.php(67): CodeIgniter\Boot::runCodeIgniter(Object(CodeIgniter\CodeIgniter))
#12 E:\Project\klinik-bersalin\public\index.php(56): CodeIgniter\Boot::bootWeb(Object(Config\Paths))
#13 E:\Project\klinik-bersalin\system\rewrite.php(44): require_once('E:\\Project\\klin...')
#14 {main}
CRITICAL - 2024-07-29 13:19:16 --> CodeIgniter\Database\Exceptions\DatabaseException: Unknown column 'penggunaan_obat' in 'where clause'
[Method: POST, Route: print-penggunaan-obat]
in SYSTEMPATH\Database\BaseConnection.php on line 688.
 1 SYSTEMPATH\Database\BaseBuilder.php(1636): CodeIgniter\Database\BaseConnection->query('SELECT *
FROM `penggunaan_obat`
JOIN `ibu` ON `ibu`.`ibuID` = `penggunaan_obat`.`ibuID`
WHERE `penggunaan_obat` = :penggunaan_obat:', [...], false)
 2 SYSTEMPATH\Model.php(286): CodeIgniter\Database\BaseBuilder->get()
 3 SYSTEMPATH\BaseModel.php(676): CodeIgniter\Model->doFindAll(0, 0)
 4 APPPATH\Controllers\Laporan.php(344): CodeIgniter\BaseModel->findAll()
 5 SYSTEMPATH\CodeIgniter.php(933): App\Controllers\Laporan->data_penggunaan_obat_pertanggal()
 6 SYSTEMPATH\CodeIgniter.php(509): CodeIgniter\CodeIgniter->runController(Object(App\Controllers\Laporan))
 7 SYSTEMPATH\CodeIgniter.php(355): CodeIgniter\CodeIgniter->handleRequest(null, Object(Config\Cache), false)
 8 SYSTEMPATH\Boot.php(325): CodeIgniter\CodeIgniter->run()
 9 SYSTEMPATH\Boot.php(67): CodeIgniter\Boot::runCodeIgniter(Object(CodeIgniter\CodeIgniter))
10 FCPATH\index.php(56): CodeIgniter\Boot::bootWeb(Object(Config\Paths))
11 SYSTEMPATH\rewrite.php(44): require_once('E:\\Project\\klinik-bersalin\\public\\index.php')
CRITICAL - 2024-07-29 13:19:16 --> [Caused by] CodeIgniter\Database\Exceptions\DatabaseException: Unknown column 'penggunaan_obat' in 'where clause'
in SYSTEMPATH\Database\MySQLi\Connection.php on line 317.
 1 SYSTEMPATH\Database\BaseConnection.php(734): CodeIgniter\Database\MySQLi\Connection->execute('SELECT *
FROM `penggunaan_obat`
JOIN `ibu` ON `ibu`.`ibuID` = `penggunaan_obat`.`ibuID`
WHERE `penggunaan_obat` = \'IBU001\'')
 2 SYSTEMPATH\Database\BaseConnection.php(648): CodeIgniter\Database\BaseConnection->simpleQuery('SELECT *
FROM `penggunaan_obat`
JOIN `ibu` ON `ibu`.`ibuID` = `penggunaan_obat`.`ibuID`
WHERE `penggunaan_obat` = \'IBU001\'')
 3 SYSTEMPATH\Database\BaseBuilder.php(1636): CodeIgniter\Database\BaseConnection->query('SELECT *
FROM `penggunaan_obat`
JOIN `ibu` ON `ibu`.`ibuID` = `penggunaan_obat`.`ibuID`
WHERE `penggunaan_obat` = :penggunaan_obat:', [...], false)
 4 SYSTEMPATH\Model.php(286): CodeIgniter\Database\BaseBuilder->get()
 5 SYSTEMPATH\BaseModel.php(676): CodeIgniter\Model->doFindAll(0, 0)
 6 APPPATH\Controllers\Laporan.php(344): CodeIgniter\BaseModel->findAll()
 7 SYSTEMPATH\CodeIgniter.php(933): App\Controllers\Laporan->data_penggunaan_obat_pertanggal()
 8 SYSTEMPATH\CodeIgniter.php(509): CodeIgniter\CodeIgniter->runController(Object(App\Controllers\Laporan))
 9 SYSTEMPATH\CodeIgniter.php(355): CodeIgniter\CodeIgniter->handleRequest(null, Object(Config\Cache), false)
10 SYSTEMPATH\Boot.php(325): CodeIgniter\CodeIgniter->run()
11 SYSTEMPATH\Boot.php(67): CodeIgniter\Boot::runCodeIgniter(Object(CodeIgniter\CodeIgniter))
12 FCPATH\index.php(56): CodeIgniter\Boot::bootWeb(Object(Config\Paths))
13 SYSTEMPATH\rewrite.php(44): require_once('E:\\Project\\klinik-bersalin\\public\\index.php')
CRITICAL - 2024-07-29 13:19:16 --> [Caused by] mysqli_sql_exception: Unknown column 'penggunaan_obat' in 'where clause'
in SYSTEMPATH\Database\MySQLi\Connection.php on line 312.
 1 SYSTEMPATH\Database\MySQLi\Connection.php(312): mysqli->query('SELECT *
FROM `penggunaan_obat`
JOIN `ibu` ON `ibu`.`ibuID` = `penggunaan_obat`.`ibuID`
WHERE `penggunaan_obat` = \'IBU001\'', 0)
 2 SYSTEMPATH\Database\BaseConnection.php(734): CodeIgniter\Database\MySQLi\Connection->execute('SELECT *
FROM `penggunaan_obat`
JOIN `ibu` ON `ibu`.`ibuID` = `penggunaan_obat`.`ibuID`
WHERE `penggunaan_obat` = \'IBU001\'')
 3 SYSTEMPATH\Database\BaseConnection.php(648): CodeIgniter\Database\BaseConnection->simpleQuery('SELECT *
FROM `penggunaan_obat`
JOIN `ibu` ON `ibu`.`ibuID` = `penggunaan_obat`.`ibuID`
WHERE `penggunaan_obat` = \'IBU001\'')
 4 SYSTEMPATH\Database\BaseBuilder.php(1636): CodeIgniter\Database\BaseConnection->query('SELECT *
FROM `penggunaan_obat`
JOIN `ibu` ON `ibu`.`ibuID` = `penggunaan_obat`.`ibuID`
WHERE `penggunaan_obat` = :penggunaan_obat:', [...], false)
 5 SYSTEMPATH\Model.php(286): CodeIgniter\Database\BaseBuilder->get()
 6 SYSTEMPATH\BaseModel.php(676): CodeIgniter\Model->doFindAll(0, 0)
 7 APPPATH\Controllers\Laporan.php(344): CodeIgniter\BaseModel->findAll()
 8 SYSTEMPATH\CodeIgniter.php(933): App\Controllers\Laporan->data_penggunaan_obat_pertanggal()
 9 SYSTEMPATH\CodeIgniter.php(509): CodeIgniter\CodeIgniter->runController(Object(App\Controllers\Laporan))
10 SYSTEMPATH\CodeIgniter.php(355): CodeIgniter\CodeIgniter->handleRequest(null, Object(Config\Cache), false)
11 SYSTEMPATH\Boot.php(325): CodeIgniter\CodeIgniter->run()
12 SYSTEMPATH\Boot.php(67): CodeIgniter\Boot::runCodeIgniter(Object(CodeIgniter\CodeIgniter))
13 FCPATH\index.php(56): CodeIgniter\Boot::bootWeb(Object(Config\Paths))
14 SYSTEMPATH\rewrite.php(44): require_once('E:\\Project\\klinik-bersalin\\public\\index.php')
INFO - 2024-07-29 13:19:49 --> Session: Class initialized using 'CodeIgniter\Session\Handlers\FileHandler' driver.
CRITICAL - 2024-07-29 13:19:49 --> ErrorException: Undefined variable $tanggalAwal
[Method: POST, Route: print-penggunaan-obat]
in APPPATH\Views\page\report\print_penggunaan_obat_pertanggal.php on line 16.
 1 APPPATH\Views\page\report\print_penggunaan_obat_pertanggal.php(16): CodeIgniter\Debug\Exceptions->errorHandler(2, 'Undefined variable $tanggalAwal', 'E:\\Project\\klinik-bersalin\\app\\Views\\page\\report\\print_penggunaan_obat_pertanggal.php', 16)
 2 SYSTEMPATH\View\View.php(234): include('E:\\Project\\klinik-bersalin\\app\\Views\\page\\report\\print_penggunaan_obat_pertanggal.php')
 3 SYSTEMPATH\View\View.php(237): CodeIgniter\View\View->CodeIgniter\View\{closure}()
 4 SYSTEMPATH\Common.php(1171): CodeIgniter\View\View->render('page/report/print_penggunaan_obat_pertanggal', [], true)
 5 APPPATH\Controllers\Laporan.php(346): view('page/report/print_penggunaan_obat_pertanggal', [...])
 6 SYSTEMPATH\CodeIgniter.php(933): App\Controllers\Laporan->data_penggunaan_obat_pertanggal()
 7 SYSTEMPATH\CodeIgniter.php(509): CodeIgniter\CodeIgniter->runController(Object(App\Controllers\Laporan))
 8 SYSTEMPATH\CodeIgniter.php(355): CodeIgniter\CodeIgniter->handleRequest(null, Object(Config\Cache), false)
 9 SYSTEMPATH\Boot.php(325): CodeIgniter\CodeIgniter->run()
10 SYSTEMPATH\Boot.php(67): CodeIgniter\Boot::runCodeIgniter(Object(CodeIgniter\CodeIgniter))
11 FCPATH\index.php(56): CodeIgniter\Boot::bootWeb(Object(Config\Paths))
12 SYSTEMPATH\rewrite.php(44): require_once('E:\\Project\\klinik-bersalin\\public\\index.php')
INFO - 2024-07-29 13:20:35 --> Session: Class initialized using 'CodeIgniter\Session\Handlers\FileHandler' driver.
CRITICAL - 2024-07-29 13:20:35 --> ErrorException: Undefined variable $penggunaan_kamar
[Method: POST, Route: print-penggunaan-obat]
in APPPATH\Views\page\report\print_penggunaan_obat_pertanggal.php on line 59.
 1 APPPATH\Views\page\report\print_penggunaan_obat_pertanggal.php(59): CodeIgniter\Debug\Exceptions->errorHandler(2, 'Undefined variable $penggunaan_kamar', 'E:\\Project\\klinik-bersalin\\app\\Views\\page\\report\\print_penggunaan_obat_pertanggal.php', 59)
 2 SYSTEMPATH\View\View.php(234): include('E:\\Project\\klinik-bersalin\\app\\Views\\page\\report\\print_penggunaan_obat_pertanggal.php')
 3 SYSTEMPATH\View\View.php(237): CodeIgniter\View\View->CodeIgniter\View\{closure}()
 4 SYSTEMPATH\Common.php(1171): CodeIgniter\View\View->render('page/report/print_penggunaan_obat_pertanggal', [], true)
 5 APPPATH\Controllers\Laporan.php(346): view('page/report/print_penggunaan_obat_pertanggal', [...])
 6 SYSTEMPATH\CodeIgniter.php(933): App\Controllers\Laporan->data_penggunaan_obat_pertanggal()
 7 SYSTEMPATH\CodeIgniter.php(509): CodeIgniter\CodeIgniter->runController(Object(App\Controllers\Laporan))
 8 SYSTEMPATH\CodeIgniter.php(355): CodeIgniter\CodeIgniter->handleRequest(null, Object(Config\Cache), false)
 9 SYSTEMPATH\Boot.php(325): CodeIgniter\CodeIgniter->run()
10 SYSTEMPATH\Boot.php(67): CodeIgniter\Boot::runCodeIgniter(Object(CodeIgniter\CodeIgniter))
11 FCPATH\index.php(56): CodeIgniter\Boot::bootWeb(Object(Config\Paths))
12 SYSTEMPATH\rewrite.php(44): require_once('E:\\Project\\klinik-bersalin\\public\\index.php')
INFO - 2024-07-29 13:21:49 --> Session: Class initialized using 'CodeIgniter\Session\Handlers\FileHandler' driver.
INFO - 2024-07-29 13:21:55 --> Session: Class initialized using 'CodeIgniter\Session\Handlers\FileHandler' driver.
INFO - 2024-07-29 13:22:16 --> Session: Class initialized using 'CodeIgniter\Session\Handlers\FileHandler' driver.
INFO - 2024-07-29 13:22:29 --> Session: Class initialized using 'CodeIgniter\Session\Handlers\FileHandler' driver.
INFO - 2024-07-29 13:22:55 --> Session: Class initialized using 'CodeIgniter\Session\Handlers\FileHandler' driver.
INFO - 2024-07-29 13:23:23 --> Session: Class initialized using 'CodeIgniter\Session\Handlers\FileHandler' driver.
INFO - 2024-07-29 13:24:23 --> Session: Class initialized using 'CodeIgniter\Session\Handlers\FileHandler' driver.
INFO - 2024-07-29 13:24:56 --> Session: Class initialized using 'CodeIgniter\Session\Handlers\FileHandler' driver.
CRITICAL - 2024-07-29 13:24:56 --> ArgumentCountError: Too few arguments to function App\Controllers\Laporan::data_pembayaran(), 0 passed in E:\Project\klinik-bersalin\system\CodeIgniter.php on line 933 and exactly 1 expected
[Method: POST, Route: print-pembayaran]
in APPPATH\Controllers\Laporan.php on line 160.
 1 SYSTEMPATH\CodeIgniter.php(933): App\Controllers\Laporan->data_pembayaran()
 2 SYSTEMPATH\CodeIgniter.php(509): CodeIgniter\CodeIgniter->runController(Object(App\Controllers\Laporan))
 3 SYSTEMPATH\CodeIgniter.php(355): CodeIgniter\CodeIgniter->handleRequest(null, Object(Config\Cache), false)
 4 SYSTEMPATH\Boot.php(325): CodeIgniter\CodeIgniter->run()
 5 SYSTEMPATH\Boot.php(67): CodeIgniter\Boot::runCodeIgniter(Object(CodeIgniter\CodeIgniter))
 6 FCPATH\index.php(56): CodeIgniter\Boot::bootWeb(Object(Config\Paths))
 7 SYSTEMPATH\rewrite.php(44): require_once('E:\\Project\\klinik-bersalin\\public\\index.php')
INFO - 2024-07-29 13:25:13 --> Session: Class initialized using 'CodeIgniter\Session\Handlers\FileHandler' driver.
INFO - 2024-07-29 13:28:09 --> Session: Class initialized using 'CodeIgniter\Session\Handlers\FileHandler' driver.
CRITICAL - 2024-07-29 13:28:09 --> ErrorException: Undefined variable $rujukan_ibu
[Method: POST, Route: print-pembayaran]
in APPPATH\Views\page\report\print_pembayaran_pertanggal.php on line 59.
 1 APPPATH\Views\page\report\print_pembayaran_pertanggal.php(59): CodeIgniter\Debug\Exceptions->errorHandler(2, 'Undefined variable $rujukan_ibu', 'E:\\Project\\klinik-bersalin\\app\\Views\\page\\report\\print_pembayaran_pertanggal.php', 59)
 2 SYSTEMPATH\View\View.php(234): include('E:\\Project\\klinik-bersalin\\app\\Views\\page\\report\\print_pembayaran_pertanggal.php')
 3 SYSTEMPATH\View\View.php(237): CodeIgniter\View\View->CodeIgniter\View\{closure}()
 4 SYSTEMPATH\Common.php(1171): CodeIgniter\View\View->render('page/report/print_pembayaran_pertanggal', [], true)
 5 APPPATH\Controllers\Laporan.php(361): view('page/report/print_pembayaran_pertanggal', [...])
 6 SYSTEMPATH\CodeIgniter.php(933): App\Controllers\Laporan->print_pembayaran()
 7 SYSTEMPATH\CodeIgniter.php(509): CodeIgniter\CodeIgniter->runController(Object(App\Controllers\Laporan))
 8 SYSTEMPATH\CodeIgniter.php(355): CodeIgniter\CodeIgniter->handleRequest(null, Object(Config\Cache), false)
 9 SYSTEMPATH\Boot.php(325): CodeIgniter\CodeIgniter->run()
10 SYSTEMPATH\Boot.php(67): CodeIgniter\Boot::runCodeIgniter(Object(CodeIgniter\CodeIgniter))
11 FCPATH\index.php(56): CodeIgniter\Boot::bootWeb(Object(Config\Paths))
12 SYSTEMPATH\rewrite.php(44): require_once('E:\\Project\\klinik-bersalin\\public\\index.php')
INFO - 2024-07-29 13:29:52 --> Session: Class initialized using 'CodeIgniter\Session\Handlers\FileHandler' driver.
INFO - 2024-07-29 13:30:10 --> Session: Class initialized using 'CodeIgniter\Session\Handlers\FileHandler' driver.
INFO - 2024-07-29 13:32:37 --> Session: Class initialized using 'CodeIgniter\Session\Handlers\FileHandler' driver.
INFO - 2024-07-29 13:32:38 --> Session: Class initialized using 'CodeIgniter\Session\Handlers\FileHandler' driver.
INFO - 2024-07-29 13:33:10 --> Session: Class initialized using 'CodeIgniter\Session\Handlers\FileHandler' driver.
INFO - 2024-07-29 13:33:10 --> Session: Class initialized using 'CodeIgniter\Session\Handlers\FileHandler' driver.
INFO - 2024-07-29 13:34:03 --> Session: Class initialized using 'CodeIgniter\Session\Handlers\FileHandler' driver.
INFO - 2024-07-29 13:34:32 --> Session: Class initialized using 'CodeIgniter\Session\Handlers\FileHandler' driver.
INFO - 2024-07-29 13:34:32 --> Session: Class initialized using 'CodeIgniter\Session\Handlers\FileHandler' driver.
INFO - 2024-07-29 13:34:36 --> Session: Class initialized using 'CodeIgniter\Session\Handlers\FileHandler' driver.
INFO - 2024-07-29 13:34:37 --> Session: Class initialized using 'CodeIgniter\Session\Handlers\FileHandler' driver.
INFO - 2024-07-29 13:35:02 --> Session: Class initialized using 'CodeIgniter\Session\Handlers\FileHandler' driver.
INFO - 2024-07-29 13:35:08 --> Session: Class initialized using 'CodeIgniter\Session\Handlers\FileHandler' driver.
INFO - 2024-07-29 13:35:14 --> Session: Class initialized using 'CodeIgniter\Session\Handlers\FileHandler' driver.
INFO - 2024-07-29 13:35:55 --> Session: Class initialized using 'CodeIgniter\Session\Handlers\FileHandler' driver.
INFO - 2024-07-29 13:36:18 --> Session: Class initialized using 'CodeIgniter\Session\Handlers\FileHandler' driver.
INFO - 2024-07-29 13:37:45 --> Session: Class initialized using 'CodeIgniter\Session\Handlers\FileHandler' driver.
INFO - 2024-07-29 13:52:33 --> Session: Class initialized using 'CodeIgniter\Session\Handlers\FileHandler' driver.
INFO - 2024-07-29 13:57:19 --> Session: Class initialized using 'CodeIgniter\Session\Handlers\FileHandler' driver.
INFO - 2024-07-29 13:57:25 --> Session: Class initialized using 'CodeIgniter\Session\Handlers\FileHandler' driver.
INFO - 2024-07-29 13:57:25 --> Session: Class initialized using 'CodeIgniter\Session\Handlers\FileHandler' driver.
INFO - 2024-07-29 13:57:48 --> Session: Class initialized using 'CodeIgniter\Session\Handlers\FileHandler' driver.
INFO - 2024-07-29 13:57:49 --> Session: Class initialized using 'CodeIgniter\Session\Handlers\FileHandler' driver.
INFO - 2024-07-29 13:57:59 --> Session: Class initialized using 'CodeIgniter\Session\Handlers\FileHandler' driver.
INFO - 2024-07-29 13:58:04 --> Session: Class initialized using 'CodeIgniter\Session\Handlers\FileHandler' driver.
INFO - 2024-07-29 13:58:26 --> Session: Class initialized using 'CodeIgniter\Session\Handlers\FileHandler' driver.
INFO - 2024-07-29 13:58:27 --> Session: Class initialized using 'CodeIgniter\Session\Handlers\FileHandler' driver.
INFO - 2024-07-29 13:58:36 --> Session: Class initialized using 'CodeIgniter\Session\Handlers\FileHandler' driver.
INFO - 2024-07-29 13:59:00 --> Session: Class initialized using 'CodeIgniter\Session\Handlers\FileHandler' driver.
INFO - 2024-07-29 13:59:00 --> Session: Class initialized using 'CodeIgniter\Session\Handlers\FileHandler' driver.
INFO - 2024-07-29 14:03:14 --> Session: Class initialized using 'CodeIgniter\Session\Handlers\FileHandler' driver.
INFO - 2024-07-29 22:24:27 --> Session: Class initialized using 'CodeIgniter\Session\Handlers\FileHandler' driver.
INFO - 2024-07-29 22:24:35 --> Session: Class initialized using 'CodeIgniter\Session\Handlers\FileHandler' driver.
INFO - 2024-07-29 22:24:36 --> Session: Class initialized using 'CodeIgniter\Session\Handlers\FileHandler' driver.
INFO - 2024-07-29 22:27:01 --> Session: Class initialized using 'CodeIgniter\Session\Handlers\FileHandler' driver.
INFO - 2024-07-29 22:27:04 --> Session: Class initialized using 'CodeIgniter\Session\Handlers\FileHandler' driver.
INFO - 2024-07-29 22:27:16 --> Session: Class initialized using 'CodeIgniter\Session\Handlers\FileHandler' driver.
INFO - 2024-07-29 22:27:16 --> Session: Class initialized using 'CodeIgniter\Session\Handlers\FileHandler' driver.
INFO - 2024-07-29 22:27:18 --> Session: Class initialized using 'CodeIgniter\Session\Handlers\FileHandler' driver.
INFO - 2024-07-29 22:27:18 --> Session: Class initialized using 'CodeIgniter\Session\Handlers\FileHandler' driver.
INFO - 2024-07-29 22:27:29 --> Session: Class initialized using 'CodeIgniter\Session\Handlers\FileHandler' driver.
INFO - 2024-07-29 22:27:30 --> Session: Class initialized using 'CodeIgniter\Session\Handlers\FileHandler' driver.
INFO - 2024-07-29 22:27:35 --> Session: Class initialized using 'CodeIgniter\Session\Handlers\FileHandler' driver.
INFO - 2024-07-29 22:27:35 --> Session: Class initialized using 'CodeIgniter\Session\Handlers\FileHandler' driver.
INFO - 2024-07-29 22:27:46 --> Session: Class initialized using 'CodeIgniter\Session\Handlers\FileHandler' driver.
INFO - 2024-07-29 22:27:46 --> Session: Class initialized using 'CodeIgniter\Session\Handlers\FileHandler' driver.
INFO - 2024-07-29 22:27:49 --> Session: Class initialized using 'CodeIgniter\Session\Handlers\FileHandler' driver.
INFO - 2024-07-29 22:27:52 --> Session: Class initialized using 'CodeIgniter\Session\Handlers\FileHandler' driver.
INFO - 2024-07-29 22:29:16 --> Session: Class initialized using 'CodeIgniter\Session\Handlers\FileHandler' driver.
INFO - 2024-07-29 22:29:19 --> Session: Class initialized using 'CodeIgniter\Session\Handlers\FileHandler' driver.
INFO - 2024-07-29 22:33:47 --> Session: Class initialized using 'CodeIgniter\Session\Handlers\FileHandler' driver.
INFO - 2024-07-29 22:34:06 --> Session: Class initialized using 'CodeIgniter\Session\Handlers\FileHandler' driver.
INFO - 2024-07-29 22:34:41 --> Session: Class initialized using 'CodeIgniter\Session\Handlers\FileHandler' driver.
INFO - 2024-07-29 22:35:44 --> Session: Class initialized using 'CodeIgniter\Session\Handlers\FileHandler' driver.
INFO - 2024-07-29 22:36:00 --> Session: Class initialized using 'CodeIgniter\Session\Handlers\FileHandler' driver.
INFO - 2024-07-29 22:36:26 --> Session: Class initialized using 'CodeIgniter\Session\Handlers\FileHandler' driver.
INFO - 2024-07-29 22:36:56 --> Session: Class initialized using 'CodeIgniter\Session\Handlers\FileHandler' driver.
INFO - 2024-07-29 22:37:12 --> Session: Class initialized using 'CodeIgniter\Session\Handlers\FileHandler' driver.
INFO - 2024-07-29 22:39:39 --> Session: Class initialized using 'CodeIgniter\Session\Handlers\FileHandler' driver.
INFO - 2024-07-29 22:39:41 --> Session: Class initialized using 'CodeIgniter\Session\Handlers\FileHandler' driver.
INFO - 2024-07-29 22:41:10 --> Session: Class initialized using 'CodeIgniter\Session\Handlers\FileHandler' driver.
INFO - 2024-07-29 22:52:19 --> Session: Class initialized using 'CodeIgniter\Session\Handlers\FileHandler' driver.
INFO - 2024-07-29 22:56:26 --> Session: Class initialized using 'CodeIgniter\Session\Handlers\FileHandler' driver.
INFO - 2024-07-29 23:02:01 --> Session: Class initialized using 'CodeIgniter\Session\Handlers\FileHandler' driver.
INFO - 2024-07-29 23:07:17 --> Session: Class initialized using 'CodeIgniter\Session\Handlers\FileHandler' driver.
INFO - 2024-07-29 23:08:50 --> Session: Class initialized using 'CodeIgniter\Session\Handlers\FileHandler' driver.
INFO - 2024-07-29 23:18:20 --> Session: Class initialized using 'CodeIgniter\Session\Handlers\FileHandler' driver.
INFO - 2024-07-29 23:18:22 --> Session: Class initialized using 'CodeIgniter\Session\Handlers\FileHandler' driver.
INFO - 2024-07-29 23:18:25 --> Session: Class initialized using 'CodeIgniter\Session\Handlers\FileHandler' driver.
INFO - 2024-07-29 23:22:04 --> Session: Class initialized using 'CodeIgniter\Session\Handlers\FileHandler' driver.
INFO - 2024-07-29 23:29:39 --> Session: Class initialized using 'CodeIgniter\Session\Handlers\FileHandler' driver.
INFO - 2024-07-29 23:39:08 --> Session: Class initialized using 'CodeIgniter\Session\Handlers\FileHandler' driver.
INFO - 2024-07-29 23:45:56 --> Session: Class initialized using 'CodeIgniter\Session\Handlers\FileHandler' driver.
INFO - 2024-07-29 23:47:31 --> Session: Class initialized using 'CodeIgniter\Session\Handlers\FileHandler' driver.
