INFO - 2024-07-16 00:16:54 --> Session: Class initialized using 'CodeIgniter\Session\Handlers\FileHandler' driver.
INFO - 2024-07-16 00:16:55 --> Session: Class initialized using 'CodeIgniter\Session\Handlers\FileHandler' driver.
INFO - 2024-07-16 00:17:10 --> Session: Class initialized using 'CodeIgniter\Session\Handlers\FileHandler' driver.
INFO - 2024-07-16 00:17:11 --> Session: Class initialized using 'CodeIgniter\Session\Handlers\FileHandler' driver.
INFO - 2024-07-16 00:18:11 --> Session: Class initialized using 'CodeIgniter\Session\Handlers\FileHandler' driver.
INFO - 2024-07-16 00:18:16 --> Session: Class initialized using 'CodeIgniter\Session\Handlers\FileHandler' driver.
CRITICAL - 2024-07-16 00:18:16 --> ErrorException: Undefined array key "bayiRM"
[Method: GET, Route: view-bayis/BYI001]
in APPPATH\Views\page\content\form\view_bayis.php on line 20.
 1 APPPATH\Views\page\content\form\view_bayis.php(20): CodeIgniter\Debug\Exceptions->errorHandler(2, 'Undefined array key "bayiRM"', 'E:\\Project\\klinik-bersalin\\app\\Views\\page\\content\\form\\view_bayis.php', 20)
 2 SYSTEMPATH\View\View.php(234): include('E:\\Project\\klinik-bersalin\\app\\Views\\page\\content\\form\\view_bayis.php')
 3 SYSTEMPATH\View\View.php(237): CodeIgniter\View\View->CodeIgniter\View\{closure}()
 4 SYSTEMPATH\Common.php(1171): CodeIgniter\View\View->render('page/content/form/view_bayis', [], true)
 5 APPPATH\Controllers\Menu.php(334): view('page/content/form/view_bayis', [...])
 6 SYSTEMPATH\CodeIgniter.php(933): App\Controllers\Menu->view_bayis('BYI001')
 7 SYSTEMPATH\CodeIgniter.php(509): CodeIgniter\CodeIgniter->runController(Object(App\Controllers\Menu))
 8 SYSTEMPATH\CodeIgniter.php(355): CodeIgniter\CodeIgniter->handleRequest(null, Object(Config\Cache), false)
 9 SYSTEMPATH\Boot.php(325): CodeIgniter\CodeIgniter->run()
10 SYSTEMPATH\Boot.php(67): CodeIgniter\Boot::runCodeIgniter(Object(CodeIgniter\CodeIgniter))
11 FCPATH\index.php(56): CodeIgniter\Boot::bootWeb(Object(Config\Paths))
12 SYSTEMPATH\rewrite.php(44): require_once('E:\\Project\\klinik-bersalin\\public\\index.php')
INFO - 2024-07-16 00:19:33 --> Session: Class initialized using 'CodeIgniter\Session\Handlers\FileHandler' driver.
CRITICAL - 2024-07-16 00:19:33 --> ErrorException: Undefined array key "bayiNIK"
[Method: GET, Route: view-bayis/BYI001]
in APPPATH\Views\page\content\form\view_bayis.php on line 32.
 1 APPPATH\Views\page\content\form\view_bayis.php(32): CodeIgniter\Debug\Exceptions->errorHandler(2, 'Undefined array key "bayiNIK"', 'E:\\Project\\klinik-bersalin\\app\\Views\\page\\content\\form\\view_bayis.php', 32)
 2 SYSTEMPATH\View\View.php(234): include('E:\\Project\\klinik-bersalin\\app\\Views\\page\\content\\form\\view_bayis.php')
 3 SYSTEMPATH\View\View.php(237): CodeIgniter\View\View->CodeIgniter\View\{closure}()
 4 SYSTEMPATH\Common.php(1171): CodeIgniter\View\View->render('page/content/form/view_bayis', [], true)
 5 APPPATH\Controllers\Menu.php(334): view('page/content/form/view_bayis', [...])
 6 SYSTEMPATH\CodeIgniter.php(933): App\Controllers\Menu->view_bayis('BYI001')
 7 SYSTEMPATH\CodeIgniter.php(509): CodeIgniter\CodeIgniter->runController(Object(App\Controllers\Menu))
 8 SYSTEMPATH\CodeIgniter.php(355): CodeIgniter\CodeIgniter->handleRequest(null, Object(Config\Cache), false)
 9 SYSTEMPATH\Boot.php(325): CodeIgniter\CodeIgniter->run()
10 SYSTEMPATH\Boot.php(67): CodeIgniter\Boot::runCodeIgniter(Object(CodeIgniter\CodeIgniter))
11 FCPATH\index.php(56): CodeIgniter\Boot::bootWeb(Object(Config\Paths))
12 SYSTEMPATH\rewrite.php(44): require_once('E:\\Project\\klinik-bersalin\\public\\index.php')
INFO - 2024-07-16 00:20:35 --> Session: Class initialized using 'CodeIgniter\Session\Handlers\FileHandler' driver.
INFO - 2024-07-16 00:20:39 --> Session: Class initialized using 'CodeIgniter\Session\Handlers\FileHandler' driver.
INFO - 2024-07-16 00:20:44 --> Session: Class initialized using 'CodeIgniter\Session\Handlers\FileHandler' driver.
INFO - 2024-07-16 00:22:43 --> Session: Class initialized using 'CodeIgniter\Session\Handlers\FileHandler' driver.
INFO - 2024-07-16 00:22:46 --> Session: Class initialized using 'CodeIgniter\Session\Handlers\FileHandler' driver.
INFO - 2024-07-16 00:23:16 --> Session: Class initialized using 'CodeIgniter\Session\Handlers\FileHandler' driver.
INFO - 2024-07-16 00:23:33 --> Session: Class initialized using 'CodeIgniter\Session\Handlers\FileHandler' driver.
INFO - 2024-07-16 00:23:48 --> Session: Class initialized using 'CodeIgniter\Session\Handlers\FileHandler' driver.
INFO - 2024-07-16 00:24:25 --> Session: Class initialized using 'CodeIgniter\Session\Handlers\FileHandler' driver.
CRITICAL - 2024-07-16 00:24:25 --> ErrorException: Undefined variable $ibu
[Method: GET, Route: view-bayis/BYI001]
in APPPATH\Views\page\content\form\view_bayis.php on line 151.
 1 APPPATH\Views\page\content\form\view_bayis.php(151): CodeIgniter\Debug\Exceptions->errorHandler(2, 'Undefined variable $ibu', 'E:\\Project\\klinik-bersalin\\app\\Views\\page\\content\\form\\view_bayis.php', 151)
 2 SYSTEMPATH\View\View.php(234): include('E:\\Project\\klinik-bersalin\\app\\Views\\page\\content\\form\\view_bayis.php')
 3 SYSTEMPATH\View\View.php(237): CodeIgniter\View\View->CodeIgniter\View\{closure}()
 4 SYSTEMPATH\Common.php(1171): CodeIgniter\View\View->render('page/content/form/view_bayis', [], true)
 5 APPPATH\Controllers\Menu.php(334): view('page/content/form/view_bayis', [...])
 6 SYSTEMPATH\CodeIgniter.php(933): App\Controllers\Menu->view_bayis('BYI001')
 7 SYSTEMPATH\CodeIgniter.php(509): CodeIgniter\CodeIgniter->runController(Object(App\Controllers\Menu))
 8 SYSTEMPATH\CodeIgniter.php(355): CodeIgniter\CodeIgniter->handleRequest(null, Object(Config\Cache), false)
 9 SYSTEMPATH\Boot.php(325): CodeIgniter\CodeIgniter->run()
10 SYSTEMPATH\Boot.php(67): CodeIgniter\Boot::runCodeIgniter(Object(CodeIgniter\CodeIgniter))
11 FCPATH\index.php(56): CodeIgniter\Boot::bootWeb(Object(Config\Paths))
12 SYSTEMPATH\rewrite.php(44): require_once('E:\\Project\\klinik-bersalin\\public\\index.php')
INFO - 2024-07-16 00:24:41 --> Session: Class initialized using 'CodeIgniter\Session\Handlers\FileHandler' driver.
INFO - 2024-07-16 00:25:31 --> Session: Class initialized using 'CodeIgniter\Session\Handlers\FileHandler' driver.
INFO - 2024-07-16 00:25:40 --> Session: Class initialized using 'CodeIgniter\Session\Handlers\FileHandler' driver.
INFO - 2024-07-16 00:26:27 --> Session: Class initialized using 'CodeIgniter\Session\Handlers\FileHandler' driver.
INFO - 2024-07-16 00:26:55 --> Session: Class initialized using 'CodeIgniter\Session\Handlers\FileHandler' driver.
INFO - 2024-07-16 00:27:03 --> Session: Class initialized using 'CodeIgniter\Session\Handlers\FileHandler' driver.
CRITICAL - 2024-07-16 00:27:04 --> CodeIgniter\View\Exceptions\ViewException: Invalid file: "page/content/form/edit_bayis.php"
[Method: GET, Route: edit-bayis/BYI001]
in SYSTEMPATH\Exceptions\FrameworkException.php on line 41.
 1 SYSTEMPATH\View\View.php(222): CodeIgniter\Exceptions\FrameworkException::forInvalidFile('page/content/form/edit_bayis.php')
 2 SYSTEMPATH\Common.php(1171): CodeIgniter\View\View->render('page/content/form/edit_bayis', [], true)
 3 APPPATH\Controllers\Menu.php(324): view('page/content/form/edit_bayis', [...])
 4 SYSTEMPATH\CodeIgniter.php(933): App\Controllers\Menu->edit_bayis('BYI001')
 5 SYSTEMPATH\CodeIgniter.php(509): CodeIgniter\CodeIgniter->runController(Object(App\Controllers\Menu))
 6 SYSTEMPATH\CodeIgniter.php(355): CodeIgniter\CodeIgniter->handleRequest(null, Object(Config\Cache), false)
 7 SYSTEMPATH\Boot.php(325): CodeIgniter\CodeIgniter->run()
 8 SYSTEMPATH\Boot.php(67): CodeIgniter\Boot::runCodeIgniter(Object(CodeIgniter\CodeIgniter))
 9 FCPATH\index.php(56): CodeIgniter\Boot::bootWeb(Object(Config\Paths))
10 SYSTEMPATH\rewrite.php(44): require_once('E:\\Project\\klinik-bersalin\\public\\index.php')
INFO - 2024-07-16 00:29:42 --> Session: Class initialized using 'CodeIgniter\Session\Handlers\FileHandler' driver.
INFO - 2024-07-16 00:30:02 --> Session: Class initialized using 'CodeIgniter\Session\Handlers\FileHandler' driver.
INFO - 2024-07-16 00:30:30 --> Session: Class initialized using 'CodeIgniter\Session\Handlers\FileHandler' driver.
INFO - 2024-07-16 00:31:10 --> Session: Class initialized using 'CodeIgniter\Session\Handlers\FileHandler' driver.
CRITICAL - 2024-07-16 00:31:10 --> ErrorException: Undefined variable $ibus
[Method: GET, Route: edit-bayis/BYI001]
in APPPATH\Views\page\content\form\edit_bayis.php on line 46.
 1 APPPATH\Views\page\content\form\edit_bayis.php(46): CodeIgniter\Debug\Exceptions->errorHandler(2, 'Undefined variable $ibus', 'E:\\Project\\klinik-bersalin\\app\\Views\\page\\content\\form\\edit_bayis.php', 46)
 2 SYSTEMPATH\View\View.php(234): include('E:\\Project\\klinik-bersalin\\app\\Views\\page\\content\\form\\edit_bayis.php')
 3 SYSTEMPATH\View\View.php(237): CodeIgniter\View\View->CodeIgniter\View\{closure}()
 4 SYSTEMPATH\Common.php(1171): CodeIgniter\View\View->render('page/content/form/edit_bayis', [], true)
 5 APPPATH\Controllers\Menu.php(324): view('page/content/form/edit_bayis', [...])
 6 SYSTEMPATH\CodeIgniter.php(933): App\Controllers\Menu->edit_bayis('BYI001')
 7 SYSTEMPATH\CodeIgniter.php(509): CodeIgniter\CodeIgniter->runController(Object(App\Controllers\Menu))
 8 SYSTEMPATH\CodeIgniter.php(355): CodeIgniter\CodeIgniter->handleRequest(null, Object(Config\Cache), false)
 9 SYSTEMPATH\Boot.php(325): CodeIgniter\CodeIgniter->run()
10 SYSTEMPATH\Boot.php(67): CodeIgniter\Boot::runCodeIgniter(Object(CodeIgniter\CodeIgniter))
11 FCPATH\index.php(56): CodeIgniter\Boot::bootWeb(Object(Config\Paths))
12 SYSTEMPATH\rewrite.php(44): require_once('E:\\Project\\klinik-bersalin\\public\\index.php')
INFO - 2024-07-16 00:31:19 --> Session: Class initialized using 'CodeIgniter\Session\Handlers\FileHandler' driver.
INFO - 2024-07-16 00:31:44 --> Session: Class initialized using 'CodeIgniter\Session\Handlers\FileHandler' driver.
INFO - 2024-07-16 00:34:26 --> Session: Class initialized using 'CodeIgniter\Session\Handlers\FileHandler' driver.
INFO - 2024-07-16 00:35:10 --> Session: Class initialized using 'CodeIgniter\Session\Handlers\FileHandler' driver.
INFO - 2024-07-16 00:35:17 --> Session: Class initialized using 'CodeIgniter\Session\Handlers\FileHandler' driver.
INFO - 2024-07-16 00:35:17 --> Session: Class initialized using 'CodeIgniter\Session\Handlers\FileHandler' driver.
INFO - 2024-07-16 00:35:21 --> Session: Class initialized using 'CodeIgniter\Session\Handlers\FileHandler' driver.
INFO - 2024-07-16 00:35:29 --> Session: Class initialized using 'CodeIgniter\Session\Handlers\FileHandler' driver.
INFO - 2024-07-16 00:35:29 --> Session: Class initialized using 'CodeIgniter\Session\Handlers\FileHandler' driver.
INFO - 2024-07-16 00:37:08 --> Session: Class initialized using 'CodeIgniter\Session\Handlers\FileHandler' driver.
INFO - 2024-07-16 00:37:13 --> Session: Class initialized using 'CodeIgniter\Session\Handlers\FileHandler' driver.
INFO - 2024-07-16 00:37:13 --> Session: Class initialized using 'CodeIgniter\Session\Handlers\FileHandler' driver.
INFO - 2024-07-16 00:37:16 --> Session: Class initialized using 'CodeIgniter\Session\Handlers\FileHandler' driver.
INFO - 2024-07-16 00:38:05 --> Session: Class initialized using 'CodeIgniter\Session\Handlers\FileHandler' driver.
INFO - 2024-07-16 00:38:21 --> Session: Class initialized using 'CodeIgniter\Session\Handlers\FileHandler' driver.
INFO - 2024-07-16 00:38:21 --> Session: Class initialized using 'CodeIgniter\Session\Handlers\FileHandler' driver.
INFO - 2024-07-16 00:44:54 --> Session: Class initialized using 'CodeIgniter\Session\Handlers\FileHandler' driver.
INFO - 2024-07-16 00:45:11 --> Session: Class initialized using 'CodeIgniter\Session\Handlers\FileHandler' driver.
INFO - 2024-07-16 00:45:38 --> Session: Class initialized using 'CodeIgniter\Session\Handlers\FileHandler' driver.
INFO - 2024-07-16 00:45:38 --> Session: Class initialized using 'CodeIgniter\Session\Handlers\FileHandler' driver.
INFO - 2024-07-16 00:46:35 --> Session: Class initialized using 'CodeIgniter\Session\Handlers\FileHandler' driver.
INFO - 2024-07-16 00:47:00 --> Session: Class initialized using 'CodeIgniter\Session\Handlers\FileHandler' driver.
INFO - 2024-07-16 00:47:32 --> Session: Class initialized using 'CodeIgniter\Session\Handlers\FileHandler' driver.
INFO - 2024-07-16 00:48:55 --> Session: Class initialized using 'CodeIgniter\Session\Handlers\FileHandler' driver.
CRITICAL - 2024-07-16 00:48:55 --> ParseError: syntax error, unexpected token "public", expecting "," or ";"
[Method: GET, Route: rujukan-bayi]
in APPPATH\Controllers\Menu.php on line 28.
 1 SYSTEMPATH\Autoloader\Autoloader.php(296): CodeIgniter\Autoloader\Autoloader->includeFile('E:\\Project\\klinik-bersalin\\app\\Controllers\\Menu.php')
 2 SYSTEMPATH\Autoloader\Autoloader.php(272): CodeIgniter\Autoloader\Autoloader->loadInNamespace('App\\Controllers\\Menu')
 3 [internal function]: CodeIgniter\Autoloader\Autoloader->loadClass('App\\Controllers\\Menu')
 4 SYSTEMPATH\CodeIgniter.php(887): class_exists('\\App\\Controllers\\Menu', true)
 5 SYSTEMPATH\CodeIgniter.php(496): CodeIgniter\CodeIgniter->startController()
 6 SYSTEMPATH\CodeIgniter.php(355): CodeIgniter\CodeIgniter->handleRequest(null, Object(Config\Cache), false)
 7 SYSTEMPATH\Boot.php(325): CodeIgniter\CodeIgniter->run()
 8 SYSTEMPATH\Boot.php(67): CodeIgniter\Boot::runCodeIgniter(Object(CodeIgniter\CodeIgniter))
 9 FCPATH\index.php(56): CodeIgniter\Boot::bootWeb(Object(Config\Paths))
10 SYSTEMPATH\rewrite.php(44): require_once('E:\\Project\\klinik-bersalin\\public\\index.php')
INFO - 2024-07-16 00:49:05 --> Session: Class initialized using 'CodeIgniter\Session\Handlers\FileHandler' driver.
ERROR - 2024-07-16 00:49:05 --> mysqli_sql_exception: Unknown column 'rujukan_bayi.deleted_at' in 'where clause' in E:\Project\klinik-bersalin\system\Database\MySQLi\Connection.php:312
Stack trace:
#0 E:\Project\klinik-bersalin\system\Database\MySQLi\Connection.php(312): mysqli->query('SELECT *\nFROM `...', 0)
#1 E:\Project\klinik-bersalin\system\Database\BaseConnection.php(734): CodeIgniter\Database\MySQLi\Connection->execute('SELECT *\nFROM `...')
#2 E:\Project\klinik-bersalin\system\Database\BaseConnection.php(648): CodeIgniter\Database\BaseConnection->simpleQuery('SELECT *\nFROM `...')
#3 E:\Project\klinik-bersalin\system\Database\BaseBuilder.php(1636): CodeIgniter\Database\BaseConnection->query('SELECT *\nFROM `...', Array, false)
#4 E:\Project\klinik-bersalin\system\Model.php(286): CodeIgniter\Database\BaseBuilder->get()
#5 E:\Project\klinik-bersalin\system\BaseModel.php(676): CodeIgniter\Model->doFindAll(0, 0)
#6 E:\Project\klinik-bersalin\app\Controllers\Menu.php(305): CodeIgniter\BaseModel->findAll()
#7 E:\Project\klinik-bersalin\system\CodeIgniter.php(933): App\Controllers\Menu->rujukan_bayi()
#8 E:\Project\klinik-bersalin\system\CodeIgniter.php(509): CodeIgniter\CodeIgniter->runController(Object(App\Controllers\Menu))
#9 E:\Project\klinik-bersalin\system\CodeIgniter.php(355): CodeIgniter\CodeIgniter->handleRequest(NULL, Object(Config\Cache), false)
#10 E:\Project\klinik-bersalin\system\Boot.php(325): CodeIgniter\CodeIgniter->run()
#11 E:\Project\klinik-bersalin\system\Boot.php(67): CodeIgniter\Boot::runCodeIgniter(Object(CodeIgniter\CodeIgniter))
#12 E:\Project\klinik-bersalin\public\index.php(56): CodeIgniter\Boot::bootWeb(Object(Config\Paths))
#13 E:\Project\klinik-bersalin\system\rewrite.php(44): require_once('E:\\Project\\klin...')
#14 {main}
CRITICAL - 2024-07-16 00:49:05 --> CodeIgniter\Database\Exceptions\DatabaseException: Unknown column 'rujukan_bayi.deleted_at' in 'where clause'
[Method: GET, Route: rujukan-bayi]
in SYSTEMPATH\Database\BaseConnection.php on line 688.
 1 SYSTEMPATH\Database\BaseBuilder.php(1636): CodeIgniter\Database\BaseConnection->query('SELECT *
FROM `rujukan_bayi`
JOIN `bayi` ON `bayi`.`bayiID` = `rujukan_bayi`.`bayiID`
WHERE `rujukan_bayi`.`deleted_at` IS NULL', [], false)
 2 SYSTEMPATH\Model.php(286): CodeIgniter\Database\BaseBuilder->get()
 3 SYSTEMPATH\BaseModel.php(676): CodeIgniter\Model->doFindAll(0, 0)
 4 APPPATH\Controllers\Menu.php(305): CodeIgniter\BaseModel->findAll()
 5 SYSTEMPATH\CodeIgniter.php(933): App\Controllers\Menu->rujukan_bayi()
 6 SYSTEMPATH\CodeIgniter.php(509): CodeIgniter\CodeIgniter->runController(Object(App\Controllers\Menu))
 7 SYSTEMPATH\CodeIgniter.php(355): CodeIgniter\CodeIgniter->handleRequest(null, Object(Config\Cache), false)
 8 SYSTEMPATH\Boot.php(325): CodeIgniter\CodeIgniter->run()
 9 SYSTEMPATH\Boot.php(67): CodeIgniter\Boot::runCodeIgniter(Object(CodeIgniter\CodeIgniter))
10 FCPATH\index.php(56): CodeIgniter\Boot::bootWeb(Object(Config\Paths))
11 SYSTEMPATH\rewrite.php(44): require_once('E:\\Project\\klinik-bersalin\\public\\index.php')
CRITICAL - 2024-07-16 00:49:05 --> [Caused by] CodeIgniter\Database\Exceptions\DatabaseException: Unknown column 'rujukan_bayi.deleted_at' in 'where clause'
in SYSTEMPATH\Database\MySQLi\Connection.php on line 317.
 1 SYSTEMPATH\Database\BaseConnection.php(734): CodeIgniter\Database\MySQLi\Connection->execute('SELECT *
FROM `rujukan_bayi`
JOIN `bayi` ON `bayi`.`bayiID` = `rujukan_bayi`.`bayiID`
WHERE `rujukan_bayi`.`deleted_at` IS NULL')
 2 SYSTEMPATH\Database\BaseConnection.php(648): CodeIgniter\Database\BaseConnection->simpleQuery('SELECT *
FROM `rujukan_bayi`
JOIN `bayi` ON `bayi`.`bayiID` = `rujukan_bayi`.`bayiID`
WHERE `rujukan_bayi`.`deleted_at` IS NULL')
 3 SYSTEMPATH\Database\BaseBuilder.php(1636): CodeIgniter\Database\BaseConnection->query('SELECT *
FROM `rujukan_bayi`
JOIN `bayi` ON `bayi`.`bayiID` = `rujukan_bayi`.`bayiID`
WHERE `rujukan_bayi`.`deleted_at` IS NULL', [], false)
 4 SYSTEMPATH\Model.php(286): CodeIgniter\Database\BaseBuilder->get()
 5 SYSTEMPATH\BaseModel.php(676): CodeIgniter\Model->doFindAll(0, 0)
 6 APPPATH\Controllers\Menu.php(305): CodeIgniter\BaseModel->findAll()
 7 SYSTEMPATH\CodeIgniter.php(933): App\Controllers\Menu->rujukan_bayi()
 8 SYSTEMPATH\CodeIgniter.php(509): CodeIgniter\CodeIgniter->runController(Object(App\Controllers\Menu))
 9 SYSTEMPATH\CodeIgniter.php(355): CodeIgniter\CodeIgniter->handleRequest(null, Object(Config\Cache), false)
10 SYSTEMPATH\Boot.php(325): CodeIgniter\CodeIgniter->run()
11 SYSTEMPATH\Boot.php(67): CodeIgniter\Boot::runCodeIgniter(Object(CodeIgniter\CodeIgniter))
12 FCPATH\index.php(56): CodeIgniter\Boot::bootWeb(Object(Config\Paths))
13 SYSTEMPATH\rewrite.php(44): require_once('E:\\Project\\klinik-bersalin\\public\\index.php')
CRITICAL - 2024-07-16 00:49:05 --> [Caused by] mysqli_sql_exception: Unknown column 'rujukan_bayi.deleted_at' in 'where clause'
in SYSTEMPATH\Database\MySQLi\Connection.php on line 312.
 1 SYSTEMPATH\Database\MySQLi\Connection.php(312): mysqli->query('SELECT *
FROM `rujukan_bayi`
JOIN `bayi` ON `bayi`.`bayiID` = `rujukan_bayi`.`bayiID`
WHERE `rujukan_bayi`.`deleted_at` IS NULL', 0)
 2 SYSTEMPATH\Database\BaseConnection.php(734): CodeIgniter\Database\MySQLi\Connection->execute('SELECT *
FROM `rujukan_bayi`
JOIN `bayi` ON `bayi`.`bayiID` = `rujukan_bayi`.`bayiID`
WHERE `rujukan_bayi`.`deleted_at` IS NULL')
 3 SYSTEMPATH\Database\BaseConnection.php(648): CodeIgniter\Database\BaseConnection->simpleQuery('SELECT *
FROM `rujukan_bayi`
JOIN `bayi` ON `bayi`.`bayiID` = `rujukan_bayi`.`bayiID`
WHERE `rujukan_bayi`.`deleted_at` IS NULL')
 4 SYSTEMPATH\Database\BaseBuilder.php(1636): CodeIgniter\Database\BaseConnection->query('SELECT *
FROM `rujukan_bayi`
JOIN `bayi` ON `bayi`.`bayiID` = `rujukan_bayi`.`bayiID`
WHERE `rujukan_bayi`.`deleted_at` IS NULL', [], false)
 5 SYSTEMPATH\Model.php(286): CodeIgniter\Database\BaseBuilder->get()
 6 SYSTEMPATH\BaseModel.php(676): CodeIgniter\Model->doFindAll(0, 0)
 7 APPPATH\Controllers\Menu.php(305): CodeIgniter\BaseModel->findAll()
 8 SYSTEMPATH\CodeIgniter.php(933): App\Controllers\Menu->rujukan_bayi()
 9 SYSTEMPATH\CodeIgniter.php(509): CodeIgniter\CodeIgniter->runController(Object(App\Controllers\Menu))
10 SYSTEMPATH\CodeIgniter.php(355): CodeIgniter\CodeIgniter->handleRequest(null, Object(Config\Cache), false)
11 SYSTEMPATH\Boot.php(325): CodeIgniter\CodeIgniter->run()
12 SYSTEMPATH\Boot.php(67): CodeIgniter\Boot::runCodeIgniter(Object(CodeIgniter\CodeIgniter))
13 FCPATH\index.php(56): CodeIgniter\Boot::bootWeb(Object(Config\Paths))
14 SYSTEMPATH\rewrite.php(44): require_once('E:\\Project\\klinik-bersalin\\public\\index.php')
INFO - 2024-07-16 00:49:30 --> Session: Class initialized using 'CodeIgniter\Session\Handlers\FileHandler' driver.
ERROR - 2024-07-16 00:49:30 --> mysqli_sql_exception: Unknown column 'rujukan_bayi.deleted_at' in 'where clause' in E:\Project\klinik-bersalin\system\Database\MySQLi\Connection.php:312
Stack trace:
#0 E:\Project\klinik-bersalin\system\Database\MySQLi\Connection.php(312): mysqli->query('SELECT *\nFROM `...', 0)
#1 E:\Project\klinik-bersalin\system\Database\BaseConnection.php(734): CodeIgniter\Database\MySQLi\Connection->execute('SELECT *\nFROM `...')
#2 E:\Project\klinik-bersalin\system\Database\BaseConnection.php(648): CodeIgniter\Database\BaseConnection->simpleQuery('SELECT *\nFROM `...')
#3 E:\Project\klinik-bersalin\system\Database\BaseBuilder.php(1636): CodeIgniter\Database\BaseConnection->query('SELECT *\nFROM `...', Array, false)
#4 E:\Project\klinik-bersalin\system\Model.php(286): CodeIgniter\Database\BaseBuilder->get()
#5 E:\Project\klinik-bersalin\system\BaseModel.php(676): CodeIgniter\Model->doFindAll(0, 0)
#6 E:\Project\klinik-bersalin\app\Controllers\Menu.php(305): CodeIgniter\BaseModel->findAll()
#7 E:\Project\klinik-bersalin\system\CodeIgniter.php(933): App\Controllers\Menu->rujukan_bayi()
#8 E:\Project\klinik-bersalin\system\CodeIgniter.php(509): CodeIgniter\CodeIgniter->runController(Object(App\Controllers\Menu))
#9 E:\Project\klinik-bersalin\system\CodeIgniter.php(355): CodeIgniter\CodeIgniter->handleRequest(NULL, Object(Config\Cache), false)
#10 E:\Project\klinik-bersalin\system\Boot.php(325): CodeIgniter\CodeIgniter->run()
#11 E:\Project\klinik-bersalin\system\Boot.php(67): CodeIgniter\Boot::runCodeIgniter(Object(CodeIgniter\CodeIgniter))
#12 E:\Project\klinik-bersalin\public\index.php(56): CodeIgniter\Boot::bootWeb(Object(Config\Paths))
#13 E:\Project\klinik-bersalin\system\rewrite.php(44): require_once('E:\\Project\\klin...')
#14 {main}
CRITICAL - 2024-07-16 00:49:30 --> CodeIgniter\Database\Exceptions\DatabaseException: Unknown column 'rujukan_bayi.deleted_at' in 'where clause'
[Method: GET, Route: rujukan-bayi]
in SYSTEMPATH\Database\BaseConnection.php on line 688.
 1 SYSTEMPATH\Database\BaseBuilder.php(1636): CodeIgniter\Database\BaseConnection->query('SELECT *
FROM `rujukan_bayi`
JOIN `bayi` ON `bayi`.`bayiID` = `rujukan_bayi`.`bayiID`
WHERE `rujukan_bayi`.`deleted_at` IS NULL', [], false)
 2 SYSTEMPATH\Model.php(286): CodeIgniter\Database\BaseBuilder->get()
 3 SYSTEMPATH\BaseModel.php(676): CodeIgniter\Model->doFindAll(0, 0)
 4 APPPATH\Controllers\Menu.php(305): CodeIgniter\BaseModel->findAll()
 5 SYSTEMPATH\CodeIgniter.php(933): App\Controllers\Menu->rujukan_bayi()
 6 SYSTEMPATH\CodeIgniter.php(509): CodeIgniter\CodeIgniter->runController(Object(App\Controllers\Menu))
 7 SYSTEMPATH\CodeIgniter.php(355): CodeIgniter\CodeIgniter->handleRequest(null, Object(Config\Cache), false)
 8 SYSTEMPATH\Boot.php(325): CodeIgniter\CodeIgniter->run()
 9 SYSTEMPATH\Boot.php(67): CodeIgniter\Boot::runCodeIgniter(Object(CodeIgniter\CodeIgniter))
10 FCPATH\index.php(56): CodeIgniter\Boot::bootWeb(Object(Config\Paths))
11 SYSTEMPATH\rewrite.php(44): require_once('E:\\Project\\klinik-bersalin\\public\\index.php')
CRITICAL - 2024-07-16 00:49:30 --> [Caused by] CodeIgniter\Database\Exceptions\DatabaseException: Unknown column 'rujukan_bayi.deleted_at' in 'where clause'
in SYSTEMPATH\Database\MySQLi\Connection.php on line 317.
 1 SYSTEMPATH\Database\BaseConnection.php(734): CodeIgniter\Database\MySQLi\Connection->execute('SELECT *
FROM `rujukan_bayi`
JOIN `bayi` ON `bayi`.`bayiID` = `rujukan_bayi`.`bayiID`
WHERE `rujukan_bayi`.`deleted_at` IS NULL')
 2 SYSTEMPATH\Database\BaseConnection.php(648): CodeIgniter\Database\BaseConnection->simpleQuery('SELECT *
FROM `rujukan_bayi`
JOIN `bayi` ON `bayi`.`bayiID` = `rujukan_bayi`.`bayiID`
WHERE `rujukan_bayi`.`deleted_at` IS NULL')
 3 SYSTEMPATH\Database\BaseBuilder.php(1636): CodeIgniter\Database\BaseConnection->query('SELECT *
FROM `rujukan_bayi`
JOIN `bayi` ON `bayi`.`bayiID` = `rujukan_bayi`.`bayiID`
WHERE `rujukan_bayi`.`deleted_at` IS NULL', [], false)
 4 SYSTEMPATH\Model.php(286): CodeIgniter\Database\BaseBuilder->get()
 5 SYSTEMPATH\BaseModel.php(676): CodeIgniter\Model->doFindAll(0, 0)
 6 APPPATH\Controllers\Menu.php(305): CodeIgniter\BaseModel->findAll()
 7 SYSTEMPATH\CodeIgniter.php(933): App\Controllers\Menu->rujukan_bayi()
 8 SYSTEMPATH\CodeIgniter.php(509): CodeIgniter\CodeIgniter->runController(Object(App\Controllers\Menu))
 9 SYSTEMPATH\CodeIgniter.php(355): CodeIgniter\CodeIgniter->handleRequest(null, Object(Config\Cache), false)
10 SYSTEMPATH\Boot.php(325): CodeIgniter\CodeIgniter->run()
11 SYSTEMPATH\Boot.php(67): CodeIgniter\Boot::runCodeIgniter(Object(CodeIgniter\CodeIgniter))
12 FCPATH\index.php(56): CodeIgniter\Boot::bootWeb(Object(Config\Paths))
13 SYSTEMPATH\rewrite.php(44): require_once('E:\\Project\\klinik-bersalin\\public\\index.php')
CRITICAL - 2024-07-16 00:49:30 --> [Caused by] mysqli_sql_exception: Unknown column 'rujukan_bayi.deleted_at' in 'where clause'
in SYSTEMPATH\Database\MySQLi\Connection.php on line 312.
 1 SYSTEMPATH\Database\MySQLi\Connection.php(312): mysqli->query('SELECT *
FROM `rujukan_bayi`
JOIN `bayi` ON `bayi`.`bayiID` = `rujukan_bayi`.`bayiID`
WHERE `rujukan_bayi`.`deleted_at` IS NULL', 0)
 2 SYSTEMPATH\Database\BaseConnection.php(734): CodeIgniter\Database\MySQLi\Connection->execute('SELECT *
FROM `rujukan_bayi`
JOIN `bayi` ON `bayi`.`bayiID` = `rujukan_bayi`.`bayiID`
WHERE `rujukan_bayi`.`deleted_at` IS NULL')
 3 SYSTEMPATH\Database\BaseConnection.php(648): CodeIgniter\Database\BaseConnection->simpleQuery('SELECT *
FROM `rujukan_bayi`
JOIN `bayi` ON `bayi`.`bayiID` = `rujukan_bayi`.`bayiID`
WHERE `rujukan_bayi`.`deleted_at` IS NULL')
 4 SYSTEMPATH\Database\BaseBuilder.php(1636): CodeIgniter\Database\BaseConnection->query('SELECT *
FROM `rujukan_bayi`
JOIN `bayi` ON `bayi`.`bayiID` = `rujukan_bayi`.`bayiID`
WHERE `rujukan_bayi`.`deleted_at` IS NULL', [], false)
 5 SYSTEMPATH\Model.php(286): CodeIgniter\Database\BaseBuilder->get()
 6 SYSTEMPATH\BaseModel.php(676): CodeIgniter\Model->doFindAll(0, 0)
 7 APPPATH\Controllers\Menu.php(305): CodeIgniter\BaseModel->findAll()
 8 SYSTEMPATH\CodeIgniter.php(933): App\Controllers\Menu->rujukan_bayi()
 9 SYSTEMPATH\CodeIgniter.php(509): CodeIgniter\CodeIgniter->runController(Object(App\Controllers\Menu))
10 SYSTEMPATH\CodeIgniter.php(355): CodeIgniter\CodeIgniter->handleRequest(null, Object(Config\Cache), false)
11 SYSTEMPATH\Boot.php(325): CodeIgniter\CodeIgniter->run()
12 SYSTEMPATH\Boot.php(67): CodeIgniter\Boot::runCodeIgniter(Object(CodeIgniter\CodeIgniter))
13 FCPATH\index.php(56): CodeIgniter\Boot::bootWeb(Object(Config\Paths))
14 SYSTEMPATH\rewrite.php(44): require_once('E:\\Project\\klinik-bersalin\\public\\index.php')
INFO - 2024-07-16 00:49:44 --> Session: Class initialized using 'CodeIgniter\Session\Handlers\FileHandler' driver.
ERROR - 2024-07-16 00:49:44 --> mysqli_sql_exception: Unknown column 'rujukan_bayi.deleted_at' in 'where clause' in E:\Project\klinik-bersalin\system\Database\MySQLi\Connection.php:312
Stack trace:
#0 E:\Project\klinik-bersalin\system\Database\MySQLi\Connection.php(312): mysqli->query('SELECT *\nFROM `...', 0)
#1 E:\Project\klinik-bersalin\system\Database\BaseConnection.php(734): CodeIgniter\Database\MySQLi\Connection->execute('SELECT *\nFROM `...')
#2 E:\Project\klinik-bersalin\system\Database\BaseConnection.php(648): CodeIgniter\Database\BaseConnection->simpleQuery('SELECT *\nFROM `...')
#3 E:\Project\klinik-bersalin\system\Database\BaseBuilder.php(1636): CodeIgniter\Database\BaseConnection->query('SELECT *\nFROM `...', Array, false)
#4 E:\Project\klinik-bersalin\system\Model.php(286): CodeIgniter\Database\BaseBuilder->get()
#5 E:\Project\klinik-bersalin\system\BaseModel.php(676): CodeIgniter\Model->doFindAll(0, 0)
#6 E:\Project\klinik-bersalin\app\Controllers\Menu.php(305): CodeIgniter\BaseModel->findAll()
#7 E:\Project\klinik-bersalin\system\CodeIgniter.php(933): App\Controllers\Menu->rujukan_bayi()
#8 E:\Project\klinik-bersalin\system\CodeIgniter.php(509): CodeIgniter\CodeIgniter->runController(Object(App\Controllers\Menu))
#9 E:\Project\klinik-bersalin\system\CodeIgniter.php(355): CodeIgniter\CodeIgniter->handleRequest(NULL, Object(Config\Cache), false)
#10 E:\Project\klinik-bersalin\system\Boot.php(325): CodeIgniter\CodeIgniter->run()
#11 E:\Project\klinik-bersalin\system\Boot.php(67): CodeIgniter\Boot::runCodeIgniter(Object(CodeIgniter\CodeIgniter))
#12 E:\Project\klinik-bersalin\public\index.php(56): CodeIgniter\Boot::bootWeb(Object(Config\Paths))
#13 E:\Project\klinik-bersalin\system\rewrite.php(44): require_once('E:\\Project\\klin...')
#14 {main}
CRITICAL - 2024-07-16 00:49:44 --> CodeIgniter\Database\Exceptions\DatabaseException: Unknown column 'rujukan_bayi.deleted_at' in 'where clause'
[Method: GET, Route: rujukan-bayi]
in SYSTEMPATH\Database\BaseConnection.php on line 688.
 1 SYSTEMPATH\Database\BaseBuilder.php(1636): CodeIgniter\Database\BaseConnection->query('SELECT *
FROM `rujukan_bayi`
JOIN `bayi` ON `bayi`.`bayiID` = `rujukan_bayi`.`bayiID`
WHERE `rujukan_bayi`.`deleted_at` IS NULL', [], false)
 2 SYSTEMPATH\Model.php(286): CodeIgniter\Database\BaseBuilder->get()
 3 SYSTEMPATH\BaseModel.php(676): CodeIgniter\Model->doFindAll(0, 0)
 4 APPPATH\Controllers\Menu.php(305): CodeIgniter\BaseModel->findAll()
 5 SYSTEMPATH\CodeIgniter.php(933): App\Controllers\Menu->rujukan_bayi()
 6 SYSTEMPATH\CodeIgniter.php(509): CodeIgniter\CodeIgniter->runController(Object(App\Controllers\Menu))
 7 SYSTEMPATH\CodeIgniter.php(355): CodeIgniter\CodeIgniter->handleRequest(null, Object(Config\Cache), false)
 8 SYSTEMPATH\Boot.php(325): CodeIgniter\CodeIgniter->run()
 9 SYSTEMPATH\Boot.php(67): CodeIgniter\Boot::runCodeIgniter(Object(CodeIgniter\CodeIgniter))
10 FCPATH\index.php(56): CodeIgniter\Boot::bootWeb(Object(Config\Paths))
11 SYSTEMPATH\rewrite.php(44): require_once('E:\\Project\\klinik-bersalin\\public\\index.php')
CRITICAL - 2024-07-16 00:49:44 --> [Caused by] CodeIgniter\Database\Exceptions\DatabaseException: Unknown column 'rujukan_bayi.deleted_at' in 'where clause'
in SYSTEMPATH\Database\MySQLi\Connection.php on line 317.
 1 SYSTEMPATH\Database\BaseConnection.php(734): CodeIgniter\Database\MySQLi\Connection->execute('SELECT *
FROM `rujukan_bayi`
JOIN `bayi` ON `bayi`.`bayiID` = `rujukan_bayi`.`bayiID`
WHERE `rujukan_bayi`.`deleted_at` IS NULL')
 2 SYSTEMPATH\Database\BaseConnection.php(648): CodeIgniter\Database\BaseConnection->simpleQuery('SELECT *
FROM `rujukan_bayi`
JOIN `bayi` ON `bayi`.`bayiID` = `rujukan_bayi`.`bayiID`
WHERE `rujukan_bayi`.`deleted_at` IS NULL')
 3 SYSTEMPATH\Database\BaseBuilder.php(1636): CodeIgniter\Database\BaseConnection->query('SELECT *
FROM `rujukan_bayi`
JOIN `bayi` ON `bayi`.`bayiID` = `rujukan_bayi`.`bayiID`
WHERE `rujukan_bayi`.`deleted_at` IS NULL', [], false)
 4 SYSTEMPATH\Model.php(286): CodeIgniter\Database\BaseBuilder->get()
 5 SYSTEMPATH\BaseModel.php(676): CodeIgniter\Model->doFindAll(0, 0)
 6 APPPATH\Controllers\Menu.php(305): CodeIgniter\BaseModel->findAll()
 7 SYSTEMPATH\CodeIgniter.php(933): App\Controllers\Menu->rujukan_bayi()
 8 SYSTEMPATH\CodeIgniter.php(509): CodeIgniter\CodeIgniter->runController(Object(App\Controllers\Menu))
 9 SYSTEMPATH\CodeIgniter.php(355): CodeIgniter\CodeIgniter->handleRequest(null, Object(Config\Cache), false)
10 SYSTEMPATH\Boot.php(325): CodeIgniter\CodeIgniter->run()
11 SYSTEMPATH\Boot.php(67): CodeIgniter\Boot::runCodeIgniter(Object(CodeIgniter\CodeIgniter))
12 FCPATH\index.php(56): CodeIgniter\Boot::bootWeb(Object(Config\Paths))
13 SYSTEMPATH\rewrite.php(44): require_once('E:\\Project\\klinik-bersalin\\public\\index.php')
CRITICAL - 2024-07-16 00:49:44 --> [Caused by] mysqli_sql_exception: Unknown column 'rujukan_bayi.deleted_at' in 'where clause'
in SYSTEMPATH\Database\MySQLi\Connection.php on line 312.
 1 SYSTEMPATH\Database\MySQLi\Connection.php(312): mysqli->query('SELECT *
FROM `rujukan_bayi`
JOIN `bayi` ON `bayi`.`bayiID` = `rujukan_bayi`.`bayiID`
WHERE `rujukan_bayi`.`deleted_at` IS NULL', 0)
 2 SYSTEMPATH\Database\BaseConnection.php(734): CodeIgniter\Database\MySQLi\Connection->execute('SELECT *
FROM `rujukan_bayi`
JOIN `bayi` ON `bayi`.`bayiID` = `rujukan_bayi`.`bayiID`
WHERE `rujukan_bayi`.`deleted_at` IS NULL')
 3 SYSTEMPATH\Database\BaseConnection.php(648): CodeIgniter\Database\BaseConnection->simpleQuery('SELECT *
FROM `rujukan_bayi`
JOIN `bayi` ON `bayi`.`bayiID` = `rujukan_bayi`.`bayiID`
WHERE `rujukan_bayi`.`deleted_at` IS NULL')
 4 SYSTEMPATH\Database\BaseBuilder.php(1636): CodeIgniter\Database\BaseConnection->query('SELECT *
FROM `rujukan_bayi`
JOIN `bayi` ON `bayi`.`bayiID` = `rujukan_bayi`.`bayiID`
WHERE `rujukan_bayi`.`deleted_at` IS NULL', [], false)
 5 SYSTEMPATH\Model.php(286): CodeIgniter\Database\BaseBuilder->get()
 6 SYSTEMPATH\BaseModel.php(676): CodeIgniter\Model->doFindAll(0, 0)
 7 APPPATH\Controllers\Menu.php(305): CodeIgniter\BaseModel->findAll()
 8 SYSTEMPATH\CodeIgniter.php(933): App\Controllers\Menu->rujukan_bayi()
 9 SYSTEMPATH\CodeIgniter.php(509): CodeIgniter\CodeIgniter->runController(Object(App\Controllers\Menu))
10 SYSTEMPATH\CodeIgniter.php(355): CodeIgniter\CodeIgniter->handleRequest(null, Object(Config\Cache), false)
11 SYSTEMPATH\Boot.php(325): CodeIgniter\CodeIgniter->run()
12 SYSTEMPATH\Boot.php(67): CodeIgniter\Boot::runCodeIgniter(Object(CodeIgniter\CodeIgniter))
13 FCPATH\index.php(56): CodeIgniter\Boot::bootWeb(Object(Config\Paths))
14 SYSTEMPATH\rewrite.php(44): require_once('E:\\Project\\klinik-bersalin\\public\\index.php')
INFO - 2024-07-16 00:49:54 --> Session: Class initialized using 'CodeIgniter\Session\Handlers\FileHandler' driver.
CRITICAL - 2024-07-16 00:49:54 --> CodeIgniter\View\Exceptions\ViewException: Invalid file: "page/content/rujukan_bayi.php"
[Method: GET, Route: rujukan-bayi]
in SYSTEMPATH\Exceptions\FrameworkException.php on line 41.
 1 SYSTEMPATH\View\View.php(222): CodeIgniter\Exceptions\FrameworkException::forInvalidFile('page/content/rujukan_bayi.php')
 2 SYSTEMPATH\Common.php(1171): CodeIgniter\View\View->render('page/content/rujukan_bayi', [], true)
 3 APPPATH\Controllers\Menu.php(306): view('page/content/rujukan_bayi', [...])
 4 SYSTEMPATH\CodeIgniter.php(933): App\Controllers\Menu->rujukan_bayi()
 5 SYSTEMPATH\CodeIgniter.php(509): CodeIgniter\CodeIgniter->runController(Object(App\Controllers\Menu))
 6 SYSTEMPATH\CodeIgniter.php(355): CodeIgniter\CodeIgniter->handleRequest(null, Object(Config\Cache), false)
 7 SYSTEMPATH\Boot.php(325): CodeIgniter\CodeIgniter->run()
 8 SYSTEMPATH\Boot.php(67): CodeIgniter\Boot::runCodeIgniter(Object(CodeIgniter\CodeIgniter))
 9 FCPATH\index.php(56): CodeIgniter\Boot::bootWeb(Object(Config\Paths))
10 SYSTEMPATH\rewrite.php(44): require_once('E:\\Project\\klinik-bersalin\\public\\index.php')
INFO - 2024-07-16 00:50:15 --> Session: Class initialized using 'CodeIgniter\Session\Handlers\FileHandler' driver.
CRITICAL - 2024-07-16 00:50:15 --> ErrorException: Undefined array key "rujukanIbuID"
[Method: GET, Route: rujukan-bayi]
in APPPATH\Views\page\content\rujukan_bayi.php on line 62.
 1 APPPATH\Views\page\content\rujukan_bayi.php(62): CodeIgniter\Debug\Exceptions->errorHandler(2, 'Undefined array key "rujukanIbuID"', 'E:\\Project\\klinik-bersalin\\app\\Views\\page\\content\\rujukan_bayi.php', 62)
 2 SYSTEMPATH\View\View.php(234): include('E:\\Project\\klinik-bersalin\\app\\Views\\page\\content\\rujukan_bayi.php')
 3 SYSTEMPATH\View\View.php(237): CodeIgniter\View\View->CodeIgniter\View\{closure}()
 4 SYSTEMPATH\Common.php(1171): CodeIgniter\View\View->render('page/content/rujukan_bayi', [], true)
 5 APPPATH\Controllers\Menu.php(306): view('page/content/rujukan_bayi', [...])
 6 SYSTEMPATH\CodeIgniter.php(933): App\Controllers\Menu->rujukan_bayi()
 7 SYSTEMPATH\CodeIgniter.php(509): CodeIgniter\CodeIgniter->runController(Object(App\Controllers\Menu))
 8 SYSTEMPATH\CodeIgniter.php(355): CodeIgniter\CodeIgniter->handleRequest(null, Object(Config\Cache), false)
 9 SYSTEMPATH\Boot.php(325): CodeIgniter\CodeIgniter->run()
10 SYSTEMPATH\Boot.php(67): CodeIgniter\Boot::runCodeIgniter(Object(CodeIgniter\CodeIgniter))
11 FCPATH\index.php(56): CodeIgniter\Boot::bootWeb(Object(Config\Paths))
12 SYSTEMPATH\rewrite.php(44): require_once('E:\\Project\\klinik-bersalin\\public\\index.php')
INFO - 2024-07-16 00:52:16 --> Session: Class initialized using 'CodeIgniter\Session\Handlers\FileHandler' driver.
INFO - 2024-07-16 00:52:26 --> Session: Class initialized using 'CodeIgniter\Session\Handlers\FileHandler' driver.
CRITICAL - 2024-07-16 00:52:26 --> CodeIgniter\View\Exceptions\ViewException: Invalid file: "page/content/form/view_rujukan_bayi.php"
[Method: GET, Route: view-rujukan-bayi/RJB001]
in SYSTEMPATH\Exceptions\FrameworkException.php on line 41.
 1 SYSTEMPATH\View\View.php(222): CodeIgniter\Exceptions\FrameworkException::forInvalidFile('page/content/form/view_rujukan_bayi.php')
 2 SYSTEMPATH\Common.php(1171): CodeIgniter\View\View->render('page/content/form/view_rujukan_bayi', [], true)
 3 APPPATH\Controllers\Menu.php(337): view('page/content/form/view_rujukan_bayi', [...])
 4 SYSTEMPATH\CodeIgniter.php(933): App\Controllers\Menu->view_rujukan_bayi('RJB001')
 5 SYSTEMPATH\CodeIgniter.php(509): CodeIgniter\CodeIgniter->runController(Object(App\Controllers\Menu))
 6 SYSTEMPATH\CodeIgniter.php(355): CodeIgniter\CodeIgniter->handleRequest(null, Object(Config\Cache), false)
 7 SYSTEMPATH\Boot.php(325): CodeIgniter\CodeIgniter->run()
 8 SYSTEMPATH\Boot.php(67): CodeIgniter\Boot::runCodeIgniter(Object(CodeIgniter\CodeIgniter))
 9 FCPATH\index.php(56): CodeIgniter\Boot::bootWeb(Object(Config\Paths))
10 SYSTEMPATH\rewrite.php(44): require_once('E:\\Project\\klinik-bersalin\\public\\index.php')
INFO - 2024-07-16 00:54:49 --> Session: Class initialized using 'CodeIgniter\Session\Handlers\FileHandler' driver.
INFO - 2024-07-16 00:55:05 --> Session: Class initialized using 'CodeIgniter\Session\Handlers\FileHandler' driver.
INFO - 2024-07-16 00:55:10 --> Session: Class initialized using 'CodeIgniter\Session\Handlers\FileHandler' driver.
INFO - 2024-07-16 00:55:18 --> Session: Class initialized using 'CodeIgniter\Session\Handlers\FileHandler' driver.
INFO - 2024-07-16 00:55:22 --> Session: Class initialized using 'CodeIgniter\Session\Handlers\FileHandler' driver.
INFO - 2024-07-16 00:56:04 --> Session: Class initialized using 'CodeIgniter\Session\Handlers\FileHandler' driver.
INFO - 2024-07-16 00:56:14 --> Session: Class initialized using 'CodeIgniter\Session\Handlers\FileHandler' driver.
INFO - 2024-07-16 00:56:25 --> Session: Class initialized using 'CodeIgniter\Session\Handlers\FileHandler' driver.
INFO - 2024-07-16 00:56:34 --> Session: Class initialized using 'CodeIgniter\Session\Handlers\FileHandler' driver.
INFO - 2024-07-16 00:57:20 --> Session: Class initialized using 'CodeIgniter\Session\Handlers\FileHandler' driver.
INFO - 2024-07-16 00:57:21 --> Session: Class initialized using 'CodeIgniter\Session\Handlers\FileHandler' driver.
CRITICAL - 2024-07-16 00:57:21 --> CodeIgniter\View\Exceptions\ViewException: Invalid file: "page/content/form/edit_rujukan_bayi.php"
[Method: GET, Route: edit-rujukan-bayi/RJB001]
in SYSTEMPATH\Exceptions\FrameworkException.php on line 41.
 1 SYSTEMPATH\View\View.php(222): CodeIgniter\Exceptions\FrameworkException::forInvalidFile('page/content/form/edit_rujukan_bayi.php')
 2 SYSTEMPATH\Common.php(1171): CodeIgniter\View\View->render('page/content/form/edit_rujukan_bayi', [], true)
 3 APPPATH\Controllers\Menu.php(327): view('page/content/form/edit_rujukan_bayi', [...])
 4 SYSTEMPATH\CodeIgniter.php(933): App\Controllers\Menu->edit_rujukan_bayi('RJB001')
 5 SYSTEMPATH\CodeIgniter.php(509): CodeIgniter\CodeIgniter->runController(Object(App\Controllers\Menu))
 6 SYSTEMPATH\CodeIgniter.php(355): CodeIgniter\CodeIgniter->handleRequest(null, Object(Config\Cache), false)
 7 SYSTEMPATH\Boot.php(325): CodeIgniter\CodeIgniter->run()
 8 SYSTEMPATH\Boot.php(67): CodeIgniter\Boot::runCodeIgniter(Object(CodeIgniter\CodeIgniter))
 9 FCPATH\index.php(56): CodeIgniter\Boot::bootWeb(Object(Config\Paths))
10 SYSTEMPATH\rewrite.php(44): require_once('E:\\Project\\klinik-bersalin\\public\\index.php')
INFO - 2024-07-16 01:00:55 --> Session: Class initialized using 'CodeIgniter\Session\Handlers\FileHandler' driver.
CRITICAL - 2024-07-16 01:00:56 --> ErrorException: Undefined array key "bayiRM"
[Method: GET, Route: edit-rujukan-bayi/RJB001]
in APPPATH\Views\page\content\form\edit_rujukan_bayi.php on line 53.
 1 APPPATH\Views\page\content\form\edit_rujukan_bayi.php(53): CodeIgniter\Debug\Exceptions->errorHandler(2, 'Undefined array key "bayiRM"', 'E:\\Project\\klinik-bersalin\\app\\Views\\page\\content\\form\\edit_rujukan_bayi.php', 53)
 2 SYSTEMPATH\View\View.php(234): include('E:\\Project\\klinik-bersalin\\app\\Views\\page\\content\\form\\edit_rujukan_bayi.php')
 3 SYSTEMPATH\View\View.php(237): CodeIgniter\View\View->CodeIgniter\View\{closure}()
 4 SYSTEMPATH\Common.php(1171): CodeIgniter\View\View->render('page/content/form/edit_rujukan_bayi', [], true)
 5 APPPATH\Controllers\Menu.php(327): view('page/content/form/edit_rujukan_bayi', [...])
 6 SYSTEMPATH\CodeIgniter.php(933): App\Controllers\Menu->edit_rujukan_bayi('RJB001')
 7 SYSTEMPATH\CodeIgniter.php(509): CodeIgniter\CodeIgniter->runController(Object(App\Controllers\Menu))
 8 SYSTEMPATH\CodeIgniter.php(355): CodeIgniter\CodeIgniter->handleRequest(null, Object(Config\Cache), false)
 9 SYSTEMPATH\Boot.php(325): CodeIgniter\CodeIgniter->run()
10 SYSTEMPATH\Boot.php(67): CodeIgniter\Boot::runCodeIgniter(Object(CodeIgniter\CodeIgniter))
11 FCPATH\index.php(56): CodeIgniter\Boot::bootWeb(Object(Config\Paths))
12 SYSTEMPATH\rewrite.php(44): require_once('E:\\Project\\klinik-bersalin\\public\\index.php')
INFO - 2024-07-16 01:01:08 --> Session: Class initialized using 'CodeIgniter\Session\Handlers\FileHandler' driver.
CRITICAL - 2024-07-16 01:01:08 --> ErrorException: Undefined array key "bayiTanggalLahir"
[Method: GET, Route: edit-rujukan-bayi/RJB001]
in APPPATH\Views\page\content\form\edit_rujukan_bayi.php on line 55.
 1 APPPATH\Views\page\content\form\edit_rujukan_bayi.php(55): CodeIgniter\Debug\Exceptions->errorHandler(2, 'Undefined array key "bayiTanggalLahir"', 'E:\\Project\\klinik-bersalin\\app\\Views\\page\\content\\form\\edit_rujukan_bayi.php', 55)
 2 SYSTEMPATH\View\View.php(234): include('E:\\Project\\klinik-bersalin\\app\\Views\\page\\content\\form\\edit_rujukan_bayi.php')
 3 SYSTEMPATH\View\View.php(237): CodeIgniter\View\View->CodeIgniter\View\{closure}()
 4 SYSTEMPATH\Common.php(1171): CodeIgniter\View\View->render('page/content/form/edit_rujukan_bayi', [], true)
 5 APPPATH\Controllers\Menu.php(327): view('page/content/form/edit_rujukan_bayi', [...])
 6 SYSTEMPATH\CodeIgniter.php(933): App\Controllers\Menu->edit_rujukan_bayi('RJB001')
 7 SYSTEMPATH\CodeIgniter.php(509): CodeIgniter\CodeIgniter->runController(Object(App\Controllers\Menu))
 8 SYSTEMPATH\CodeIgniter.php(355): CodeIgniter\CodeIgniter->handleRequest(null, Object(Config\Cache), false)
 9 SYSTEMPATH\Boot.php(325): CodeIgniter\CodeIgniter->run()
10 SYSTEMPATH\Boot.php(67): CodeIgniter\Boot::runCodeIgniter(Object(CodeIgniter\CodeIgniter))
11 FCPATH\index.php(56): CodeIgniter\Boot::bootWeb(Object(Config\Paths))
12 SYSTEMPATH\rewrite.php(44): require_once('E:\\Project\\klinik-bersalin\\public\\index.php')
INFO - 2024-07-16 01:03:27 --> Session: Class initialized using 'CodeIgniter\Session\Handlers\FileHandler' driver.
INFO - 2024-07-16 01:03:30 --> Session: Class initialized using 'CodeIgniter\Session\Handlers\FileHandler' driver.
INFO - 2024-07-16 01:03:34 --> Session: Class initialized using 'CodeIgniter\Session\Handlers\FileHandler' driver.
INFO - 2024-07-16 01:03:36 --> Session: Class initialized using 'CodeIgniter\Session\Handlers\FileHandler' driver.
INFO - 2024-07-16 01:03:52 --> Session: Class initialized using 'CodeIgniter\Session\Handlers\FileHandler' driver.
INFO - 2024-07-16 01:03:57 --> Session: Class initialized using 'CodeIgniter\Session\Handlers\FileHandler' driver.
CRITICAL - 2024-07-16 01:03:57 --> ErrorException: Undefined array key "ibuNama"
[Method: GET, Route: edit-rujukan-bayi/RJB001]
in APPPATH\Views\page\content\form\edit_rujukan_bayi.php on line 56.
 1 APPPATH\Views\page\content\form\edit_rujukan_bayi.php(56): CodeIgniter\Debug\Exceptions->errorHandler(2, 'Undefined array key "ibuNama"', 'E:\\Project\\klinik-bersalin\\app\\Views\\page\\content\\form\\edit_rujukan_bayi.php', 56)
 2 SYSTEMPATH\View\View.php(234): include('E:\\Project\\klinik-bersalin\\app\\Views\\page\\content\\form\\edit_rujukan_bayi.php')
 3 SYSTEMPATH\View\View.php(237): CodeIgniter\View\View->CodeIgniter\View\{closure}()
 4 SYSTEMPATH\Common.php(1171): CodeIgniter\View\View->render('page/content/form/edit_rujukan_bayi', [], true)
 5 APPPATH\Controllers\Menu.php(327): view('page/content/form/edit_rujukan_bayi', [...])
 6 SYSTEMPATH\CodeIgniter.php(933): App\Controllers\Menu->edit_rujukan_bayi('RJB001')
 7 SYSTEMPATH\CodeIgniter.php(509): CodeIgniter\CodeIgniter->runController(Object(App\Controllers\Menu))
 8 SYSTEMPATH\CodeIgniter.php(355): CodeIgniter\CodeIgniter->handleRequest(null, Object(Config\Cache), false)
 9 SYSTEMPATH\Boot.php(325): CodeIgniter\CodeIgniter->run()
10 SYSTEMPATH\Boot.php(67): CodeIgniter\Boot::runCodeIgniter(Object(CodeIgniter\CodeIgniter))
11 FCPATH\index.php(56): CodeIgniter\Boot::bootWeb(Object(Config\Paths))
12 SYSTEMPATH\rewrite.php(44): require_once('E:\\Project\\klinik-bersalin\\public\\index.php')
INFO - 2024-07-16 01:04:10 --> Session: Class initialized using 'CodeIgniter\Session\Handlers\FileHandler' driver.
CRITICAL - 2024-07-16 01:04:10 --> ErrorException: Undefined array key "ibuNama"
[Method: GET, Route: edit-rujukan-bayi/RJB001]
in APPPATH\Views\page\content\form\edit_rujukan_bayi.php on line 56.
 1 APPPATH\Views\page\content\form\edit_rujukan_bayi.php(56): CodeIgniter\Debug\Exceptions->errorHandler(2, 'Undefined array key "ibuNama"', 'E:\\Project\\klinik-bersalin\\app\\Views\\page\\content\\form\\edit_rujukan_bayi.php', 56)
 2 SYSTEMPATH\View\View.php(234): include('E:\\Project\\klinik-bersalin\\app\\Views\\page\\content\\form\\edit_rujukan_bayi.php')
 3 SYSTEMPATH\View\View.php(237): CodeIgniter\View\View->CodeIgniter\View\{closure}()
 4 SYSTEMPATH\Common.php(1171): CodeIgniter\View\View->render('page/content/form/edit_rujukan_bayi', [], true)
 5 APPPATH\Controllers\Menu.php(327): view('page/content/form/edit_rujukan_bayi', [...])
 6 SYSTEMPATH\CodeIgniter.php(933): App\Controllers\Menu->edit_rujukan_bayi('RJB001')
 7 SYSTEMPATH\CodeIgniter.php(509): CodeIgniter\CodeIgniter->runController(Object(App\Controllers\Menu))
 8 SYSTEMPATH\CodeIgniter.php(355): CodeIgniter\CodeIgniter->handleRequest(null, Object(Config\Cache), false)
 9 SYSTEMPATH\Boot.php(325): CodeIgniter\CodeIgniter->run()
10 SYSTEMPATH\Boot.php(67): CodeIgniter\Boot::runCodeIgniter(Object(CodeIgniter\CodeIgniter))
11 FCPATH\index.php(56): CodeIgniter\Boot::bootWeb(Object(Config\Paths))
12 SYSTEMPATH\rewrite.php(44): require_once('E:\\Project\\klinik-bersalin\\public\\index.php')
INFO - 2024-07-16 01:05:21 --> Session: Class initialized using 'CodeIgniter\Session\Handlers\FileHandler' driver.
ERROR - 2024-07-16 01:05:21 --> mysqli_sql_exception: Unknown column 'rujukan_ibu.ibuID' in 'on clause' in E:\Project\klinik-bersalin\system\Database\MySQLi\Connection.php:312
Stack trace:
#0 E:\Project\klinik-bersalin\system\Database\MySQLi\Connection.php(312): mysqli->query('SELECT *\nFROM `...', 0)
#1 E:\Project\klinik-bersalin\system\Database\BaseConnection.php(734): CodeIgniter\Database\MySQLi\Connection->execute('SELECT *\nFROM `...')
#2 E:\Project\klinik-bersalin\system\Database\BaseConnection.php(648): CodeIgniter\Database\BaseConnection->simpleQuery('SELECT *\nFROM `...')
#3 E:\Project\klinik-bersalin\system\Database\BaseBuilder.php(1636): CodeIgniter\Database\BaseConnection->query('SELECT *\nFROM `...', Array, false)
#4 E:\Project\klinik-bersalin\system\Model.php(286): CodeIgniter\Database\BaseBuilder->get()
#5 E:\Project\klinik-bersalin\system\BaseModel.php(676): CodeIgniter\Model->doFindAll(0, 0)
#6 E:\Project\klinik-bersalin\app\Controllers\Menu.php(326): CodeIgniter\BaseModel->findAll()
#7 E:\Project\klinik-bersalin\system\CodeIgniter.php(933): App\Controllers\Menu->edit_rujukan_bayi('RJB001')
#8 E:\Project\klinik-bersalin\system\CodeIgniter.php(509): CodeIgniter\CodeIgniter->runController(Object(App\Controllers\Menu))
#9 E:\Project\klinik-bersalin\system\CodeIgniter.php(355): CodeIgniter\CodeIgniter->handleRequest(NULL, Object(Config\Cache), false)
#10 E:\Project\klinik-bersalin\system\Boot.php(325): CodeIgniter\CodeIgniter->run()
#11 E:\Project\klinik-bersalin\system\Boot.php(67): CodeIgniter\Boot::runCodeIgniter(Object(CodeIgniter\CodeIgniter))
#12 E:\Project\klinik-bersalin\public\index.php(56): CodeIgniter\Boot::bootWeb(Object(Config\Paths))
#13 E:\Project\klinik-bersalin\system\rewrite.php(44): require_once('E:\\Project\\klin...')
#14 {main}
CRITICAL - 2024-07-16 01:05:21 --> CodeIgniter\Database\Exceptions\DatabaseException: Unknown column 'rujukan_ibu.ibuID' in 'on clause'
[Method: GET, Route: edit-rujukan-bayi/RJB001]
in SYSTEMPATH\Database\BaseConnection.php on line 688.
 1 SYSTEMPATH\Database\BaseBuilder.php(1636): CodeIgniter\Database\BaseConnection->query('SELECT *
FROM `bayi`
JOIN `ibu` ON `ibu`.`ibuID` = `rujukan_ibu`.`ibuID`', [], false)
 2 SYSTEMPATH\Model.php(286): CodeIgniter\Database\BaseBuilder->get()
 3 SYSTEMPATH\BaseModel.php(676): CodeIgniter\Model->doFindAll(0, 0)
 4 APPPATH\Controllers\Menu.php(326): CodeIgniter\BaseModel->findAll()
 5 SYSTEMPATH\CodeIgniter.php(933): App\Controllers\Menu->edit_rujukan_bayi('RJB001')
 6 SYSTEMPATH\CodeIgniter.php(509): CodeIgniter\CodeIgniter->runController(Object(App\Controllers\Menu))
 7 SYSTEMPATH\CodeIgniter.php(355): CodeIgniter\CodeIgniter->handleRequest(null, Object(Config\Cache), false)
 8 SYSTEMPATH\Boot.php(325): CodeIgniter\CodeIgniter->run()
 9 SYSTEMPATH\Boot.php(67): CodeIgniter\Boot::runCodeIgniter(Object(CodeIgniter\CodeIgniter))
10 FCPATH\index.php(56): CodeIgniter\Boot::bootWeb(Object(Config\Paths))
11 SYSTEMPATH\rewrite.php(44): require_once('E:\\Project\\klinik-bersalin\\public\\index.php')
CRITICAL - 2024-07-16 01:05:21 --> [Caused by] CodeIgniter\Database\Exceptions\DatabaseException: Unknown column 'rujukan_ibu.ibuID' in 'on clause'
in SYSTEMPATH\Database\MySQLi\Connection.php on line 317.
 1 SYSTEMPATH\Database\BaseConnection.php(734): CodeIgniter\Database\MySQLi\Connection->execute('SELECT *
FROM `bayi`
JOIN `ibu` ON `ibu`.`ibuID` = `rujukan_ibu`.`ibuID`')
 2 SYSTEMPATH\Database\BaseConnection.php(648): CodeIgniter\Database\BaseConnection->simpleQuery('SELECT *
FROM `bayi`
JOIN `ibu` ON `ibu`.`ibuID` = `rujukan_ibu`.`ibuID`')
 3 SYSTEMPATH\Database\BaseBuilder.php(1636): CodeIgniter\Database\BaseConnection->query('SELECT *
FROM `bayi`
JOIN `ibu` ON `ibu`.`ibuID` = `rujukan_ibu`.`ibuID`', [], false)
 4 SYSTEMPATH\Model.php(286): CodeIgniter\Database\BaseBuilder->get()
 5 SYSTEMPATH\BaseModel.php(676): CodeIgniter\Model->doFindAll(0, 0)
 6 APPPATH\Controllers\Menu.php(326): CodeIgniter\BaseModel->findAll()
 7 SYSTEMPATH\CodeIgniter.php(933): App\Controllers\Menu->edit_rujukan_bayi('RJB001')
 8 SYSTEMPATH\CodeIgniter.php(509): CodeIgniter\CodeIgniter->runController(Object(App\Controllers\Menu))
 9 SYSTEMPATH\CodeIgniter.php(355): CodeIgniter\CodeIgniter->handleRequest(null, Object(Config\Cache), false)
10 SYSTEMPATH\Boot.php(325): CodeIgniter\CodeIgniter->run()
11 SYSTEMPATH\Boot.php(67): CodeIgniter\Boot::runCodeIgniter(Object(CodeIgniter\CodeIgniter))
12 FCPATH\index.php(56): CodeIgniter\Boot::bootWeb(Object(Config\Paths))
13 SYSTEMPATH\rewrite.php(44): require_once('E:\\Project\\klinik-bersalin\\public\\index.php')
CRITICAL - 2024-07-16 01:05:21 --> [Caused by] mysqli_sql_exception: Unknown column 'rujukan_ibu.ibuID' in 'on clause'
in SYSTEMPATH\Database\MySQLi\Connection.php on line 312.
 1 SYSTEMPATH\Database\MySQLi\Connection.php(312): mysqli->query('SELECT *
FROM `bayi`
JOIN `ibu` ON `ibu`.`ibuID` = `rujukan_ibu`.`ibuID`', 0)
 2 SYSTEMPATH\Database\BaseConnection.php(734): CodeIgniter\Database\MySQLi\Connection->execute('SELECT *
FROM `bayi`
JOIN `ibu` ON `ibu`.`ibuID` = `rujukan_ibu`.`ibuID`')
 3 SYSTEMPATH\Database\BaseConnection.php(648): CodeIgniter\Database\BaseConnection->simpleQuery('SELECT *
FROM `bayi`
JOIN `ibu` ON `ibu`.`ibuID` = `rujukan_ibu`.`ibuID`')
 4 SYSTEMPATH\Database\BaseBuilder.php(1636): CodeIgniter\Database\BaseConnection->query('SELECT *
FROM `bayi`
JOIN `ibu` ON `ibu`.`ibuID` = `rujukan_ibu`.`ibuID`', [], false)
 5 SYSTEMPATH\Model.php(286): CodeIgniter\Database\BaseBuilder->get()
 6 SYSTEMPATH\BaseModel.php(676): CodeIgniter\Model->doFindAll(0, 0)
 7 APPPATH\Controllers\Menu.php(326): CodeIgniter\BaseModel->findAll()
 8 SYSTEMPATH\CodeIgniter.php(933): App\Controllers\Menu->edit_rujukan_bayi('RJB001')
 9 SYSTEMPATH\CodeIgniter.php(509): CodeIgniter\CodeIgniter->runController(Object(App\Controllers\Menu))
10 SYSTEMPATH\CodeIgniter.php(355): CodeIgniter\CodeIgniter->handleRequest(null, Object(Config\Cache), false)
11 SYSTEMPATH\Boot.php(325): CodeIgniter\CodeIgniter->run()
12 SYSTEMPATH\Boot.php(67): CodeIgniter\Boot::runCodeIgniter(Object(CodeIgniter\CodeIgniter))
13 FCPATH\index.php(56): CodeIgniter\Boot::bootWeb(Object(Config\Paths))
14 SYSTEMPATH\rewrite.php(44): require_once('E:\\Project\\klinik-bersalin\\public\\index.php')
INFO - 2024-07-16 01:05:30 --> Session: Class initialized using 'CodeIgniter\Session\Handlers\FileHandler' driver.
ERROR - 2024-07-16 01:05:30 --> mysqli_sql_exception: Unknown column 'rujukan_bayi.ibuID' in 'on clause' in E:\Project\klinik-bersalin\system\Database\MySQLi\Connection.php:312
Stack trace:
#0 E:\Project\klinik-bersalin\system\Database\MySQLi\Connection.php(312): mysqli->query('SELECT *\nFROM `...', 0)
#1 E:\Project\klinik-bersalin\system\Database\BaseConnection.php(734): CodeIgniter\Database\MySQLi\Connection->execute('SELECT *\nFROM `...')
#2 E:\Project\klinik-bersalin\system\Database\BaseConnection.php(648): CodeIgniter\Database\BaseConnection->simpleQuery('SELECT *\nFROM `...')
#3 E:\Project\klinik-bersalin\system\Database\BaseBuilder.php(1636): CodeIgniter\Database\BaseConnection->query('SELECT *\nFROM `...', Array, false)
#4 E:\Project\klinik-bersalin\system\Model.php(286): CodeIgniter\Database\BaseBuilder->get()
#5 E:\Project\klinik-bersalin\system\BaseModel.php(676): CodeIgniter\Model->doFindAll(0, 0)
#6 E:\Project\klinik-bersalin\app\Controllers\Menu.php(326): CodeIgniter\BaseModel->findAll()
#7 E:\Project\klinik-bersalin\system\CodeIgniter.php(933): App\Controllers\Menu->edit_rujukan_bayi('RJB001')
#8 E:\Project\klinik-bersalin\system\CodeIgniter.php(509): CodeIgniter\CodeIgniter->runController(Object(App\Controllers\Menu))
#9 E:\Project\klinik-bersalin\system\CodeIgniter.php(355): CodeIgniter\CodeIgniter->handleRequest(NULL, Object(Config\Cache), false)
#10 E:\Project\klinik-bersalin\system\Boot.php(325): CodeIgniter\CodeIgniter->run()
#11 E:\Project\klinik-bersalin\system\Boot.php(67): CodeIgniter\Boot::runCodeIgniter(Object(CodeIgniter\CodeIgniter))
#12 E:\Project\klinik-bersalin\public\index.php(56): CodeIgniter\Boot::bootWeb(Object(Config\Paths))
#13 E:\Project\klinik-bersalin\system\rewrite.php(44): require_once('E:\\Project\\klin...')
#14 {main}
CRITICAL - 2024-07-16 01:05:30 --> CodeIgniter\Database\Exceptions\DatabaseException: Unknown column 'rujukan_bayi.ibuID' in 'on clause'
[Method: GET, Route: edit-rujukan-bayi/RJB001]
in SYSTEMPATH\Database\BaseConnection.php on line 688.
 1 SYSTEMPATH\Database\BaseBuilder.php(1636): CodeIgniter\Database\BaseConnection->query('SELECT *
FROM `bayi`
JOIN `ibu` ON `ibu`.`ibuID` = `rujukan_bayi`.`ibuID`', [], false)
 2 SYSTEMPATH\Model.php(286): CodeIgniter\Database\BaseBuilder->get()
 3 SYSTEMPATH\BaseModel.php(676): CodeIgniter\Model->doFindAll(0, 0)
 4 APPPATH\Controllers\Menu.php(326): CodeIgniter\BaseModel->findAll()
 5 SYSTEMPATH\CodeIgniter.php(933): App\Controllers\Menu->edit_rujukan_bayi('RJB001')
 6 SYSTEMPATH\CodeIgniter.php(509): CodeIgniter\CodeIgniter->runController(Object(App\Controllers\Menu))
 7 SYSTEMPATH\CodeIgniter.php(355): CodeIgniter\CodeIgniter->handleRequest(null, Object(Config\Cache), false)
 8 SYSTEMPATH\Boot.php(325): CodeIgniter\CodeIgniter->run()
 9 SYSTEMPATH\Boot.php(67): CodeIgniter\Boot::runCodeIgniter(Object(CodeIgniter\CodeIgniter))
10 FCPATH\index.php(56): CodeIgniter\Boot::bootWeb(Object(Config\Paths))
11 SYSTEMPATH\rewrite.php(44): require_once('E:\\Project\\klinik-bersalin\\public\\index.php')
CRITICAL - 2024-07-16 01:05:30 --> [Caused by] CodeIgniter\Database\Exceptions\DatabaseException: Unknown column 'rujukan_bayi.ibuID' in 'on clause'
in SYSTEMPATH\Database\MySQLi\Connection.php on line 317.
 1 SYSTEMPATH\Database\BaseConnection.php(734): CodeIgniter\Database\MySQLi\Connection->execute('SELECT *
FROM `bayi`
JOIN `ibu` ON `ibu`.`ibuID` = `rujukan_bayi`.`ibuID`')
 2 SYSTEMPATH\Database\BaseConnection.php(648): CodeIgniter\Database\BaseConnection->simpleQuery('SELECT *
FROM `bayi`
JOIN `ibu` ON `ibu`.`ibuID` = `rujukan_bayi`.`ibuID`')
 3 SYSTEMPATH\Database\BaseBuilder.php(1636): CodeIgniter\Database\BaseConnection->query('SELECT *
FROM `bayi`
JOIN `ibu` ON `ibu`.`ibuID` = `rujukan_bayi`.`ibuID`', [], false)
 4 SYSTEMPATH\Model.php(286): CodeIgniter\Database\BaseBuilder->get()
 5 SYSTEMPATH\BaseModel.php(676): CodeIgniter\Model->doFindAll(0, 0)
 6 APPPATH\Controllers\Menu.php(326): CodeIgniter\BaseModel->findAll()
 7 SYSTEMPATH\CodeIgniter.php(933): App\Controllers\Menu->edit_rujukan_bayi('RJB001')
 8 SYSTEMPATH\CodeIgniter.php(509): CodeIgniter\CodeIgniter->runController(Object(App\Controllers\Menu))
 9 SYSTEMPATH\CodeIgniter.php(355): CodeIgniter\CodeIgniter->handleRequest(null, Object(Config\Cache), false)
10 SYSTEMPATH\Boot.php(325): CodeIgniter\CodeIgniter->run()
11 SYSTEMPATH\Boot.php(67): CodeIgniter\Boot::runCodeIgniter(Object(CodeIgniter\CodeIgniter))
12 FCPATH\index.php(56): CodeIgniter\Boot::bootWeb(Object(Config\Paths))
13 SYSTEMPATH\rewrite.php(44): require_once('E:\\Project\\klinik-bersalin\\public\\index.php')
CRITICAL - 2024-07-16 01:05:30 --> [Caused by] mysqli_sql_exception: Unknown column 'rujukan_bayi.ibuID' in 'on clause'
in SYSTEMPATH\Database\MySQLi\Connection.php on line 312.
 1 SYSTEMPATH\Database\MySQLi\Connection.php(312): mysqli->query('SELECT *
FROM `bayi`
JOIN `ibu` ON `ibu`.`ibuID` = `rujukan_bayi`.`ibuID`', 0)
 2 SYSTEMPATH\Database\BaseConnection.php(734): CodeIgniter\Database\MySQLi\Connection->execute('SELECT *
FROM `bayi`
JOIN `ibu` ON `ibu`.`ibuID` = `rujukan_bayi`.`ibuID`')
 3 SYSTEMPATH\Database\BaseConnection.php(648): CodeIgniter\Database\BaseConnection->simpleQuery('SELECT *
FROM `bayi`
JOIN `ibu` ON `ibu`.`ibuID` = `rujukan_bayi`.`ibuID`')
 4 SYSTEMPATH\Database\BaseBuilder.php(1636): CodeIgniter\Database\BaseConnection->query('SELECT *
FROM `bayi`
JOIN `ibu` ON `ibu`.`ibuID` = `rujukan_bayi`.`ibuID`', [], false)
 5 SYSTEMPATH\Model.php(286): CodeIgniter\Database\BaseBuilder->get()
 6 SYSTEMPATH\BaseModel.php(676): CodeIgniter\Model->doFindAll(0, 0)
 7 APPPATH\Controllers\Menu.php(326): CodeIgniter\BaseModel->findAll()
 8 SYSTEMPATH\CodeIgniter.php(933): App\Controllers\Menu->edit_rujukan_bayi('RJB001')
 9 SYSTEMPATH\CodeIgniter.php(509): CodeIgniter\CodeIgniter->runController(Object(App\Controllers\Menu))
10 SYSTEMPATH\CodeIgniter.php(355): CodeIgniter\CodeIgniter->handleRequest(null, Object(Config\Cache), false)
11 SYSTEMPATH\Boot.php(325): CodeIgniter\CodeIgniter->run()
12 SYSTEMPATH\Boot.php(67): CodeIgniter\Boot::runCodeIgniter(Object(CodeIgniter\CodeIgniter))
13 FCPATH\index.php(56): CodeIgniter\Boot::bootWeb(Object(Config\Paths))
14 SYSTEMPATH\rewrite.php(44): require_once('E:\\Project\\klinik-bersalin\\public\\index.php')
INFO - 2024-07-16 01:05:41 --> Session: Class initialized using 'CodeIgniter\Session\Handlers\FileHandler' driver.
INFO - 2024-07-16 01:09:40 --> Session: Class initialized using 'CodeIgniter\Session\Handlers\FileHandler' driver.
INFO - 2024-07-16 01:09:40 --> Session: Class initialized using 'CodeIgniter\Session\Handlers\FileHandler' driver.
INFO - 2024-07-16 01:09:44 --> Session: Class initialized using 'CodeIgniter\Session\Handlers\FileHandler' driver.
INFO - 2024-07-16 01:09:50 --> Session: Class initialized using 'CodeIgniter\Session\Handlers\FileHandler' driver.
INFO - 2024-07-16 01:09:50 --> Session: Class initialized using 'CodeIgniter\Session\Handlers\FileHandler' driver.
INFO - 2024-07-16 01:09:54 --> Session: Class initialized using 'CodeIgniter\Session\Handlers\FileHandler' driver.
INFO - 2024-07-16 01:10:04 --> Session: Class initialized using 'CodeIgniter\Session\Handlers\FileHandler' driver.
INFO - 2024-07-16 01:10:04 --> Session: Class initialized using 'CodeIgniter\Session\Handlers\FileHandler' driver.
INFO - 2024-07-16 01:10:12 --> Session: Class initialized using 'CodeIgniter\Session\Handlers\FileHandler' driver.
INFO - 2024-07-16 01:10:15 --> Session: Class initialized using 'CodeIgniter\Session\Handlers\FileHandler' driver.
INFO - 2024-07-16 01:10:18 --> Session: Class initialized using 'CodeIgniter\Session\Handlers\FileHandler' driver.
INFO - 2024-07-16 01:10:20 --> Session: Class initialized using 'CodeIgniter\Session\Handlers\FileHandler' driver.
CRITICAL - 2024-07-16 01:10:20 --> CodeIgniter\View\Exceptions\ViewException: Invalid file: "page/content/form/add_rujukan_bayi.php"
[Method: GET, Route: add-rujukan-bayi]
in SYSTEMPATH\Exceptions\FrameworkException.php on line 41.
 1 SYSTEMPATH\View\View.php(222): CodeIgniter\Exceptions\FrameworkException::forInvalidFile('page/content/form/add_rujukan_bayi.php')
 2 SYSTEMPATH\Common.php(1171): CodeIgniter\View\View->render('page/content/form/add_rujukan_bayi', [], true)
 3 APPPATH\Controllers\Menu.php(316): view('page/content/form/add_rujukan_bayi', [...])
 4 SYSTEMPATH\CodeIgniter.php(933): App\Controllers\Menu->add_rujukan_bayi()
 5 SYSTEMPATH\CodeIgniter.php(509): CodeIgniter\CodeIgniter->runController(Object(App\Controllers\Menu))
 6 SYSTEMPATH\CodeIgniter.php(355): CodeIgniter\CodeIgniter->handleRequest(null, Object(Config\Cache), false)
 7 SYSTEMPATH\Boot.php(325): CodeIgniter\CodeIgniter->run()
 8 SYSTEMPATH\Boot.php(67): CodeIgniter\Boot::runCodeIgniter(Object(CodeIgniter\CodeIgniter))
 9 FCPATH\index.php(56): CodeIgniter\Boot::bootWeb(Object(Config\Paths))
10 SYSTEMPATH\rewrite.php(44): require_once('E:\\Project\\klinik-bersalin\\public\\index.php')
INFO - 2024-07-16 01:14:03 --> Session: Class initialized using 'CodeIgniter\Session\Handlers\FileHandler' driver.
CRITICAL - 2024-07-16 01:14:03 --> ErrorException: Undefined array key "panjangLahir"
[Method: GET, Route: add-rujukan-bayi]
in APPPATH\Views\page\content\form\add_rujukan_bayi.php on line 58.
 1 APPPATH\Views\page\content\form\add_rujukan_bayi.php(58): CodeIgniter\Debug\Exceptions->errorHandler(2, 'Undefined array key "panjangLahir"', 'E:\\Project\\klinik-bersalin\\app\\Views\\page\\content\\form\\add_rujukan_bayi.php', 58)
 2 SYSTEMPATH\View\View.php(234): include('E:\\Project\\klinik-bersalin\\app\\Views\\page\\content\\form\\add_rujukan_bayi.php')
 3 SYSTEMPATH\View\View.php(237): CodeIgniter\View\View->CodeIgniter\View\{closure}()
 4 SYSTEMPATH\Common.php(1171): CodeIgniter\View\View->render('page/content/form/add_rujukan_bayi', [], true)
 5 APPPATH\Controllers\Menu.php(316): view('page/content/form/add_rujukan_bayi', [...])
 6 SYSTEMPATH\CodeIgniter.php(933): App\Controllers\Menu->add_rujukan_bayi()
 7 SYSTEMPATH\CodeIgniter.php(509): CodeIgniter\CodeIgniter->runController(Object(App\Controllers\Menu))
 8 SYSTEMPATH\CodeIgniter.php(355): CodeIgniter\CodeIgniter->handleRequest(null, Object(Config\Cache), false)
 9 SYSTEMPATH\Boot.php(325): CodeIgniter\CodeIgniter->run()
10 SYSTEMPATH\Boot.php(67): CodeIgniter\Boot::runCodeIgniter(Object(CodeIgniter\CodeIgniter))
11 FCPATH\index.php(56): CodeIgniter\Boot::bootWeb(Object(Config\Paths))
12 SYSTEMPATH\rewrite.php(44): require_once('E:\\Project\\klinik-bersalin\\public\\index.php')
INFO - 2024-07-16 01:14:49 --> Session: Class initialized using 'CodeIgniter\Session\Handlers\FileHandler' driver.
CRITICAL - 2024-07-16 01:14:49 --> ErrorException: Undefined array key "panjangLahir"
[Method: GET, Route: add-rujukan-bayi]
in APPPATH\Views\page\content\form\add_rujukan_bayi.php on line 58.
 1 APPPATH\Views\page\content\form\add_rujukan_bayi.php(58): CodeIgniter\Debug\Exceptions->errorHandler(2, 'Undefined array key "panjangLahir"', 'E:\\Project\\klinik-bersalin\\app\\Views\\page\\content\\form\\add_rujukan_bayi.php', 58)
 2 SYSTEMPATH\View\View.php(234): include('E:\\Project\\klinik-bersalin\\app\\Views\\page\\content\\form\\add_rujukan_bayi.php')
 3 SYSTEMPATH\View\View.php(237): CodeIgniter\View\View->CodeIgniter\View\{closure}()
 4 SYSTEMPATH\Common.php(1171): CodeIgniter\View\View->render('page/content/form/add_rujukan_bayi', [], true)
 5 APPPATH\Controllers\Menu.php(316): view('page/content/form/add_rujukan_bayi', [...])
 6 SYSTEMPATH\CodeIgniter.php(933): App\Controllers\Menu->add_rujukan_bayi()
 7 SYSTEMPATH\CodeIgniter.php(509): CodeIgniter\CodeIgniter->runController(Object(App\Controllers\Menu))
 8 SYSTEMPATH\CodeIgniter.php(355): CodeIgniter\CodeIgniter->handleRequest(null, Object(Config\Cache), false)
 9 SYSTEMPATH\Boot.php(325): CodeIgniter\CodeIgniter->run()
10 SYSTEMPATH\Boot.php(67): CodeIgniter\Boot::runCodeIgniter(Object(CodeIgniter\CodeIgniter))
11 FCPATH\index.php(56): CodeIgniter\Boot::bootWeb(Object(Config\Paths))
12 SYSTEMPATH\rewrite.php(44): require_once('E:\\Project\\klinik-bersalin\\public\\index.php')
INFO - 2024-07-16 01:15:15 --> Session: Class initialized using 'CodeIgniter\Session\Handlers\FileHandler' driver.
INFO - 2024-07-16 01:15:49 --> Session: Class initialized using 'CodeIgniter\Session\Handlers\FileHandler' driver.
CRITICAL - 2024-07-16 01:15:49 --> ErrorException: Undefined variable $ibus
[Method: GET, Route: add-rujukan-bayi]
in APPPATH\Views\page\content\form\add_rujukan_bayi.php on line 45.
 1 APPPATH\Views\page\content\form\add_rujukan_bayi.php(45): CodeIgniter\Debug\Exceptions->errorHandler(2, 'Undefined variable $ibus', 'E:\\Project\\klinik-bersalin\\app\\Views\\page\\content\\form\\add_rujukan_bayi.php', 45)
 2 SYSTEMPATH\View\View.php(234): include('E:\\Project\\klinik-bersalin\\app\\Views\\page\\content\\form\\add_rujukan_bayi.php')
 3 SYSTEMPATH\View\View.php(237): CodeIgniter\View\View->CodeIgniter\View\{closure}()
 4 SYSTEMPATH\Common.php(1171): CodeIgniter\View\View->render('page/content/form/add_rujukan_bayi', [], true)
 5 APPPATH\Controllers\Menu.php(316): view('page/content/form/add_rujukan_bayi', [...])
 6 SYSTEMPATH\CodeIgniter.php(933): App\Controllers\Menu->add_rujukan_bayi()
 7 SYSTEMPATH\CodeIgniter.php(509): CodeIgniter\CodeIgniter->runController(Object(App\Controllers\Menu))
 8 SYSTEMPATH\CodeIgniter.php(355): CodeIgniter\CodeIgniter->handleRequest(null, Object(Config\Cache), false)
 9 SYSTEMPATH\Boot.php(325): CodeIgniter\CodeIgniter->run()
10 SYSTEMPATH\Boot.php(67): CodeIgniter\Boot::runCodeIgniter(Object(CodeIgniter\CodeIgniter))
11 FCPATH\index.php(56): CodeIgniter\Boot::bootWeb(Object(Config\Paths))
12 SYSTEMPATH\rewrite.php(44): require_once('E:\\Project\\klinik-bersalin\\public\\index.php')
INFO - 2024-07-16 01:16:24 --> Session: Class initialized using 'CodeIgniter\Session\Handlers\FileHandler' driver.
INFO - 2024-07-16 01:19:26 --> Session: Class initialized using 'CodeIgniter\Session\Handlers\FileHandler' driver.
INFO - 2024-07-16 01:19:26 --> Session: Class initialized using 'CodeIgniter\Session\Handlers\FileHandler' driver.
INFO - 2024-07-16 01:19:31 --> Session: Class initialized using 'CodeIgniter\Session\Handlers\FileHandler' driver.
INFO - 2024-07-16 01:19:35 --> Session: Class initialized using 'CodeIgniter\Session\Handlers\FileHandler' driver.
INFO - 2024-07-16 01:19:35 --> Session: Class initialized using 'CodeIgniter\Session\Handlers\FileHandler' driver.
INFO - 2024-07-16 01:19:38 --> Session: Class initialized using 'CodeIgniter\Session\Handlers\FileHandler' driver.
INFO - 2024-07-16 01:19:50 --> Session: Class initialized using 'CodeIgniter\Session\Handlers\FileHandler' driver.
INFO - 2024-07-16 01:19:50 --> Session: Class initialized using 'CodeIgniter\Session\Handlers\FileHandler' driver.
INFO - 2024-07-16 01:19:54 --> Session: Class initialized using 'CodeIgniter\Session\Handlers\FileHandler' driver.
INFO - 2024-07-16 01:19:54 --> Session: Class initialized using 'CodeIgniter\Session\Handlers\FileHandler' driver.
INFO - 2024-07-16 01:20:34 --> Session: Class initialized using 'CodeIgniter\Session\Handlers\FileHandler' driver.
INFO - 2024-07-16 01:20:36 --> Session: Class initialized using 'CodeIgniter\Session\Handlers\FileHandler' driver.
INFO - 2024-07-16 01:21:39 --> Session: Class initialized using 'CodeIgniter\Session\Handlers\FileHandler' driver.
INFO - 2024-07-16 01:21:43 --> Session: Class initialized using 'CodeIgniter\Session\Handlers\FileHandler' driver.
INFO - 2024-07-16 01:21:46 --> Session: Class initialized using 'CodeIgniter\Session\Handlers\FileHandler' driver.
INFO - 2024-07-16 01:21:49 --> Session: Class initialized using 'CodeIgniter\Session\Handlers\FileHandler' driver.
INFO - 2024-07-16 01:22:02 --> Session: Class initialized using 'CodeIgniter\Session\Handlers\FileHandler' driver.
INFO - 2024-07-16 01:22:02 --> Session: Class initialized using 'CodeIgniter\Session\Handlers\FileHandler' driver.
INFO - 2024-07-16 01:22:07 --> Session: Class initialized using 'CodeIgniter\Session\Handlers\FileHandler' driver.
INFO - 2024-07-16 01:22:07 --> Session: Class initialized using 'CodeIgniter\Session\Handlers\FileHandler' driver.
INFO - 2024-07-16 01:26:54 --> Session: Class initialized using 'CodeIgniter\Session\Handlers\FileHandler' driver.
INFO - 2024-07-16 01:26:57 --> Session: Class initialized using 'CodeIgniter\Session\Handlers\FileHandler' driver.
CRITICAL - 2024-07-16 01:26:57 --> CodeIgniter\View\Exceptions\ViewException: Invalid file: "page/content/kamars.php"
[Method: GET, Route: kamars]
in SYSTEMPATH\Exceptions\FrameworkException.php on line 41.
 1 SYSTEMPATH\View\View.php(222): CodeIgniter\Exceptions\FrameworkException::forInvalidFile('page/content/kamars.php')
 2 SYSTEMPATH\Common.php(1171): CodeIgniter\View\View->render('page/content/kamars', [], true)
 3 APPPATH\Controllers\Menu.php(89): view('page/content/kamars', [...])
 4 SYSTEMPATH\CodeIgniter.php(933): App\Controllers\Menu->kamars()
 5 SYSTEMPATH\CodeIgniter.php(509): CodeIgniter\CodeIgniter->runController(Object(App\Controllers\Menu))
 6 SYSTEMPATH\CodeIgniter.php(355): CodeIgniter\CodeIgniter->handleRequest(null, Object(Config\Cache), false)
 7 SYSTEMPATH\Boot.php(325): CodeIgniter\CodeIgniter->run()
 8 SYSTEMPATH\Boot.php(67): CodeIgniter\Boot::runCodeIgniter(Object(CodeIgniter\CodeIgniter))
 9 FCPATH\index.php(56): CodeIgniter\Boot::bootWeb(Object(Config\Paths))
10 SYSTEMPATH\rewrite.php(44): require_once('E:\\Project\\klinik-bersalin\\public\\index.php')
INFO - 2024-07-16 01:29:01 --> Session: Class initialized using 'CodeIgniter\Session\Handlers\FileHandler' driver.
INFO - 2024-07-16 01:29:44 --> Session: Class initialized using 'CodeIgniter\Session\Handlers\FileHandler' driver.
INFO - 2024-07-16 01:30:11 --> Session: Class initialized using 'CodeIgniter\Session\Handlers\FileHandler' driver.
INFO - 2024-07-16 01:30:12 --> Session: Class initialized using 'CodeIgniter\Session\Handlers\FileHandler' driver.
CRITICAL - 2024-07-16 01:30:12 --> CodeIgniter\View\Exceptions\ViewException: Invalid file: "page/content/form/add_kamars.php"
[Method: GET, Route: add-kamars]
in SYSTEMPATH\Exceptions\FrameworkException.php on line 41.
 1 SYSTEMPATH\View\View.php(222): CodeIgniter\Exceptions\FrameworkException::forInvalidFile('page/content/form/add_kamars.php')
 2 SYSTEMPATH\Common.php(1171): CodeIgniter\View\View->render('page/content/form/add_kamars', [], true)
 3 APPPATH\Controllers\Menu.php(98): view('page/content/form/add_kamars')
 4 SYSTEMPATH\CodeIgniter.php(933): App\Controllers\Menu->add_kamars()
 5 SYSTEMPATH\CodeIgniter.php(509): CodeIgniter\CodeIgniter->runController(Object(App\Controllers\Menu))
 6 SYSTEMPATH\CodeIgniter.php(355): CodeIgniter\CodeIgniter->handleRequest(null, Object(Config\Cache), false)
 7 SYSTEMPATH\Boot.php(325): CodeIgniter\CodeIgniter->run()
 8 SYSTEMPATH\Boot.php(67): CodeIgniter\Boot::runCodeIgniter(Object(CodeIgniter\CodeIgniter))
 9 FCPATH\index.php(56): CodeIgniter\Boot::bootWeb(Object(Config\Paths))
10 SYSTEMPATH\rewrite.php(44): require_once('E:\\Project\\klinik-bersalin\\public\\index.php')
INFO - 2024-07-16 01:31:51 --> Session: Class initialized using 'CodeIgniter\Session\Handlers\FileHandler' driver.
INFO - 2024-07-16 01:34:01 --> Session: Class initialized using 'CodeIgniter\Session\Handlers\FileHandler' driver.
INFO - 2024-07-16 01:34:11 --> Session: Class initialized using 'CodeIgniter\Session\Handlers\FileHandler' driver.
INFO - 2024-07-16 01:34:11 --> Session: Class initialized using 'CodeIgniter\Session\Handlers\FileHandler' driver.
INFO - 2024-07-16 01:35:16 --> Session: Class initialized using 'CodeIgniter\Session\Handlers\FileHandler' driver.
INFO - 2024-07-16 01:35:19 --> Session: Class initialized using 'CodeIgniter\Session\Handlers\FileHandler' driver.
INFO - 2024-07-16 01:35:29 --> Session: Class initialized using 'CodeIgniter\Session\Handlers\FileHandler' driver.
ERROR - 2024-07-16 01:35:29 --> mysqli_sql_exception: Duplicate entry 'K001' for key 'PRIMARY' in E:\Project\klinik-bersalin\system\Database\MySQLi\Connection.php:312
Stack trace:
#0 E:\Project\klinik-bersalin\system\Database\MySQLi\Connection.php(312): mysqli->query('INSERT INTO `ka...', 0)
#1 E:\Project\klinik-bersalin\system\Database\BaseConnection.php(734): CodeIgniter\Database\MySQLi\Connection->execute('INSERT INTO `ka...')
#2 E:\Project\klinik-bersalin\system\Database\BaseConnection.php(648): CodeIgniter\Database\BaseConnection->simpleQuery('INSERT INTO `ka...')
#3 E:\Project\klinik-bersalin\system\Database\BaseBuilder.php(2332): CodeIgniter\Database\BaseConnection->query('INSERT INTO `ka...', Array, false)
#4 E:\Project\klinik-bersalin\system\Model.php(394): CodeIgniter\Database\BaseBuilder->insert()
#5 E:\Project\klinik-bersalin\system\BaseModel.php(840): CodeIgniter\Model->doInsert(Array)
#6 E:\Project\klinik-bersalin\system\Model.php(802): CodeIgniter\BaseModel->insert(Array, true)
#7 E:\Project\klinik-bersalin\app\Models\KamarModel.php(26): CodeIgniter\Model->insert(Array)
#8 E:\Project\klinik-bersalin\app\Controllers\Save.php(78): App\Models\KamarModel->saveKamar(Array)
#9 E:\Project\klinik-bersalin\system\CodeIgniter.php(933): App\Controllers\Save->store_kamars()
#10 E:\Project\klinik-bersalin\system\CodeIgniter.php(509): CodeIgniter\CodeIgniter->runController(Object(App\Controllers\Save))
#11 E:\Project\klinik-bersalin\system\CodeIgniter.php(355): CodeIgniter\CodeIgniter->handleRequest(NULL, Object(Config\Cache), false)
#12 E:\Project\klinik-bersalin\system\Boot.php(325): CodeIgniter\CodeIgniter->run()
#13 E:\Project\klinik-bersalin\system\Boot.php(67): CodeIgniter\Boot::runCodeIgniter(Object(CodeIgniter\CodeIgniter))
#14 E:\Project\klinik-bersalin\public\index.php(56): CodeIgniter\Boot::bootWeb(Object(Config\Paths))
#15 E:\Project\klinik-bersalin\system\rewrite.php(44): require_once('E:\\Project\\klin...')
#16 {main}
CRITICAL - 2024-07-16 01:35:29 --> CodeIgniter\Database\Exceptions\DatabaseException: Duplicate entry 'K001' for key 'PRIMARY'
[Method: POST, Route: add-kamars]
in SYSTEMPATH\Database\BaseConnection.php on line 688.
 1 SYSTEMPATH\Database\BaseBuilder.php(2332): CodeIgniter\Database\BaseConnection->query('INSERT INTO `kamar` (`kamarNama`, `kamarTipe`, `kamarBiaya`, `kamarID`) VALUES (:kamarNama:, :kamarTipe:, :kamarBiaya:, :kamarID:)', [...], false)
 2 SYSTEMPATH\Model.php(394): CodeIgniter\Database\BaseBuilder->insert()
 3 SYSTEMPATH\BaseModel.php(840): CodeIgniter\Model->doInsert([...])
 4 SYSTEMPATH\Model.php(802): CodeIgniter\BaseModel->insert([...], true)
 5 APPPATH\Models\KamarModel.php(26): CodeIgniter\Model->insert([...])
 6 APPPATH\Controllers\Save.php(78): App\Models\KamarModel->saveKamar([...])
 7 SYSTEMPATH\CodeIgniter.php(933): App\Controllers\Save->store_kamars()
 8 SYSTEMPATH\CodeIgniter.php(509): CodeIgniter\CodeIgniter->runController(Object(App\Controllers\Save))
 9 SYSTEMPATH\CodeIgniter.php(355): CodeIgniter\CodeIgniter->handleRequest(null, Object(Config\Cache), false)
10 SYSTEMPATH\Boot.php(325): CodeIgniter\CodeIgniter->run()
11 SYSTEMPATH\Boot.php(67): CodeIgniter\Boot::runCodeIgniter(Object(CodeIgniter\CodeIgniter))
12 FCPATH\index.php(56): CodeIgniter\Boot::bootWeb(Object(Config\Paths))
13 SYSTEMPATH\rewrite.php(44): require_once('E:\\Project\\klinik-bersalin\\public\\index.php')
CRITICAL - 2024-07-16 01:35:29 --> [Caused by] CodeIgniter\Database\Exceptions\DatabaseException: Duplicate entry 'K001' for key 'PRIMARY'
in SYSTEMPATH\Database\MySQLi\Connection.php on line 317.
 1 SYSTEMPATH\Database\BaseConnection.php(734): CodeIgniter\Database\MySQLi\Connection->execute('INSERT INTO `kamar` (`kamarNama`, `kamarTipe`, `kamarBiaya`, `kamarID`) VALUES (\'Rose\', \'Standard\', \'150000\', \'K001\')')
 2 SYSTEMPATH\Database\BaseConnection.php(648): CodeIgniter\Database\BaseConnection->simpleQuery('INSERT INTO `kamar` (`kamarNama`, `kamarTipe`, `kamarBiaya`, `kamarID`) VALUES (\'Rose\', \'Standard\', \'150000\', \'K001\')')
 3 SYSTEMPATH\Database\BaseBuilder.php(2332): CodeIgniter\Database\BaseConnection->query('INSERT INTO `kamar` (`kamarNama`, `kamarTipe`, `kamarBiaya`, `kamarID`) VALUES (:kamarNama:, :kamarTipe:, :kamarBiaya:, :kamarID:)', [...], false)
 4 SYSTEMPATH\Model.php(394): CodeIgniter\Database\BaseBuilder->insert()
 5 SYSTEMPATH\BaseModel.php(840): CodeIgniter\Model->doInsert([...])
 6 SYSTEMPATH\Model.php(802): CodeIgniter\BaseModel->insert([...], true)
 7 APPPATH\Models\KamarModel.php(26): CodeIgniter\Model->insert([...])
 8 APPPATH\Controllers\Save.php(78): App\Models\KamarModel->saveKamar([...])
 9 SYSTEMPATH\CodeIgniter.php(933): App\Controllers\Save->store_kamars()
10 SYSTEMPATH\CodeIgniter.php(509): CodeIgniter\CodeIgniter->runController(Object(App\Controllers\Save))
11 SYSTEMPATH\CodeIgniter.php(355): CodeIgniter\CodeIgniter->handleRequest(null, Object(Config\Cache), false)
12 SYSTEMPATH\Boot.php(325): CodeIgniter\CodeIgniter->run()
13 SYSTEMPATH\Boot.php(67): CodeIgniter\Boot::runCodeIgniter(Object(CodeIgniter\CodeIgniter))
14 FCPATH\index.php(56): CodeIgniter\Boot::bootWeb(Object(Config\Paths))
15 SYSTEMPATH\rewrite.php(44): require_once('E:\\Project\\klinik-bersalin\\public\\index.php')
CRITICAL - 2024-07-16 01:35:29 --> [Caused by] mysqli_sql_exception: Duplicate entry 'K001' for key 'PRIMARY'
in SYSTEMPATH\Database\MySQLi\Connection.php on line 312.
 1 SYSTEMPATH\Database\MySQLi\Connection.php(312): mysqli->query('INSERT INTO `kamar` (`kamarNama`, `kamarTipe`, `kamarBiaya`, `kamarID`) VALUES (\'Rose\', \'Standard\', \'150000\', \'K001\')', 0)
 2 SYSTEMPATH\Database\BaseConnection.php(734): CodeIgniter\Database\MySQLi\Connection->execute('INSERT INTO `kamar` (`kamarNama`, `kamarTipe`, `kamarBiaya`, `kamarID`) VALUES (\'Rose\', \'Standard\', \'150000\', \'K001\')')
 3 SYSTEMPATH\Database\BaseConnection.php(648): CodeIgniter\Database\BaseConnection->simpleQuery('INSERT INTO `kamar` (`kamarNama`, `kamarTipe`, `kamarBiaya`, `kamarID`) VALUES (\'Rose\', \'Standard\', \'150000\', \'K001\')')
 4 SYSTEMPATH\Database\BaseBuilder.php(2332): CodeIgniter\Database\BaseConnection->query('INSERT INTO `kamar` (`kamarNama`, `kamarTipe`, `kamarBiaya`, `kamarID`) VALUES (:kamarNama:, :kamarTipe:, :kamarBiaya:, :kamarID:)', [...], false)
 5 SYSTEMPATH\Model.php(394): CodeIgniter\Database\BaseBuilder->insert()
 6 SYSTEMPATH\BaseModel.php(840): CodeIgniter\Model->doInsert([...])
 7 SYSTEMPATH\Model.php(802): CodeIgniter\BaseModel->insert([...], true)
 8 APPPATH\Models\KamarModel.php(26): CodeIgniter\Model->insert([...])
 9 APPPATH\Controllers\Save.php(78): App\Models\KamarModel->saveKamar([...])
10 SYSTEMPATH\CodeIgniter.php(933): App\Controllers\Save->store_kamars()
11 SYSTEMPATH\CodeIgniter.php(509): CodeIgniter\CodeIgniter->runController(Object(App\Controllers\Save))
12 SYSTEMPATH\CodeIgniter.php(355): CodeIgniter\CodeIgniter->handleRequest(null, Object(Config\Cache), false)
13 SYSTEMPATH\Boot.php(325): CodeIgniter\CodeIgniter->run()
14 SYSTEMPATH\Boot.php(67): CodeIgniter\Boot::runCodeIgniter(Object(CodeIgniter\CodeIgniter))
15 FCPATH\index.php(56): CodeIgniter\Boot::bootWeb(Object(Config\Paths))
16 SYSTEMPATH\rewrite.php(44): require_once('E:\\Project\\klinik-bersalin\\public\\index.php')
INFO - 2024-07-16 01:36:20 --> Session: Class initialized using 'CodeIgniter\Session\Handlers\FileHandler' driver.
INFO - 2024-07-16 01:36:20 --> Session: Class initialized using 'CodeIgniter\Session\Handlers\FileHandler' driver.
INFO - 2024-07-16 01:36:22 --> Session: Class initialized using 'CodeIgniter\Session\Handlers\FileHandler' driver.
INFO - 2024-07-16 01:36:28 --> Session: Class initialized using 'CodeIgniter\Session\Handlers\FileHandler' driver.
INFO - 2024-07-16 01:36:28 --> Session: Class initialized using 'CodeIgniter\Session\Handlers\FileHandler' driver.
INFO - 2024-07-16 01:36:34 --> Session: Class initialized using 'CodeIgniter\Session\Handlers\FileHandler' driver.
CRITICAL - 2024-07-16 01:36:34 --> CodeIgniter\View\Exceptions\ViewException: Invalid file: "page/content/form/edit_kamars.php"
[Method: GET, Route: edit-kamars/KMR002]
in SYSTEMPATH\Exceptions\FrameworkException.php on line 41.
 1 SYSTEMPATH\View\View.php(222): CodeIgniter\Exceptions\FrameworkException::forInvalidFile('page/content/form/edit_kamars.php')
 2 SYSTEMPATH\Common.php(1171): CodeIgniter\View\View->render('page/content/form/edit_kamars', [], true)
 3 APPPATH\Controllers\Menu.php(108): view('page/content/form/edit_kamars', [...])
 4 SYSTEMPATH\CodeIgniter.php(933): App\Controllers\Menu->edit_kamars('KMR002')
 5 SYSTEMPATH\CodeIgniter.php(509): CodeIgniter\CodeIgniter->runController(Object(App\Controllers\Menu))
 6 SYSTEMPATH\CodeIgniter.php(355): CodeIgniter\CodeIgniter->handleRequest(null, Object(Config\Cache), false)
 7 SYSTEMPATH\Boot.php(325): CodeIgniter\CodeIgniter->run()
 8 SYSTEMPATH\Boot.php(67): CodeIgniter\Boot::runCodeIgniter(Object(CodeIgniter\CodeIgniter))
 9 FCPATH\index.php(56): CodeIgniter\Boot::bootWeb(Object(Config\Paths))
10 SYSTEMPATH\rewrite.php(44): require_once('E:\\Project\\klinik-bersalin\\public\\index.php')
INFO - 2024-07-16 01:36:36 --> Session: Class initialized using 'CodeIgniter\Session\Handlers\FileHandler' driver.
INFO - 2024-07-16 01:38:21 --> Session: Class initialized using 'CodeIgniter\Session\Handlers\FileHandler' driver.
INFO - 2024-07-16 01:38:25 --> Session: Class initialized using 'CodeIgniter\Session\Handlers\FileHandler' driver.
INFO - 2024-07-16 01:38:28 --> Session: Class initialized using 'CodeIgniter\Session\Handlers\FileHandler' driver.
INFO - 2024-07-16 01:38:30 --> Session: Class initialized using 'CodeIgniter\Session\Handlers\FileHandler' driver.
INFO - 2024-07-16 01:39:47 --> Session: Class initialized using 'CodeIgniter\Session\Handlers\FileHandler' driver.
INFO - 2024-07-16 01:40:12 --> Session: Class initialized using 'CodeIgniter\Session\Handlers\FileHandler' driver.
INFO - 2024-07-16 01:40:12 --> Session: Class initialized using 'CodeIgniter\Session\Handlers\FileHandler' driver.
INFO - 2024-07-16 01:40:17 --> Session: Class initialized using 'CodeIgniter\Session\Handlers\FileHandler' driver.
INFO - 2024-07-16 01:40:20 --> Session: Class initialized using 'CodeIgniter\Session\Handlers\FileHandler' driver.
INFO - 2024-07-16 01:40:20 --> Session: Class initialized using 'CodeIgniter\Session\Handlers\FileHandler' driver.
INFO - 2024-07-16 01:40:49 --> Session: Class initialized using 'CodeIgniter\Session\Handlers\FileHandler' driver.
INFO - 2024-07-16 01:40:53 --> Session: Class initialized using 'CodeIgniter\Session\Handlers\FileHandler' driver.
INFO - 2024-07-16 01:40:53 --> Session: Class initialized using 'CodeIgniter\Session\Handlers\FileHandler' driver.
INFO - 2024-07-16 01:45:00 --> Session: Class initialized using 'CodeIgniter\Session\Handlers\FileHandler' driver.
ERROR - 2024-07-16 01:45:00 --> mysqli_sql_exception: Table 'klinikbersalin.obat' doesn't exist in E:\Project\klinik-bersalin\system\Database\MySQLi\Connection.php:312
Stack trace:
#0 E:\Project\klinik-bersalin\system\Database\MySQLi\Connection.php(312): mysqli->query('SELECT *\nFROM `...', 0)
#1 E:\Project\klinik-bersalin\system\Database\BaseConnection.php(734): CodeIgniter\Database\MySQLi\Connection->execute('SELECT *\nFROM `...')
#2 E:\Project\klinik-bersalin\system\Database\BaseConnection.php(648): CodeIgniter\Database\BaseConnection->simpleQuery('SELECT *\nFROM `...')
#3 E:\Project\klinik-bersalin\system\Database\BaseBuilder.php(1636): CodeIgniter\Database\BaseConnection->query('SELECT *\nFROM `...', Array, false)
#4 E:\Project\klinik-bersalin\system\Model.php(286): CodeIgniter\Database\BaseBuilder->get()
#5 E:\Project\klinik-bersalin\system\BaseModel.php(676): CodeIgniter\Model->doFindAll(0, 0)
#6 E:\Project\klinik-bersalin\app\Controllers\Menu.php(120): CodeIgniter\BaseModel->findAll()
#7 E:\Project\klinik-bersalin\system\CodeIgniter.php(933): App\Controllers\Menu->obats()
#8 E:\Project\klinik-bersalin\system\CodeIgniter.php(509): CodeIgniter\CodeIgniter->runController(Object(App\Controllers\Menu))
#9 E:\Project\klinik-bersalin\system\CodeIgniter.php(355): CodeIgniter\CodeIgniter->handleRequest(NULL, Object(Config\Cache), false)
#10 E:\Project\klinik-bersalin\system\Boot.php(325): CodeIgniter\CodeIgniter->run()
#11 E:\Project\klinik-bersalin\system\Boot.php(67): CodeIgniter\Boot::runCodeIgniter(Object(CodeIgniter\CodeIgniter))
#12 E:\Project\klinik-bersalin\public\index.php(56): CodeIgniter\Boot::bootWeb(Object(Config\Paths))
#13 E:\Project\klinik-bersalin\system\rewrite.php(44): require_once('E:\\Project\\klin...')
#14 {main}
CRITICAL - 2024-07-16 01:45:00 --> CodeIgniter\Database\Exceptions\DatabaseException: Table 'klinikbersalin.obat' doesn't exist
[Method: GET, Route: obats]
in SYSTEMPATH\Database\BaseConnection.php on line 688.
 1 SYSTEMPATH\Database\BaseBuilder.php(1636): CodeIgniter\Database\BaseConnection->query('SELECT *
FROM `obat`', [], false)
 2 SYSTEMPATH\Model.php(286): CodeIgniter\Database\BaseBuilder->get()
 3 SYSTEMPATH\BaseModel.php(676): CodeIgniter\Model->doFindAll(0, 0)
 4 APPPATH\Controllers\Menu.php(120): CodeIgniter\BaseModel->findAll()
 5 SYSTEMPATH\CodeIgniter.php(933): App\Controllers\Menu->obats()
 6 SYSTEMPATH\CodeIgniter.php(509): CodeIgniter\CodeIgniter->runController(Object(App\Controllers\Menu))
 7 SYSTEMPATH\CodeIgniter.php(355): CodeIgniter\CodeIgniter->handleRequest(null, Object(Config\Cache), false)
 8 SYSTEMPATH\Boot.php(325): CodeIgniter\CodeIgniter->run()
 9 SYSTEMPATH\Boot.php(67): CodeIgniter\Boot::runCodeIgniter(Object(CodeIgniter\CodeIgniter))
10 FCPATH\index.php(56): CodeIgniter\Boot::bootWeb(Object(Config\Paths))
11 SYSTEMPATH\rewrite.php(44): require_once('E:\\Project\\klinik-bersalin\\public\\index.php')
CRITICAL - 2024-07-16 01:45:00 --> [Caused by] CodeIgniter\Database\Exceptions\DatabaseException: Table 'klinikbersalin.obat' doesn't exist
in SYSTEMPATH\Database\MySQLi\Connection.php on line 317.
 1 SYSTEMPATH\Database\BaseConnection.php(734): CodeIgniter\Database\MySQLi\Connection->execute('SELECT *
FROM `obat`')
 2 SYSTEMPATH\Database\BaseConnection.php(648): CodeIgniter\Database\BaseConnection->simpleQuery('SELECT *
FROM `obat`')
 3 SYSTEMPATH\Database\BaseBuilder.php(1636): CodeIgniter\Database\BaseConnection->query('SELECT *
FROM `obat`', [], false)
 4 SYSTEMPATH\Model.php(286): CodeIgniter\Database\BaseBuilder->get()
 5 SYSTEMPATH\BaseModel.php(676): CodeIgniter\Model->doFindAll(0, 0)
 6 APPPATH\Controllers\Menu.php(120): CodeIgniter\BaseModel->findAll()
 7 SYSTEMPATH\CodeIgniter.php(933): App\Controllers\Menu->obats()
 8 SYSTEMPATH\CodeIgniter.php(509): CodeIgniter\CodeIgniter->runController(Object(App\Controllers\Menu))
 9 SYSTEMPATH\CodeIgniter.php(355): CodeIgniter\CodeIgniter->handleRequest(null, Object(Config\Cache), false)
10 SYSTEMPATH\Boot.php(325): CodeIgniter\CodeIgniter->run()
11 SYSTEMPATH\Boot.php(67): CodeIgniter\Boot::runCodeIgniter(Object(CodeIgniter\CodeIgniter))
12 FCPATH\index.php(56): CodeIgniter\Boot::bootWeb(Object(Config\Paths))
13 SYSTEMPATH\rewrite.php(44): require_once('E:\\Project\\klinik-bersalin\\public\\index.php')
CRITICAL - 2024-07-16 01:45:00 --> [Caused by] mysqli_sql_exception: Table 'klinikbersalin.obat' doesn't exist
in SYSTEMPATH\Database\MySQLi\Connection.php on line 312.
 1 SYSTEMPATH\Database\MySQLi\Connection.php(312): mysqli->query('SELECT *
FROM `obat`', 0)
 2 SYSTEMPATH\Database\BaseConnection.php(734): CodeIgniter\Database\MySQLi\Connection->execute('SELECT *
FROM `obat`')
 3 SYSTEMPATH\Database\BaseConnection.php(648): CodeIgniter\Database\BaseConnection->simpleQuery('SELECT *
FROM `obat`')
 4 SYSTEMPATH\Database\BaseBuilder.php(1636): CodeIgniter\Database\BaseConnection->query('SELECT *
FROM `obat`', [], false)
 5 SYSTEMPATH\Model.php(286): CodeIgniter\Database\BaseBuilder->get()
 6 SYSTEMPATH\BaseModel.php(676): CodeIgniter\Model->doFindAll(0, 0)
 7 APPPATH\Controllers\Menu.php(120): CodeIgniter\BaseModel->findAll()
 8 SYSTEMPATH\CodeIgniter.php(933): App\Controllers\Menu->obats()
 9 SYSTEMPATH\CodeIgniter.php(509): CodeIgniter\CodeIgniter->runController(Object(App\Controllers\Menu))
10 SYSTEMPATH\CodeIgniter.php(355): CodeIgniter\CodeIgniter->handleRequest(null, Object(Config\Cache), false)
11 SYSTEMPATH\Boot.php(325): CodeIgniter\CodeIgniter->run()
12 SYSTEMPATH\Boot.php(67): CodeIgniter\Boot::runCodeIgniter(Object(CodeIgniter\CodeIgniter))
13 FCPATH\index.php(56): CodeIgniter\Boot::bootWeb(Object(Config\Paths))
14 SYSTEMPATH\rewrite.php(44): require_once('E:\\Project\\klinik-bersalin\\public\\index.php')
INFO - 2024-07-16 01:45:26 --> Session: Class initialized using 'CodeIgniter\Session\Handlers\FileHandler' driver.
CRITICAL - 2024-07-16 01:45:26 --> CodeIgniter\View\Exceptions\ViewException: Invalid file: "page/content/obats.php"
[Method: GET, Route: obats]
in SYSTEMPATH\Exceptions\FrameworkException.php on line 41.
 1 SYSTEMPATH\View\View.php(222): CodeIgniter\Exceptions\FrameworkException::forInvalidFile('page/content/obats.php')
 2 SYSTEMPATH\Common.php(1171): CodeIgniter\View\View->render('page/content/obats', [], true)
 3 APPPATH\Controllers\Menu.php(121): view('page/content/obats', [...])
 4 SYSTEMPATH\CodeIgniter.php(933): App\Controllers\Menu->obats()
 5 SYSTEMPATH\CodeIgniter.php(509): CodeIgniter\CodeIgniter->runController(Object(App\Controllers\Menu))
 6 SYSTEMPATH\CodeIgniter.php(355): CodeIgniter\CodeIgniter->handleRequest(null, Object(Config\Cache), false)
 7 SYSTEMPATH\Boot.php(325): CodeIgniter\CodeIgniter->run()
 8 SYSTEMPATH\Boot.php(67): CodeIgniter\Boot::runCodeIgniter(Object(CodeIgniter\CodeIgniter))
 9 FCPATH\index.php(56): CodeIgniter\Boot::bootWeb(Object(Config\Paths))
10 SYSTEMPATH\rewrite.php(44): require_once('E:\\Project\\klinik-bersalin\\public\\index.php')
INFO - 2024-07-16 01:47:35 --> Session: Class initialized using 'CodeIgniter\Session\Handlers\FileHandler' driver.
INFO - 2024-07-16 01:47:39 --> Session: Class initialized using 'CodeIgniter\Session\Handlers\FileHandler' driver.
INFO - 2024-07-16 01:47:41 --> Session: Class initialized using 'CodeIgniter\Session\Handlers\FileHandler' driver.
INFO - 2024-07-16 01:48:35 --> Session: Class initialized using 'CodeIgniter\Session\Handlers\FileHandler' driver.
CRITICAL - 2024-07-16 01:48:35 --> CodeIgniter\View\Exceptions\ViewException: Invalid file: "page/content/form/add_obats.php"
[Method: GET, Route: add-obats]
in SYSTEMPATH\Exceptions\FrameworkException.php on line 41.
 1 SYSTEMPATH\View\View.php(222): CodeIgniter\Exceptions\FrameworkException::forInvalidFile('page/content/form/add_obats.php')
 2 SYSTEMPATH\Common.php(1171): CodeIgniter\View\View->render('page/content/form/add_obats', [], true)
 3 APPPATH\Controllers\Menu.php(130): view('page/content/form/add_obats')
 4 SYSTEMPATH\CodeIgniter.php(933): App\Controllers\Menu->add_obats()
 5 SYSTEMPATH\CodeIgniter.php(509): CodeIgniter\CodeIgniter->runController(Object(App\Controllers\Menu))
 6 SYSTEMPATH\CodeIgniter.php(355): CodeIgniter\CodeIgniter->handleRequest(null, Object(Config\Cache), false)
 7 SYSTEMPATH\Boot.php(325): CodeIgniter\CodeIgniter->run()
 8 SYSTEMPATH\Boot.php(67): CodeIgniter\Boot::runCodeIgniter(Object(CodeIgniter\CodeIgniter))
 9 FCPATH\index.php(56): CodeIgniter\Boot::bootWeb(Object(Config\Paths))
10 SYSTEMPATH\rewrite.php(44): require_once('E:\\Project\\klinik-bersalin\\public\\index.php')
INFO - 2024-07-16 01:49:51 --> Session: Class initialized using 'CodeIgniter\Session\Handlers\FileHandler' driver.
INFO - 2024-07-16 01:51:15 --> Session: Class initialized using 'CodeIgniter\Session\Handlers\FileHandler' driver.
INFO - 2024-07-16 01:51:26 --> Session: Class initialized using 'CodeIgniter\Session\Handlers\FileHandler' driver.
ERROR - 2024-07-16 01:51:26 --> mysqli_sql_exception: Column 'obatID' cannot be null in E:\Project\klinik-bersalin\system\Database\MySQLi\Connection.php:312
Stack trace:
#0 E:\Project\klinik-bersalin\system\Database\MySQLi\Connection.php(312): mysqli->query('INSERT INTO `ob...', 0)
#1 E:\Project\klinik-bersalin\system\Database\BaseConnection.php(734): CodeIgniter\Database\MySQLi\Connection->execute('INSERT INTO `ob...')
#2 E:\Project\klinik-bersalin\system\Database\BaseConnection.php(648): CodeIgniter\Database\BaseConnection->simpleQuery('INSERT INTO `ob...')
#3 E:\Project\klinik-bersalin\system\Database\BaseBuilder.php(2332): CodeIgniter\Database\BaseConnection->query('INSERT INTO `ob...', Array, false)
#4 E:\Project\klinik-bersalin\system\Model.php(394): CodeIgniter\Database\BaseBuilder->insert()
#5 E:\Project\klinik-bersalin\system\BaseModel.php(840): CodeIgniter\Model->doInsert(Array)
#6 E:\Project\klinik-bersalin\system\Model.php(802): CodeIgniter\BaseModel->insert(Array, false)
#7 E:\Project\klinik-bersalin\system\BaseModel.php(751): CodeIgniter\Model->insert(Array, false)
#8 E:\Project\klinik-bersalin\app\Controllers\Save.php(107): CodeIgniter\BaseModel->save(Array)
#9 E:\Project\klinik-bersalin\system\CodeIgniter.php(933): App\Controllers\Save->store_obats()
#10 E:\Project\klinik-bersalin\system\CodeIgniter.php(509): CodeIgniter\CodeIgniter->runController(Object(App\Controllers\Save))
#11 E:\Project\klinik-bersalin\system\CodeIgniter.php(355): CodeIgniter\CodeIgniter->handleRequest(NULL, Object(Config\Cache), false)
#12 E:\Project\klinik-bersalin\system\Boot.php(325): CodeIgniter\CodeIgniter->run()
#13 E:\Project\klinik-bersalin\system\Boot.php(67): CodeIgniter\Boot::runCodeIgniter(Object(CodeIgniter\CodeIgniter))
#14 E:\Project\klinik-bersalin\public\index.php(56): CodeIgniter\Boot::bootWeb(Object(Config\Paths))
#15 E:\Project\klinik-bersalin\system\rewrite.php(44): require_once('E:\\Project\\klin...')
#16 {main}
CRITICAL - 2024-07-16 01:51:26 --> CodeIgniter\Database\Exceptions\DatabaseException: Column 'obatID' cannot be null
[Method: POST, Route: add-obats]
in SYSTEMPATH\Database\BaseConnection.php on line 688.
 1 SYSTEMPATH\Database\BaseBuilder.php(2332): CodeIgniter\Database\BaseConnection->query('INSERT INTO `obat` (`obatID`, `obatNama`, `obatStok`, `obatHarga`) VALUES (:obatID:, :obatNama:, :obatStok:, :obatHarga:)', [...], false)
 2 SYSTEMPATH\Model.php(394): CodeIgniter\Database\BaseBuilder->insert()
 3 SYSTEMPATH\BaseModel.php(840): CodeIgniter\Model->doInsert([...])
 4 SYSTEMPATH\Model.php(802): CodeIgniter\BaseModel->insert([...], false)
 5 SYSTEMPATH\BaseModel.php(751): CodeIgniter\Model->insert([...], false)
 6 APPPATH\Controllers\Save.php(107): CodeIgniter\BaseModel->save([...])
 7 SYSTEMPATH\CodeIgniter.php(933): App\Controllers\Save->store_obats()
 8 SYSTEMPATH\CodeIgniter.php(509): CodeIgniter\CodeIgniter->runController(Object(App\Controllers\Save))
 9 SYSTEMPATH\CodeIgniter.php(355): CodeIgniter\CodeIgniter->handleRequest(null, Object(Config\Cache), false)
10 SYSTEMPATH\Boot.php(325): CodeIgniter\CodeIgniter->run()
11 SYSTEMPATH\Boot.php(67): CodeIgniter\Boot::runCodeIgniter(Object(CodeIgniter\CodeIgniter))
12 FCPATH\index.php(56): CodeIgniter\Boot::bootWeb(Object(Config\Paths))
13 SYSTEMPATH\rewrite.php(44): require_once('E:\\Project\\klinik-bersalin\\public\\index.php')
CRITICAL - 2024-07-16 01:51:26 --> [Caused by] CodeIgniter\Database\Exceptions\DatabaseException: Column 'obatID' cannot be null
in SYSTEMPATH\Database\MySQLi\Connection.php on line 317.
 1 SYSTEMPATH\Database\BaseConnection.php(734): CodeIgniter\Database\MySQLi\Connection->execute('INSERT INTO `obat` (`obatID`, `obatNama`, `obatStok`, `obatHarga`) VALUES (NULL, \'Minoxidil\', \'99\', \'130000\')')
 2 SYSTEMPATH\Database\BaseConnection.php(648): CodeIgniter\Database\BaseConnection->simpleQuery('INSERT INTO `obat` (`obatID`, `obatNama`, `obatStok`, `obatHarga`) VALUES (NULL, \'Minoxidil\', \'99\', \'130000\')')
 3 SYSTEMPATH\Database\BaseBuilder.php(2332): CodeIgniter\Database\BaseConnection->query('INSERT INTO `obat` (`obatID`, `obatNama`, `obatStok`, `obatHarga`) VALUES (:obatID:, :obatNama:, :obatStok:, :obatHarga:)', [...], false)
 4 SYSTEMPATH\Model.php(394): CodeIgniter\Database\BaseBuilder->insert()
 5 SYSTEMPATH\BaseModel.php(840): CodeIgniter\Model->doInsert([...])
 6 SYSTEMPATH\Model.php(802): CodeIgniter\BaseModel->insert([...], false)
 7 SYSTEMPATH\BaseModel.php(751): CodeIgniter\Model->insert([...], false)
 8 APPPATH\Controllers\Save.php(107): CodeIgniter\BaseModel->save([...])
 9 SYSTEMPATH\CodeIgniter.php(933): App\Controllers\Save->store_obats()
10 SYSTEMPATH\CodeIgniter.php(509): CodeIgniter\CodeIgniter->runController(Object(App\Controllers\Save))
11 SYSTEMPATH\CodeIgniter.php(355): CodeIgniter\CodeIgniter->handleRequest(null, Object(Config\Cache), false)
12 SYSTEMPATH\Boot.php(325): CodeIgniter\CodeIgniter->run()
13 SYSTEMPATH\Boot.php(67): CodeIgniter\Boot::runCodeIgniter(Object(CodeIgniter\CodeIgniter))
14 FCPATH\index.php(56): CodeIgniter\Boot::bootWeb(Object(Config\Paths))
15 SYSTEMPATH\rewrite.php(44): require_once('E:\\Project\\klinik-bersalin\\public\\index.php')
CRITICAL - 2024-07-16 01:51:26 --> [Caused by] mysqli_sql_exception: Column 'obatID' cannot be null
in SYSTEMPATH\Database\MySQLi\Connection.php on line 312.
 1 SYSTEMPATH\Database\MySQLi\Connection.php(312): mysqli->query('INSERT INTO `obat` (`obatID`, `obatNama`, `obatStok`, `obatHarga`) VALUES (NULL, \'Minoxidil\', \'99\', \'130000\')', 0)
 2 SYSTEMPATH\Database\BaseConnection.php(734): CodeIgniter\Database\MySQLi\Connection->execute('INSERT INTO `obat` (`obatID`, `obatNama`, `obatStok`, `obatHarga`) VALUES (NULL, \'Minoxidil\', \'99\', \'130000\')')
 3 SYSTEMPATH\Database\BaseConnection.php(648): CodeIgniter\Database\BaseConnection->simpleQuery('INSERT INTO `obat` (`obatID`, `obatNama`, `obatStok`, `obatHarga`) VALUES (NULL, \'Minoxidil\', \'99\', \'130000\')')
 4 SYSTEMPATH\Database\BaseBuilder.php(2332): CodeIgniter\Database\BaseConnection->query('INSERT INTO `obat` (`obatID`, `obatNama`, `obatStok`, `obatHarga`) VALUES (:obatID:, :obatNama:, :obatStok:, :obatHarga:)', [...], false)
 5 SYSTEMPATH\Model.php(394): CodeIgniter\Database\BaseBuilder->insert()
 6 SYSTEMPATH\BaseModel.php(840): CodeIgniter\Model->doInsert([...])
 7 SYSTEMPATH\Model.php(802): CodeIgniter\BaseModel->insert([...], false)
 8 SYSTEMPATH\BaseModel.php(751): CodeIgniter\Model->insert([...], false)
 9 APPPATH\Controllers\Save.php(107): CodeIgniter\BaseModel->save([...])
10 SYSTEMPATH\CodeIgniter.php(933): App\Controllers\Save->store_obats()
11 SYSTEMPATH\CodeIgniter.php(509): CodeIgniter\CodeIgniter->runController(Object(App\Controllers\Save))
12 SYSTEMPATH\CodeIgniter.php(355): CodeIgniter\CodeIgniter->handleRequest(null, Object(Config\Cache), false)
13 SYSTEMPATH\Boot.php(325): CodeIgniter\CodeIgniter->run()
14 SYSTEMPATH\Boot.php(67): CodeIgniter\Boot::runCodeIgniter(Object(CodeIgniter\CodeIgniter))
15 FCPATH\index.php(56): CodeIgniter\Boot::bootWeb(Object(Config\Paths))
16 SYSTEMPATH\rewrite.php(44): require_once('E:\\Project\\klinik-bersalin\\public\\index.php')
INFO - 2024-07-16 01:52:14 --> Session: Class initialized using 'CodeIgniter\Session\Handlers\FileHandler' driver.
INFO - 2024-07-16 01:52:14 --> Session: Class initialized using 'CodeIgniter\Session\Handlers\FileHandler' driver.
INFO - 2024-07-16 01:53:23 --> Session: Class initialized using 'CodeIgniter\Session\Handlers\FileHandler' driver.
CRITICAL - 2024-07-16 01:53:25 --> ErrorException: Undefined property: App\Controllers\Delete::$obatModel
[Method: POST, Route: delete-obats]
in APPPATH\Controllers\Delete.php on line 73.
 1 APPPATH\Controllers\Delete.php(73): CodeIgniter\Debug\Exceptions->errorHandler(2, 'Undefined property: App\\Controllers\\Delete::$obatModel', 'E:\\Project\\klinik-bersalin\\app\\Controllers\\Delete.php', 73)
 2 SYSTEMPATH\CodeIgniter.php(933): App\Controllers\Delete->delete_obats()
 3 SYSTEMPATH\CodeIgniter.php(509): CodeIgniter\CodeIgniter->runController(Object(App\Controllers\Delete))
 4 SYSTEMPATH\CodeIgniter.php(355): CodeIgniter\CodeIgniter->handleRequest(null, Object(Config\Cache), false)
 5 SYSTEMPATH\Boot.php(325): CodeIgniter\CodeIgniter->run()
 6 SYSTEMPATH\Boot.php(67): CodeIgniter\Boot::runCodeIgniter(Object(CodeIgniter\CodeIgniter))
 7 FCPATH\index.php(56): CodeIgniter\Boot::bootWeb(Object(Config\Paths))
 8 SYSTEMPATH\rewrite.php(44): require_once('E:\\Project\\klinik-bersalin\\public\\index.php')
INFO - 2024-07-16 01:54:19 --> Session: Class initialized using 'CodeIgniter\Session\Handlers\FileHandler' driver.
INFO - 2024-07-16 01:54:21 --> Session: Class initialized using 'CodeIgniter\Session\Handlers\FileHandler' driver.
INFO - 2024-07-16 01:54:35 --> Session: Class initialized using 'CodeIgniter\Session\Handlers\FileHandler' driver.
INFO - 2024-07-16 01:55:52 --> Session: Class initialized using 'CodeIgniter\Session\Handlers\FileHandler' driver.
INFO - 2024-07-16 01:55:52 --> Session: Class initialized using 'CodeIgniter\Session\Handlers\FileHandler' driver.
INFO - 2024-07-16 01:55:57 --> Session: Class initialized using 'CodeIgniter\Session\Handlers\FileHandler' driver.
INFO - 2024-07-16 01:55:57 --> Session: Class initialized using 'CodeIgniter\Session\Handlers\FileHandler' driver.
INFO - 2024-07-16 01:56:36 --> Session: Class initialized using 'CodeIgniter\Session\Handlers\FileHandler' driver.
INFO - 2024-07-16 01:57:30 --> Session: Class initialized using 'CodeIgniter\Session\Handlers\FileHandler' driver.
INFO - 2024-07-16 01:57:54 --> Session: Class initialized using 'CodeIgniter\Session\Handlers\FileHandler' driver.
INFO - 2024-07-16 01:59:11 --> Session: Class initialized using 'CodeIgniter\Session\Handlers\FileHandler' driver.
INFO - 2024-07-16 01:59:56 --> Session: Class initialized using 'CodeIgniter\Session\Handlers\FileHandler' driver.
INFO - 2024-07-16 02:00:23 --> Session: Class initialized using 'CodeIgniter\Session\Handlers\FileHandler' driver.
INFO - 2024-07-16 02:01:42 --> Session: Class initialized using 'CodeIgniter\Session\Handlers\FileHandler' driver.
INFO - 2024-07-16 02:01:44 --> Session: Class initialized using 'CodeIgniter\Session\Handlers\FileHandler' driver.
INFO - 2024-07-16 02:07:46 --> Session: Class initialized using 'CodeIgniter\Session\Handlers\FileHandler' driver.
INFO - 2024-07-16 02:08:27 --> Session: Class initialized using 'CodeIgniter\Session\Handlers\FileHandler' driver.
INFO - 2024-07-16 02:12:19 --> Session: Class initialized using 'CodeIgniter\Session\Handlers\FileHandler' driver.
INFO - 2024-07-16 02:14:25 --> Session: Class initialized using 'CodeIgniter\Session\Handlers\FileHandler' driver.
CRITICAL - 2024-07-16 02:14:25 --> Error: Call to a member function findAll() on null
[Method: GET, Route: penggunaan-kamar]
in APPPATH\Controllers\Menu.php on line 458.
 1 SYSTEMPATH\CodeIgniter.php(933): App\Controllers\Menu->penggunaan_kamar()
 2 SYSTEMPATH\CodeIgniter.php(509): CodeIgniter\CodeIgniter->runController(Object(App\Controllers\Menu))
 3 SYSTEMPATH\CodeIgniter.php(355): CodeIgniter\CodeIgniter->handleRequest(null, Object(Config\Cache), false)
 4 SYSTEMPATH\Boot.php(325): CodeIgniter\CodeIgniter->run()
 5 SYSTEMPATH\Boot.php(67): CodeIgniter\Boot::runCodeIgniter(Object(CodeIgniter\CodeIgniter))
 6 FCPATH\index.php(56): CodeIgniter\Boot::bootWeb(Object(Config\Paths))
 7 SYSTEMPATH\rewrite.php(44): require_once('E:\\Project\\klinik-bersalin\\public\\index.php')
INFO - 2024-07-16 02:15:44 --> Session: Class initialized using 'CodeIgniter\Session\Handlers\FileHandler' driver.
CRITICAL - 2024-07-16 02:15:44 --> Error: Call to a member function findAll() on null
[Method: GET, Route: penggunaan-kamar]
in APPPATH\Controllers\Menu.php on line 458.
 1 SYSTEMPATH\CodeIgniter.php(933): App\Controllers\Menu->penggunaan_kamar()
 2 SYSTEMPATH\CodeIgniter.php(509): CodeIgniter\CodeIgniter->runController(Object(App\Controllers\Menu))
 3 SYSTEMPATH\CodeIgniter.php(355): CodeIgniter\CodeIgniter->handleRequest(null, Object(Config\Cache), false)
 4 SYSTEMPATH\Boot.php(325): CodeIgniter\CodeIgniter->run()
 5 SYSTEMPATH\Boot.php(67): CodeIgniter\Boot::runCodeIgniter(Object(CodeIgniter\CodeIgniter))
 6 FCPATH\index.php(56): CodeIgniter\Boot::bootWeb(Object(Config\Paths))
 7 SYSTEMPATH\rewrite.php(44): require_once('E:\\Project\\klinik-bersalin\\public\\index.php')
INFO - 2024-07-16 02:16:12 --> Session: Class initialized using 'CodeIgniter\Session\Handlers\FileHandler' driver.
INFO - 2024-07-16 02:17:33 --> Session: Class initialized using 'CodeIgniter\Session\Handlers\FileHandler' driver.
INFO - 2024-07-16 02:31:41 --> Session: Class initialized using 'CodeIgniter\Session\Handlers\FileHandler' driver.
INFO - 2024-07-16 02:32:17 --> Session: Class initialized using 'CodeIgniter\Session\Handlers\FileHandler' driver.
INFO - 2024-07-16 02:32:33 --> Session: Class initialized using 'CodeIgniter\Session\Handlers\FileHandler' driver.
INFO - 2024-07-16 02:33:59 --> Session: Class initialized using 'CodeIgniter\Session\Handlers\FileHandler' driver.
INFO - 2024-07-16 02:34:22 --> Session: Class initialized using 'CodeIgniter\Session\Handlers\FileHandler' driver.
INFO - 2024-07-16 02:34:31 --> Session: Class initialized using 'CodeIgniter\Session\Handlers\FileHandler' driver.
INFO - 2024-07-16 02:34:49 --> Session: Class initialized using 'CodeIgniter\Session\Handlers\FileHandler' driver.
INFO - 2024-07-16 02:37:29 --> Session: Class initialized using 'CodeIgniter\Session\Handlers\FileHandler' driver.
INFO - 2024-07-16 02:37:37 --> Session: Class initialized using 'CodeIgniter\Session\Handlers\FileHandler' driver.
INFO - 2024-07-16 02:38:06 --> Session: Class initialized using 'CodeIgniter\Session\Handlers\FileHandler' driver.
INFO - 2024-07-16 02:38:16 --> Session: Class initialized using 'CodeIgniter\Session\Handlers\FileHandler' driver.
INFO - 2024-07-16 02:38:32 --> Session: Class initialized using 'CodeIgniter\Session\Handlers\FileHandler' driver.
INFO - 2024-07-16 02:38:44 --> Session: Class initialized using 'CodeIgniter\Session\Handlers\FileHandler' driver.
INFO - 2024-07-16 02:38:50 --> Session: Class initialized using 'CodeIgniter\Session\Handlers\FileHandler' driver.
INFO - 2024-07-16 02:39:09 --> Session: Class initialized using 'CodeIgniter\Session\Handlers\FileHandler' driver.
INFO - 2024-07-16 02:41:25 --> Session: Class initialized using 'CodeIgniter\Session\Handlers\FileHandler' driver.
INFO - 2024-07-16 02:43:18 --> Session: Class initialized using 'CodeIgniter\Session\Handlers\FileHandler' driver.
INFO - 2024-07-16 02:45:00 --> Session: Class initialized using 'CodeIgniter\Session\Handlers\FileHandler' driver.
INFO - 2024-07-16 03:09:13 --> Session: Class initialized using 'CodeIgniter\Session\Handlers\FileHandler' driver.
CRITICAL - 2024-07-16 03:09:13 --> ErrorException: Undefined variable $ibus
[Method: GET, Route: add-penggunaan-kamar]
in APPPATH\Views\page\content\form\add_penggunaan_kamar.php on line 46.
 1 APPPATH\Views\page\content\form\add_penggunaan_kamar.php(46): CodeIgniter\Debug\Exceptions->errorHandler(2, 'Undefined variable $ibus', 'E:\\Project\\klinik-bersalin\\app\\Views\\page\\content\\form\\add_penggunaan_kamar.php', 46)
 2 SYSTEMPATH\View\View.php(234): include('E:\\Project\\klinik-bersalin\\app\\Views\\page\\content\\form\\add_penggunaan_kamar.php')
 3 SYSTEMPATH\View\View.php(237): CodeIgniter\View\View->CodeIgniter\View\{closure}()
 4 SYSTEMPATH\Common.php(1171): CodeIgniter\View\View->render('page/content/form/add_penggunaan_kamar', [], true)
 5 APPPATH\Controllers\Menu.php(471): view('page/content/form/add_penggunaan_kamar', [...])
 6 SYSTEMPATH\CodeIgniter.php(933): App\Controllers\Menu->add_penggunaan_kamar()
 7 SYSTEMPATH\CodeIgniter.php(509): CodeIgniter\CodeIgniter->runController(Object(App\Controllers\Menu))
 8 SYSTEMPATH\CodeIgniter.php(355): CodeIgniter\CodeIgniter->handleRequest(null, Object(Config\Cache), false)
 9 SYSTEMPATH\Boot.php(325): CodeIgniter\CodeIgniter->run()
10 SYSTEMPATH\Boot.php(67): CodeIgniter\Boot::runCodeIgniter(Object(CodeIgniter\CodeIgniter))
11 FCPATH\index.php(56): CodeIgniter\Boot::bootWeb(Object(Config\Paths))
12 SYSTEMPATH\rewrite.php(44): require_once('E:\\Project\\klinik-bersalin\\public\\index.php')
INFO - 2024-07-16 03:09:31 --> Session: Class initialized using 'CodeIgniter\Session\Handlers\FileHandler' driver.
INFO - 2024-07-16 03:10:02 --> Session: Class initialized using 'CodeIgniter\Session\Handlers\FileHandler' driver.
INFO - 2024-07-16 03:10:52 --> Session: Class initialized using 'CodeIgniter\Session\Handlers\FileHandler' driver.
INFO - 2024-07-16 03:11:18 --> Session: Class initialized using 'CodeIgniter\Session\Handlers\FileHandler' driver.
INFO - 2024-07-16 03:12:25 --> Session: Class initialized using 'CodeIgniter\Session\Handlers\FileHandler' driver.
INFO - 2024-07-16 03:12:41 --> Session: Class initialized using 'CodeIgniter\Session\Handlers\FileHandler' driver.
INFO - 2024-07-16 03:14:13 --> Session: Class initialized using 'CodeIgniter\Session\Handlers\FileHandler' driver.
INFO - 2024-07-16 03:14:18 --> Session: Class initialized using 'CodeIgniter\Session\Handlers\FileHandler' driver.
INFO - 2024-07-16 03:14:22 --> Session: Class initialized using 'CodeIgniter\Session\Handlers\FileHandler' driver.
INFO - 2024-07-16 03:14:29 --> Session: Class initialized using 'CodeIgniter\Session\Handlers\FileHandler' driver.
INFO - 2024-07-16 03:14:36 --> Session: Class initialized using 'CodeIgniter\Session\Handlers\FileHandler' driver.
INFO - 2024-07-16 03:15:11 --> Session: Class initialized using 'CodeIgniter\Session\Handlers\FileHandler' driver.
INFO - 2024-07-16 03:16:07 --> Session: Class initialized using 'CodeIgniter\Session\Handlers\FileHandler' driver.
INFO - 2024-07-16 03:16:30 --> Session: Class initialized using 'CodeIgniter\Session\Handlers\FileHandler' driver.
INFO - 2024-07-16 03:16:57 --> Session: Class initialized using 'CodeIgniter\Session\Handlers\FileHandler' driver.
INFO - 2024-07-16 03:17:08 --> Session: Class initialized using 'CodeIgniter\Session\Handlers\FileHandler' driver.
INFO - 2024-07-16 03:17:49 --> Session: Class initialized using 'CodeIgniter\Session\Handlers\FileHandler' driver.
INFO - 2024-07-16 03:18:39 --> Session: Class initialized using 'CodeIgniter\Session\Handlers\FileHandler' driver.
INFO - 2024-07-16 03:19:07 --> Session: Class initialized using 'CodeIgniter\Session\Handlers\FileHandler' driver.
INFO - 2024-07-16 03:19:10 --> Session: Class initialized using 'CodeIgniter\Session\Handlers\FileHandler' driver.
INFO - 2024-07-16 03:22:34 --> Session: Class initialized using 'CodeIgniter\Session\Handlers\FileHandler' driver.
INFO - 2024-07-16 03:22:45 --> Session: Class initialized using 'CodeIgniter\Session\Handlers\FileHandler' driver.
INFO - 2024-07-16 03:23:00 --> Session: Class initialized using 'CodeIgniter\Session\Handlers\FileHandler' driver.
INFO - 2024-07-16 03:23:47 --> Session: Class initialized using 'CodeIgniter\Session\Handlers\FileHandler' driver.
INFO - 2024-07-16 03:24:22 --> Session: Class initialized using 'CodeIgniter\Session\Handlers\FileHandler' driver.
INFO - 2024-07-16 03:24:50 --> Session: Class initialized using 'CodeIgniter\Session\Handlers\FileHandler' driver.
INFO - 2024-07-16 03:25:16 --> Session: Class initialized using 'CodeIgniter\Session\Handlers\FileHandler' driver.
INFO - 2024-07-16 03:25:31 --> Session: Class initialized using 'CodeIgniter\Session\Handlers\FileHandler' driver.
INFO - 2024-07-16 03:25:49 --> Session: Class initialized using 'CodeIgniter\Session\Handlers\FileHandler' driver.
INFO - 2024-07-16 03:28:18 --> Session: Class initialized using 'CodeIgniter\Session\Handlers\FileHandler' driver.
INFO - 2024-07-16 03:29:31 --> Session: Class initialized using 'CodeIgniter\Session\Handlers\FileHandler' driver.
INFO - 2024-07-16 03:30:26 --> Session: Class initialized using 'CodeIgniter\Session\Handlers\FileHandler' driver.
INFO - 2024-07-16 03:31:10 --> Session: Class initialized using 'CodeIgniter\Session\Handlers\FileHandler' driver.
INFO - 2024-07-16 03:31:14 --> Session: Class initialized using 'CodeIgniter\Session\Handlers\FileHandler' driver.
INFO - 2024-07-16 03:31:31 --> Session: Class initialized using 'CodeIgniter\Session\Handlers\FileHandler' driver.
INFO - 2024-07-16 03:32:01 --> Session: Class initialized using 'CodeIgniter\Session\Handlers\FileHandler' driver.
INFO - 2024-07-16 03:32:38 --> Session: Class initialized using 'CodeIgniter\Session\Handlers\FileHandler' driver.
INFO - 2024-07-16 03:33:02 --> Session: Class initialized using 'CodeIgniter\Session\Handlers\FileHandler' driver.
INFO - 2024-07-16 03:37:21 --> Session: Class initialized using 'CodeIgniter\Session\Handlers\FileHandler' driver.
INFO - 2024-07-16 03:37:36 --> Session: Class initialized using 'CodeIgniter\Session\Handlers\FileHandler' driver.
CRITICAL - 2024-07-16 03:37:36 --> Error: Call to a member function savePenggunaanKamar() on null
[Method: POST, Route: add-penggunaan-kamar]
in APPPATH\Controllers\Save.php on line 339.
 1 SYSTEMPATH\CodeIgniter.php(933): App\Controllers\Save->store_penggunaan_kamar()
 2 SYSTEMPATH\CodeIgniter.php(509): CodeIgniter\CodeIgniter->runController(Object(App\Controllers\Save))
 3 SYSTEMPATH\CodeIgniter.php(355): CodeIgniter\CodeIgniter->handleRequest(null, Object(Config\Cache), false)
 4 SYSTEMPATH\Boot.php(325): CodeIgniter\CodeIgniter->run()
 5 SYSTEMPATH\Boot.php(67): CodeIgniter\Boot::runCodeIgniter(Object(CodeIgniter\CodeIgniter))
 6 FCPATH\index.php(56): CodeIgniter\Boot::bootWeb(Object(Config\Paths))
 7 SYSTEMPATH\rewrite.php(44): require_once('E:\\Project\\klinik-bersalin\\public\\index.php')
INFO - 2024-07-16 03:38:03 --> Session: Class initialized using 'CodeIgniter\Session\Handlers\FileHandler' driver.
CRITICAL - 2024-07-16 03:38:03 --> Error: Call to a member function savePenggunaanKamar() on null
[Method: POST, Route: add-penggunaan-kamar]
in APPPATH\Controllers\Save.php on line 339.
 1 SYSTEMPATH\CodeIgniter.php(933): App\Controllers\Save->store_penggunaan_kamar()
 2 SYSTEMPATH\CodeIgniter.php(509): CodeIgniter\CodeIgniter->runController(Object(App\Controllers\Save))
 3 SYSTEMPATH\CodeIgniter.php(355): CodeIgniter\CodeIgniter->handleRequest(null, Object(Config\Cache), false)
 4 SYSTEMPATH\Boot.php(325): CodeIgniter\CodeIgniter->run()
 5 SYSTEMPATH\Boot.php(67): CodeIgniter\Boot::runCodeIgniter(Object(CodeIgniter\CodeIgniter))
 6 FCPATH\index.php(56): CodeIgniter\Boot::bootWeb(Object(Config\Paths))
 7 SYSTEMPATH\rewrite.php(44): require_once('E:\\Project\\klinik-bersalin\\public\\index.php')
INFO - 2024-07-16 03:38:49 --> Session: Class initialized using 'CodeIgniter\Session\Handlers\FileHandler' driver.
INFO - 2024-07-16 03:38:49 --> Session: Class initialized using 'CodeIgniter\Session\Handlers\FileHandler' driver.
INFO - 2024-07-16 03:39:22 --> Session: Class initialized using 'CodeIgniter\Session\Handlers\FileHandler' driver.
INFO - 2024-07-16 03:40:31 --> Session: Class initialized using 'CodeIgniter\Session\Handlers\FileHandler' driver.
INFO - 2024-07-16 03:41:30 --> Session: Class initialized using 'CodeIgniter\Session\Handlers\FileHandler' driver.
CRITICAL - 2024-07-16 03:41:30 --> CodeIgniter\View\Exceptions\ViewException: Invalid file: "page/content/form/view_penggunaan_kamar.php"
[Method: GET, Route: view-penggunaan-kamar/PKI001]
in SYSTEMPATH\Exceptions\FrameworkException.php on line 41.
 1 SYSTEMPATH\View\View.php(222): CodeIgniter\Exceptions\FrameworkException::forInvalidFile('page/content/form/view_penggunaan_kamar.php')
 2 SYSTEMPATH\Common.php(1171): CodeIgniter\View\View->render('page/content/form/view_penggunaan_kamar', [], true)
 3 APPPATH\Controllers\Menu.php(484): view('page/content/form/view_penggunaan_kamar', [...])
 4 SYSTEMPATH\CodeIgniter.php(933): App\Controllers\Menu->view_penggunaan_kamar('PKI001')
 5 SYSTEMPATH\CodeIgniter.php(509): CodeIgniter\CodeIgniter->runController(Object(App\Controllers\Menu))
 6 SYSTEMPATH\CodeIgniter.php(355): CodeIgniter\CodeIgniter->handleRequest(null, Object(Config\Cache), false)
 7 SYSTEMPATH\Boot.php(325): CodeIgniter\CodeIgniter->run()
 8 SYSTEMPATH\Boot.php(67): CodeIgniter\Boot::runCodeIgniter(Object(CodeIgniter\CodeIgniter))
 9 FCPATH\index.php(56): CodeIgniter\Boot::bootWeb(Object(Config\Paths))
10 SYSTEMPATH\rewrite.php(44): require_once('E:\\Project\\klinik-bersalin\\public\\index.php')
INFO - 2024-07-16 03:41:47 --> Session: Class initialized using 'CodeIgniter\Session\Handlers\FileHandler' driver.
CRITICAL - 2024-07-16 03:41:47 --> ErrorException: Undefined variable $ibu
[Method: GET, Route: view-penggunaan-kamar/PKI001]
in APPPATH\Views\page\content\form\view_penggunaan_kamar.php on line 20.
 1 APPPATH\Views\page\content\form\view_penggunaan_kamar.php(20): CodeIgniter\Debug\Exceptions->errorHandler(2, 'Undefined variable $ibu', 'E:\\Project\\klinik-bersalin\\app\\Views\\page\\content\\form\\view_penggunaan_kamar.php', 20)
 2 SYSTEMPATH\View\View.php(234): include('E:\\Project\\klinik-bersalin\\app\\Views\\page\\content\\form\\view_penggunaan_kamar.php')
 3 SYSTEMPATH\View\View.php(237): CodeIgniter\View\View->CodeIgniter\View\{closure}()
 4 SYSTEMPATH\Common.php(1171): CodeIgniter\View\View->render('page/content/form/view_penggunaan_kamar', [], true)
 5 APPPATH\Controllers\Menu.php(484): view('page/content/form/view_penggunaan_kamar', [...])
 6 SYSTEMPATH\CodeIgniter.php(933): App\Controllers\Menu->view_penggunaan_kamar('PKI001')
 7 SYSTEMPATH\CodeIgniter.php(509): CodeIgniter\CodeIgniter->runController(Object(App\Controllers\Menu))
 8 SYSTEMPATH\CodeIgniter.php(355): CodeIgniter\CodeIgniter->handleRequest(null, Object(Config\Cache), false)
 9 SYSTEMPATH\Boot.php(325): CodeIgniter\CodeIgniter->run()
10 SYSTEMPATH\Boot.php(67): CodeIgniter\Boot::runCodeIgniter(Object(CodeIgniter\CodeIgniter))
11 FCPATH\index.php(56): CodeIgniter\Boot::bootWeb(Object(Config\Paths))
12 SYSTEMPATH\rewrite.php(44): require_once('E:\\Project\\klinik-bersalin\\public\\index.php')
INFO - 2024-07-16 03:42:39 --> Session: Class initialized using 'CodeIgniter\Session\Handlers\FileHandler' driver.
INFO - 2024-07-16 03:43:04 --> Session: Class initialized using 'CodeIgniter\Session\Handlers\FileHandler' driver.
INFO - 2024-07-16 03:43:17 --> Session: Class initialized using 'CodeIgniter\Session\Handlers\FileHandler' driver.
INFO - 2024-07-16 03:43:29 --> Session: Class initialized using 'CodeIgniter\Session\Handlers\FileHandler' driver.
INFO - 2024-07-16 03:43:31 --> Session: Class initialized using 'CodeIgniter\Session\Handlers\FileHandler' driver.
INFO - 2024-07-16 03:43:43 --> Session: Class initialized using 'CodeIgniter\Session\Handlers\FileHandler' driver.
INFO - 2024-07-16 03:43:50 --> Session: Class initialized using 'CodeIgniter\Session\Handlers\FileHandler' driver.
INFO - 2024-07-16 03:44:20 --> Session: Class initialized using 'CodeIgniter\Session\Handlers\FileHandler' driver.
INFO - 2024-07-16 03:44:42 --> Session: Class initialized using 'CodeIgniter\Session\Handlers\FileHandler' driver.
INFO - 2024-07-16 03:44:55 --> Session: Class initialized using 'CodeIgniter\Session\Handlers\FileHandler' driver.
INFO - 2024-07-16 03:45:06 --> Session: Class initialized using 'CodeIgniter\Session\Handlers\FileHandler' driver.
INFO - 2024-07-16 03:45:17 --> Session: Class initialized using 'CodeIgniter\Session\Handlers\FileHandler' driver.
INFO - 2024-07-16 03:58:51 --> Session: Class initialized using 'CodeIgniter\Session\Handlers\FileHandler' driver.
INFO - 2024-07-16 03:59:02 --> Session: Class initialized using 'CodeIgniter\Session\Handlers\FileHandler' driver.
INFO - 2024-07-16 03:59:41 --> Session: Class initialized using 'CodeIgniter\Session\Handlers\FileHandler' driver.
INFO - 2024-07-16 04:00:05 --> Session: Class initialized using 'CodeIgniter\Session\Handlers\FileHandler' driver.
INFO - 2024-07-16 04:01:07 --> Session: Class initialized using 'CodeIgniter\Session\Handlers\FileHandler' driver.
INFO - 2024-07-16 04:01:46 --> Session: Class initialized using 'CodeIgniter\Session\Handlers\FileHandler' driver.
INFO - 2024-07-16 04:01:59 --> Session: Class initialized using 'CodeIgniter\Session\Handlers\FileHandler' driver.
INFO - 2024-07-16 04:03:00 --> Session: Class initialized using 'CodeIgniter\Session\Handlers\FileHandler' driver.
INFO - 2024-07-16 04:03:27 --> Session: Class initialized using 'CodeIgniter\Session\Handlers\FileHandler' driver.
INFO - 2024-07-16 04:06:38 --> Session: Class initialized using 'CodeIgniter\Session\Handlers\FileHandler' driver.
INFO - 2024-07-16 04:06:45 --> Session: Class initialized using 'CodeIgniter\Session\Handlers\FileHandler' driver.
INFO - 2024-07-16 04:06:48 --> Session: Class initialized using 'CodeIgniter\Session\Handlers\FileHandler' driver.
INFO - 2024-07-16 04:06:54 --> Session: Class initialized using 'CodeIgniter\Session\Handlers\FileHandler' driver.
INFO - 2024-07-16 04:07:00 --> Session: Class initialized using 'CodeIgniter\Session\Handlers\FileHandler' driver.
INFO - 2024-07-16 04:07:07 --> Session: Class initialized using 'CodeIgniter\Session\Handlers\FileHandler' driver.
INFO - 2024-07-16 04:07:15 --> Session: Class initialized using 'CodeIgniter\Session\Handlers\FileHandler' driver.
INFO - 2024-07-16 04:07:19 --> Session: Class initialized using 'CodeIgniter\Session\Handlers\FileHandler' driver.
INFO - 2024-07-16 04:10:03 --> Session: Class initialized using 'CodeIgniter\Session\Handlers\FileHandler' driver.
CRITICAL - 2024-07-16 04:10:03 --> ErrorException: Undefined variable $antenatal
[Method: GET, Route: edit-penggunaan-kamar/PKI002]
in APPPATH\Views\page\content\form\edit_penggunaan_kamar.php on line 19.
 1 APPPATH\Views\page\content\form\edit_penggunaan_kamar.php(19): CodeIgniter\Debug\Exceptions->errorHandler(2, 'Undefined variable $antenatal', 'E:\\Project\\klinik-bersalin\\app\\Views\\page\\content\\form\\edit_penggunaan_kamar.php', 19)
 2 SYSTEMPATH\View\View.php(234): include('E:\\Project\\klinik-bersalin\\app\\Views\\page\\content\\form\\edit_penggunaan_kamar.php')
 3 SYSTEMPATH\View\View.php(237): CodeIgniter\View\View->CodeIgniter\View\{closure}()
 4 SYSTEMPATH\Common.php(1171): CodeIgniter\View\View->render('page/content/form/edit_penggunaan_kamar', [], true)
 5 APPPATH\Controllers\Menu.php(483): view('page/content/form/edit_penggunaan_kamar', [...])
 6 SYSTEMPATH\CodeIgniter.php(933): App\Controllers\Menu->edit_penggunaan_kamar('PKI002')
 7 SYSTEMPATH\CodeIgniter.php(509): CodeIgniter\CodeIgniter->runController(Object(App\Controllers\Menu))
 8 SYSTEMPATH\CodeIgniter.php(355): CodeIgniter\CodeIgniter->handleRequest(null, Object(Config\Cache), false)
 9 SYSTEMPATH\Boot.php(325): CodeIgniter\CodeIgniter->run()
10 SYSTEMPATH\Boot.php(67): CodeIgniter\Boot::runCodeIgniter(Object(CodeIgniter\CodeIgniter))
11 FCPATH\index.php(56): CodeIgniter\Boot::bootWeb(Object(Config\Paths))
12 SYSTEMPATH\rewrite.php(44): require_once('E:\\Project\\klinik-bersalin\\public\\index.php')
INFO - 2024-07-16 04:10:17 --> Session: Class initialized using 'CodeIgniter\Session\Handlers\FileHandler' driver.
CRITICAL - 2024-07-16 04:10:17 --> ErrorException: Undefined variable $penggunaan_kamar
[Method: GET, Route: edit-penggunaan-kamar/PKI002]
in APPPATH\Views\page\content\form\edit_penggunaan_kamar.php on line 19.
 1 APPPATH\Views\page\content\form\edit_penggunaan_kamar.php(19): CodeIgniter\Debug\Exceptions->errorHandler(2, 'Undefined variable $penggunaan_kamar', 'E:\\Project\\klinik-bersalin\\app\\Views\\page\\content\\form\\edit_penggunaan_kamar.php', 19)
 2 SYSTEMPATH\View\View.php(234): include('E:\\Project\\klinik-bersalin\\app\\Views\\page\\content\\form\\edit_penggunaan_kamar.php')
 3 SYSTEMPATH\View\View.php(237): CodeIgniter\View\View->CodeIgniter\View\{closure}()
 4 SYSTEMPATH\Common.php(1171): CodeIgniter\View\View->render('page/content/form/edit_penggunaan_kamar', [], true)
 5 APPPATH\Controllers\Menu.php(483): view('page/content/form/edit_penggunaan_kamar', [...])
 6 SYSTEMPATH\CodeIgniter.php(933): App\Controllers\Menu->edit_penggunaan_kamar('PKI002')
 7 SYSTEMPATH\CodeIgniter.php(509): CodeIgniter\CodeIgniter->runController(Object(App\Controllers\Menu))
 8 SYSTEMPATH\CodeIgniter.php(355): CodeIgniter\CodeIgniter->handleRequest(null, Object(Config\Cache), false)
 9 SYSTEMPATH\Boot.php(325): CodeIgniter\CodeIgniter->run()
10 SYSTEMPATH\Boot.php(67): CodeIgniter\Boot::runCodeIgniter(Object(CodeIgniter\CodeIgniter))
11 FCPATH\index.php(56): CodeIgniter\Boot::bootWeb(Object(Config\Paths))
12 SYSTEMPATH\rewrite.php(44): require_once('E:\\Project\\klinik-bersalin\\public\\index.php')
INFO - 2024-07-16 04:10:43 --> Session: Class initialized using 'CodeIgniter\Session\Handlers\FileHandler' driver.
INFO - 2024-07-16 04:11:33 --> Session: Class initialized using 'CodeIgniter\Session\Handlers\FileHandler' driver.
INFO - 2024-07-16 04:11:47 --> Session: Class initialized using 'CodeIgniter\Session\Handlers\FileHandler' driver.
INFO - 2024-07-16 04:12:09 --> Session: Class initialized using 'CodeIgniter\Session\Handlers\FileHandler' driver.
INFO - 2024-07-16 04:12:31 --> Session: Class initialized using 'CodeIgniter\Session\Handlers\FileHandler' driver.
INFO - 2024-07-16 04:12:48 --> Session: Class initialized using 'CodeIgniter\Session\Handlers\FileHandler' driver.
INFO - 2024-07-16 04:13:19 --> Session: Class initialized using 'CodeIgniter\Session\Handlers\FileHandler' driver.
INFO - 2024-07-16 04:13:53 --> Session: Class initialized using 'CodeIgniter\Session\Handlers\FileHandler' driver.
INFO - 2024-07-16 04:14:26 --> Session: Class initialized using 'CodeIgniter\Session\Handlers\FileHandler' driver.
INFO - 2024-07-16 04:14:43 --> Session: Class initialized using 'CodeIgniter\Session\Handlers\FileHandler' driver.
INFO - 2024-07-16 04:15:21 --> Session: Class initialized using 'CodeIgniter\Session\Handlers\FileHandler' driver.
INFO - 2024-07-16 04:15:47 --> Session: Class initialized using 'CodeIgniter\Session\Handlers\FileHandler' driver.
INFO - 2024-07-16 04:16:58 --> Session: Class initialized using 'CodeIgniter\Session\Handlers\FileHandler' driver.
INFO - 2024-07-16 04:17:20 --> Session: Class initialized using 'CodeIgniter\Session\Handlers\FileHandler' driver.
INFO - 2024-07-16 04:17:43 --> Session: Class initialized using 'CodeIgniter\Session\Handlers\FileHandler' driver.
INFO - 2024-07-16 04:21:34 --> Session: Class initialized using 'CodeIgniter\Session\Handlers\FileHandler' driver.
INFO - 2024-07-16 04:21:37 --> Session: Class initialized using 'CodeIgniter\Session\Handlers\FileHandler' driver.
INFO - 2024-07-16 04:21:44 --> Session: Class initialized using 'CodeIgniter\Session\Handlers\FileHandler' driver.
INFO - 2024-07-16 04:21:46 --> Session: Class initialized using 'CodeIgniter\Session\Handlers\FileHandler' driver.
INFO - 2024-07-16 04:21:53 --> Session: Class initialized using 'CodeIgniter\Session\Handlers\FileHandler' driver.
INFO - 2024-07-16 04:22:05 --> Session: Class initialized using 'CodeIgniter\Session\Handlers\FileHandler' driver.
INFO - 2024-07-16 04:22:49 --> Session: Class initialized using 'CodeIgniter\Session\Handlers\FileHandler' driver.
INFO - 2024-07-16 04:22:54 --> Session: Class initialized using 'CodeIgniter\Session\Handlers\FileHandler' driver.
INFO - 2024-07-16 04:22:55 --> Session: Class initialized using 'CodeIgniter\Session\Handlers\FileHandler' driver.
INFO - 2024-07-16 04:22:59 --> Session: Class initialized using 'CodeIgniter\Session\Handlers\FileHandler' driver.
INFO - 2024-07-16 04:23:06 --> Session: Class initialized using 'CodeIgniter\Session\Handlers\FileHandler' driver.
INFO - 2024-07-16 04:23:07 --> Session: Class initialized using 'CodeIgniter\Session\Handlers\FileHandler' driver.
INFO - 2024-07-16 04:26:17 --> Session: Class initialized using 'CodeIgniter\Session\Handlers\FileHandler' driver.
INFO - 2024-07-16 04:26:22 --> Session: Class initialized using 'CodeIgniter\Session\Handlers\FileHandler' driver.
CRITICAL - 2024-07-16 04:26:22 --> ErrorException: Undefined array key "bayiID"
[Method: POST, Route: delete-penggunaan-kamar]
in APPPATH\Controllers\Delete.php on line 189.
 1 APPPATH\Controllers\Delete.php(189): CodeIgniter\Debug\Exceptions->errorHandler(2, 'Undefined array key "bayiID"', 'E:\\Project\\klinik-bersalin\\app\\Controllers\\Delete.php', 189)
 2 SYSTEMPATH\CodeIgniter.php(933): App\Controllers\Delete->delete_penggunaan_kamar()
 3 SYSTEMPATH\CodeIgniter.php(509): CodeIgniter\CodeIgniter->runController(Object(App\Controllers\Delete))
 4 SYSTEMPATH\CodeIgniter.php(355): CodeIgniter\CodeIgniter->handleRequest(null, Object(Config\Cache), false)
 5 SYSTEMPATH\Boot.php(325): CodeIgniter\CodeIgniter->run()
 6 SYSTEMPATH\Boot.php(67): CodeIgniter\Boot::runCodeIgniter(Object(CodeIgniter\CodeIgniter))
 7 FCPATH\index.php(56): CodeIgniter\Boot::bootWeb(Object(Config\Paths))
 8 SYSTEMPATH\rewrite.php(44): require_once('E:\\Project\\klinik-bersalin\\public\\index.php')
INFO - 2024-07-16 04:26:32 --> Session: Class initialized using 'CodeIgniter\Session\Handlers\FileHandler' driver.
INFO - 2024-07-16 04:26:32 --> Session: Class initialized using 'CodeIgniter\Session\Handlers\FileHandler' driver.
INFO - 2024-07-16 04:26:36 --> Session: Class initialized using 'CodeIgniter\Session\Handlers\FileHandler' driver.
INFO - 2024-07-16 04:26:40 --> Session: Class initialized using 'CodeIgniter\Session\Handlers\FileHandler' driver.
INFO - 2024-07-16 04:26:40 --> Session: Class initialized using 'CodeIgniter\Session\Handlers\FileHandler' driver.
INFO - 2024-07-16 04:26:42 --> Session: Class initialized using 'CodeIgniter\Session\Handlers\FileHandler' driver.
INFO - 2024-07-16 04:27:07 --> Session: Class initialized using 'CodeIgniter\Session\Handlers\FileHandler' driver.
INFO - 2024-07-16 04:27:07 --> Session: Class initialized using 'CodeIgniter\Session\Handlers\FileHandler' driver.
INFO - 2024-07-16 04:27:22 --> Session: Class initialized using 'CodeIgniter\Session\Handlers\FileHandler' driver.
INFO - 2024-07-16 04:27:47 --> Session: Class initialized using 'CodeIgniter\Session\Handlers\FileHandler' driver.
INFO - 2024-07-16 04:27:49 --> Session: Class initialized using 'CodeIgniter\Session\Handlers\FileHandler' driver.
INFO - 2024-07-16 04:27:54 --> Session: Class initialized using 'CodeIgniter\Session\Handlers\FileHandler' driver.
INFO - 2024-07-16 04:27:57 --> Session: Class initialized using 'CodeIgniter\Session\Handlers\FileHandler' driver.
INFO - 2024-07-16 04:28:22 --> Session: Class initialized using 'CodeIgniter\Session\Handlers\FileHandler' driver.
INFO - 2024-07-16 04:28:25 --> Session: Class initialized using 'CodeIgniter\Session\Handlers\FileHandler' driver.
CRITICAL - 2024-07-16 04:28:25 --> CodeIgniter\View\Exceptions\ViewException: Invalid file: "page/content/penggunaan-obat.php"
[Method: GET, Route: penggunaan-obat]
in SYSTEMPATH\Exceptions\FrameworkException.php on line 41.
 1 SYSTEMPATH\View\View.php(222): CodeIgniter\Exceptions\FrameworkException::forInvalidFile('page/content/penggunaan-obat.php')
 2 SYSTEMPATH\Common.php(1171): CodeIgniter\View\View->render('page/content/penggunaan-obat', [], true)
 3 APPPATH\Controllers\Menu.php(505): view('page/content/penggunaan-obat', [...])
 4 SYSTEMPATH\CodeIgniter.php(933): App\Controllers\Menu->penggunaan_obat()
 5 SYSTEMPATH\CodeIgniter.php(509): CodeIgniter\CodeIgniter->runController(Object(App\Controllers\Menu))
 6 SYSTEMPATH\CodeIgniter.php(355): CodeIgniter\CodeIgniter->handleRequest(null, Object(Config\Cache), false)
 7 SYSTEMPATH\Boot.php(325): CodeIgniter\CodeIgniter->run()
 8 SYSTEMPATH\Boot.php(67): CodeIgniter\Boot::runCodeIgniter(Object(CodeIgniter\CodeIgniter))
 9 FCPATH\index.php(56): CodeIgniter\Boot::bootWeb(Object(Config\Paths))
10 SYSTEMPATH\rewrite.php(44): require_once('E:\\Project\\klinik-bersalin\\public\\index.php')
INFO - 2024-07-16 04:48:57 --> Session: Class initialized using 'CodeIgniter\Session\Handlers\FileHandler' driver.
INFO - 2024-07-16 04:49:32 --> Session: Class initialized using 'CodeIgniter\Session\Handlers\FileHandler' driver.
INFO - 2024-07-16 04:49:35 --> Session: Class initialized using 'CodeIgniter\Session\Handlers\FileHandler' driver.
INFO - 2024-07-16 04:55:16 --> Session: Class initialized using 'CodeIgniter\Session\Handlers\FileHandler' driver.
INFO - 2024-07-16 04:55:20 --> Session: Class initialized using 'CodeIgniter\Session\Handlers\FileHandler' driver.
INFO - 2024-07-16 04:55:23 --> Session: Class initialized using 'CodeIgniter\Session\Handlers\FileHandler' driver.
INFO - 2024-07-16 04:57:17 --> Session: Class initialized using 'CodeIgniter\Session\Handlers\FileHandler' driver.
INFO - 2024-07-16 04:57:39 --> Session: Class initialized using 'CodeIgniter\Session\Handlers\FileHandler' driver.
INFO - 2024-07-16 04:59:09 --> Session: Class initialized using 'CodeIgniter\Session\Handlers\FileHandler' driver.
INFO - 2024-07-16 04:59:20 --> Session: Class initialized using 'CodeIgniter\Session\Handlers\FileHandler' driver.
INFO - 2024-07-16 04:59:22 --> Session: Class initialized using 'CodeIgniter\Session\Handlers\FileHandler' driver.
INFO - 2024-07-16 04:59:24 --> Session: Class initialized using 'CodeIgniter\Session\Handlers\FileHandler' driver.
INFO - 2024-07-16 04:59:59 --> Session: Class initialized using 'CodeIgniter\Session\Handlers\FileHandler' driver.
CRITICAL - 2024-07-16 04:59:59 --> ErrorException: Undefined variable $penggunaan_kamar
[Method: GET, Route: add-penggunaan-obat]
in APPPATH\Views\page\content\form\add_penggunaan_obat.php on line 51.
 1 APPPATH\Views\page\content\form\add_penggunaan_obat.php(51): CodeIgniter\Debug\Exceptions->errorHandler(2, 'Undefined variable $penggunaan_kamar', 'E:\\Project\\klinik-bersalin\\app\\Views\\page\\content\\form\\add_penggunaan_obat.php', 51)
 2 SYSTEMPATH\View\View.php(234): include('E:\\Project\\klinik-bersalin\\app\\Views\\page\\content\\form\\add_penggunaan_obat.php')
 3 SYSTEMPATH\View\View.php(237): CodeIgniter\View\View->CodeIgniter\View\{closure}()
 4 SYSTEMPATH\Common.php(1171): CodeIgniter\View\View->render('page/content/form/add_penggunaan_obat', [], true)
 5 APPPATH\Controllers\Menu.php(516): view('page/content/form/add_penggunaan_obat', [...])
 6 SYSTEMPATH\CodeIgniter.php(933): App\Controllers\Menu->add_penggunaan_obat()
 7 SYSTEMPATH\CodeIgniter.php(509): CodeIgniter\CodeIgniter->runController(Object(App\Controllers\Menu))
 8 SYSTEMPATH\CodeIgniter.php(355): CodeIgniter\CodeIgniter->handleRequest(null, Object(Config\Cache), false)
 9 SYSTEMPATH\Boot.php(325): CodeIgniter\CodeIgniter->run()
10 SYSTEMPATH\Boot.php(67): CodeIgniter\Boot::runCodeIgniter(Object(CodeIgniter\CodeIgniter))
11 FCPATH\index.php(56): CodeIgniter\Boot::bootWeb(Object(Config\Paths))
12 SYSTEMPATH\rewrite.php(44): require_once('E:\\Project\\klinik-bersalin\\public\\index.php')
INFO - 2024-07-16 05:00:12 --> Session: Class initialized using 'CodeIgniter\Session\Handlers\FileHandler' driver.
INFO - 2024-07-16 05:00:53 --> Session: Class initialized using 'CodeIgniter\Session\Handlers\FileHandler' driver.
INFO - 2024-07-16 05:02:44 --> Session: Class initialized using 'CodeIgniter\Session\Handlers\FileHandler' driver.
INFO - 2024-07-16 05:03:27 --> Session: Class initialized using 'CodeIgniter\Session\Handlers\FileHandler' driver.
INFO - 2024-07-16 05:03:35 --> Session: Class initialized using 'CodeIgniter\Session\Handlers\FileHandler' driver.
INFO - 2024-07-16 05:04:01 --> Session: Class initialized using 'CodeIgniter\Session\Handlers\FileHandler' driver.
INFO - 2024-07-16 05:04:23 --> Session: Class initialized using 'CodeIgniter\Session\Handlers\FileHandler' driver.
INFO - 2024-07-16 05:04:38 --> Session: Class initialized using 'CodeIgniter\Session\Handlers\FileHandler' driver.
INFO - 2024-07-16 05:12:04 --> Session: Class initialized using 'CodeIgniter\Session\Handlers\FileHandler' driver.
INFO - 2024-07-16 05:12:30 --> Session: Class initialized using 'CodeIgniter\Session\Handlers\FileHandler' driver.
INFO - 2024-07-16 05:13:14 --> Session: Class initialized using 'CodeIgniter\Session\Handlers\FileHandler' driver.
INFO - 2024-07-16 05:13:34 --> Session: Class initialized using 'CodeIgniter\Session\Handlers\FileHandler' driver.
INFO - 2024-07-16 05:14:19 --> Session: Class initialized using 'CodeIgniter\Session\Handlers\FileHandler' driver.
INFO - 2024-07-16 05:15:51 --> Session: Class initialized using 'CodeIgniter\Session\Handlers\FileHandler' driver.
INFO - 2024-07-16 05:16:04 --> Session: Class initialized using 'CodeIgniter\Session\Handlers\FileHandler' driver.
INFO - 2024-07-16 05:16:51 --> Session: Class initialized using 'CodeIgniter\Session\Handlers\FileHandler' driver.
INFO - 2024-07-16 05:17:16 --> Session: Class initialized using 'CodeIgniter\Session\Handlers\FileHandler' driver.
INFO - 2024-07-16 05:17:22 --> Session: Class initialized using 'CodeIgniter\Session\Handlers\FileHandler' driver.
INFO - 2024-07-16 05:19:11 --> Session: Class initialized using 'CodeIgniter\Session\Handlers\FileHandler' driver.
INFO - 2024-07-16 05:19:33 --> Session: Class initialized using 'CodeIgniter\Session\Handlers\FileHandler' driver.
INFO - 2024-07-16 05:20:15 --> Session: Class initialized using 'CodeIgniter\Session\Handlers\FileHandler' driver.
INFO - 2024-07-16 05:20:17 --> Session: Class initialized using 'CodeIgniter\Session\Handlers\FileHandler' driver.
INFO - 2024-07-16 05:21:53 --> Session: Class initialized using 'CodeIgniter\Session\Handlers\FileHandler' driver.
INFO - 2024-07-16 05:21:56 --> Session: Class initialized using 'CodeIgniter\Session\Handlers\FileHandler' driver.
INFO - 2024-07-16 05:22:22 --> Session: Class initialized using 'CodeIgniter\Session\Handlers\FileHandler' driver.
INFO - 2024-07-16 05:22:42 --> Session: Class initialized using 'CodeIgniter\Session\Handlers\FileHandler' driver.
INFO - 2024-07-16 05:23:00 --> Session: Class initialized using 'CodeIgniter\Session\Handlers\FileHandler' driver.
INFO - 2024-07-16 05:23:22 --> Session: Class initialized using 'CodeIgniter\Session\Handlers\FileHandler' driver.
INFO - 2024-07-16 05:23:41 --> Session: Class initialized using 'CodeIgniter\Session\Handlers\FileHandler' driver.
INFO - 2024-07-16 05:25:45 --> Session: Class initialized using 'CodeIgniter\Session\Handlers\FileHandler' driver.
INFO - 2024-07-16 05:26:06 --> Session: Class initialized using 'CodeIgniter\Session\Handlers\FileHandler' driver.
INFO - 2024-07-16 05:26:28 --> Session: Class initialized using 'CodeIgniter\Session\Handlers\FileHandler' driver.
INFO - 2024-07-16 05:26:56 --> Session: Class initialized using 'CodeIgniter\Session\Handlers\FileHandler' driver.
INFO - 2024-07-16 05:27:03 --> Session: Class initialized using 'CodeIgniter\Session\Handlers\FileHandler' driver.
INFO - 2024-07-16 05:27:11 --> Session: Class initialized using 'CodeIgniter\Session\Handlers\FileHandler' driver.
INFO - 2024-07-16 05:27:17 --> Session: Class initialized using 'CodeIgniter\Session\Handlers\FileHandler' driver.
INFO - 2024-07-16 05:27:30 --> Session: Class initialized using 'CodeIgniter\Session\Handlers\FileHandler' driver.
INFO - 2024-07-16 05:28:28 --> Session: Class initialized using 'CodeIgniter\Session\Handlers\FileHandler' driver.
INFO - 2024-07-16 05:43:30 --> Session: Class initialized using 'CodeIgniter\Session\Handlers\FileHandler' driver.
INFO - 2024-07-16 05:44:03 --> Session: Class initialized using 'CodeIgniter\Session\Handlers\FileHandler' driver.
INFO - 2024-07-16 05:44:57 --> Session: Class initialized using 'CodeIgniter\Session\Handlers\FileHandler' driver.
INFO - 2024-07-16 05:45:44 --> Session: Class initialized using 'CodeIgniter\Session\Handlers\FileHandler' driver.
INFO - 2024-07-16 05:45:50 --> Session: Class initialized using 'CodeIgniter\Session\Handlers\FileHandler' driver.
INFO - 2024-07-16 05:47:44 --> Session: Class initialized using 'CodeIgniter\Session\Handlers\FileHandler' driver.
INFO - 2024-07-16 05:47:58 --> Session: Class initialized using 'CodeIgniter\Session\Handlers\FileHandler' driver.
INFO - 2024-07-16 05:48:46 --> Session: Class initialized using 'CodeIgniter\Session\Handlers\FileHandler' driver.
INFO - 2024-07-16 05:49:09 --> Session: Class initialized using 'CodeIgniter\Session\Handlers\FileHandler' driver.
INFO - 2024-07-16 05:50:08 --> Session: Class initialized using 'CodeIgniter\Session\Handlers\FileHandler' driver.
INFO - 2024-07-16 05:50:59 --> Session: Class initialized using 'CodeIgniter\Session\Handlers\FileHandler' driver.
INFO - 2024-07-16 05:51:38 --> Session: Class initialized using 'CodeIgniter\Session\Handlers\FileHandler' driver.
INFO - 2024-07-16 05:52:43 --> Session: Class initialized using 'CodeIgniter\Session\Handlers\FileHandler' driver.
INFO - 2024-07-16 05:53:26 --> Session: Class initialized using 'CodeIgniter\Session\Handlers\FileHandler' driver.
INFO - 2024-07-16 05:53:47 --> Session: Class initialized using 'CodeIgniter\Session\Handlers\FileHandler' driver.
INFO - 2024-07-16 05:54:29 --> Session: Class initialized using 'CodeIgniter\Session\Handlers\FileHandler' driver.
INFO - 2024-07-16 05:55:30 --> Session: Class initialized using 'CodeIgniter\Session\Handlers\FileHandler' driver.
INFO - 2024-07-16 05:55:51 --> Session: Class initialized using 'CodeIgniter\Session\Handlers\FileHandler' driver.
INFO - 2024-07-16 05:56:08 --> Session: Class initialized using 'CodeIgniter\Session\Handlers\FileHandler' driver.
INFO - 2024-07-16 05:57:40 --> Session: Class initialized using 'CodeIgniter\Session\Handlers\FileHandler' driver.
INFO - 2024-07-16 05:58:09 --> Session: Class initialized using 'CodeIgniter\Session\Handlers\FileHandler' driver.
INFO - 2024-07-16 06:01:02 --> Session: Class initialized using 'CodeIgniter\Session\Handlers\FileHandler' driver.
INFO - 2024-07-16 06:01:19 --> Session: Class initialized using 'CodeIgniter\Session\Handlers\FileHandler' driver.
INFO - 2024-07-16 06:02:06 --> Session: Class initialized using 'CodeIgniter\Session\Handlers\FileHandler' driver.
INFO - 2024-07-16 06:02:19 --> Session: Class initialized using 'CodeIgniter\Session\Handlers\FileHandler' driver.
INFO - 2024-07-16 06:03:12 --> Session: Class initialized using 'CodeIgniter\Session\Handlers\FileHandler' driver.
INFO - 2024-07-16 06:13:20 --> Session: Class initialized using 'CodeIgniter\Session\Handlers\FileHandler' driver.
INFO - 2024-07-16 06:13:31 --> Session: Class initialized using 'CodeIgniter\Session\Handlers\FileHandler' driver.
INFO - 2024-07-16 06:13:43 --> Session: Class initialized using 'CodeIgniter\Session\Handlers\FileHandler' driver.
INFO - 2024-07-16 06:14:24 --> Session: Class initialized using 'CodeIgniter\Session\Handlers\FileHandler' driver.
INFO - 2024-07-16 06:14:49 --> Session: Class initialized using 'CodeIgniter\Session\Handlers\FileHandler' driver.
INFO - 2024-07-16 06:15:06 --> Session: Class initialized using 'CodeIgniter\Session\Handlers\FileHandler' driver.
INFO - 2024-07-16 06:15:42 --> Session: Class initialized using 'CodeIgniter\Session\Handlers\FileHandler' driver.
INFO - 2024-07-16 06:16:14 --> Session: Class initialized using 'CodeIgniter\Session\Handlers\FileHandler' driver.
INFO - 2024-07-16 06:16:20 --> Session: Class initialized using 'CodeIgniter\Session\Handlers\FileHandler' driver.
INFO - 2024-07-16 06:17:00 --> Session: Class initialized using 'CodeIgniter\Session\Handlers\FileHandler' driver.
INFO - 2024-07-16 06:18:11 --> Session: Class initialized using 'CodeIgniter\Session\Handlers\FileHandler' driver.
INFO - 2024-07-16 06:18:39 --> Session: Class initialized using 'CodeIgniter\Session\Handlers\FileHandler' driver.
INFO - 2024-07-16 06:21:32 --> Session: Class initialized using 'CodeIgniter\Session\Handlers\FileHandler' driver.
INFO - 2024-07-16 06:22:54 --> Session: Class initialized using 'CodeIgniter\Session\Handlers\FileHandler' driver.
INFO - 2024-07-16 06:23:46 --> Session: Class initialized using 'CodeIgniter\Session\Handlers\FileHandler' driver.
INFO - 2024-07-16 06:24:02 --> Session: Class initialized using 'CodeIgniter\Session\Handlers\FileHandler' driver.
INFO - 2024-07-16 06:24:19 --> Session: Class initialized using 'CodeIgniter\Session\Handlers\FileHandler' driver.
INFO - 2024-07-16 06:24:32 --> Session: Class initialized using 'CodeIgniter\Session\Handlers\FileHandler' driver.
INFO - 2024-07-16 06:24:47 --> Session: Class initialized using 'CodeIgniter\Session\Handlers\FileHandler' driver.
INFO - 2024-07-16 06:25:07 --> Session: Class initialized using 'CodeIgniter\Session\Handlers\FileHandler' driver.
INFO - 2024-07-16 06:26:00 --> Session: Class initialized using 'CodeIgniter\Session\Handlers\FileHandler' driver.
INFO - 2024-07-16 06:26:21 --> Session: Class initialized using 'CodeIgniter\Session\Handlers\FileHandler' driver.
INFO - 2024-07-16 06:28:48 --> Session: Class initialized using 'CodeIgniter\Session\Handlers\FileHandler' driver.
INFO - 2024-07-16 06:29:05 --> Session: Class initialized using 'CodeIgniter\Session\Handlers\FileHandler' driver.
INFO - 2024-07-16 06:29:29 --> Session: Class initialized using 'CodeIgniter\Session\Handlers\FileHandler' driver.
INFO - 2024-07-16 06:30:18 --> Session: Class initialized using 'CodeIgniter\Session\Handlers\FileHandler' driver.
INFO - 2024-07-16 06:30:35 --> Session: Class initialized using 'CodeIgniter\Session\Handlers\FileHandler' driver.
INFO - 2024-07-16 06:31:23 --> Session: Class initialized using 'CodeIgniter\Session\Handlers\FileHandler' driver.
INFO - 2024-07-16 06:31:47 --> Session: Class initialized using 'CodeIgniter\Session\Handlers\FileHandler' driver.
INFO - 2024-07-16 06:32:58 --> Session: Class initialized using 'CodeIgniter\Session\Handlers\FileHandler' driver.
INFO - 2024-07-16 06:33:17 --> Session: Class initialized using 'CodeIgniter\Session\Handlers\FileHandler' driver.
INFO - 2024-07-16 06:33:29 --> Session: Class initialized using 'CodeIgniter\Session\Handlers\FileHandler' driver.
INFO - 2024-07-16 06:33:45 --> Session: Class initialized using 'CodeIgniter\Session\Handlers\FileHandler' driver.
INFO - 2024-07-16 06:34:25 --> Session: Class initialized using 'CodeIgniter\Session\Handlers\FileHandler' driver.
INFO - 2024-07-16 06:35:31 --> Session: Class initialized using 'CodeIgniter\Session\Handlers\FileHandler' driver.
INFO - 2024-07-16 06:36:00 --> Session: Class initialized using 'CodeIgniter\Session\Handlers\FileHandler' driver.
INFO - 2024-07-16 06:36:18 --> Session: Class initialized using 'CodeIgniter\Session\Handlers\FileHandler' driver.
INFO - 2024-07-16 06:37:43 --> Session: Class initialized using 'CodeIgniter\Session\Handlers\FileHandler' driver.
INFO - 2024-07-16 06:38:06 --> Session: Class initialized using 'CodeIgniter\Session\Handlers\FileHandler' driver.
INFO - 2024-07-16 06:38:32 --> Session: Class initialized using 'CodeIgniter\Session\Handlers\FileHandler' driver.
INFO - 2024-07-16 06:38:40 --> Session: Class initialized using 'CodeIgniter\Session\Handlers\FileHandler' driver.
INFO - 2024-07-16 06:39:31 --> Session: Class initialized using 'CodeIgniter\Session\Handlers\FileHandler' driver.
INFO - 2024-07-16 06:39:47 --> Session: Class initialized using 'CodeIgniter\Session\Handlers\FileHandler' driver.
INFO - 2024-07-16 06:40:06 --> Session: Class initialized using 'CodeIgniter\Session\Handlers\FileHandler' driver.
INFO - 2024-07-16 06:41:57 --> Session: Class initialized using 'CodeIgniter\Session\Handlers\FileHandler' driver.
INFO - 2024-07-16 11:25:50 --> Session: Class initialized using 'CodeIgniter\Session\Handlers\FileHandler' driver.
INFO - 2024-07-16 11:27:29 --> Session: Class initialized using 'CodeIgniter\Session\Handlers\FileHandler' driver.
ERROR - 2024-07-16 11:27:34 --> Error connecting to the database: mysqli_sql_exception: No connection could be made because the target machine actively refused it in E:\Project\klinik-bersalin\system\Database\MySQLi\Connection.php:186
Stack trace:
#0 E:\Project\klinik-bersalin\system\Database\MySQLi\Connection.php(186): mysqli->real_connect('localhost', 'root', Object(SensitiveParameterValue), 'klinikbersalin', 3306, '', 0)
#1 E:\Project\klinik-bersalin\system\Database\BaseConnection.php(421): CodeIgniter\Database\MySQLi\Connection->connect(false)
#2 E:\Project\klinik-bersalin\system\Database\BaseConnection.php(616): CodeIgniter\Database\BaseConnection->initialize()
#3 E:\Project\klinik-bersalin\system\Database\BaseBuilder.php(1636): CodeIgniter\Database\BaseConnection->query('SELECT *\nFROM `...', Array, false)
#4 E:\Project\klinik-bersalin\system\Model.php(330): CodeIgniter\Database\BaseBuilder->get()
#5 E:\Project\klinik-bersalin\system\BaseModel.php(714): CodeIgniter\Model->doFirst()
#6 E:\Project\klinik-bersalin\app\Controllers\Auth.php(25): CodeIgniter\BaseModel->first()
#7 E:\Project\klinik-bersalin\system\CodeIgniter.php(933): App\Controllers\Auth->loginPost()
#8 E:\Project\klinik-bersalin\system\CodeIgniter.php(509): CodeIgniter\CodeIgniter->runController(Object(App\Controllers\Auth))
#9 E:\Project\klinik-bersalin\system\CodeIgniter.php(355): CodeIgniter\CodeIgniter->handleRequest(NULL, Object(Config\Cache), false)
#10 E:\Project\klinik-bersalin\system\Boot.php(325): CodeIgniter\CodeIgniter->run()
#11 E:\Project\klinik-bersalin\system\Boot.php(67): CodeIgniter\Boot::runCodeIgniter(Object(CodeIgniter\CodeIgniter))
#12 E:\Project\klinik-bersalin\public\index.php(56): CodeIgniter\Boot::bootWeb(Object(Config\Paths))
#13 E:\Project\klinik-bersalin\system\rewrite.php(44): require_once('E:\\Project\\klin...')
#14 {main}

Next CodeIgniter\Database\Exceptions\DatabaseException: No connection could be made because the target machine actively refused it in E:\Project\klinik-bersalin\system\Database\MySQLi\Connection.php:231
Stack trace:
#0 E:\Project\klinik-bersalin\system\Database\BaseConnection.php(421): CodeIgniter\Database\MySQLi\Connection->connect(false)
#1 E:\Project\klinik-bersalin\system\Database\BaseConnection.php(616): CodeIgniter\Database\BaseConnection->initialize()
#2 E:\Project\klinik-bersalin\system\Database\BaseBuilder.php(1636): CodeIgniter\Database\BaseConnection->query('SELECT *\nFROM `...', Array, false)
#3 E:\Project\klinik-bersalin\system\Model.php(330): CodeIgniter\Database\BaseBuilder->get()
#4 E:\Project\klinik-bersalin\system\BaseModel.php(714): CodeIgniter\Model->doFirst()
#5 E:\Project\klinik-bersalin\app\Controllers\Auth.php(25): CodeIgniter\BaseModel->first()
#6 E:\Project\klinik-bersalin\system\CodeIgniter.php(933): App\Controllers\Auth->loginPost()
#7 E:\Project\klinik-bersalin\system\CodeIgniter.php(509): CodeIgniter\CodeIgniter->runController(Object(App\Controllers\Auth))
#8 E:\Project\klinik-bersalin\system\CodeIgniter.php(355): CodeIgniter\CodeIgniter->handleRequest(NULL, Object(Config\Cache), false)
#9 E:\Project\klinik-bersalin\system\Boot.php(325): CodeIgniter\CodeIgniter->run()
#10 E:\Project\klinik-bersalin\system\Boot.php(67): CodeIgniter\Boot::runCodeIgniter(Object(CodeIgniter\CodeIgniter))
#11 E:\Project\klinik-bersalin\public\index.php(56): CodeIgniter\Boot::bootWeb(Object(Config\Paths))
#12 E:\Project\klinik-bersalin\system\rewrite.php(44): require_once('E:\\Project\\klin...')
#13 {main}
CRITICAL - 2024-07-16 11:27:34 --> CodeIgniter\Database\Exceptions\DatabaseException: Unable to connect to the database.
Main connection [MySQLi]: No connection could be made because the target machine actively refused it
[Method: POST, Route: login]
in SYSTEMPATH\Database\BaseConnection.php on line 467.
 1 SYSTEMPATH\Database\BaseConnection.php(616): CodeIgniter\Database\BaseConnection->initialize()
 2 SYSTEMPATH\Database\BaseBuilder.php(1636): CodeIgniter\Database\BaseConnection->query('SELECT *
FROM `users`
WHERE `userEmail` = :userEmail:
 LIMIT 1', [...], false)
 3 SYSTEMPATH\Model.php(330): CodeIgniter\Database\BaseBuilder->get()
 4 SYSTEMPATH\BaseModel.php(714): CodeIgniter\Model->doFirst()
 5 APPPATH\Controllers\Auth.php(25): CodeIgniter\BaseModel->first()
 6 SYSTEMPATH\CodeIgniter.php(933): App\Controllers\Auth->loginPost()
 7 SYSTEMPATH\CodeIgniter.php(509): CodeIgniter\CodeIgniter->runController(Object(App\Controllers\Auth))
 8 SYSTEMPATH\CodeIgniter.php(355): CodeIgniter\CodeIgniter->handleRequest(null, Object(Config\Cache), false)
 9 SYSTEMPATH\Boot.php(325): CodeIgniter\CodeIgniter->run()
10 SYSTEMPATH\Boot.php(67): CodeIgniter\Boot::runCodeIgniter(Object(CodeIgniter\CodeIgniter))
11 FCPATH\index.php(56): CodeIgniter\Boot::bootWeb(Object(Config\Paths))
12 SYSTEMPATH\rewrite.php(44): require_once('E:\\Project\\klinik-bersalin\\public\\index.php')
INFO - 2024-07-16 11:34:34 --> Session: Class initialized using 'CodeIgniter\Session\Handlers\FileHandler' driver.
INFO - 2024-07-16 11:34:35 --> Session: Class initialized using 'CodeIgniter\Session\Handlers\FileHandler' driver.
INFO - 2024-07-16 11:34:51 --> Session: Class initialized using 'CodeIgniter\Session\Handlers\FileHandler' driver.
INFO - 2024-07-16 11:34:55 --> Session: Class initialized using 'CodeIgniter\Session\Handlers\FileHandler' driver.
INFO - 2024-07-16 11:40:44 --> Session: Class initialized using 'CodeIgniter\Session\Handlers\FileHandler' driver.
INFO - 2024-07-16 11:40:52 --> Session: Class initialized using 'CodeIgniter\Session\Handlers\FileHandler' driver.
INFO - 2024-07-16 11:40:55 --> Session: Class initialized using 'CodeIgniter\Session\Handlers\FileHandler' driver.
INFO - 2024-07-16 11:42:04 --> Session: Class initialized using 'CodeIgniter\Session\Handlers\FileHandler' driver.
INFO - 2024-07-16 11:42:51 --> Session: Class initialized using 'CodeIgniter\Session\Handlers\FileHandler' driver.
INFO - 2024-07-16 11:43:22 --> Session: Class initialized using 'CodeIgniter\Session\Handlers\FileHandler' driver.
INFO - 2024-07-16 11:48:03 --> Session: Class initialized using 'CodeIgniter\Session\Handlers\FileHandler' driver.
INFO - 2024-07-16 11:48:31 --> Session: Class initialized using 'CodeIgniter\Session\Handlers\FileHandler' driver.
INFO - 2024-07-16 11:48:51 --> Session: Class initialized using 'CodeIgniter\Session\Handlers\FileHandler' driver.
INFO - 2024-07-16 11:49:37 --> Session: Class initialized using 'CodeIgniter\Session\Handlers\FileHandler' driver.
INFO - 2024-07-16 11:50:23 --> Session: Class initialized using 'CodeIgniter\Session\Handlers\FileHandler' driver.
INFO - 2024-07-16 11:50:32 --> Session: Class initialized using 'CodeIgniter\Session\Handlers\FileHandler' driver.
INFO - 2024-07-16 11:52:31 --> Session: Class initialized using 'CodeIgniter\Session\Handlers\FileHandler' driver.
INFO - 2024-07-16 11:57:31 --> Session: Class initialized using 'CodeIgniter\Session\Handlers\FileHandler' driver.
INFO - 2024-07-16 11:58:28 --> Session: Class initialized using 'CodeIgniter\Session\Handlers\FileHandler' driver.
INFO - 2024-07-16 11:58:39 --> Session: Class initialized using 'CodeIgniter\Session\Handlers\FileHandler' driver.
INFO - 2024-07-16 11:59:55 --> Session: Class initialized using 'CodeIgniter\Session\Handlers\FileHandler' driver.
INFO - 2024-07-16 12:00:30 --> Session: Class initialized using 'CodeIgniter\Session\Handlers\FileHandler' driver.
INFO - 2024-07-16 12:01:27 --> Session: Class initialized using 'CodeIgniter\Session\Handlers\FileHandler' driver.
INFO - 2024-07-16 12:01:31 --> Session: Class initialized using 'CodeIgniter\Session\Handlers\FileHandler' driver.
INFO - 2024-07-16 12:01:58 --> Session: Class initialized using 'CodeIgniter\Session\Handlers\FileHandler' driver.
INFO - 2024-07-16 12:02:43 --> Session: Class initialized using 'CodeIgniter\Session\Handlers\FileHandler' driver.
INFO - 2024-07-16 12:02:53 --> Session: Class initialized using 'CodeIgniter\Session\Handlers\FileHandler' driver.
INFO - 2024-07-16 12:05:53 --> Session: Class initialized using 'CodeIgniter\Session\Handlers\FileHandler' driver.
INFO - 2024-07-16 12:06:10 --> Session: Class initialized using 'CodeIgniter\Session\Handlers\FileHandler' driver.
INFO - 2024-07-16 12:07:09 --> Session: Class initialized using 'CodeIgniter\Session\Handlers\FileHandler' driver.
INFO - 2024-07-16 12:07:23 --> Session: Class initialized using 'CodeIgniter\Session\Handlers\FileHandler' driver.
INFO - 2024-07-16 12:07:38 --> Session: Class initialized using 'CodeIgniter\Session\Handlers\FileHandler' driver.
INFO - 2024-07-16 12:15:15 --> Session: Class initialized using 'CodeIgniter\Session\Handlers\FileHandler' driver.
INFO - 2024-07-16 12:15:36 --> Session: Class initialized using 'CodeIgniter\Session\Handlers\FileHandler' driver.
INFO - 2024-07-16 12:16:05 --> Session: Class initialized using 'CodeIgniter\Session\Handlers\FileHandler' driver.
INFO - 2024-07-16 12:21:53 --> Session: Class initialized using 'CodeIgniter\Session\Handlers\FileHandler' driver.
INFO - 2024-07-16 12:22:09 --> Session: Class initialized using 'CodeIgniter\Session\Handlers\FileHandler' driver.
INFO - 2024-07-16 12:39:47 --> Session: Class initialized using 'CodeIgniter\Session\Handlers\FileHandler' driver.
INFO - 2024-07-16 12:40:08 --> Session: Class initialized using 'CodeIgniter\Session\Handlers\FileHandler' driver.
INFO - 2024-07-16 12:59:09 --> Session: Class initialized using 'CodeIgniter\Session\Handlers\FileHandler' driver.
INFO - 2024-07-16 13:00:56 --> Session: Class initialized using 'CodeIgniter\Session\Handlers\FileHandler' driver.
INFO - 2024-07-16 13:01:25 --> Session: Class initialized using 'CodeIgniter\Session\Handlers\FileHandler' driver.
INFO - 2024-07-16 13:02:16 --> Session: Class initialized using 'CodeIgniter\Session\Handlers\FileHandler' driver.
INFO - 2024-07-16 13:02:52 --> Session: Class initialized using 'CodeIgniter\Session\Handlers\FileHandler' driver.
INFO - 2024-07-16 13:09:43 --> Session: Class initialized using 'CodeIgniter\Session\Handlers\FileHandler' driver.
INFO - 2024-07-16 13:10:28 --> Session: Class initialized using 'CodeIgniter\Session\Handlers\FileHandler' driver.
INFO - 2024-07-16 13:14:47 --> Session: Class initialized using 'CodeIgniter\Session\Handlers\FileHandler' driver.
INFO - 2024-07-16 13:16:36 --> Session: Class initialized using 'CodeIgniter\Session\Handlers\FileHandler' driver.
INFO - 2024-07-16 13:16:50 --> Session: Class initialized using 'CodeIgniter\Session\Handlers\FileHandler' driver.
INFO - 2024-07-16 13:17:03 --> Session: Class initialized using 'CodeIgniter\Session\Handlers\FileHandler' driver.
INFO - 2024-07-16 13:17:32 --> Session: Class initialized using 'CodeIgniter\Session\Handlers\FileHandler' driver.
INFO - 2024-07-16 13:24:32 --> Session: Class initialized using 'CodeIgniter\Session\Handlers\FileHandler' driver.
INFO - 2024-07-16 13:24:38 --> Session: Class initialized using 'CodeIgniter\Session\Handlers\FileHandler' driver.
INFO - 2024-07-16 13:25:57 --> Session: Class initialized using 'CodeIgniter\Session\Handlers\FileHandler' driver.
INFO - 2024-07-16 13:26:20 --> Session: Class initialized using 'CodeIgniter\Session\Handlers\FileHandler' driver.
INFO - 2024-07-16 13:31:11 --> Session: Class initialized using 'CodeIgniter\Session\Handlers\FileHandler' driver.
INFO - 2024-07-16 13:31:38 --> Session: Class initialized using 'CodeIgniter\Session\Handlers\FileHandler' driver.
INFO - 2024-07-16 13:31:56 --> Session: Class initialized using 'CodeIgniter\Session\Handlers\FileHandler' driver.
INFO - 2024-07-16 13:37:43 --> Session: Class initialized using 'CodeIgniter\Session\Handlers\FileHandler' driver.
INFO - 2024-07-16 13:40:36 --> Session: Class initialized using 'CodeIgniter\Session\Handlers\FileHandler' driver.
INFO - 2024-07-16 13:40:55 --> Session: Class initialized using 'CodeIgniter\Session\Handlers\FileHandler' driver.
INFO - 2024-07-16 13:41:05 --> Session: Class initialized using 'CodeIgniter\Session\Handlers\FileHandler' driver.
INFO - 2024-07-16 13:42:45 --> Session: Class initialized using 'CodeIgniter\Session\Handlers\FileHandler' driver.
INFO - 2024-07-16 13:43:12 --> Session: Class initialized using 'CodeIgniter\Session\Handlers\FileHandler' driver.
INFO - 2024-07-16 14:07:36 --> Session: Class initialized using 'CodeIgniter\Session\Handlers\FileHandler' driver.
INFO - 2024-07-16 14:19:26 --> Session: Class initialized using 'CodeIgniter\Session\Handlers\FileHandler' driver.
INFO - 2024-07-16 14:20:50 --> Session: Class initialized using 'CodeIgniter\Session\Handlers\FileHandler' driver.
INFO - 2024-07-16 14:21:50 --> Session: Class initialized using 'CodeIgniter\Session\Handlers\FileHandler' driver.
INFO - 2024-07-16 14:23:45 --> Session: Class initialized using 'CodeIgniter\Session\Handlers\FileHandler' driver.
INFO - 2024-07-16 14:23:58 --> Session: Class initialized using 'CodeIgniter\Session\Handlers\FileHandler' driver.
INFO - 2024-07-16 14:31:58 --> Session: Class initialized using 'CodeIgniter\Session\Handlers\FileHandler' driver.
INFO - 2024-07-16 14:32:26 --> Session: Class initialized using 'CodeIgniter\Session\Handlers\FileHandler' driver.
INFO - 2024-07-16 14:32:27 --> Session: Class initialized using 'CodeIgniter\Session\Handlers\FileHandler' driver.
CRITICAL - 2024-07-16 14:32:27 --> ErrorException: Undefined array key "ibuNama"
[Method: GET, Route: penggunaan-obat]
in APPPATH\Views\page\content\penggunaan-obat.php on line 65.
 1 APPPATH\Views\page\content\penggunaan-obat.php(65): CodeIgniter\Debug\Exceptions->errorHandler(2, 'Undefined array key "ibuNama"', 'E:\\Project\\klinik-bersalin\\app\\Views\\page\\content\\penggunaan-obat.php', 65)
 2 SYSTEMPATH\View\View.php(234): include('E:\\Project\\klinik-bersalin\\app\\Views\\page\\content\\penggunaan-obat.php')
 3 SYSTEMPATH\View\View.php(237): CodeIgniter\View\View->CodeIgniter\View\{closure}()
 4 SYSTEMPATH\Common.php(1171): CodeIgniter\View\View->render('page/content/penggunaan-obat', [], true)
 5 APPPATH\Controllers\Menu.php(505): view('page/content/penggunaan-obat', [...])
 6 SYSTEMPATH\CodeIgniter.php(933): App\Controllers\Menu->penggunaan_obat()
 7 SYSTEMPATH\CodeIgniter.php(509): CodeIgniter\CodeIgniter->runController(Object(App\Controllers\Menu))
 8 SYSTEMPATH\CodeIgniter.php(355): CodeIgniter\CodeIgniter->handleRequest(null, Object(Config\Cache), false)
 9 SYSTEMPATH\Boot.php(325): CodeIgniter\CodeIgniter->run()
10 SYSTEMPATH\Boot.php(67): CodeIgniter\Boot::runCodeIgniter(Object(CodeIgniter\CodeIgniter))
11 FCPATH\index.php(56): CodeIgniter\Boot::bootWeb(Object(Config\Paths))
12 SYSTEMPATH\rewrite.php(44): require_once('E:\\Project\\klinik-bersalin\\public\\index.php')
INFO - 2024-07-16 14:35:33 --> Session: Class initialized using 'CodeIgniter\Session\Handlers\FileHandler' driver.
CRITICAL - 2024-07-16 14:35:34 --> ErrorException: Undefined array key "ibuNama"
[Method: GET, Route: penggunaan-obat]
in APPPATH\Views\page\content\penggunaan-obat.php on line 65.
 1 APPPATH\Views\page\content\penggunaan-obat.php(65): CodeIgniter\Debug\Exceptions->errorHandler(2, 'Undefined array key "ibuNama"', 'E:\\Project\\klinik-bersalin\\app\\Views\\page\\content\\penggunaan-obat.php', 65)
 2 SYSTEMPATH\View\View.php(234): include('E:\\Project\\klinik-bersalin\\app\\Views\\page\\content\\penggunaan-obat.php')
 3 SYSTEMPATH\View\View.php(237): CodeIgniter\View\View->CodeIgniter\View\{closure}()
 4 SYSTEMPATH\Common.php(1171): CodeIgniter\View\View->render('page/content/penggunaan-obat', [], true)
 5 APPPATH\Controllers\Menu.php(505): view('page/content/penggunaan-obat', [...])
 6 SYSTEMPATH\CodeIgniter.php(933): App\Controllers\Menu->penggunaan_obat()
 7 SYSTEMPATH\CodeIgniter.php(509): CodeIgniter\CodeIgniter->runController(Object(App\Controllers\Menu))
 8 SYSTEMPATH\CodeIgniter.php(355): CodeIgniter\CodeIgniter->handleRequest(null, Object(Config\Cache), false)
 9 SYSTEMPATH\Boot.php(325): CodeIgniter\CodeIgniter->run()
10 SYSTEMPATH\Boot.php(67): CodeIgniter\Boot::runCodeIgniter(Object(CodeIgniter\CodeIgniter))
11 FCPATH\index.php(56): CodeIgniter\Boot::bootWeb(Object(Config\Paths))
12 SYSTEMPATH\rewrite.php(44): require_once('E:\\Project\\klinik-bersalin\\public\\index.php')
INFO - 2024-07-16 14:35:38 --> Session: Class initialized using 'CodeIgniter\Session\Handlers\FileHandler' driver.
CRITICAL - 2024-07-16 14:35:38 --> ErrorException: Undefined array key "ibuNama"
[Method: GET, Route: penggunaan-obat]
in APPPATH\Views\page\content\penggunaan-obat.php on line 65.
 1 APPPATH\Views\page\content\penggunaan-obat.php(65): CodeIgniter\Debug\Exceptions->errorHandler(2, 'Undefined array key "ibuNama"', 'E:\\Project\\klinik-bersalin\\app\\Views\\page\\content\\penggunaan-obat.php', 65)
 2 SYSTEMPATH\View\View.php(234): include('E:\\Project\\klinik-bersalin\\app\\Views\\page\\content\\penggunaan-obat.php')
 3 SYSTEMPATH\View\View.php(237): CodeIgniter\View\View->CodeIgniter\View\{closure}()
 4 SYSTEMPATH\Common.php(1171): CodeIgniter\View\View->render('page/content/penggunaan-obat', [], true)
 5 APPPATH\Controllers\Menu.php(505): view('page/content/penggunaan-obat', [...])
 6 SYSTEMPATH\CodeIgniter.php(933): App\Controllers\Menu->penggunaan_obat()
 7 SYSTEMPATH\CodeIgniter.php(509): CodeIgniter\CodeIgniter->runController(Object(App\Controllers\Menu))
 8 SYSTEMPATH\CodeIgniter.php(355): CodeIgniter\CodeIgniter->handleRequest(null, Object(Config\Cache), false)
 9 SYSTEMPATH\Boot.php(325): CodeIgniter\CodeIgniter->run()
10 SYSTEMPATH\Boot.php(67): CodeIgniter\Boot::runCodeIgniter(Object(CodeIgniter\CodeIgniter))
11 FCPATH\index.php(56): CodeIgniter\Boot::bootWeb(Object(Config\Paths))
12 SYSTEMPATH\rewrite.php(44): require_once('E:\\Project\\klinik-bersalin\\public\\index.php')
INFO - 2024-07-16 14:36:17 --> Session: Class initialized using 'CodeIgniter\Session\Handlers\FileHandler' driver.
INFO - 2024-07-16 14:38:26 --> Session: Class initialized using 'CodeIgniter\Session\Handlers\FileHandler' driver.
INFO - 2024-07-16 14:38:46 --> Session: Class initialized using 'CodeIgniter\Session\Handlers\FileHandler' driver.
INFO - 2024-07-16 14:38:47 --> Session: Class initialized using 'CodeIgniter\Session\Handlers\FileHandler' driver.
CRITICAL - 2024-07-16 14:38:47 --> ErrorException: Undefined array key "ibuNama"
[Method: GET, Route: penggunaan-obat]
in APPPATH\Views\page\content\penggunaan-obat.php on line 65.
 1 APPPATH\Views\page\content\penggunaan-obat.php(65): CodeIgniter\Debug\Exceptions->errorHandler(2, 'Undefined array key "ibuNama"', 'E:\\Project\\klinik-bersalin\\app\\Views\\page\\content\\penggunaan-obat.php', 65)
 2 SYSTEMPATH\View\View.php(234): include('E:\\Project\\klinik-bersalin\\app\\Views\\page\\content\\penggunaan-obat.php')
 3 SYSTEMPATH\View\View.php(237): CodeIgniter\View\View->CodeIgniter\View\{closure}()
 4 SYSTEMPATH\Common.php(1171): CodeIgniter\View\View->render('page/content/penggunaan-obat', [], true)
 5 APPPATH\Controllers\Menu.php(505): view('page/content/penggunaan-obat', [...])
 6 SYSTEMPATH\CodeIgniter.php(933): App\Controllers\Menu->penggunaan_obat()
 7 SYSTEMPATH\CodeIgniter.php(509): CodeIgniter\CodeIgniter->runController(Object(App\Controllers\Menu))
 8 SYSTEMPATH\CodeIgniter.php(355): CodeIgniter\CodeIgniter->handleRequest(null, Object(Config\Cache), false)
 9 SYSTEMPATH\Boot.php(325): CodeIgniter\CodeIgniter->run()
10 SYSTEMPATH\Boot.php(67): CodeIgniter\Boot::runCodeIgniter(Object(CodeIgniter\CodeIgniter))
11 FCPATH\index.php(56): CodeIgniter\Boot::bootWeb(Object(Config\Paths))
12 SYSTEMPATH\rewrite.php(44): require_once('E:\\Project\\klinik-bersalin\\public\\index.php')
INFO - 2024-07-16 14:41:29 --> Session: Class initialized using 'CodeIgniter\Session\Handlers\FileHandler' driver.
INFO - 2024-07-16 14:41:49 --> Session: Class initialized using 'CodeIgniter\Session\Handlers\FileHandler' driver.
INFO - 2024-07-16 14:41:59 --> Session: Class initialized using 'CodeIgniter\Session\Handlers\FileHandler' driver.
INFO - 2024-07-16 14:42:18 --> Session: Class initialized using 'CodeIgniter\Session\Handlers\FileHandler' driver.
INFO - 2024-07-16 14:42:18 --> Session: Class initialized using 'CodeIgniter\Session\Handlers\FileHandler' driver.
INFO - 2024-07-16 14:42:44 --> Session: Class initialized using 'CodeIgniter\Session\Handlers\FileHandler' driver.
INFO - 2024-07-16 14:42:47 --> Session: Class initialized using 'CodeIgniter\Session\Handlers\FileHandler' driver.
INFO - 2024-07-16 14:48:15 --> Session: Class initialized using 'CodeIgniter\Session\Handlers\FileHandler' driver.
INFO - 2024-07-16 14:48:17 --> Session: Class initialized using 'CodeIgniter\Session\Handlers\FileHandler' driver.
INFO - 2024-07-16 14:48:45 --> Session: Class initialized using 'CodeIgniter\Session\Handlers\FileHandler' driver.
INFO - 2024-07-16 14:52:54 --> Session: Class initialized using 'CodeIgniter\Session\Handlers\FileHandler' driver.
CRITICAL - 2024-07-16 14:52:54 --> ErrorException: Undefined variable $ibus
[Method: GET, Route: view-penggunaan-obat/POI001]
in APPPATH\Views\page\content\form\view_penggunaan_obat.php on line 45.
 1 APPPATH\Views\page\content\form\view_penggunaan_obat.php(45): CodeIgniter\Debug\Exceptions->errorHandler(2, 'Undefined variable $ibus', 'E:\\Project\\klinik-bersalin\\app\\Views\\page\\content\\form\\view_penggunaan_obat.php', 45)
 2 SYSTEMPATH\View\View.php(234): include('E:\\Project\\klinik-bersalin\\app\\Views\\page\\content\\form\\view_penggunaan_obat.php')
 3 SYSTEMPATH\View\View.php(237): CodeIgniter\View\View->CodeIgniter\View\{closure}()
 4 SYSTEMPATH\Common.php(1171): CodeIgniter\View\View->render('page/content/form/view_penggunaan_obat', [], true)
 5 APPPATH\Controllers\Menu.php(529): view('page/content/form/view_penggunaan_obat', [...])
 6 SYSTEMPATH\CodeIgniter.php(933): App\Controllers\Menu->view_penggunaan_obat('POI001')
 7 SYSTEMPATH\CodeIgniter.php(509): CodeIgniter\CodeIgniter->runController(Object(App\Controllers\Menu))
 8 SYSTEMPATH\CodeIgniter.php(355): CodeIgniter\CodeIgniter->handleRequest(null, Object(Config\Cache), false)
 9 SYSTEMPATH\Boot.php(325): CodeIgniter\CodeIgniter->run()
10 SYSTEMPATH\Boot.php(67): CodeIgniter\Boot::runCodeIgniter(Object(CodeIgniter\CodeIgniter))
11 FCPATH\index.php(56): CodeIgniter\Boot::bootWeb(Object(Config\Paths))
12 SYSTEMPATH\rewrite.php(44): require_once('E:\\Project\\klinik-bersalin\\public\\index.php')
INFO - 2024-07-16 14:53:10 --> Session: Class initialized using 'CodeIgniter\Session\Handlers\FileHandler' driver.
CRITICAL - 2024-07-16 14:53:10 --> ErrorException: Undefined variable $obats
[Method: GET, Route: view-penggunaan-obat/POI001]
in APPPATH\Views\page\content\form\view_penggunaan_obat.php on line 167.
 1 APPPATH\Views\page\content\form\view_penggunaan_obat.php(167): CodeIgniter\Debug\Exceptions->errorHandler(2, 'Undefined variable $obats', 'E:\\Project\\klinik-bersalin\\app\\Views\\page\\content\\form\\view_penggunaan_obat.php', 167)
 2 SYSTEMPATH\View\View.php(234): include('E:\\Project\\klinik-bersalin\\app\\Views\\page\\content\\form\\view_penggunaan_obat.php')
 3 SYSTEMPATH\View\View.php(237): CodeIgniter\View\View->CodeIgniter\View\{closure}()
 4 SYSTEMPATH\Common.php(1171): CodeIgniter\View\View->render('page/content/form/view_penggunaan_obat', [], true)
 5 APPPATH\Controllers\Menu.php(529): view('page/content/form/view_penggunaan_obat', [...])
 6 SYSTEMPATH\CodeIgniter.php(933): App\Controllers\Menu->view_penggunaan_obat('POI001')
 7 SYSTEMPATH\CodeIgniter.php(509): CodeIgniter\CodeIgniter->runController(Object(App\Controllers\Menu))
 8 SYSTEMPATH\CodeIgniter.php(355): CodeIgniter\CodeIgniter->handleRequest(null, Object(Config\Cache), false)
 9 SYSTEMPATH\Boot.php(325): CodeIgniter\CodeIgniter->run()
10 SYSTEMPATH\Boot.php(67): CodeIgniter\Boot::runCodeIgniter(Object(CodeIgniter\CodeIgniter))
11 FCPATH\index.php(56): CodeIgniter\Boot::bootWeb(Object(Config\Paths))
12 SYSTEMPATH\rewrite.php(44): require_once('E:\\Project\\klinik-bersalin\\public\\index.php')
INFO - 2024-07-16 14:54:10 --> Session: Class initialized using 'CodeIgniter\Session\Handlers\FileHandler' driver.
INFO - 2024-07-16 14:54:34 --> Session: Class initialized using 'CodeIgniter\Session\Handlers\FileHandler' driver.
INFO - 2024-07-16 14:54:47 --> Session: Class initialized using 'CodeIgniter\Session\Handlers\FileHandler' driver.
INFO - 2024-07-16 14:56:07 --> Session: Class initialized using 'CodeIgniter\Session\Handlers\FileHandler' driver.
INFO - 2024-07-16 14:56:26 --> Session: Class initialized using 'CodeIgniter\Session\Handlers\FileHandler' driver.
INFO - 2024-07-16 14:56:42 --> Session: Class initialized using 'CodeIgniter\Session\Handlers\FileHandler' driver.
INFO - 2024-07-16 14:56:55 --> Session: Class initialized using 'CodeIgniter\Session\Handlers\FileHandler' driver.
INFO - 2024-07-16 14:57:33 --> Session: Class initialized using 'CodeIgniter\Session\Handlers\FileHandler' driver.
INFO - 2024-07-16 14:58:30 --> Session: Class initialized using 'CodeIgniter\Session\Handlers\FileHandler' driver.
CRITICAL - 2024-07-16 14:58:31 --> ErrorException: Undefined array key "obatNama"
[Method: GET, Route: view-penggunaan-obat/POI001]
in APPPATH\Views\page\content\form\view_penggunaan_obat.php on line 66.
 1 APPPATH\Views\page\content\form\view_penggunaan_obat.php(66): CodeIgniter\Debug\Exceptions->errorHandler(2, 'Undefined array key "obatNama"', 'E:\\Project\\klinik-bersalin\\app\\Views\\page\\content\\form\\view_penggunaan_obat.php', 66)
 2 SYSTEMPATH\View\View.php(234): include('E:\\Project\\klinik-bersalin\\app\\Views\\page\\content\\form\\view_penggunaan_obat.php')
 3 SYSTEMPATH\View\View.php(237): CodeIgniter\View\View->CodeIgniter\View\{closure}()
 4 SYSTEMPATH\Common.php(1171): CodeIgniter\View\View->render('page/content/form/view_penggunaan_obat', [], true)
 5 APPPATH\Controllers\Menu.php(529): view('page/content/form/view_penggunaan_obat', [...])
 6 SYSTEMPATH\CodeIgniter.php(933): App\Controllers\Menu->view_penggunaan_obat('POI001')
 7 SYSTEMPATH\CodeIgniter.php(509): CodeIgniter\CodeIgniter->runController(Object(App\Controllers\Menu))
 8 SYSTEMPATH\CodeIgniter.php(355): CodeIgniter\CodeIgniter->handleRequest(null, Object(Config\Cache), false)
 9 SYSTEMPATH\Boot.php(325): CodeIgniter\CodeIgniter->run()
10 SYSTEMPATH\Boot.php(67): CodeIgniter\Boot::runCodeIgniter(Object(CodeIgniter\CodeIgniter))
11 FCPATH\index.php(56): CodeIgniter\Boot::bootWeb(Object(Config\Paths))
12 SYSTEMPATH\rewrite.php(44): require_once('E:\\Project\\klinik-bersalin\\public\\index.php')
INFO - 2024-07-16 14:58:52 --> Session: Class initialized using 'CodeIgniter\Session\Handlers\FileHandler' driver.
ERROR - 2024-07-16 14:58:52 --> mysqli_sql_exception: Unknown column 'penggunaan_obat.obatID' in 'on clause' in E:\Project\klinik-bersalin\system\Database\MySQLi\Connection.php:312
Stack trace:
#0 E:\Project\klinik-bersalin\system\Database\MySQLi\Connection.php(312): mysqli->query('SELECT *\nFROM `...', 0)
#1 E:\Project\klinik-bersalin\system\Database\BaseConnection.php(734): CodeIgniter\Database\MySQLi\Connection->execute('SELECT *\nFROM `...')
#2 E:\Project\klinik-bersalin\system\Database\BaseConnection.php(648): CodeIgniter\Database\BaseConnection->simpleQuery('SELECT *\nFROM `...')
#3 E:\Project\klinik-bersalin\system\Database\BaseBuilder.php(1636): CodeIgniter\Database\BaseConnection->query('SELECT *\nFROM `...', Array, false)
#4 E:\Project\klinik-bersalin\system\Model.php(286): CodeIgniter\Database\BaseBuilder->get()
#5 E:\Project\klinik-bersalin\system\BaseModel.php(676): CodeIgniter\Model->doFindAll(0, 0)
#6 E:\Project\klinik-bersalin\app\Controllers\Menu.php(528): CodeIgniter\BaseModel->findAll()
#7 E:\Project\klinik-bersalin\system\CodeIgniter.php(933): App\Controllers\Menu->view_penggunaan_obat('POI001')
#8 E:\Project\klinik-bersalin\system\CodeIgniter.php(509): CodeIgniter\CodeIgniter->runController(Object(App\Controllers\Menu))
#9 E:\Project\klinik-bersalin\system\CodeIgniter.php(355): CodeIgniter\CodeIgniter->handleRequest(NULL, Object(Config\Cache), false)
#10 E:\Project\klinik-bersalin\system\Boot.php(325): CodeIgniter\CodeIgniter->run()
#11 E:\Project\klinik-bersalin\system\Boot.php(67): CodeIgniter\Boot::runCodeIgniter(Object(CodeIgniter\CodeIgniter))
#12 E:\Project\klinik-bersalin\public\index.php(56): CodeIgniter\Boot::bootWeb(Object(Config\Paths))
#13 E:\Project\klinik-bersalin\system\rewrite.php(44): require_once('E:\\Project\\klin...')
#14 {main}
CRITICAL - 2024-07-16 14:58:52 --> CodeIgniter\Database\Exceptions\DatabaseException: Unknown column 'penggunaan_obat.obatID' in 'on clause'
[Method: GET, Route: view-penggunaan-obat/POI001]
in SYSTEMPATH\Database\BaseConnection.php on line 688.
 1 SYSTEMPATH\Database\BaseBuilder.php(1636): CodeIgniter\Database\BaseConnection->query('SELECT *
FROM `detail_penggunaan_obat`
JOIN `obat` ON `obat`.`obatID`=`penggunaan_obat`.`obatID`
WHERE `penggunaanObatID` = :penggunaanObatID:', [...], false)
 2 SYSTEMPATH\Model.php(286): CodeIgniter\Database\BaseBuilder->get()
 3 SYSTEMPATH\BaseModel.php(676): CodeIgniter\Model->doFindAll(0, 0)
 4 APPPATH\Controllers\Menu.php(528): CodeIgniter\BaseModel->findAll()
 5 SYSTEMPATH\CodeIgniter.php(933): App\Controllers\Menu->view_penggunaan_obat('POI001')
 6 SYSTEMPATH\CodeIgniter.php(509): CodeIgniter\CodeIgniter->runController(Object(App\Controllers\Menu))
 7 SYSTEMPATH\CodeIgniter.php(355): CodeIgniter\CodeIgniter->handleRequest(null, Object(Config\Cache), false)
 8 SYSTEMPATH\Boot.php(325): CodeIgniter\CodeIgniter->run()
 9 SYSTEMPATH\Boot.php(67): CodeIgniter\Boot::runCodeIgniter(Object(CodeIgniter\CodeIgniter))
10 FCPATH\index.php(56): CodeIgniter\Boot::bootWeb(Object(Config\Paths))
11 SYSTEMPATH\rewrite.php(44): require_once('E:\\Project\\klinik-bersalin\\public\\index.php')
CRITICAL - 2024-07-16 14:58:52 --> [Caused by] CodeIgniter\Database\Exceptions\DatabaseException: Unknown column 'penggunaan_obat.obatID' in 'on clause'
in SYSTEMPATH\Database\MySQLi\Connection.php on line 317.
 1 SYSTEMPATH\Database\BaseConnection.php(734): CodeIgniter\Database\MySQLi\Connection->execute('SELECT *
FROM `detail_penggunaan_obat`
JOIN `obat` ON `obat`.`obatID`=`penggunaan_obat`.`obatID`
WHERE `penggunaanObatID` = \'POI001\'')
 2 SYSTEMPATH\Database\BaseConnection.php(648): CodeIgniter\Database\BaseConnection->simpleQuery('SELECT *
FROM `detail_penggunaan_obat`
JOIN `obat` ON `obat`.`obatID`=`penggunaan_obat`.`obatID`
WHERE `penggunaanObatID` = \'POI001\'')
 3 SYSTEMPATH\Database\BaseBuilder.php(1636): CodeIgniter\Database\BaseConnection->query('SELECT *
FROM `detail_penggunaan_obat`
JOIN `obat` ON `obat`.`obatID`=`penggunaan_obat`.`obatID`
WHERE `penggunaanObatID` = :penggunaanObatID:', [...], false)
 4 SYSTEMPATH\Model.php(286): CodeIgniter\Database\BaseBuilder->get()
 5 SYSTEMPATH\BaseModel.php(676): CodeIgniter\Model->doFindAll(0, 0)
 6 APPPATH\Controllers\Menu.php(528): CodeIgniter\BaseModel->findAll()
 7 SYSTEMPATH\CodeIgniter.php(933): App\Controllers\Menu->view_penggunaan_obat('POI001')
 8 SYSTEMPATH\CodeIgniter.php(509): CodeIgniter\CodeIgniter->runController(Object(App\Controllers\Menu))
 9 SYSTEMPATH\CodeIgniter.php(355): CodeIgniter\CodeIgniter->handleRequest(null, Object(Config\Cache), false)
10 SYSTEMPATH\Boot.php(325): CodeIgniter\CodeIgniter->run()
11 SYSTEMPATH\Boot.php(67): CodeIgniter\Boot::runCodeIgniter(Object(CodeIgniter\CodeIgniter))
12 FCPATH\index.php(56): CodeIgniter\Boot::bootWeb(Object(Config\Paths))
13 SYSTEMPATH\rewrite.php(44): require_once('E:\\Project\\klinik-bersalin\\public\\index.php')
CRITICAL - 2024-07-16 14:58:52 --> [Caused by] mysqli_sql_exception: Unknown column 'penggunaan_obat.obatID' in 'on clause'
in SYSTEMPATH\Database\MySQLi\Connection.php on line 312.
 1 SYSTEMPATH\Database\MySQLi\Connection.php(312): mysqli->query('SELECT *
FROM `detail_penggunaan_obat`
JOIN `obat` ON `obat`.`obatID`=`penggunaan_obat`.`obatID`
WHERE `penggunaanObatID` = \'POI001\'', 0)
 2 SYSTEMPATH\Database\BaseConnection.php(734): CodeIgniter\Database\MySQLi\Connection->execute('SELECT *
FROM `detail_penggunaan_obat`
JOIN `obat` ON `obat`.`obatID`=`penggunaan_obat`.`obatID`
WHERE `penggunaanObatID` = \'POI001\'')
 3 SYSTEMPATH\Database\BaseConnection.php(648): CodeIgniter\Database\BaseConnection->simpleQuery('SELECT *
FROM `detail_penggunaan_obat`
JOIN `obat` ON `obat`.`obatID`=`penggunaan_obat`.`obatID`
WHERE `penggunaanObatID` = \'POI001\'')
 4 SYSTEMPATH\Database\BaseBuilder.php(1636): CodeIgniter\Database\BaseConnection->query('SELECT *
FROM `detail_penggunaan_obat`
JOIN `obat` ON `obat`.`obatID`=`penggunaan_obat`.`obatID`
WHERE `penggunaanObatID` = :penggunaanObatID:', [...], false)
 5 SYSTEMPATH\Model.php(286): CodeIgniter\Database\BaseBuilder->get()
 6 SYSTEMPATH\BaseModel.php(676): CodeIgniter\Model->doFindAll(0, 0)
 7 APPPATH\Controllers\Menu.php(528): CodeIgniter\BaseModel->findAll()
 8 SYSTEMPATH\CodeIgniter.php(933): App\Controllers\Menu->view_penggunaan_obat('POI001')
 9 SYSTEMPATH\CodeIgniter.php(509): CodeIgniter\CodeIgniter->runController(Object(App\Controllers\Menu))
10 SYSTEMPATH\CodeIgniter.php(355): CodeIgniter\CodeIgniter->handleRequest(null, Object(Config\Cache), false)
11 SYSTEMPATH\Boot.php(325): CodeIgniter\CodeIgniter->run()
12 SYSTEMPATH\Boot.php(67): CodeIgniter\Boot::runCodeIgniter(Object(CodeIgniter\CodeIgniter))
13 FCPATH\index.php(56): CodeIgniter\Boot::bootWeb(Object(Config\Paths))
14 SYSTEMPATH\rewrite.php(44): require_once('E:\\Project\\klinik-bersalin\\public\\index.php')
INFO - 2024-07-16 14:59:03 --> Session: Class initialized using 'CodeIgniter\Session\Handlers\FileHandler' driver.
CRITICAL - 2024-07-16 14:59:03 --> ErrorException: Undefined array key "obatNama"
[Method: GET, Route: view-penggunaan-obat/POI001]
in APPPATH\Views\page\content\form\view_penggunaan_obat.php on line 66.
 1 APPPATH\Views\page\content\form\view_penggunaan_obat.php(66): CodeIgniter\Debug\Exceptions->errorHandler(2, 'Undefined array key "obatNama"', 'E:\\Project\\klinik-bersalin\\app\\Views\\page\\content\\form\\view_penggunaan_obat.php', 66)
 2 SYSTEMPATH\View\View.php(234): include('E:\\Project\\klinik-bersalin\\app\\Views\\page\\content\\form\\view_penggunaan_obat.php')
 3 SYSTEMPATH\View\View.php(237): CodeIgniter\View\View->CodeIgniter\View\{closure}()
 4 SYSTEMPATH\Common.php(1171): CodeIgniter\View\View->render('page/content/form/view_penggunaan_obat', [], true)
 5 APPPATH\Controllers\Menu.php(529): view('page/content/form/view_penggunaan_obat', [...])
 6 SYSTEMPATH\CodeIgniter.php(933): App\Controllers\Menu->view_penggunaan_obat('POI001')
 7 SYSTEMPATH\CodeIgniter.php(509): CodeIgniter\CodeIgniter->runController(Object(App\Controllers\Menu))
 8 SYSTEMPATH\CodeIgniter.php(355): CodeIgniter\CodeIgniter->handleRequest(null, Object(Config\Cache), false)
 9 SYSTEMPATH\Boot.php(325): CodeIgniter\CodeIgniter->run()
10 SYSTEMPATH\Boot.php(67): CodeIgniter\Boot::runCodeIgniter(Object(CodeIgniter\CodeIgniter))
11 FCPATH\index.php(56): CodeIgniter\Boot::bootWeb(Object(Config\Paths))
12 SYSTEMPATH\rewrite.php(44): require_once('E:\\Project\\klinik-bersalin\\public\\index.php')
INFO - 2024-07-16 15:00:07 --> Session: Class initialized using 'CodeIgniter\Session\Handlers\FileHandler' driver.
INFO - 2024-07-16 15:00:18 --> Session: Class initialized using 'CodeIgniter\Session\Handlers\FileHandler' driver.
INFO - 2024-07-16 15:00:39 --> Session: Class initialized using 'CodeIgniter\Session\Handlers\FileHandler' driver.
CRITICAL - 2024-07-16 15:00:39 --> ErrorException: Undefined array key "obatSubtotal"
[Method: GET, Route: view-penggunaan-obat/POI001]
in APPPATH\Views\page\content\form\view_penggunaan_obat.php on line 71.
 1 APPPATH\Views\page\content\form\view_penggunaan_obat.php(71): CodeIgniter\Debug\Exceptions->errorHandler(2, 'Undefined array key "obatSubtotal"', 'E:\\Project\\klinik-bersalin\\app\\Views\\page\\content\\form\\view_penggunaan_obat.php', 71)
 2 SYSTEMPATH\View\View.php(234): include('E:\\Project\\klinik-bersalin\\app\\Views\\page\\content\\form\\view_penggunaan_obat.php')
 3 SYSTEMPATH\View\View.php(237): CodeIgniter\View\View->CodeIgniter\View\{closure}()
 4 SYSTEMPATH\Common.php(1171): CodeIgniter\View\View->render('page/content/form/view_penggunaan_obat', [], true)
 5 APPPATH\Controllers\Menu.php(529): view('page/content/form/view_penggunaan_obat', [...])
 6 SYSTEMPATH\CodeIgniter.php(933): App\Controllers\Menu->view_penggunaan_obat('POI001')
 7 SYSTEMPATH\CodeIgniter.php(509): CodeIgniter\CodeIgniter->runController(Object(App\Controllers\Menu))
 8 SYSTEMPATH\CodeIgniter.php(355): CodeIgniter\CodeIgniter->handleRequest(null, Object(Config\Cache), false)
 9 SYSTEMPATH\Boot.php(325): CodeIgniter\CodeIgniter->run()
10 SYSTEMPATH\Boot.php(67): CodeIgniter\Boot::runCodeIgniter(Object(CodeIgniter\CodeIgniter))
11 FCPATH\index.php(56): CodeIgniter\Boot::bootWeb(Object(Config\Paths))
12 SYSTEMPATH\rewrite.php(44): require_once('E:\\Project\\klinik-bersalin\\public\\index.php')
INFO - 2024-07-16 15:01:03 --> Session: Class initialized using 'CodeIgniter\Session\Handlers\FileHandler' driver.
INFO - 2024-07-16 15:01:14 --> Session: Class initialized using 'CodeIgniter\Session\Handlers\FileHandler' driver.
INFO - 2024-07-16 15:01:35 --> Session: Class initialized using 'CodeIgniter\Session\Handlers\FileHandler' driver.
INFO - 2024-07-16 15:03:26 --> Session: Class initialized using 'CodeIgniter\Session\Handlers\FileHandler' driver.
INFO - 2024-07-16 15:05:42 --> Session: Class initialized using 'CodeIgniter\Session\Handlers\FileHandler' driver.
CRITICAL - 2024-07-16 15:05:42 --> ErrorException: Undefined variable $totalObat
[Method: GET, Route: view-penggunaan-obat/POI001]
in APPPATH\Views\page\content\form\view_penggunaan_obat.php on line 74.
 1 APPPATH\Views\page\content\form\view_penggunaan_obat.php(74): CodeIgniter\Debug\Exceptions->errorHandler(2, 'Undefined variable $totalObat', 'E:\\Project\\klinik-bersalin\\app\\Views\\page\\content\\form\\view_penggunaan_obat.php', 74)
 2 SYSTEMPATH\View\View.php(234): include('E:\\Project\\klinik-bersalin\\app\\Views\\page\\content\\form\\view_penggunaan_obat.php')
 3 SYSTEMPATH\View\View.php(237): CodeIgniter\View\View->CodeIgniter\View\{closure}()
 4 SYSTEMPATH\Common.php(1171): CodeIgniter\View\View->render('page/content/form/view_penggunaan_obat', [], true)
 5 APPPATH\Controllers\Menu.php(529): view('page/content/form/view_penggunaan_obat', [...])
 6 SYSTEMPATH\CodeIgniter.php(933): App\Controllers\Menu->view_penggunaan_obat('POI001')
 7 SYSTEMPATH\CodeIgniter.php(509): CodeIgniter\CodeIgniter->runController(Object(App\Controllers\Menu))
 8 SYSTEMPATH\CodeIgniter.php(355): CodeIgniter\CodeIgniter->handleRequest(null, Object(Config\Cache), false)
 9 SYSTEMPATH\Boot.php(325): CodeIgniter\CodeIgniter->run()
10 SYSTEMPATH\Boot.php(67): CodeIgniter\Boot::runCodeIgniter(Object(CodeIgniter\CodeIgniter))
11 FCPATH\index.php(56): CodeIgniter\Boot::bootWeb(Object(Config\Paths))
12 SYSTEMPATH\rewrite.php(44): require_once('E:\\Project\\klinik-bersalin\\public\\index.php')
INFO - 2024-07-16 15:06:00 --> Session: Class initialized using 'CodeIgniter\Session\Handlers\FileHandler' driver.
