INFO - 2024-07-28 00:58:50 --> Session: Class initialized using 'CodeIgniter\Session\Handlers\FileHandler' driver.
INFO - 2024-07-28 00:58:50 --> Session: Class initialized using 'CodeIgniter\Session\Handlers\FileHandler' driver.
INFO - 2024-07-28 00:58:57 --> Session: Class initialized using 'CodeIgniter\Session\Handlers\FileHandler' driver.
INFO - 2024-07-28 00:58:57 --> Session: Class initialized using 'CodeIgniter\Session\Handlers\FileHandler' driver.
INFO - 2024-07-28 00:59:03 --> Session: Class initialized using 'CodeIgniter\Session\Handlers\FileHandler' driver.
INFO - 2024-07-28 00:59:05 --> Session: Class initialized using 'CodeIgniter\Session\Handlers\FileHandler' driver.
INFO - 2024-07-28 01:04:28 --> Session: Class initialized using 'CodeIgniter\Session\Handlers\FileHandler' driver.
INFO - 2024-07-28 01:04:52 --> Session: Class initialized using 'CodeIgniter\Session\Handlers\FileHandler' driver.
INFO - 2024-07-28 01:04:52 --> Session: Class initialized using 'CodeIgniter\Session\Handlers\FileHandler' driver.
INFO - 2024-07-28 01:04:58 --> Session: Class initialized using 'CodeIgniter\Session\Handlers\FileHandler' driver.
INFO - 2024-07-28 01:05:16 --> Session: Class initialized using 'CodeIgniter\Session\Handlers\FileHandler' driver.
INFO - 2024-07-28 01:05:22 --> Session: Class initialized using 'CodeIgniter\Session\Handlers\FileHandler' driver.
INFO - 2024-07-28 01:05:28 --> Session: Class initialized using 'CodeIgniter\Session\Handlers\FileHandler' driver.
INFO - 2024-07-28 01:06:00 --> Session: Class initialized using 'CodeIgniter\Session\Handlers\FileHandler' driver.
INFO - 2024-07-28 01:06:55 --> Session: Class initialized using 'CodeIgniter\Session\Handlers\FileHandler' driver.
INFO - 2024-07-28 01:20:04 --> Session: Class initialized using 'CodeIgniter\Session\Handlers\FileHandler' driver.
CRITICAL - 2024-07-28 01:20:15 --> CodeIgniter\Database\Exceptions\DatabaseException: Updates are not allowed unless they contain a "where" or "like" clause.
[Method: POST, Route: update-penggunaan-obat]
in SYSTEMPATH\Model.php on line 456.
 1 SYSTEMPATH\BaseModel.php(1028): CodeIgniter\Model->doUpdate(null, [...])
 2 SYSTEMPATH\Model.php(865): CodeIgniter\BaseModel->update(null, [...])
 3 APPPATH\Controllers\Update.php(495): CodeIgniter\Model->update(null, [...])
 4 SYSTEMPATH\CodeIgniter.php(933): App\Controllers\Update->update_penggunaan_obat()
 5 SYSTEMPATH\CodeIgniter.php(509): CodeIgniter\CodeIgniter->runController(Object(App\Controllers\Update))
 6 SYSTEMPATH\CodeIgniter.php(355): CodeIgniter\CodeIgniter->handleRequest(null, Object(Config\Cache), false)
 7 SYSTEMPATH\Boot.php(325): CodeIgniter\CodeIgniter->run()
 8 SYSTEMPATH\Boot.php(67): CodeIgniter\Boot::runCodeIgniter(Object(CodeIgniter\CodeIgniter))
 9 FCPATH\index.php(56): CodeIgniter\Boot::bootWeb(Object(Config\Paths))
10 SYSTEMPATH\rewrite.php(44): require_once('E:\\Project\\klinik-bersalin\\public\\index.php')
CRITICAL - 2024-07-28 01:20:27 --> CodeIgniter\Database\Exceptions\DatabaseException: Updates are not allowed unless they contain a "where" or "like" clause.
[Method: POST, Route: update-penggunaan-obat]
in SYSTEMPATH\Model.php on line 456.
 1 SYSTEMPATH\BaseModel.php(1028): CodeIgniter\Model->doUpdate(null, [...])
 2 SYSTEMPATH\Model.php(865): CodeIgniter\BaseModel->update(null, [...])
 3 APPPATH\Controllers\Update.php(495): CodeIgniter\Model->update(null, [...])
 4 SYSTEMPATH\CodeIgniter.php(933): App\Controllers\Update->update_penggunaan_obat()
 5 SYSTEMPATH\CodeIgniter.php(509): CodeIgniter\CodeIgniter->runController(Object(App\Controllers\Update))
 6 SYSTEMPATH\CodeIgniter.php(355): CodeIgniter\CodeIgniter->handleRequest(null, Object(Config\Cache), false)
 7 SYSTEMPATH\Boot.php(325): CodeIgniter\CodeIgniter->run()
 8 SYSTEMPATH\Boot.php(67): CodeIgniter\Boot::runCodeIgniter(Object(CodeIgniter\CodeIgniter))
 9 FCPATH\index.php(56): CodeIgniter\Boot::bootWeb(Object(Config\Paths))
10 SYSTEMPATH\rewrite.php(44): require_once('E:\\Project\\klinik-bersalin\\public\\index.php')
INFO - 2024-07-28 01:23:51 --> Session: Class initialized using 'CodeIgniter\Session\Handlers\FileHandler' driver.
CRITICAL - 2024-07-28 01:24:25 --> CodeIgniter\Database\Exceptions\DatabaseException: Updates are not allowed unless they contain a "where" or "like" clause.
[Method: POST, Route: update-penggunaan-obat]
in SYSTEMPATH\Model.php on line 456.
 1 SYSTEMPATH\BaseModel.php(1028): CodeIgniter\Model->doUpdate(null, [...])
 2 SYSTEMPATH\Model.php(865): CodeIgniter\BaseModel->update(null, [...])
 3 APPPATH\Controllers\Update.php(493): CodeIgniter\Model->update(null, [...])
 4 SYSTEMPATH\CodeIgniter.php(933): App\Controllers\Update->update_penggunaan_obat()
 5 SYSTEMPATH\CodeIgniter.php(509): CodeIgniter\CodeIgniter->runController(Object(App\Controllers\Update))
 6 SYSTEMPATH\CodeIgniter.php(355): CodeIgniter\CodeIgniter->handleRequest(null, Object(Config\Cache), false)
 7 SYSTEMPATH\Boot.php(325): CodeIgniter\CodeIgniter->run()
 8 SYSTEMPATH\Boot.php(67): CodeIgniter\Boot::runCodeIgniter(Object(CodeIgniter\CodeIgniter))
 9 FCPATH\index.php(56): CodeIgniter\Boot::bootWeb(Object(Config\Paths))
10 SYSTEMPATH\rewrite.php(44): require_once('E:\\Project\\klinik-bersalin\\public\\index.php')
INFO - 2024-07-28 01:26:11 --> Session: Class initialized using 'CodeIgniter\Session\Handlers\FileHandler' driver.
CRITICAL - 2024-07-28 01:26:20 --> ErrorException: Undefined array key "detailPenggunaanObatID"
[Method: POST, Route: update-penggunaan-obat]
in APPPATH\Controllers\Update.php on line 499.
 1 APPPATH\Controllers\Update.php(499): CodeIgniter\Debug\Exceptions->errorHandler(2, 'Undefined array key "detailPenggunaanObatID"', 'E:\\Project\\klinik-bersalin\\app\\Controllers\\Update.php', 499)
 2 SYSTEMPATH\CodeIgniter.php(933): App\Controllers\Update->update_penggunaan_obat()
 3 SYSTEMPATH\CodeIgniter.php(509): CodeIgniter\CodeIgniter->runController(Object(App\Controllers\Update))
 4 SYSTEMPATH\CodeIgniter.php(355): CodeIgniter\CodeIgniter->handleRequest(null, Object(Config\Cache), false)
 5 SYSTEMPATH\Boot.php(325): CodeIgniter\CodeIgniter->run()
 6 SYSTEMPATH\Boot.php(67): CodeIgniter\Boot::runCodeIgniter(Object(CodeIgniter\CodeIgniter))
 7 FCPATH\index.php(56): CodeIgniter\Boot::bootWeb(Object(Config\Paths))
 8 SYSTEMPATH\rewrite.php(44): require_once('E:\\Project\\klinik-bersalin\\public\\index.php')
INFO - 2024-07-28 03:44:01 --> Session: Class initialized using 'CodeIgniter\Session\Handlers\FileHandler' driver.
INFO - 2024-07-28 03:44:02 --> Session: Class initialized using 'CodeIgniter\Session\Handlers\FileHandler' driver.
INFO - 2024-07-28 03:44:12 --> Session: Class initialized using 'CodeIgniter\Session\Handlers\FileHandler' driver.
INFO - 2024-07-28 03:44:12 --> Session: Class initialized using 'CodeIgniter\Session\Handlers\FileHandler' driver.
INFO - 2024-07-28 03:44:22 --> Session: Class initialized using 'CodeIgniter\Session\Handlers\FileHandler' driver.
INFO - 2024-07-28 03:44:30 --> Session: Class initialized using 'CodeIgniter\Session\Handlers\FileHandler' driver.
INFO - 2024-07-28 03:45:32 --> Session: Class initialized using 'CodeIgniter\Session\Handlers\FileHandler' driver.
CRITICAL - 2024-07-28 03:45:59 --> ErrorException: Undefined array key "detailPenggunaanObatID"
[Method: POST, Route: update-penggunaan-obat]
in APPPATH\Controllers\Update.php on line 504.
 1 APPPATH\Controllers\Update.php(504): CodeIgniter\Debug\Exceptions->errorHandler(2, 'Undefined array key "detailPenggunaanObatID"', 'E:\\Project\\klinik-bersalin\\app\\Controllers\\Update.php', 504)
 2 SYSTEMPATH\CodeIgniter.php(933): App\Controllers\Update->update_penggunaan_obat()
 3 SYSTEMPATH\CodeIgniter.php(509): CodeIgniter\CodeIgniter->runController(Object(App\Controllers\Update))
 4 SYSTEMPATH\CodeIgniter.php(355): CodeIgniter\CodeIgniter->handleRequest(null, Object(Config\Cache), false)
 5 SYSTEMPATH\Boot.php(325): CodeIgniter\CodeIgniter->run()
 6 SYSTEMPATH\Boot.php(67): CodeIgniter\Boot::runCodeIgniter(Object(CodeIgniter\CodeIgniter))
 7 FCPATH\index.php(56): CodeIgniter\Boot::bootWeb(Object(Config\Paths))
 8 SYSTEMPATH\rewrite.php(44): require_once('E:\\Project\\klinik-bersalin\\public\\index.php')
INFO - 2024-07-28 04:10:13 --> Session: Class initialized using 'CodeIgniter\Session\Handlers\FileHandler' driver.
INFO - 2024-07-28 04:10:20 --> Session: Class initialized using 'CodeIgniter\Session\Handlers\FileHandler' driver.
INFO - 2024-07-28 04:10:20 --> Session: Class initialized using 'CodeIgniter\Session\Handlers\FileHandler' driver.
INFO - 2024-07-28 04:10:21 --> Session: Class initialized using 'CodeIgniter\Session\Handlers\FileHandler' driver.
INFO - 2024-07-28 04:10:26 --> Session: Class initialized using 'CodeIgniter\Session\Handlers\FileHandler' driver.
INFO - 2024-07-28 04:10:33 --> Session: Class initialized using 'CodeIgniter\Session\Handlers\FileHandler' driver.
INFO - 2024-07-28 04:10:47 --> Session: Class initialized using 'CodeIgniter\Session\Handlers\FileHandler' driver.
INFO - 2024-07-28 04:10:47 --> Session: Class initialized using 'CodeIgniter\Session\Handlers\FileHandler' driver.
INFO - 2024-07-28 04:10:47 --> Session: Class initialized using 'CodeIgniter\Session\Handlers\FileHandler' driver.
INFO - 2024-07-28 04:10:51 --> Session: Class initialized using 'CodeIgniter\Session\Handlers\FileHandler' driver.
INFO - 2024-07-28 04:10:56 --> Session: Class initialized using 'CodeIgniter\Session\Handlers\FileHandler' driver.
INFO - 2024-07-28 04:15:28 --> Session: Class initialized using 'CodeIgniter\Session\Handlers\FileHandler' driver.
INFO - 2024-07-28 04:15:32 --> Session: Class initialized using 'CodeIgniter\Session\Handlers\FileHandler' driver.
INFO - 2024-07-28 04:15:34 --> Session: Class initialized using 'CodeIgniter\Session\Handlers\FileHandler' driver.
INFO - 2024-07-28 04:15:36 --> Session: Class initialized using 'CodeIgniter\Session\Handlers\FileHandler' driver.
INFO - 2024-07-28 04:27:29 --> Session: Class initialized using 'CodeIgniter\Session\Handlers\FileHandler' driver.
INFO - 2024-07-28 04:27:36 --> Session: Class initialized using 'CodeIgniter\Session\Handlers\FileHandler' driver.
INFO - 2024-07-28 04:27:36 --> Session: Class initialized using 'CodeIgniter\Session\Handlers\FileHandler' driver.
INFO - 2024-07-28 04:27:36 --> Session: Class initialized using 'CodeIgniter\Session\Handlers\FileHandler' driver.
INFO - 2024-07-28 04:27:50 --> Session: Class initialized using 'CodeIgniter\Session\Handlers\FileHandler' driver.
INFO - 2024-07-28 04:30:34 --> Session: Class initialized using 'CodeIgniter\Session\Handlers\FileHandler' driver.
INFO - 2024-07-28 04:30:36 --> Session: Class initialized using 'CodeIgniter\Session\Handlers\FileHandler' driver.
INFO - 2024-07-28 04:30:44 --> Session: Class initialized using 'CodeIgniter\Session\Handlers\FileHandler' driver.
INFO - 2024-07-28 04:30:48 --> Session: Class initialized using 'CodeIgniter\Session\Handlers\FileHandler' driver.
INFO - 2024-07-28 04:30:48 --> Session: Class initialized using 'CodeIgniter\Session\Handlers\FileHandler' driver.
INFO - 2024-07-28 04:30:48 --> Session: Class initialized using 'CodeIgniter\Session\Handlers\FileHandler' driver.
INFO - 2024-07-28 04:30:58 --> Session: Class initialized using 'CodeIgniter\Session\Handlers\FileHandler' driver.
INFO - 2024-07-28 04:31:08 --> Session: Class initialized using 'CodeIgniter\Session\Handlers\FileHandler' driver.
INFO - 2024-07-28 04:31:14 --> Session: Class initialized using 'CodeIgniter\Session\Handlers\FileHandler' driver.
INFO - 2024-07-28 04:31:14 --> Session: Class initialized using 'CodeIgniter\Session\Handlers\FileHandler' driver.
INFO - 2024-07-28 04:31:14 --> Session: Class initialized using 'CodeIgniter\Session\Handlers\FileHandler' driver.
INFO - 2024-07-28 04:31:19 --> Session: Class initialized using 'CodeIgniter\Session\Handlers\FileHandler' driver.
INFO - 2024-07-28 04:31:26 --> Session: Class initialized using 'CodeIgniter\Session\Handlers\FileHandler' driver.
INFO - 2024-07-28 04:31:26 --> Session: Class initialized using 'CodeIgniter\Session\Handlers\FileHandler' driver.
INFO - 2024-07-28 04:31:26 --> Session: Class initialized using 'CodeIgniter\Session\Handlers\FileHandler' driver.
INFO - 2024-07-28 04:31:33 --> Session: Class initialized using 'CodeIgniter\Session\Handlers\FileHandler' driver.
INFO - 2024-07-28 04:31:43 --> Session: Class initialized using 'CodeIgniter\Session\Handlers\FileHandler' driver.
INFO - 2024-07-28 04:58:23 --> Session: Class initialized using 'CodeIgniter\Session\Handlers\FileHandler' driver.
INFO - 2024-07-28 04:58:34 --> Session: Class initialized using 'CodeIgniter\Session\Handlers\FileHandler' driver.
CRITICAL - 2024-07-28 04:58:35 --> CodeIgniter\Database\Exceptions\DatabaseException: deleteBatch() has no data.
[Method: POST, Route: delete-penggunaan-obat]
in SYSTEMPATH\Database\BaseBuilder.php on line 1799.
 1 SYSTEMPATH\Database\BaseBuilder.php(2870): CodeIgniter\Database\BaseBuilder->batchExecute('_deleteBatch', 100)
 2 SYSTEMPATH\Model.php(930): CodeIgniter\Database\BaseBuilder->deleteBatch()
 3 APPPATH\Controllers\Delete.php(258): CodeIgniter\Model->__call('deleteBatch', [])
 4 SYSTEMPATH\CodeIgniter.php(933): App\Controllers\Delete->delete_penggunaan_obat()
 5 SYSTEMPATH\CodeIgniter.php(509): CodeIgniter\CodeIgniter->runController(Object(App\Controllers\Delete))
 6 SYSTEMPATH\CodeIgniter.php(355): CodeIgniter\CodeIgniter->handleRequest(null, Object(Config\Cache), false)
 7 SYSTEMPATH\Boot.php(325): CodeIgniter\CodeIgniter->run()
 8 SYSTEMPATH\Boot.php(67): CodeIgniter\Boot::runCodeIgniter(Object(CodeIgniter\CodeIgniter))
 9 FCPATH\index.php(56): CodeIgniter\Boot::bootWeb(Object(Config\Paths))
10 SYSTEMPATH\rewrite.php(44): require_once('E:\\Project\\klinik-bersalin\\public\\index.php')
INFO - 2024-07-28 04:58:51 --> Session: Class initialized using 'CodeIgniter\Session\Handlers\FileHandler' driver.
INFO - 2024-07-28 04:59:00 --> Session: Class initialized using 'CodeIgniter\Session\Handlers\FileHandler' driver.
INFO - 2024-07-28 04:59:10 --> Session: Class initialized using 'CodeIgniter\Session\Handlers\FileHandler' driver.
INFO - 2024-07-28 04:59:13 --> Session: Class initialized using 'CodeIgniter\Session\Handlers\FileHandler' driver.
INFO - 2024-07-28 04:59:14 --> Session: Class initialized using 'CodeIgniter\Session\Handlers\FileHandler' driver.
INFO - 2024-07-28 04:59:18 --> Session: Class initialized using 'CodeIgniter\Session\Handlers\FileHandler' driver.
INFO - 2024-07-28 04:59:18 --> Session: Class initialized using 'CodeIgniter\Session\Handlers\FileHandler' driver.
INFO - 2024-07-28 04:59:26 --> Session: Class initialized using 'CodeIgniter\Session\Handlers\FileHandler' driver.
INFO - 2024-07-28 04:59:30 --> Session: Class initialized using 'CodeIgniter\Session\Handlers\FileHandler' driver.
INFO - 2024-07-28 04:59:30 --> Session: Class initialized using 'CodeIgniter\Session\Handlers\FileHandler' driver.
INFO - 2024-07-28 04:59:34 --> Session: Class initialized using 'CodeIgniter\Session\Handlers\FileHandler' driver.
INFO - 2024-07-28 04:59:34 --> Session: Class initialized using 'CodeIgniter\Session\Handlers\FileHandler' driver.
INFO - 2024-07-28 04:59:37 --> Session: Class initialized using 'CodeIgniter\Session\Handlers\FileHandler' driver.
INFO - 2024-07-28 05:00:01 --> Session: Class initialized using 'CodeIgniter\Session\Handlers\FileHandler' driver.
INFO - 2024-07-28 05:00:01 --> Session: Class initialized using 'CodeIgniter\Session\Handlers\FileHandler' driver.
INFO - 2024-07-28 05:01:07 --> Session: Class initialized using 'CodeIgniter\Session\Handlers\FileHandler' driver.
INFO - 2024-07-28 05:01:15 --> Session: Class initialized using 'CodeIgniter\Session\Handlers\FileHandler' driver.
INFO - 2024-07-28 05:02:14 --> Session: Class initialized using 'CodeIgniter\Session\Handlers\FileHandler' driver.
INFO - 2024-07-28 05:02:17 --> Session: Class initialized using 'CodeIgniter\Session\Handlers\FileHandler' driver.
INFO - 2024-07-28 05:02:18 --> Session: Class initialized using 'CodeIgniter\Session\Handlers\FileHandler' driver.
INFO - 2024-07-28 05:02:21 --> Session: Class initialized using 'CodeIgniter\Session\Handlers\FileHandler' driver.
INFO - 2024-07-28 05:02:42 --> Session: Class initialized using 'CodeIgniter\Session\Handlers\FileHandler' driver.
INFO - 2024-07-28 05:02:43 --> Session: Class initialized using 'CodeIgniter\Session\Handlers\FileHandler' driver.
INFO - 2024-07-28 05:12:36 --> Session: Class initialized using 'CodeIgniter\Session\Handlers\FileHandler' driver.
INFO - 2024-07-28 05:12:40 --> Session: Class initialized using 'CodeIgniter\Session\Handlers\FileHandler' driver.
INFO - 2024-07-28 05:13:01 --> Session: Class initialized using 'CodeIgniter\Session\Handlers\FileHandler' driver.
INFO - 2024-07-28 05:17:07 --> Session: Class initialized using 'CodeIgniter\Session\Handlers\FileHandler' driver.
CRITICAL - 2024-07-28 05:17:07 --> CodeIgniter\View\Exceptions\ViewException: Invalid file: "page/content/pembayaran.php"
[Method: GET, Route: pembayaran]
in SYSTEMPATH\Exceptions\FrameworkException.php on line 41.
 1 SYSTEMPATH\View\View.php(222): CodeIgniter\Exceptions\FrameworkException::forInvalidFile('page/content/pembayaran.php')
 2 SYSTEMPATH\Common.php(1171): CodeIgniter\View\View->render('page/content/pembayaran', [], true)
 3 APPPATH\Controllers\Menu.php(748): view('page/content/pembayaran', [...])
 4 SYSTEMPATH\CodeIgniter.php(933): App\Controllers\Menu->pembayaran()
 5 SYSTEMPATH\CodeIgniter.php(509): CodeIgniter\CodeIgniter->runController(Object(App\Controllers\Menu))
 6 SYSTEMPATH\CodeIgniter.php(355): CodeIgniter\CodeIgniter->handleRequest(null, Object(Config\Cache), false)
 7 SYSTEMPATH\Boot.php(325): CodeIgniter\CodeIgniter->run()
 8 SYSTEMPATH\Boot.php(67): CodeIgniter\Boot::runCodeIgniter(Object(CodeIgniter\CodeIgniter))
 9 FCPATH\index.php(56): CodeIgniter\Boot::bootWeb(Object(Config\Paths))
10 SYSTEMPATH\rewrite.php(44): require_once('E:\\Project\\klinik-bersalin\\public\\index.php')
INFO - 2024-07-28 05:17:25 --> Session: Class initialized using 'CodeIgniter\Session\Handlers\FileHandler' driver.
CRITICAL - 2024-07-28 05:17:25 --> ErrorException: Undefined variable $bayis
[Method: GET, Route: pembayaran]
in APPPATH\Views\page\content\pembayaran.php on line 62.
 1 APPPATH\Views\page\content\pembayaran.php(62): CodeIgniter\Debug\Exceptions->errorHandler(2, 'Undefined variable $bayis', 'E:\\Project\\klinik-bersalin\\app\\Views\\page\\content\\pembayaran.php', 62)
 2 SYSTEMPATH\View\View.php(234): include('E:\\Project\\klinik-bersalin\\app\\Views\\page\\content\\pembayaran.php')
 3 SYSTEMPATH\View\View.php(237): CodeIgniter\View\View->CodeIgniter\View\{closure}()
 4 SYSTEMPATH\Common.php(1171): CodeIgniter\View\View->render('page/content/pembayaran', [], true)
 5 APPPATH\Controllers\Menu.php(748): view('page/content/pembayaran', [...])
 6 SYSTEMPATH\CodeIgniter.php(933): App\Controllers\Menu->pembayaran()
 7 SYSTEMPATH\CodeIgniter.php(509): CodeIgniter\CodeIgniter->runController(Object(App\Controllers\Menu))
 8 SYSTEMPATH\CodeIgniter.php(355): CodeIgniter\CodeIgniter->handleRequest(null, Object(Config\Cache), false)
 9 SYSTEMPATH\Boot.php(325): CodeIgniter\CodeIgniter->run()
10 SYSTEMPATH\Boot.php(67): CodeIgniter\Boot::runCodeIgniter(Object(CodeIgniter\CodeIgniter))
11 FCPATH\index.php(56): CodeIgniter\Boot::bootWeb(Object(Config\Paths))
12 SYSTEMPATH\rewrite.php(44): require_once('E:\\Project\\klinik-bersalin\\public\\index.php')
INFO - 2024-07-28 05:19:11 --> Session: Class initialized using 'CodeIgniter\Session\Handlers\FileHandler' driver.
INFO - 2024-07-28 05:19:20 --> Session: Class initialized using 'CodeIgniter\Session\Handlers\FileHandler' driver.
INFO - 2024-07-28 05:19:22 --> Session: Class initialized using 'CodeIgniter\Session\Handlers\FileHandler' driver.
INFO - 2024-07-28 05:19:25 --> Session: Class initialized using 'CodeIgniter\Session\Handlers\FileHandler' driver.
INFO - 2024-07-28 05:19:28 --> Session: Class initialized using 'CodeIgniter\Session\Handlers\FileHandler' driver.
INFO - 2024-07-28 05:19:34 --> Session: Class initialized using 'CodeIgniter\Session\Handlers\FileHandler' driver.
INFO - 2024-07-28 05:20:53 --> Session: Class initialized using 'CodeIgniter\Session\Handlers\FileHandler' driver.
CRITICAL - 2024-07-28 05:20:53 --> ErrorException: Undefined variable $ibus
[Method: GET, Route: add-pembayaran]
in APPPATH\Views\page\content\form\add_pembayaran.php on line 59.
 1 APPPATH\Views\page\content\form\add_pembayaran.php(59): CodeIgniter\Debug\Exceptions->errorHandler(2, 'Undefined variable $ibus', 'E:\\Project\\klinik-bersalin\\app\\Views\\page\\content\\form\\add_pembayaran.php', 59)
 2 SYSTEMPATH\View\View.php(234): include('E:\\Project\\klinik-bersalin\\app\\Views\\page\\content\\form\\add_pembayaran.php')
 3 SYSTEMPATH\View\View.php(237): CodeIgniter\View\View->CodeIgniter\View\{closure}()
 4 SYSTEMPATH\Common.php(1171): CodeIgniter\View\View->render('page/content/form/add_pembayaran', [], true)
 5 APPPATH\Controllers\Menu.php(757): view('page/content/form/add_pembayaran')
 6 SYSTEMPATH\CodeIgniter.php(933): App\Controllers\Menu->add_pembayaran()
 7 SYSTEMPATH\CodeIgniter.php(509): CodeIgniter\CodeIgniter->runController(Object(App\Controllers\Menu))
 8 SYSTEMPATH\CodeIgniter.php(355): CodeIgniter\CodeIgniter->handleRequest(null, Object(Config\Cache), false)
 9 SYSTEMPATH\Boot.php(325): CodeIgniter\CodeIgniter->run()
10 SYSTEMPATH\Boot.php(67): CodeIgniter\Boot::runCodeIgniter(Object(CodeIgniter\CodeIgniter))
11 FCPATH\index.php(56): CodeIgniter\Boot::bootWeb(Object(Config\Paths))
12 SYSTEMPATH\rewrite.php(44): require_once('E:\\Project\\klinik-bersalin\\public\\index.php')
INFO - 2024-07-28 05:23:39 --> Session: Class initialized using 'CodeIgniter\Session\Handlers\FileHandler' driver.
CRITICAL - 2024-07-28 05:23:39 --> ErrorException: Undefined variable $ibus
[Method: GET, Route: add-pembayaran]
in APPPATH\Views\page\content\form\add_pembayaran.php on line 45.
 1 APPPATH\Views\page\content\form\add_pembayaran.php(45): CodeIgniter\Debug\Exceptions->errorHandler(2, 'Undefined variable $ibus', 'E:\\Project\\klinik-bersalin\\app\\Views\\page\\content\\form\\add_pembayaran.php', 45)
 2 SYSTEMPATH\View\View.php(234): include('E:\\Project\\klinik-bersalin\\app\\Views\\page\\content\\form\\add_pembayaran.php')
 3 SYSTEMPATH\View\View.php(237): CodeIgniter\View\View->CodeIgniter\View\{closure}()
 4 SYSTEMPATH\Common.php(1171): CodeIgniter\View\View->render('page/content/form/add_pembayaran', [], true)
 5 APPPATH\Controllers\Menu.php(757): view('page/content/form/add_pembayaran')
 6 SYSTEMPATH\CodeIgniter.php(933): App\Controllers\Menu->add_pembayaran()
 7 SYSTEMPATH\CodeIgniter.php(509): CodeIgniter\CodeIgniter->runController(Object(App\Controllers\Menu))
 8 SYSTEMPATH\CodeIgniter.php(355): CodeIgniter\CodeIgniter->handleRequest(null, Object(Config\Cache), false)
 9 SYSTEMPATH\Boot.php(325): CodeIgniter\CodeIgniter->run()
10 SYSTEMPATH\Boot.php(67): CodeIgniter\Boot::runCodeIgniter(Object(CodeIgniter\CodeIgniter))
11 FCPATH\index.php(56): CodeIgniter\Boot::bootWeb(Object(Config\Paths))
12 SYSTEMPATH\rewrite.php(44): require_once('E:\\Project\\klinik-bersalin\\public\\index.php')
INFO - 2024-07-28 05:23:52 --> Session: Class initialized using 'CodeIgniter\Session\Handlers\FileHandler' driver.
CRITICAL - 2024-07-28 05:23:52 --> ErrorException: Undefined variable $ibuID
[Method: GET, Route: add-pembayaran]
in APPPATH\Controllers\Menu.php on line 757.
 1 APPPATH\Controllers\Menu.php(757): CodeIgniter\Debug\Exceptions->errorHandler(2, 'Undefined variable $ibuID', 'E:\\Project\\klinik-bersalin\\app\\Controllers\\Menu.php', 757)
 2 SYSTEMPATH\CodeIgniter.php(933): App\Controllers\Menu->add_pembayaran()
 3 SYSTEMPATH\CodeIgniter.php(509): CodeIgniter\CodeIgniter->runController(Object(App\Controllers\Menu))
 4 SYSTEMPATH\CodeIgniter.php(355): CodeIgniter\CodeIgniter->handleRequest(null, Object(Config\Cache), false)
 5 SYSTEMPATH\Boot.php(325): CodeIgniter\CodeIgniter->run()
 6 SYSTEMPATH\Boot.php(67): CodeIgniter\Boot::runCodeIgniter(Object(CodeIgniter\CodeIgniter))
 7 FCPATH\index.php(56): CodeIgniter\Boot::bootWeb(Object(Config\Paths))
 8 SYSTEMPATH\rewrite.php(44): require_once('E:\\Project\\klinik-bersalin\\public\\index.php')
INFO - 2024-07-28 05:24:15 --> Session: Class initialized using 'CodeIgniter\Session\Handlers\FileHandler' driver.
CRITICAL - 2024-07-28 05:24:15 --> ErrorException: Undefined variable $ibus
[Method: GET, Route: add-pembayaran]
in APPPATH\Views\page\content\form\add_pembayaran.php on line 45.
 1 APPPATH\Views\page\content\form\add_pembayaran.php(45): CodeIgniter\Debug\Exceptions->errorHandler(2, 'Undefined variable $ibus', 'E:\\Project\\klinik-bersalin\\app\\Views\\page\\content\\form\\add_pembayaran.php', 45)
 2 SYSTEMPATH\View\View.php(234): include('E:\\Project\\klinik-bersalin\\app\\Views\\page\\content\\form\\add_pembayaran.php')
 3 SYSTEMPATH\View\View.php(237): CodeIgniter\View\View->CodeIgniter\View\{closure}()
 4 SYSTEMPATH\Common.php(1171): CodeIgniter\View\View->render('page/content/form/add_pembayaran', [], true)
 5 APPPATH\Controllers\Menu.php(758): view('page/content/form/add_pembayaran')
 6 SYSTEMPATH\CodeIgniter.php(933): App\Controllers\Menu->add_pembayaran()
 7 SYSTEMPATH\CodeIgniter.php(509): CodeIgniter\CodeIgniter->runController(Object(App\Controllers\Menu))
 8 SYSTEMPATH\CodeIgniter.php(355): CodeIgniter\CodeIgniter->handleRequest(null, Object(Config\Cache), false)
 9 SYSTEMPATH\Boot.php(325): CodeIgniter\CodeIgniter->run()
10 SYSTEMPATH\Boot.php(67): CodeIgniter\Boot::runCodeIgniter(Object(CodeIgniter\CodeIgniter))
11 FCPATH\index.php(56): CodeIgniter\Boot::bootWeb(Object(Config\Paths))
12 SYSTEMPATH\rewrite.php(44): require_once('E:\\Project\\klinik-bersalin\\public\\index.php')
INFO - 2024-07-28 05:24:25 --> Session: Class initialized using 'CodeIgniter\Session\Handlers\FileHandler' driver.
CRITICAL - 2024-07-28 05:24:25 --> ErrorException: foreach() argument must be of type array|object, null given
[Method: GET, Route: add-pembayaran]
in APPPATH\Views\page\content\form\add_pembayaran.php on line 45.
 1 APPPATH\Views\page\content\form\add_pembayaran.php(45): CodeIgniter\Debug\Exceptions->errorHandler(2, 'foreach() argument must be of type array|object, null given', 'E:\\Project\\klinik-bersalin\\app\\Views\\page\\content\\form\\add_pembayaran.php', 45)
 2 SYSTEMPATH\View\View.php(234): include('E:\\Project\\klinik-bersalin\\app\\Views\\page\\content\\form\\add_pembayaran.php')
 3 SYSTEMPATH\View\View.php(237): CodeIgniter\View\View->CodeIgniter\View\{closure}()
 4 SYSTEMPATH\Common.php(1171): CodeIgniter\View\View->render('page/content/form/add_pembayaran', [], true)
 5 APPPATH\Controllers\Menu.php(758): view('page/content/form/add_pembayaran', [...])
 6 SYSTEMPATH\CodeIgniter.php(933): App\Controllers\Menu->add_pembayaran()
 7 SYSTEMPATH\CodeIgniter.php(509): CodeIgniter\CodeIgniter->runController(Object(App\Controllers\Menu))
 8 SYSTEMPATH\CodeIgniter.php(355): CodeIgniter\CodeIgniter->handleRequest(null, Object(Config\Cache), false)
 9 SYSTEMPATH\Boot.php(325): CodeIgniter\CodeIgniter->run()
10 SYSTEMPATH\Boot.php(67): CodeIgniter\Boot::runCodeIgniter(Object(CodeIgniter\CodeIgniter))
11 FCPATH\index.php(56): CodeIgniter\Boot::bootWeb(Object(Config\Paths))
12 SYSTEMPATH\rewrite.php(44): require_once('E:\\Project\\klinik-bersalin\\public\\index.php')
INFO - 2024-07-28 05:24:44 --> Session: Class initialized using 'CodeIgniter\Session\Handlers\FileHandler' driver.
INFO - 2024-07-28 05:27:40 --> Session: Class initialized using 'CodeIgniter\Session\Handlers\FileHandler' driver.
INFO - 2024-07-28 05:27:52 --> Session: Class initialized using 'CodeIgniter\Session\Handlers\FileHandler' driver.
INFO - 2024-07-28 05:27:55 --> Session: Class initialized using 'CodeIgniter\Session\Handlers\FileHandler' driver.
INFO - 2024-07-28 05:30:22 --> Session: Class initialized using 'CodeIgniter\Session\Handlers\FileHandler' driver.
INFO - 2024-07-28 05:31:07 --> Session: Class initialized using 'CodeIgniter\Session\Handlers\FileHandler' driver.
INFO - 2024-07-28 05:31:19 --> Session: Class initialized using 'CodeIgniter\Session\Handlers\FileHandler' driver.
INFO - 2024-07-28 05:33:41 --> Session: Class initialized using 'CodeIgniter\Session\Handlers\FileHandler' driver.
INFO - 2024-07-28 05:34:43 --> Session: Class initialized using 'CodeIgniter\Session\Handlers\FileHandler' driver.
INFO - 2024-07-28 05:35:17 --> Session: Class initialized using 'CodeIgniter\Session\Handlers\FileHandler' driver.
INFO - 2024-07-28 05:35:40 --> Session: Class initialized using 'CodeIgniter\Session\Handlers\FileHandler' driver.
INFO - 2024-07-28 05:36:08 --> Session: Class initialized using 'CodeIgniter\Session\Handlers\FileHandler' driver.
INFO - 2024-07-28 05:37:18 --> Session: Class initialized using 'CodeIgniter\Session\Handlers\FileHandler' driver.
INFO - 2024-07-28 05:37:22 --> Session: Class initialized using 'CodeIgniter\Session\Handlers\FileHandler' driver.
CRITICAL - 2024-07-28 05:37:22 --> ErrorException: Undefined variable $penggunaan_kamar
[Method: GET, Route: add-pembayaran]
in APPPATH\Views\page\content\form\add_pembayaran.php on line 103.
 1 APPPATH\Views\page\content\form\add_pembayaran.php(103): CodeIgniter\Debug\Exceptions->errorHandler(2, 'Undefined variable $penggunaan_kamar', 'E:\\Project\\klinik-bersalin\\app\\Views\\page\\content\\form\\add_pembayaran.php', 103)
 2 SYSTEMPATH\View\View.php(234): include('E:\\Project\\klinik-bersalin\\app\\Views\\page\\content\\form\\add_pembayaran.php')
 3 SYSTEMPATH\View\View.php(237): CodeIgniter\View\View->CodeIgniter\View\{closure}()
 4 SYSTEMPATH\Common.php(1171): CodeIgniter\View\View->render('page/content/form/add_pembayaran', [], true)
 5 APPPATH\Controllers\Menu.php(758): view('page/content/form/add_pembayaran', [...])
 6 SYSTEMPATH\CodeIgniter.php(933): App\Controllers\Menu->add_pembayaran()
 7 SYSTEMPATH\CodeIgniter.php(509): CodeIgniter\CodeIgniter->runController(Object(App\Controllers\Menu))
 8 SYSTEMPATH\CodeIgniter.php(355): CodeIgniter\CodeIgniter->handleRequest(null, Object(Config\Cache), false)
 9 SYSTEMPATH\Boot.php(325): CodeIgniter\CodeIgniter->run()
10 SYSTEMPATH\Boot.php(67): CodeIgniter\Boot::runCodeIgniter(Object(CodeIgniter\CodeIgniter))
11 FCPATH\index.php(56): CodeIgniter\Boot::bootWeb(Object(Config\Paths))
12 SYSTEMPATH\rewrite.php(44): require_once('E:\\Project\\klinik-bersalin\\public\\index.php')
INFO - 2024-07-28 05:37:56 --> Session: Class initialized using 'CodeIgniter\Session\Handlers\FileHandler' driver.
CRITICAL - 2024-07-28 05:37:56 --> ErrorException: Undefined array key "kamarNama"
[Method: GET, Route: add-pembayaran]
in APPPATH\Views\page\content\form\add_pembayaran.php on line 113.
 1 APPPATH\Views\page\content\form\add_pembayaran.php(113): CodeIgniter\Debug\Exceptions->errorHandler(2, 'Undefined array key "kamarNama"', 'E:\\Project\\klinik-bersalin\\app\\Views\\page\\content\\form\\add_pembayaran.php', 113)
 2 SYSTEMPATH\View\View.php(234): include('E:\\Project\\klinik-bersalin\\app\\Views\\page\\content\\form\\add_pembayaran.php')
 3 SYSTEMPATH\View\View.php(237): CodeIgniter\View\View->CodeIgniter\View\{closure}()
 4 SYSTEMPATH\Common.php(1171): CodeIgniter\View\View->render('page/content/form/add_pembayaran', [], true)
 5 APPPATH\Controllers\Menu.php(759): view('page/content/form/add_pembayaran', [...])
 6 SYSTEMPATH\CodeIgniter.php(933): App\Controllers\Menu->add_pembayaran()
 7 SYSTEMPATH\CodeIgniter.php(509): CodeIgniter\CodeIgniter->runController(Object(App\Controllers\Menu))
 8 SYSTEMPATH\CodeIgniter.php(355): CodeIgniter\CodeIgniter->handleRequest(null, Object(Config\Cache), false)
 9 SYSTEMPATH\Boot.php(325): CodeIgniter\CodeIgniter->run()
10 SYSTEMPATH\Boot.php(67): CodeIgniter\Boot::runCodeIgniter(Object(CodeIgniter\CodeIgniter))
11 FCPATH\index.php(56): CodeIgniter\Boot::bootWeb(Object(Config\Paths))
12 SYSTEMPATH\rewrite.php(44): require_once('E:\\Project\\klinik-bersalin\\public\\index.php')
INFO - 2024-07-28 05:38:35 --> Session: Class initialized using 'CodeIgniter\Session\Handlers\FileHandler' driver.
ERROR - 2024-07-28 05:38:35 --> mysqli_sql_exception: Unknown column 'penggunan_kamar.kamarID' in 'on clause' in E:\Project\klinik-bersalin\system\Database\MySQLi\Connection.php:312
Stack trace:
#0 E:\Project\klinik-bersalin\system\Database\MySQLi\Connection.php(312): mysqli->query('SELECT *\nFROM `...', 0)
#1 E:\Project\klinik-bersalin\system\Database\BaseConnection.php(734): CodeIgniter\Database\MySQLi\Connection->execute('SELECT *\nFROM `...')
#2 E:\Project\klinik-bersalin\system\Database\BaseConnection.php(648): CodeIgniter\Database\BaseConnection->simpleQuery('SELECT *\nFROM `...')
#3 E:\Project\klinik-bersalin\system\Database\BaseBuilder.php(1636): CodeIgniter\Database\BaseConnection->query('SELECT *\nFROM `...', Array, false)
#4 E:\Project\klinik-bersalin\system\Model.php(286): CodeIgniter\Database\BaseBuilder->get()
#5 E:\Project\klinik-bersalin\system\BaseModel.php(676): CodeIgniter\Model->doFindAll(0, 0)
#6 E:\Project\klinik-bersalin\app\Controllers\Menu.php(758): CodeIgniter\BaseModel->findAll()
#7 E:\Project\klinik-bersalin\system\CodeIgniter.php(933): App\Controllers\Menu->add_pembayaran()
#8 E:\Project\klinik-bersalin\system\CodeIgniter.php(509): CodeIgniter\CodeIgniter->runController(Object(App\Controllers\Menu))
#9 E:\Project\klinik-bersalin\system\CodeIgniter.php(355): CodeIgniter\CodeIgniter->handleRequest(NULL, Object(Config\Cache), false)
#10 E:\Project\klinik-bersalin\system\Boot.php(325): CodeIgniter\CodeIgniter->run()
#11 E:\Project\klinik-bersalin\system\Boot.php(67): CodeIgniter\Boot::runCodeIgniter(Object(CodeIgniter\CodeIgniter))
#12 E:\Project\klinik-bersalin\public\index.php(56): CodeIgniter\Boot::bootWeb(Object(Config\Paths))
#13 E:\Project\klinik-bersalin\system\rewrite.php(44): require_once('E:\\Project\\klin...')
#14 {main}
CRITICAL - 2024-07-28 05:38:35 --> CodeIgniter\Database\Exceptions\DatabaseException: Unknown column 'penggunan_kamar.kamarID' in 'on clause'
[Method: GET, Route: add-pembayaran]
in SYSTEMPATH\Database\BaseConnection.php on line 688.
 1 SYSTEMPATH\Database\BaseBuilder.php(1636): CodeIgniter\Database\BaseConnection->query('SELECT *
FROM `penggunaan_kamar`
JOIN `kamar` ON `kamar`.`kamarID`=`penggunan_kamar`.`kamarID`', [], false)
 2 SYSTEMPATH\Model.php(286): CodeIgniter\Database\BaseBuilder->get()
 3 SYSTEMPATH\BaseModel.php(676): CodeIgniter\Model->doFindAll(0, 0)
 4 APPPATH\Controllers\Menu.php(758): CodeIgniter\BaseModel->findAll()
 5 SYSTEMPATH\CodeIgniter.php(933): App\Controllers\Menu->add_pembayaran()
 6 SYSTEMPATH\CodeIgniter.php(509): CodeIgniter\CodeIgniter->runController(Object(App\Controllers\Menu))
 7 SYSTEMPATH\CodeIgniter.php(355): CodeIgniter\CodeIgniter->handleRequest(null, Object(Config\Cache), false)
 8 SYSTEMPATH\Boot.php(325): CodeIgniter\CodeIgniter->run()
 9 SYSTEMPATH\Boot.php(67): CodeIgniter\Boot::runCodeIgniter(Object(CodeIgniter\CodeIgniter))
10 FCPATH\index.php(56): CodeIgniter\Boot::bootWeb(Object(Config\Paths))
11 SYSTEMPATH\rewrite.php(44): require_once('E:\\Project\\klinik-bersalin\\public\\index.php')
CRITICAL - 2024-07-28 05:38:35 --> [Caused by] CodeIgniter\Database\Exceptions\DatabaseException: Unknown column 'penggunan_kamar.kamarID' in 'on clause'
in SYSTEMPATH\Database\MySQLi\Connection.php on line 317.
 1 SYSTEMPATH\Database\BaseConnection.php(734): CodeIgniter\Database\MySQLi\Connection->execute('SELECT *
FROM `penggunaan_kamar`
JOIN `kamar` ON `kamar`.`kamarID`=`penggunan_kamar`.`kamarID`')
 2 SYSTEMPATH\Database\BaseConnection.php(648): CodeIgniter\Database\BaseConnection->simpleQuery('SELECT *
FROM `penggunaan_kamar`
JOIN `kamar` ON `kamar`.`kamarID`=`penggunan_kamar`.`kamarID`')
 3 SYSTEMPATH\Database\BaseBuilder.php(1636): CodeIgniter\Database\BaseConnection->query('SELECT *
FROM `penggunaan_kamar`
JOIN `kamar` ON `kamar`.`kamarID`=`penggunan_kamar`.`kamarID`', [], false)
 4 SYSTEMPATH\Model.php(286): CodeIgniter\Database\BaseBuilder->get()
 5 SYSTEMPATH\BaseModel.php(676): CodeIgniter\Model->doFindAll(0, 0)
 6 APPPATH\Controllers\Menu.php(758): CodeIgniter\BaseModel->findAll()
 7 SYSTEMPATH\CodeIgniter.php(933): App\Controllers\Menu->add_pembayaran()
 8 SYSTEMPATH\CodeIgniter.php(509): CodeIgniter\CodeIgniter->runController(Object(App\Controllers\Menu))
 9 SYSTEMPATH\CodeIgniter.php(355): CodeIgniter\CodeIgniter->handleRequest(null, Object(Config\Cache), false)
10 SYSTEMPATH\Boot.php(325): CodeIgniter\CodeIgniter->run()
11 SYSTEMPATH\Boot.php(67): CodeIgniter\Boot::runCodeIgniter(Object(CodeIgniter\CodeIgniter))
12 FCPATH\index.php(56): CodeIgniter\Boot::bootWeb(Object(Config\Paths))
13 SYSTEMPATH\rewrite.php(44): require_once('E:\\Project\\klinik-bersalin\\public\\index.php')
CRITICAL - 2024-07-28 05:38:35 --> [Caused by] mysqli_sql_exception: Unknown column 'penggunan_kamar.kamarID' in 'on clause'
in SYSTEMPATH\Database\MySQLi\Connection.php on line 312.
 1 SYSTEMPATH\Database\MySQLi\Connection.php(312): mysqli->query('SELECT *
FROM `penggunaan_kamar`
JOIN `kamar` ON `kamar`.`kamarID`=`penggunan_kamar`.`kamarID`', 0)
 2 SYSTEMPATH\Database\BaseConnection.php(734): CodeIgniter\Database\MySQLi\Connection->execute('SELECT *
FROM `penggunaan_kamar`
JOIN `kamar` ON `kamar`.`kamarID`=`penggunan_kamar`.`kamarID`')
 3 SYSTEMPATH\Database\BaseConnection.php(648): CodeIgniter\Database\BaseConnection->simpleQuery('SELECT *
FROM `penggunaan_kamar`
JOIN `kamar` ON `kamar`.`kamarID`=`penggunan_kamar`.`kamarID`')
 4 SYSTEMPATH\Database\BaseBuilder.php(1636): CodeIgniter\Database\BaseConnection->query('SELECT *
FROM `penggunaan_kamar`
JOIN `kamar` ON `kamar`.`kamarID`=`penggunan_kamar`.`kamarID`', [], false)
 5 SYSTEMPATH\Model.php(286): CodeIgniter\Database\BaseBuilder->get()
 6 SYSTEMPATH\BaseModel.php(676): CodeIgniter\Model->doFindAll(0, 0)
 7 APPPATH\Controllers\Menu.php(758): CodeIgniter\BaseModel->findAll()
 8 SYSTEMPATH\CodeIgniter.php(933): App\Controllers\Menu->add_pembayaran()
 9 SYSTEMPATH\CodeIgniter.php(509): CodeIgniter\CodeIgniter->runController(Object(App\Controllers\Menu))
10 SYSTEMPATH\CodeIgniter.php(355): CodeIgniter\CodeIgniter->handleRequest(null, Object(Config\Cache), false)
11 SYSTEMPATH\Boot.php(325): CodeIgniter\CodeIgniter->run()
12 SYSTEMPATH\Boot.php(67): CodeIgniter\Boot::runCodeIgniter(Object(CodeIgniter\CodeIgniter))
13 FCPATH\index.php(56): CodeIgniter\Boot::bootWeb(Object(Config\Paths))
14 SYSTEMPATH\rewrite.php(44): require_once('E:\\Project\\klinik-bersalin\\public\\index.php')
INFO - 2024-07-28 05:38:55 --> Session: Class initialized using 'CodeIgniter\Session\Handlers\FileHandler' driver.
ERROR - 2024-07-28 05:38:55 --> mysqli_sql_exception: Unknown column 'penggunan_kamar.kamarID' in 'on clause' in E:\Project\klinik-bersalin\system\Database\MySQLi\Connection.php:312
Stack trace:
#0 E:\Project\klinik-bersalin\system\Database\MySQLi\Connection.php(312): mysqli->query('SELECT *\nFROM `...', 0)
#1 E:\Project\klinik-bersalin\system\Database\BaseConnection.php(734): CodeIgniter\Database\MySQLi\Connection->execute('SELECT *\nFROM `...')
#2 E:\Project\klinik-bersalin\system\Database\BaseConnection.php(648): CodeIgniter\Database\BaseConnection->simpleQuery('SELECT *\nFROM `...')
#3 E:\Project\klinik-bersalin\system\Database\BaseBuilder.php(1636): CodeIgniter\Database\BaseConnection->query('SELECT *\nFROM `...', Array, false)
#4 E:\Project\klinik-bersalin\system\Model.php(286): CodeIgniter\Database\BaseBuilder->get()
#5 E:\Project\klinik-bersalin\system\BaseModel.php(676): CodeIgniter\Model->doFindAll(0, 0)
#6 E:\Project\klinik-bersalin\app\Controllers\Menu.php(758): CodeIgniter\BaseModel->findAll()
#7 E:\Project\klinik-bersalin\system\CodeIgniter.php(933): App\Controllers\Menu->add_pembayaran()
#8 E:\Project\klinik-bersalin\system\CodeIgniter.php(509): CodeIgniter\CodeIgniter->runController(Object(App\Controllers\Menu))
#9 E:\Project\klinik-bersalin\system\CodeIgniter.php(355): CodeIgniter\CodeIgniter->handleRequest(NULL, Object(Config\Cache), false)
#10 E:\Project\klinik-bersalin\system\Boot.php(325): CodeIgniter\CodeIgniter->run()
#11 E:\Project\klinik-bersalin\system\Boot.php(67): CodeIgniter\Boot::runCodeIgniter(Object(CodeIgniter\CodeIgniter))
#12 E:\Project\klinik-bersalin\public\index.php(56): CodeIgniter\Boot::bootWeb(Object(Config\Paths))
#13 E:\Project\klinik-bersalin\system\rewrite.php(44): require_once('E:\\Project\\klin...')
#14 {main}
CRITICAL - 2024-07-28 05:38:55 --> CodeIgniter\Database\Exceptions\DatabaseException: Unknown column 'penggunan_kamar.kamarID' in 'on clause'
[Method: GET, Route: add-pembayaran]
in SYSTEMPATH\Database\BaseConnection.php on line 688.
 1 SYSTEMPATH\Database\BaseBuilder.php(1636): CodeIgniter\Database\BaseConnection->query('SELECT *
FROM `penggunaan_kamar`
JOIN `kamar` ON `kamar`.`kamarID`=`penggunan_kamar`.`kamarID`', [], false)
 2 SYSTEMPATH\Model.php(286): CodeIgniter\Database\BaseBuilder->get()
 3 SYSTEMPATH\BaseModel.php(676): CodeIgniter\Model->doFindAll(0, 0)
 4 APPPATH\Controllers\Menu.php(758): CodeIgniter\BaseModel->findAll()
 5 SYSTEMPATH\CodeIgniter.php(933): App\Controllers\Menu->add_pembayaran()
 6 SYSTEMPATH\CodeIgniter.php(509): CodeIgniter\CodeIgniter->runController(Object(App\Controllers\Menu))
 7 SYSTEMPATH\CodeIgniter.php(355): CodeIgniter\CodeIgniter->handleRequest(null, Object(Config\Cache), false)
 8 SYSTEMPATH\Boot.php(325): CodeIgniter\CodeIgniter->run()
 9 SYSTEMPATH\Boot.php(67): CodeIgniter\Boot::runCodeIgniter(Object(CodeIgniter\CodeIgniter))
10 FCPATH\index.php(56): CodeIgniter\Boot::bootWeb(Object(Config\Paths))
11 SYSTEMPATH\rewrite.php(44): require_once('E:\\Project\\klinik-bersalin\\public\\index.php')
CRITICAL - 2024-07-28 05:38:55 --> [Caused by] CodeIgniter\Database\Exceptions\DatabaseException: Unknown column 'penggunan_kamar.kamarID' in 'on clause'
in SYSTEMPATH\Database\MySQLi\Connection.php on line 317.
 1 SYSTEMPATH\Database\BaseConnection.php(734): CodeIgniter\Database\MySQLi\Connection->execute('SELECT *
FROM `penggunaan_kamar`
JOIN `kamar` ON `kamar`.`kamarID`=`penggunan_kamar`.`kamarID`')
 2 SYSTEMPATH\Database\BaseConnection.php(648): CodeIgniter\Database\BaseConnection->simpleQuery('SELECT *
FROM `penggunaan_kamar`
JOIN `kamar` ON `kamar`.`kamarID`=`penggunan_kamar`.`kamarID`')
 3 SYSTEMPATH\Database\BaseBuilder.php(1636): CodeIgniter\Database\BaseConnection->query('SELECT *
FROM `penggunaan_kamar`
JOIN `kamar` ON `kamar`.`kamarID`=`penggunan_kamar`.`kamarID`', [], false)
 4 SYSTEMPATH\Model.php(286): CodeIgniter\Database\BaseBuilder->get()
 5 SYSTEMPATH\BaseModel.php(676): CodeIgniter\Model->doFindAll(0, 0)
 6 APPPATH\Controllers\Menu.php(758): CodeIgniter\BaseModel->findAll()
 7 SYSTEMPATH\CodeIgniter.php(933): App\Controllers\Menu->add_pembayaran()
 8 SYSTEMPATH\CodeIgniter.php(509): CodeIgniter\CodeIgniter->runController(Object(App\Controllers\Menu))
 9 SYSTEMPATH\CodeIgniter.php(355): CodeIgniter\CodeIgniter->handleRequest(null, Object(Config\Cache), false)
10 SYSTEMPATH\Boot.php(325): CodeIgniter\CodeIgniter->run()
11 SYSTEMPATH\Boot.php(67): CodeIgniter\Boot::runCodeIgniter(Object(CodeIgniter\CodeIgniter))
12 FCPATH\index.php(56): CodeIgniter\Boot::bootWeb(Object(Config\Paths))
13 SYSTEMPATH\rewrite.php(44): require_once('E:\\Project\\klinik-bersalin\\public\\index.php')
CRITICAL - 2024-07-28 05:38:55 --> [Caused by] mysqli_sql_exception: Unknown column 'penggunan_kamar.kamarID' in 'on clause'
in SYSTEMPATH\Database\MySQLi\Connection.php on line 312.
 1 SYSTEMPATH\Database\MySQLi\Connection.php(312): mysqli->query('SELECT *
FROM `penggunaan_kamar`
JOIN `kamar` ON `kamar`.`kamarID`=`penggunan_kamar`.`kamarID`', 0)
 2 SYSTEMPATH\Database\BaseConnection.php(734): CodeIgniter\Database\MySQLi\Connection->execute('SELECT *
FROM `penggunaan_kamar`
JOIN `kamar` ON `kamar`.`kamarID`=`penggunan_kamar`.`kamarID`')
 3 SYSTEMPATH\Database\BaseConnection.php(648): CodeIgniter\Database\BaseConnection->simpleQuery('SELECT *
FROM `penggunaan_kamar`
JOIN `kamar` ON `kamar`.`kamarID`=`penggunan_kamar`.`kamarID`')
 4 SYSTEMPATH\Database\BaseBuilder.php(1636): CodeIgniter\Database\BaseConnection->query('SELECT *
FROM `penggunaan_kamar`
JOIN `kamar` ON `kamar`.`kamarID`=`penggunan_kamar`.`kamarID`', [], false)
 5 SYSTEMPATH\Model.php(286): CodeIgniter\Database\BaseBuilder->get()
 6 SYSTEMPATH\BaseModel.php(676): CodeIgniter\Model->doFindAll(0, 0)
 7 APPPATH\Controllers\Menu.php(758): CodeIgniter\BaseModel->findAll()
 8 SYSTEMPATH\CodeIgniter.php(933): App\Controllers\Menu->add_pembayaran()
 9 SYSTEMPATH\CodeIgniter.php(509): CodeIgniter\CodeIgniter->runController(Object(App\Controllers\Menu))
10 SYSTEMPATH\CodeIgniter.php(355): CodeIgniter\CodeIgniter->handleRequest(null, Object(Config\Cache), false)
11 SYSTEMPATH\Boot.php(325): CodeIgniter\CodeIgniter->run()
12 SYSTEMPATH\Boot.php(67): CodeIgniter\Boot::runCodeIgniter(Object(CodeIgniter\CodeIgniter))
13 FCPATH\index.php(56): CodeIgniter\Boot::bootWeb(Object(Config\Paths))
14 SYSTEMPATH\rewrite.php(44): require_once('E:\\Project\\klinik-bersalin\\public\\index.php')
INFO - 2024-07-28 05:39:44 --> Session: Class initialized using 'CodeIgniter\Session\Handlers\FileHandler' driver.
ERROR - 2024-07-28 05:39:44 --> mysqli_sql_exception: Unknown column 'penggunan_kamar.kamarID' in 'on clause' in E:\Project\klinik-bersalin\system\Database\MySQLi\Connection.php:312
Stack trace:
#0 E:\Project\klinik-bersalin\system\Database\MySQLi\Connection.php(312): mysqli->query('SELECT *\nFROM `...', 0)
#1 E:\Project\klinik-bersalin\system\Database\BaseConnection.php(734): CodeIgniter\Database\MySQLi\Connection->execute('SELECT *\nFROM `...')
#2 E:\Project\klinik-bersalin\system\Database\BaseConnection.php(648): CodeIgniter\Database\BaseConnection->simpleQuery('SELECT *\nFROM `...')
#3 E:\Project\klinik-bersalin\system\Database\BaseBuilder.php(1636): CodeIgniter\Database\BaseConnection->query('SELECT *\nFROM `...', Array, false)
#4 E:\Project\klinik-bersalin\system\Model.php(286): CodeIgniter\Database\BaseBuilder->get()
#5 E:\Project\klinik-bersalin\system\BaseModel.php(676): CodeIgniter\Model->doFindAll(0, 0)
#6 E:\Project\klinik-bersalin\app\Controllers\Menu.php(758): CodeIgniter\BaseModel->findAll()
#7 E:\Project\klinik-bersalin\system\CodeIgniter.php(933): App\Controllers\Menu->add_pembayaran()
#8 E:\Project\klinik-bersalin\system\CodeIgniter.php(509): CodeIgniter\CodeIgniter->runController(Object(App\Controllers\Menu))
#9 E:\Project\klinik-bersalin\system\CodeIgniter.php(355): CodeIgniter\CodeIgniter->handleRequest(NULL, Object(Config\Cache), false)
#10 E:\Project\klinik-bersalin\system\Boot.php(325): CodeIgniter\CodeIgniter->run()
#11 E:\Project\klinik-bersalin\system\Boot.php(67): CodeIgniter\Boot::runCodeIgniter(Object(CodeIgniter\CodeIgniter))
#12 E:\Project\klinik-bersalin\public\index.php(56): CodeIgniter\Boot::bootWeb(Object(Config\Paths))
#13 E:\Project\klinik-bersalin\system\rewrite.php(44): require_once('E:\\Project\\klin...')
#14 {main}
CRITICAL - 2024-07-28 05:39:44 --> CodeIgniter\Database\Exceptions\DatabaseException: Unknown column 'penggunan_kamar.kamarID' in 'on clause'
[Method: GET, Route: add-pembayaran]
in SYSTEMPATH\Database\BaseConnection.php on line 688.
 1 SYSTEMPATH\Database\BaseBuilder.php(1636): CodeIgniter\Database\BaseConnection->query('SELECT *
FROM `penggunaan_kamar`
JOIN `kamar` ON `kamar`.`kamarID`=`penggunan_kamar`.`kamarID`', [], false)
 2 SYSTEMPATH\Model.php(286): CodeIgniter\Database\BaseBuilder->get()
 3 SYSTEMPATH\BaseModel.php(676): CodeIgniter\Model->doFindAll(0, 0)
 4 APPPATH\Controllers\Menu.php(758): CodeIgniter\BaseModel->findAll()
 5 SYSTEMPATH\CodeIgniter.php(933): App\Controllers\Menu->add_pembayaran()
 6 SYSTEMPATH\CodeIgniter.php(509): CodeIgniter\CodeIgniter->runController(Object(App\Controllers\Menu))
 7 SYSTEMPATH\CodeIgniter.php(355): CodeIgniter\CodeIgniter->handleRequest(null, Object(Config\Cache), false)
 8 SYSTEMPATH\Boot.php(325): CodeIgniter\CodeIgniter->run()
 9 SYSTEMPATH\Boot.php(67): CodeIgniter\Boot::runCodeIgniter(Object(CodeIgniter\CodeIgniter))
10 FCPATH\index.php(56): CodeIgniter\Boot::bootWeb(Object(Config\Paths))
11 SYSTEMPATH\rewrite.php(44): require_once('E:\\Project\\klinik-bersalin\\public\\index.php')
CRITICAL - 2024-07-28 05:39:44 --> [Caused by] CodeIgniter\Database\Exceptions\DatabaseException: Unknown column 'penggunan_kamar.kamarID' in 'on clause'
in SYSTEMPATH\Database\MySQLi\Connection.php on line 317.
 1 SYSTEMPATH\Database\BaseConnection.php(734): CodeIgniter\Database\MySQLi\Connection->execute('SELECT *
FROM `penggunaan_kamar`
JOIN `kamar` ON `kamar`.`kamarID`=`penggunan_kamar`.`kamarID`')
 2 SYSTEMPATH\Database\BaseConnection.php(648): CodeIgniter\Database\BaseConnection->simpleQuery('SELECT *
FROM `penggunaan_kamar`
JOIN `kamar` ON `kamar`.`kamarID`=`penggunan_kamar`.`kamarID`')
 3 SYSTEMPATH\Database\BaseBuilder.php(1636): CodeIgniter\Database\BaseConnection->query('SELECT *
FROM `penggunaan_kamar`
JOIN `kamar` ON `kamar`.`kamarID`=`penggunan_kamar`.`kamarID`', [], false)
 4 SYSTEMPATH\Model.php(286): CodeIgniter\Database\BaseBuilder->get()
 5 SYSTEMPATH\BaseModel.php(676): CodeIgniter\Model->doFindAll(0, 0)
 6 APPPATH\Controllers\Menu.php(758): CodeIgniter\BaseModel->findAll()
 7 SYSTEMPATH\CodeIgniter.php(933): App\Controllers\Menu->add_pembayaran()
 8 SYSTEMPATH\CodeIgniter.php(509): CodeIgniter\CodeIgniter->runController(Object(App\Controllers\Menu))
 9 SYSTEMPATH\CodeIgniter.php(355): CodeIgniter\CodeIgniter->handleRequest(null, Object(Config\Cache), false)
10 SYSTEMPATH\Boot.php(325): CodeIgniter\CodeIgniter->run()
11 SYSTEMPATH\Boot.php(67): CodeIgniter\Boot::runCodeIgniter(Object(CodeIgniter\CodeIgniter))
12 FCPATH\index.php(56): CodeIgniter\Boot::bootWeb(Object(Config\Paths))
13 SYSTEMPATH\rewrite.php(44): require_once('E:\\Project\\klinik-bersalin\\public\\index.php')
CRITICAL - 2024-07-28 05:39:44 --> [Caused by] mysqli_sql_exception: Unknown column 'penggunan_kamar.kamarID' in 'on clause'
in SYSTEMPATH\Database\MySQLi\Connection.php on line 312.
 1 SYSTEMPATH\Database\MySQLi\Connection.php(312): mysqli->query('SELECT *
FROM `penggunaan_kamar`
JOIN `kamar` ON `kamar`.`kamarID`=`penggunan_kamar`.`kamarID`', 0)
 2 SYSTEMPATH\Database\BaseConnection.php(734): CodeIgniter\Database\MySQLi\Connection->execute('SELECT *
FROM `penggunaan_kamar`
JOIN `kamar` ON `kamar`.`kamarID`=`penggunan_kamar`.`kamarID`')
 3 SYSTEMPATH\Database\BaseConnection.php(648): CodeIgniter\Database\BaseConnection->simpleQuery('SELECT *
FROM `penggunaan_kamar`
JOIN `kamar` ON `kamar`.`kamarID`=`penggunan_kamar`.`kamarID`')
 4 SYSTEMPATH\Database\BaseBuilder.php(1636): CodeIgniter\Database\BaseConnection->query('SELECT *
FROM `penggunaan_kamar`
JOIN `kamar` ON `kamar`.`kamarID`=`penggunan_kamar`.`kamarID`', [], false)
 5 SYSTEMPATH\Model.php(286): CodeIgniter\Database\BaseBuilder->get()
 6 SYSTEMPATH\BaseModel.php(676): CodeIgniter\Model->doFindAll(0, 0)
 7 APPPATH\Controllers\Menu.php(758): CodeIgniter\BaseModel->findAll()
 8 SYSTEMPATH\CodeIgniter.php(933): App\Controllers\Menu->add_pembayaran()
 9 SYSTEMPATH\CodeIgniter.php(509): CodeIgniter\CodeIgniter->runController(Object(App\Controllers\Menu))
10 SYSTEMPATH\CodeIgniter.php(355): CodeIgniter\CodeIgniter->handleRequest(null, Object(Config\Cache), false)
11 SYSTEMPATH\Boot.php(325): CodeIgniter\CodeIgniter->run()
12 SYSTEMPATH\Boot.php(67): CodeIgniter\Boot::runCodeIgniter(Object(CodeIgniter\CodeIgniter))
13 FCPATH\index.php(56): CodeIgniter\Boot::bootWeb(Object(Config\Paths))
14 SYSTEMPATH\rewrite.php(44): require_once('E:\\Project\\klinik-bersalin\\public\\index.php')
INFO - 2024-07-28 05:40:17 --> Session: Class initialized using 'CodeIgniter\Session\Handlers\FileHandler' driver.
INFO - 2024-07-28 05:42:24 --> Session: Class initialized using 'CodeIgniter\Session\Handlers\FileHandler' driver.
CRITICAL - 2024-07-28 05:42:24 --> ErrorException: Undefined variable $penggunaanKamar
[Method: GET, Route: add-pembayaran]
in APPPATH\Views\page\content\form\add_pembayaran.php on line 119.
 1 APPPATH\Views\page\content\form\add_pembayaran.php(119): CodeIgniter\Debug\Exceptions->errorHandler(2, 'Undefined variable $penggunaanKamar', 'E:\\Project\\klinik-bersalin\\app\\Views\\page\\content\\form\\add_pembayaran.php', 119)
 2 SYSTEMPATH\View\View.php(234): include('E:\\Project\\klinik-bersalin\\app\\Views\\page\\content\\form\\add_pembayaran.php')
 3 SYSTEMPATH\View\View.php(237): CodeIgniter\View\View->CodeIgniter\View\{closure}()
 4 SYSTEMPATH\Common.php(1171): CodeIgniter\View\View->render('page/content/form/add_pembayaran', [], true)
 5 APPPATH\Controllers\Menu.php(759): view('page/content/form/add_pembayaran', [...])
 6 SYSTEMPATH\CodeIgniter.php(933): App\Controllers\Menu->add_pembayaran()
 7 SYSTEMPATH\CodeIgniter.php(509): CodeIgniter\CodeIgniter->runController(Object(App\Controllers\Menu))
 8 SYSTEMPATH\CodeIgniter.php(355): CodeIgniter\CodeIgniter->handleRequest(null, Object(Config\Cache), false)
 9 SYSTEMPATH\Boot.php(325): CodeIgniter\CodeIgniter->run()
10 SYSTEMPATH\Boot.php(67): CodeIgniter\Boot::runCodeIgniter(Object(CodeIgniter\CodeIgniter))
11 FCPATH\index.php(56): CodeIgniter\Boot::bootWeb(Object(Config\Paths))
12 SYSTEMPATH\rewrite.php(44): require_once('E:\\Project\\klinik-bersalin\\public\\index.php')
INFO - 2024-07-28 05:42:40 --> Session: Class initialized using 'CodeIgniter\Session\Handlers\FileHandler' driver.
CRITICAL - 2024-07-28 05:42:40 --> ErrorException: Undefined array key "kamarMasuk"
[Method: GET, Route: add-pembayaran]
in APPPATH\Views\page\content\form\add_pembayaran.php on line 119.
 1 APPPATH\Views\page\content\form\add_pembayaran.php(119): CodeIgniter\Debug\Exceptions->errorHandler(2, 'Undefined array key "kamarMasuk"', 'E:\\Project\\klinik-bersalin\\app\\Views\\page\\content\\form\\add_pembayaran.php', 119)
 2 SYSTEMPATH\View\View.php(234): include('E:\\Project\\klinik-bersalin\\app\\Views\\page\\content\\form\\add_pembayaran.php')
 3 SYSTEMPATH\View\View.php(237): CodeIgniter\View\View->CodeIgniter\View\{closure}()
 4 SYSTEMPATH\Common.php(1171): CodeIgniter\View\View->render('page/content/form/add_pembayaran', [], true)
 5 APPPATH\Controllers\Menu.php(759): view('page/content/form/add_pembayaran', [...])
 6 SYSTEMPATH\CodeIgniter.php(933): App\Controllers\Menu->add_pembayaran()
 7 SYSTEMPATH\CodeIgniter.php(509): CodeIgniter\CodeIgniter->runController(Object(App\Controllers\Menu))
 8 SYSTEMPATH\CodeIgniter.php(355): CodeIgniter\CodeIgniter->handleRequest(null, Object(Config\Cache), false)
 9 SYSTEMPATH\Boot.php(325): CodeIgniter\CodeIgniter->run()
10 SYSTEMPATH\Boot.php(67): CodeIgniter\Boot::runCodeIgniter(Object(CodeIgniter\CodeIgniter))
11 FCPATH\index.php(56): CodeIgniter\Boot::bootWeb(Object(Config\Paths))
12 SYSTEMPATH\rewrite.php(44): require_once('E:\\Project\\klinik-bersalin\\public\\index.php')
INFO - 2024-07-28 05:42:50 --> Session: Class initialized using 'CodeIgniter\Session\Handlers\FileHandler' driver.
CRITICAL - 2024-07-28 05:42:50 --> ErrorException: Undefined array key "kamarKeluar"
[Method: GET, Route: add-pembayaran]
in APPPATH\Views\page\content\form\add_pembayaran.php on line 119.
 1 APPPATH\Views\page\content\form\add_pembayaran.php(119): CodeIgniter\Debug\Exceptions->errorHandler(2, 'Undefined array key "kamarKeluar"', 'E:\\Project\\klinik-bersalin\\app\\Views\\page\\content\\form\\add_pembayaran.php', 119)
 2 SYSTEMPATH\View\View.php(234): include('E:\\Project\\klinik-bersalin\\app\\Views\\page\\content\\form\\add_pembayaran.php')
 3 SYSTEMPATH\View\View.php(237): CodeIgniter\View\View->CodeIgniter\View\{closure}()
 4 SYSTEMPATH\Common.php(1171): CodeIgniter\View\View->render('page/content/form/add_pembayaran', [], true)
 5 APPPATH\Controllers\Menu.php(759): view('page/content/form/add_pembayaran', [...])
 6 SYSTEMPATH\CodeIgniter.php(933): App\Controllers\Menu->add_pembayaran()
 7 SYSTEMPATH\CodeIgniter.php(509): CodeIgniter\CodeIgniter->runController(Object(App\Controllers\Menu))
 8 SYSTEMPATH\CodeIgniter.php(355): CodeIgniter\CodeIgniter->handleRequest(null, Object(Config\Cache), false)
 9 SYSTEMPATH\Boot.php(325): CodeIgniter\CodeIgniter->run()
10 SYSTEMPATH\Boot.php(67): CodeIgniter\Boot::runCodeIgniter(Object(CodeIgniter\CodeIgniter))
11 FCPATH\index.php(56): CodeIgniter\Boot::bootWeb(Object(Config\Paths))
12 SYSTEMPATH\rewrite.php(44): require_once('E:\\Project\\klinik-bersalin\\public\\index.php')
INFO - 2024-07-28 05:42:58 --> Session: Class initialized using 'CodeIgniter\Session\Handlers\FileHandler' driver.
INFO - 2024-07-28 05:43:55 --> Session: Class initialized using 'CodeIgniter\Session\Handlers\FileHandler' driver.
INFO - 2024-07-28 05:44:18 --> Session: Class initialized using 'CodeIgniter\Session\Handlers\FileHandler' driver.
INFO - 2024-07-28 05:44:59 --> Session: Class initialized using 'CodeIgniter\Session\Handlers\FileHandler' driver.
INFO - 2024-07-28 05:45:21 --> Session: Class initialized using 'CodeIgniter\Session\Handlers\FileHandler' driver.
INFO - 2024-07-28 05:45:41 --> Session: Class initialized using 'CodeIgniter\Session\Handlers\FileHandler' driver.
INFO - 2024-07-28 05:45:44 --> Session: Class initialized using 'CodeIgniter\Session\Handlers\FileHandler' driver.
INFO - 2024-07-28 05:52:19 --> Session: Class initialized using 'CodeIgniter\Session\Handlers\FileHandler' driver.
INFO - 2024-07-28 05:52:27 --> Session: Class initialized using 'CodeIgniter\Session\Handlers\FileHandler' driver.
INFO - 2024-07-28 05:52:45 --> Session: Class initialized using 'CodeIgniter\Session\Handlers\FileHandler' driver.
INFO - 2024-07-28 05:53:01 --> Session: Class initialized using 'CodeIgniter\Session\Handlers\FileHandler' driver.
INFO - 2024-07-28 05:53:13 --> Session: Class initialized using 'CodeIgniter\Session\Handlers\FileHandler' driver.
INFO - 2024-07-28 05:53:38 --> Session: Class initialized using 'CodeIgniter\Session\Handlers\FileHandler' driver.
INFO - 2024-07-28 05:55:45 --> Session: Class initialized using 'CodeIgniter\Session\Handlers\FileHandler' driver.
INFO - 2024-07-28 05:55:50 --> Session: Class initialized using 'CodeIgniter\Session\Handlers\FileHandler' driver.
INFO - 2024-07-28 05:55:52 --> Session: Class initialized using 'CodeIgniter\Session\Handlers\FileHandler' driver.
INFO - 2024-07-28 08:09:26 --> Session: Class initialized using 'CodeIgniter\Session\Handlers\FileHandler' driver.
INFO - 2024-07-28 08:09:26 --> Session: Class initialized using 'CodeIgniter\Session\Handlers\FileHandler' driver.
INFO - 2024-07-28 08:09:32 --> Session: Class initialized using 'CodeIgniter\Session\Handlers\FileHandler' driver.
INFO - 2024-07-28 08:09:33 --> Session: Class initialized using 'CodeIgniter\Session\Handlers\FileHandler' driver.
INFO - 2024-07-28 08:09:48 --> Session: Class initialized using 'CodeIgniter\Session\Handlers\FileHandler' driver.
INFO - 2024-07-28 08:09:51 --> Session: Class initialized using 'CodeIgniter\Session\Handlers\FileHandler' driver.
INFO - 2024-07-28 08:12:44 --> Session: Class initialized using 'CodeIgniter\Session\Handlers\FileHandler' driver.
INFO - 2024-07-28 08:13:56 --> Session: Class initialized using 'CodeIgniter\Session\Handlers\FileHandler' driver.
INFO - 2024-07-28 08:14:06 --> Session: Class initialized using 'CodeIgniter\Session\Handlers\FileHandler' driver.
INFO - 2024-07-28 08:14:57 --> Session: Class initialized using 'CodeIgniter\Session\Handlers\FileHandler' driver.
INFO - 2024-07-28 08:16:08 --> Session: Class initialized using 'CodeIgniter\Session\Handlers\FileHandler' driver.
INFO - 2024-07-28 08:17:12 --> Session: Class initialized using 'CodeIgniter\Session\Handlers\FileHandler' driver.
INFO - 2024-07-28 08:17:46 --> Session: Class initialized using 'CodeIgniter\Session\Handlers\FileHandler' driver.
INFO - 2024-07-28 08:18:44 --> Session: Class initialized using 'CodeIgniter\Session\Handlers\FileHandler' driver.
INFO - 2024-07-28 08:25:24 --> Session: Class initialized using 'CodeIgniter\Session\Handlers\FileHandler' driver.
INFO - 2024-07-28 08:25:43 --> Session: Class initialized using 'CodeIgniter\Session\Handlers\FileHandler' driver.
INFO - 2024-07-28 08:27:02 --> Session: Class initialized using 'CodeIgniter\Session\Handlers\FileHandler' driver.
INFO - 2024-07-28 08:27:17 --> Session: Class initialized using 'CodeIgniter\Session\Handlers\FileHandler' driver.
INFO - 2024-07-28 08:27:33 --> Session: Class initialized using 'CodeIgniter\Session\Handlers\FileHandler' driver.
INFO - 2024-07-28 08:28:09 --> Session: Class initialized using 'CodeIgniter\Session\Handlers\FileHandler' driver.
INFO - 2024-07-28 08:34:45 --> Session: Class initialized using 'CodeIgniter\Session\Handlers\FileHandler' driver.
INFO - 2024-07-28 08:36:07 --> Session: Class initialized using 'CodeIgniter\Session\Handlers\FileHandler' driver.
INFO - 2024-07-28 08:36:23 --> Session: Class initialized using 'CodeIgniter\Session\Handlers\FileHandler' driver.
INFO - 2024-07-28 08:36:27 --> Session: Class initialized using 'CodeIgniter\Session\Handlers\FileHandler' driver.
INFO - 2024-07-28 08:36:58 --> Session: Class initialized using 'CodeIgniter\Session\Handlers\FileHandler' driver.
INFO - 2024-07-28 08:37:01 --> Session: Class initialized using 'CodeIgniter\Session\Handlers\FileHandler' driver.
INFO - 2024-07-28 08:38:35 --> Session: Class initialized using 'CodeIgniter\Session\Handlers\FileHandler' driver.
INFO - 2024-07-28 08:40:36 --> Session: Class initialized using 'CodeIgniter\Session\Handlers\FileHandler' driver.
INFO - 2024-07-28 08:40:39 --> Session: Class initialized using 'CodeIgniter\Session\Handlers\FileHandler' driver.
INFO - 2024-07-28 08:42:01 --> Session: Class initialized using 'CodeIgniter\Session\Handlers\FileHandler' driver.
INFO - 2024-07-28 08:42:40 --> Session: Class initialized using 'CodeIgniter\Session\Handlers\FileHandler' driver.
INFO - 2024-07-28 08:46:36 --> Session: Class initialized using 'CodeIgniter\Session\Handlers\FileHandler' driver.
CRITICAL - 2024-07-28 08:46:36 --> ErrorException: Undefined variable $penggunaan_obat
[Method: GET, Route: add-pembayaran]
in APPPATH\Views\page\content\form\add_pembayaran.php on line 174.
 1 APPPATH\Views\page\content\form\add_pembayaran.php(174): CodeIgniter\Debug\Exceptions->errorHandler(2, 'Undefined variable $penggunaan_obat', 'E:\\Project\\klinik-bersalin\\app\\Views\\page\\content\\form\\add_pembayaran.php', 174)
 2 SYSTEMPATH\View\View.php(234): include('E:\\Project\\klinik-bersalin\\app\\Views\\page\\content\\form\\add_pembayaran.php')
 3 SYSTEMPATH\View\View.php(237): CodeIgniter\View\View->CodeIgniter\View\{closure}()
 4 SYSTEMPATH\Common.php(1171): CodeIgniter\View\View->render('page/content/form/add_pembayaran', [], true)
 5 APPPATH\Controllers\Menu.php(759): view('page/content/form/add_pembayaran', [...])
 6 SYSTEMPATH\CodeIgniter.php(933): App\Controllers\Menu->add_pembayaran()
 7 SYSTEMPATH\CodeIgniter.php(509): CodeIgniter\CodeIgniter->runController(Object(App\Controllers\Menu))
 8 SYSTEMPATH\CodeIgniter.php(355): CodeIgniter\CodeIgniter->handleRequest(null, Object(Config\Cache), false)
 9 SYSTEMPATH\Boot.php(325): CodeIgniter\CodeIgniter->run()
10 SYSTEMPATH\Boot.php(67): CodeIgniter\Boot::runCodeIgniter(Object(CodeIgniter\CodeIgniter))
11 FCPATH\index.php(56): CodeIgniter\Boot::bootWeb(Object(Config\Paths))
12 SYSTEMPATH\rewrite.php(44): require_once('E:\\Project\\klinik-bersalin\\public\\index.php')
INFO - 2024-07-28 08:47:45 --> Session: Class initialized using 'CodeIgniter\Session\Handlers\FileHandler' driver.
INFO - 2024-07-28 08:48:18 --> Session: Class initialized using 'CodeIgniter\Session\Handlers\FileHandler' driver.
INFO - 2024-07-28 08:50:20 --> Session: Class initialized using 'CodeIgniter\Session\Handlers\FileHandler' driver.
INFO - 2024-07-28 08:50:28 --> Session: Class initialized using 'CodeIgniter\Session\Handlers\FileHandler' driver.
INFO - 2024-07-28 08:51:59 --> Session: Class initialized using 'CodeIgniter\Session\Handlers\FileHandler' driver.
INFO - 2024-07-28 08:52:31 --> Session: Class initialized using 'CodeIgniter\Session\Handlers\FileHandler' driver.
INFO - 2024-07-28 08:52:33 --> Session: Class initialized using 'CodeIgniter\Session\Handlers\FileHandler' driver.
INFO - 2024-07-28 08:53:23 --> Session: Class initialized using 'CodeIgniter\Session\Handlers\FileHandler' driver.
INFO - 2024-07-28 08:57:44 --> Session: Class initialized using 'CodeIgniter\Session\Handlers\FileHandler' driver.
INFO - 2024-07-28 08:57:47 --> Session: Class initialized using 'CodeIgniter\Session\Handlers\FileHandler' driver.
INFO - 2024-07-28 08:58:13 --> Session: Class initialized using 'CodeIgniter\Session\Handlers\FileHandler' driver.
INFO - 2024-07-28 08:59:06 --> Session: Class initialized using 'CodeIgniter\Session\Handlers\FileHandler' driver.
INFO - 2024-07-28 08:59:11 --> Session: Class initialized using 'CodeIgniter\Session\Handlers\FileHandler' driver.
INFO - 2024-07-28 08:59:44 --> Session: Class initialized using 'CodeIgniter\Session\Handlers\FileHandler' driver.
INFO - 2024-07-28 09:01:36 --> Session: Class initialized using 'CodeIgniter\Session\Handlers\FileHandler' driver.
INFO - 2024-07-28 09:01:52 --> Session: Class initialized using 'CodeIgniter\Session\Handlers\FileHandler' driver.
INFO - 2024-07-28 09:02:54 --> Session: Class initialized using 'CodeIgniter\Session\Handlers\FileHandler' driver.
INFO - 2024-07-28 09:03:39 --> Session: Class initialized using 'CodeIgniter\Session\Handlers\FileHandler' driver.
INFO - 2024-07-28 09:04:22 --> Session: Class initialized using 'CodeIgniter\Session\Handlers\FileHandler' driver.
INFO - 2024-07-28 09:04:31 --> Session: Class initialized using 'CodeIgniter\Session\Handlers\FileHandler' driver.
INFO - 2024-07-28 09:18:55 --> Session: Class initialized using 'CodeIgniter\Session\Handlers\FileHandler' driver.
INFO - 2024-07-28 09:19:20 --> Session: Class initialized using 'CodeIgniter\Session\Handlers\FileHandler' driver.
CRITICAL - 2024-07-28 09:19:27 --> ErrorException: Undefined array key "namaObat"
[Method: GET, Route: getDetailPenggunaanObat]
in APPPATH\Controllers\Menu.php on line 775.
 1 APPPATH\Controllers\Menu.php(775): CodeIgniter\Debug\Exceptions->errorHandler(2, 'Undefined array key "namaObat"', 'E:\\Project\\klinik-bersalin\\app\\Controllers\\Menu.php', 775)
 2 SYSTEMPATH\CodeIgniter.php(933): App\Controllers\Menu->getDetailPenggunaanObat()
 3 SYSTEMPATH\CodeIgniter.php(509): CodeIgniter\CodeIgniter->runController(Object(App\Controllers\Menu))
 4 SYSTEMPATH\CodeIgniter.php(355): CodeIgniter\CodeIgniter->handleRequest(null, Object(Config\Cache), false)
 5 SYSTEMPATH\Boot.php(325): CodeIgniter\CodeIgniter->run()
 6 SYSTEMPATH\Boot.php(67): CodeIgniter\Boot::runCodeIgniter(Object(CodeIgniter\CodeIgniter))
 7 FCPATH\index.php(56): CodeIgniter\Boot::bootWeb(Object(Config\Paths))
 8 SYSTEMPATH\rewrite.php(44): require_once('E:\\Project\\klinik-bersalin\\public\\index.php')
INFO - 2024-07-28 09:21:51 --> Session: Class initialized using 'CodeIgniter\Session\Handlers\FileHandler' driver.
CRITICAL - 2024-07-28 09:21:59 --> ErrorException: Undefined array key "harga"
[Method: GET, Route: getDetailPenggunaanObat]
in APPPATH\Controllers\Menu.php on line 776.
 1 APPPATH\Controllers\Menu.php(776): CodeIgniter\Debug\Exceptions->errorHandler(2, 'Undefined array key "harga"', 'E:\\Project\\klinik-bersalin\\app\\Controllers\\Menu.php', 776)
 2 SYSTEMPATH\CodeIgniter.php(933): App\Controllers\Menu->getDetailPenggunaanObat()
 3 SYSTEMPATH\CodeIgniter.php(509): CodeIgniter\CodeIgniter->runController(Object(App\Controllers\Menu))
 4 SYSTEMPATH\CodeIgniter.php(355): CodeIgniter\CodeIgniter->handleRequest(null, Object(Config\Cache), false)
 5 SYSTEMPATH\Boot.php(325): CodeIgniter\CodeIgniter->run()
 6 SYSTEMPATH\Boot.php(67): CodeIgniter\Boot::runCodeIgniter(Object(CodeIgniter\CodeIgniter))
 7 FCPATH\index.php(56): CodeIgniter\Boot::bootWeb(Object(Config\Paths))
 8 SYSTEMPATH\rewrite.php(44): require_once('E:\\Project\\klinik-bersalin\\public\\index.php')
INFO - 2024-07-28 09:22:11 --> Session: Class initialized using 'CodeIgniter\Session\Handlers\FileHandler' driver.
INFO - 2024-07-28 09:23:11 --> Session: Class initialized using 'CodeIgniter\Session\Handlers\FileHandler' driver.
INFO - 2024-07-28 09:34:13 --> Session: Class initialized using 'CodeIgniter\Session\Handlers\FileHandler' driver.
INFO - 2024-07-28 09:34:34 --> Session: Class initialized using 'CodeIgniter\Session\Handlers\FileHandler' driver.
INFO - 2024-07-28 09:34:37 --> Session: Class initialized using 'CodeIgniter\Session\Handlers\FileHandler' driver.
INFO - 2024-07-28 09:35:17 --> Session: Class initialized using 'CodeIgniter\Session\Handlers\FileHandler' driver.
INFO - 2024-07-28 09:36:16 --> Session: Class initialized using 'CodeIgniter\Session\Handlers\FileHandler' driver.
INFO - 2024-07-28 09:36:20 --> Session: Class initialized using 'CodeIgniter\Session\Handlers\FileHandler' driver.
INFO - 2024-07-28 09:36:24 --> Session: Class initialized using 'CodeIgniter\Session\Handlers\FileHandler' driver.
INFO - 2024-07-28 09:36:41 --> Session: Class initialized using 'CodeIgniter\Session\Handlers\FileHandler' driver.
INFO - 2024-07-28 09:38:09 --> Session: Class initialized using 'CodeIgniter\Session\Handlers\FileHandler' driver.
INFO - 2024-07-28 09:38:56 --> Session: Class initialized using 'CodeIgniter\Session\Handlers\FileHandler' driver.
INFO - 2024-07-28 09:39:06 --> Session: Class initialized using 'CodeIgniter\Session\Handlers\FileHandler' driver.
INFO - 2024-07-28 09:40:49 --> Session: Class initialized using 'CodeIgniter\Session\Handlers\FileHandler' driver.
INFO - 2024-07-28 09:41:28 --> Session: Class initialized using 'CodeIgniter\Session\Handlers\FileHandler' driver.
INFO - 2024-07-28 09:59:36 --> Session: Class initialized using 'CodeIgniter\Session\Handlers\FileHandler' driver.
INFO - 2024-07-28 10:01:02 --> Session: Class initialized using 'CodeIgniter\Session\Handlers\FileHandler' driver.
INFO - 2024-07-28 10:02:18 --> Session: Class initialized using 'CodeIgniter\Session\Handlers\FileHandler' driver.
INFO - 2024-07-28 10:02:50 --> Session: Class initialized using 'CodeIgniter\Session\Handlers\FileHandler' driver.
INFO - 2024-07-28 10:05:55 --> Session: Class initialized using 'CodeIgniter\Session\Handlers\FileHandler' driver.
INFO - 2024-07-28 10:06:00 --> Session: Class initialized using 'CodeIgniter\Session\Handlers\FileHandler' driver.
INFO - 2024-07-28 10:06:09 --> Session: Class initialized using 'CodeIgniter\Session\Handlers\FileHandler' driver.
INFO - 2024-07-28 10:06:09 --> Session: Class initialized using 'CodeIgniter\Session\Handlers\FileHandler' driver.
INFO - 2024-07-28 10:06:15 --> Session: Class initialized using 'CodeIgniter\Session\Handlers\FileHandler' driver.
INFO - 2024-07-28 10:06:17 --> Session: Class initialized using 'CodeIgniter\Session\Handlers\FileHandler' driver.
INFO - 2024-07-28 10:07:58 --> Session: Class initialized using 'CodeIgniter\Session\Handlers\FileHandler' driver.
INFO - 2024-07-28 10:08:40 --> Session: Class initialized using 'CodeIgniter\Session\Handlers\FileHandler' driver.
INFO - 2024-07-28 10:09:25 --> Session: Class initialized using 'CodeIgniter\Session\Handlers\FileHandler' driver.
INFO - 2024-07-28 10:09:31 --> Session: Class initialized using 'CodeIgniter\Session\Handlers\FileHandler' driver.
INFO - 2024-07-28 10:10:03 --> Session: Class initialized using 'CodeIgniter\Session\Handlers\FileHandler' driver.
INFO - 2024-07-28 10:10:07 --> Session: Class initialized using 'CodeIgniter\Session\Handlers\FileHandler' driver.
INFO - 2024-07-28 10:11:14 --> Session: Class initialized using 'CodeIgniter\Session\Handlers\FileHandler' driver.
INFO - 2024-07-28 10:12:29 --> Session: Class initialized using 'CodeIgniter\Session\Handlers\FileHandler' driver.
INFO - 2024-07-28 10:12:36 --> Session: Class initialized using 'CodeIgniter\Session\Handlers\FileHandler' driver.
INFO - 2024-07-28 10:13:09 --> Session: Class initialized using 'CodeIgniter\Session\Handlers\FileHandler' driver.
INFO - 2024-07-28 10:13:37 --> Session: Class initialized using 'CodeIgniter\Session\Handlers\FileHandler' driver.
INFO - 2024-07-28 10:54:07 --> Session: Class initialized using 'CodeIgniter\Session\Handlers\FileHandler' driver.
INFO - 2024-07-28 11:01:32 --> Session: Class initialized using 'CodeIgniter\Session\Handlers\FileHandler' driver.
INFO - 2024-07-28 11:22:40 --> Session: Class initialized using 'CodeIgniter\Session\Handlers\FileHandler' driver.
INFO - 2024-07-28 11:25:15 --> Session: Class initialized using 'CodeIgniter\Session\Handlers\FileHandler' driver.
CRITICAL - 2024-07-28 11:26:09 --> CodeIgniter\Validation\Exceptions\ValidationException: "pembayaran" is not a validation rules group.
[Method: POST, Route: save-pembayaran]
in SYSTEMPATH\Validation\Validation.php on line 751.
 1 SYSTEMPATH\Validation\Validation.php(751): CodeIgniter\Validation\Exceptions\ValidationException::forGroupNotFound('pembayaran')
 2 SYSTEMPATH\Validation\Validation.php(148): CodeIgniter\Validation\Validation->loadRuleGroup('pembayaran')
 3 APPPATH\Controllers\Save.php(553): CodeIgniter\Validation\Validation->run([...], 'pembayaran')
 4 SYSTEMPATH\CodeIgniter.php(933): App\Controllers\Save->savePembayaran()
 5 SYSTEMPATH\CodeIgniter.php(509): CodeIgniter\CodeIgniter->runController(Object(App\Controllers\Save))
 6 SYSTEMPATH\CodeIgniter.php(355): CodeIgniter\CodeIgniter->handleRequest(null, Object(Config\Cache), false)
 7 SYSTEMPATH\Boot.php(325): CodeIgniter\CodeIgniter->run()
 8 SYSTEMPATH\Boot.php(67): CodeIgniter\Boot::runCodeIgniter(Object(CodeIgniter\CodeIgniter))
 9 FCPATH\index.php(56): CodeIgniter\Boot::bootWeb(Object(Config\Paths))
10 SYSTEMPATH\rewrite.php(44): require_once('E:\\Project\\klinik-bersalin\\public\\index.php')
ERROR - 2024-07-28 11:27:00 --> mysqli_sql_exception: Column 'totalBiaya' cannot be null in E:\Project\klinik-bersalin\system\Database\MySQLi\Connection.php:312
Stack trace:
#0 E:\Project\klinik-bersalin\system\Database\MySQLi\Connection.php(312): mysqli->query('INSERT INTO `pe...', 0)
#1 E:\Project\klinik-bersalin\system\Database\BaseConnection.php(734): CodeIgniter\Database\MySQLi\Connection->execute('INSERT INTO `pe...')
#2 E:\Project\klinik-bersalin\system\Database\BaseConnection.php(648): CodeIgniter\Database\BaseConnection->simpleQuery('INSERT INTO `pe...')
#3 E:\Project\klinik-bersalin\system\Database\BaseBuilder.php(2332): CodeIgniter\Database\BaseConnection->query('INSERT INTO `pe...', Array, false)
#4 E:\Project\klinik-bersalin\system\Model.php(394): CodeIgniter\Database\BaseBuilder->insert()
#5 E:\Project\klinik-bersalin\system\BaseModel.php(840): CodeIgniter\Model->doInsert(Array)
#6 E:\Project\klinik-bersalin\system\Model.php(802): CodeIgniter\BaseModel->insert(Array, true)
#7 E:\Project\klinik-bersalin\app\Models\PembayaranModel.php(39): CodeIgniter\Model->insert(Array)
#8 E:\Project\klinik-bersalin\app\Controllers\Save.php(554): App\Models\PembayaranModel->savePembayaran(Array)
#9 E:\Project\klinik-bersalin\system\CodeIgniter.php(933): App\Controllers\Save->savePembayaran()
#10 E:\Project\klinik-bersalin\system\CodeIgniter.php(509): CodeIgniter\CodeIgniter->runController(Object(App\Controllers\Save))
#11 E:\Project\klinik-bersalin\system\CodeIgniter.php(355): CodeIgniter\CodeIgniter->handleRequest(NULL, Object(Config\Cache), false)
#12 E:\Project\klinik-bersalin\system\Boot.php(325): CodeIgniter\CodeIgniter->run()
#13 E:\Project\klinik-bersalin\system\Boot.php(67): CodeIgniter\Boot::runCodeIgniter(Object(CodeIgniter\CodeIgniter))
#14 E:\Project\klinik-bersalin\public\index.php(56): CodeIgniter\Boot::bootWeb(Object(Config\Paths))
#15 E:\Project\klinik-bersalin\system\rewrite.php(44): require_once('E:\\Project\\klin...')
#16 {main}
CRITICAL - 2024-07-28 11:27:00 --> CodeIgniter\Database\Exceptions\DatabaseException: Column 'totalBiaya' cannot be null
[Method: POST, Route: save-pembayaran]
in SYSTEMPATH\Database\BaseConnection.php on line 688.
 1 SYSTEMPATH\Database\BaseBuilder.php(2332): CodeIgniter\Database\BaseConnection->query('INSERT INTO `pembayaran` (`tanggalPembayaran`, `ibuID`, `penggunaanKamarID`, `penggunaanObatID`, `biayaPersalinan`, `biayaKamar`, `biayaObat`, `biayaLainnya`, `totalBiaya`, `keterangan`, `pembayaranID`) VALUES (:tanggalPembayaran:, :ibuID:, :penggunaanKamarID:, :penggunaanObatID:, :biayaPersalinan:, :biayaKamar:, :biayaObat:, :biayaLainnya:, :totalBiaya:, :keterangan:, :pembayaranID:)', [...], false)
 2 SYSTEMPATH\Model.php(394): CodeIgniter\Database\BaseBuilder->insert()
 3 SYSTEMPATH\BaseModel.php(840): CodeIgniter\Model->doInsert([...])
 4 SYSTEMPATH\Model.php(802): CodeIgniter\BaseModel->insert([...], true)
 5 APPPATH\Models\PembayaranModel.php(39): CodeIgniter\Model->insert([...])
 6 APPPATH\Controllers\Save.php(554): App\Models\PembayaranModel->savePembayaran([...])
 7 SYSTEMPATH\CodeIgniter.php(933): App\Controllers\Save->savePembayaran()
 8 SYSTEMPATH\CodeIgniter.php(509): CodeIgniter\CodeIgniter->runController(Object(App\Controllers\Save))
 9 SYSTEMPATH\CodeIgniter.php(355): CodeIgniter\CodeIgniter->handleRequest(null, Object(Config\Cache), false)
10 SYSTEMPATH\Boot.php(325): CodeIgniter\CodeIgniter->run()
11 SYSTEMPATH\Boot.php(67): CodeIgniter\Boot::runCodeIgniter(Object(CodeIgniter\CodeIgniter))
12 FCPATH\index.php(56): CodeIgniter\Boot::bootWeb(Object(Config\Paths))
13 SYSTEMPATH\rewrite.php(44): require_once('E:\\Project\\klinik-bersalin\\public\\index.php')
CRITICAL - 2024-07-28 11:27:00 --> [Caused by] CodeIgniter\Database\Exceptions\DatabaseException: Column 'totalBiaya' cannot be null
in SYSTEMPATH\Database\MySQLi\Connection.php on line 317.
 1 SYSTEMPATH\Database\BaseConnection.php(734): CodeIgniter\Database\MySQLi\Connection->execute('INSERT INTO `pembayaran` (`tanggalPembayaran`, `ibuID`, `penggunaanKamarID`, `penggunaanObatID`, `biayaPersalinan`, `biayaKamar`, `biayaObat`, `biayaLainnya`, `totalBiaya`, `keterangan`, `pembayaranID`) VALUES (\'2024-07-28\', \'IBU001\', \'PKI001\', \'POI001\', \'12000\', NULL, \'91000\', \'13000\', NULL, \'Lunas, Pembayaran Cash\', \'PBY001\')')
 2 SYSTEMPATH\Database\BaseConnection.php(648): CodeIgniter\Database\BaseConnection->simpleQuery('INSERT INTO `pembayaran` (`tanggalPembayaran`, `ibuID`, `penggunaanKamarID`, `penggunaanObatID`, `biayaPersalinan`, `biayaKamar`, `biayaObat`, `biayaLainnya`, `totalBiaya`, `keterangan`, `pembayaranID`) VALUES (\'2024-07-28\', \'IBU001\', \'PKI001\', \'POI001\', \'12000\', NULL, \'91000\', \'13000\', NULL, \'Lunas, Pembayaran Cash\', \'PBY001\')')
 3 SYSTEMPATH\Database\BaseBuilder.php(2332): CodeIgniter\Database\BaseConnection->query('INSERT INTO `pembayaran` (`tanggalPembayaran`, `ibuID`, `penggunaanKamarID`, `penggunaanObatID`, `biayaPersalinan`, `biayaKamar`, `biayaObat`, `biayaLainnya`, `totalBiaya`, `keterangan`, `pembayaranID`) VALUES (:tanggalPembayaran:, :ibuID:, :penggunaanKamarID:, :penggunaanObatID:, :biayaPersalinan:, :biayaKamar:, :biayaObat:, :biayaLainnya:, :totalBiaya:, :keterangan:, :pembayaranID:)', [...], false)
 4 SYSTEMPATH\Model.php(394): CodeIgniter\Database\BaseBuilder->insert()
 5 SYSTEMPATH\BaseModel.php(840): CodeIgniter\Model->doInsert([...])
 6 SYSTEMPATH\Model.php(802): CodeIgniter\BaseModel->insert([...], true)
 7 APPPATH\Models\PembayaranModel.php(39): CodeIgniter\Model->insert([...])
 8 APPPATH\Controllers\Save.php(554): App\Models\PembayaranModel->savePembayaran([...])
 9 SYSTEMPATH\CodeIgniter.php(933): App\Controllers\Save->savePembayaran()
10 SYSTEMPATH\CodeIgniter.php(509): CodeIgniter\CodeIgniter->runController(Object(App\Controllers\Save))
11 SYSTEMPATH\CodeIgniter.php(355): CodeIgniter\CodeIgniter->handleRequest(null, Object(Config\Cache), false)
12 SYSTEMPATH\Boot.php(325): CodeIgniter\CodeIgniter->run()
13 SYSTEMPATH\Boot.php(67): CodeIgniter\Boot::runCodeIgniter(Object(CodeIgniter\CodeIgniter))
14 FCPATH\index.php(56): CodeIgniter\Boot::bootWeb(Object(Config\Paths))
15 SYSTEMPATH\rewrite.php(44): require_once('E:\\Project\\klinik-bersalin\\public\\index.php')
CRITICAL - 2024-07-28 11:27:00 --> [Caused by] mysqli_sql_exception: Column 'totalBiaya' cannot be null
in SYSTEMPATH\Database\MySQLi\Connection.php on line 312.
 1 SYSTEMPATH\Database\MySQLi\Connection.php(312): mysqli->query('INSERT INTO `pembayaran` (`tanggalPembayaran`, `ibuID`, `penggunaanKamarID`, `penggunaanObatID`, `biayaPersalinan`, `biayaKamar`, `biayaObat`, `biayaLainnya`, `totalBiaya`, `keterangan`, `pembayaranID`) VALUES (\'2024-07-28\', \'IBU001\', \'PKI001\', \'POI001\', \'12000\', NULL, \'91000\', \'13000\', NULL, \'Lunas, Pembayaran Cash\', \'PBY001\')', 0)
 2 SYSTEMPATH\Database\BaseConnection.php(734): CodeIgniter\Database\MySQLi\Connection->execute('INSERT INTO `pembayaran` (`tanggalPembayaran`, `ibuID`, `penggunaanKamarID`, `penggunaanObatID`, `biayaPersalinan`, `biayaKamar`, `biayaObat`, `biayaLainnya`, `totalBiaya`, `keterangan`, `pembayaranID`) VALUES (\'2024-07-28\', \'IBU001\', \'PKI001\', \'POI001\', \'12000\', NULL, \'91000\', \'13000\', NULL, \'Lunas, Pembayaran Cash\', \'PBY001\')')
 3 SYSTEMPATH\Database\BaseConnection.php(648): CodeIgniter\Database\BaseConnection->simpleQuery('INSERT INTO `pembayaran` (`tanggalPembayaran`, `ibuID`, `penggunaanKamarID`, `penggunaanObatID`, `biayaPersalinan`, `biayaKamar`, `biayaObat`, `biayaLainnya`, `totalBiaya`, `keterangan`, `pembayaranID`) VALUES (\'2024-07-28\', \'IBU001\', \'PKI001\', \'POI001\', \'12000\', NULL, \'91000\', \'13000\', NULL, \'Lunas, Pembayaran Cash\', \'PBY001\')')
 4 SYSTEMPATH\Database\BaseBuilder.php(2332): CodeIgniter\Database\BaseConnection->query('INSERT INTO `pembayaran` (`tanggalPembayaran`, `ibuID`, `penggunaanKamarID`, `penggunaanObatID`, `biayaPersalinan`, `biayaKamar`, `biayaObat`, `biayaLainnya`, `totalBiaya`, `keterangan`, `pembayaranID`) VALUES (:tanggalPembayaran:, :ibuID:, :penggunaanKamarID:, :penggunaanObatID:, :biayaPersalinan:, :biayaKamar:, :biayaObat:, :biayaLainnya:, :totalBiaya:, :keterangan:, :pembayaranID:)', [...], false)
 5 SYSTEMPATH\Model.php(394): CodeIgniter\Database\BaseBuilder->insert()
 6 SYSTEMPATH\BaseModel.php(840): CodeIgniter\Model->doInsert([...])
 7 SYSTEMPATH\Model.php(802): CodeIgniter\BaseModel->insert([...], true)
 8 APPPATH\Models\PembayaranModel.php(39): CodeIgniter\Model->insert([...])
 9 APPPATH\Controllers\Save.php(554): App\Models\PembayaranModel->savePembayaran([...])
10 SYSTEMPATH\CodeIgniter.php(933): App\Controllers\Save->savePembayaran()
11 SYSTEMPATH\CodeIgniter.php(509): CodeIgniter\CodeIgniter->runController(Object(App\Controllers\Save))
12 SYSTEMPATH\CodeIgniter.php(355): CodeIgniter\CodeIgniter->handleRequest(null, Object(Config\Cache), false)
13 SYSTEMPATH\Boot.php(325): CodeIgniter\CodeIgniter->run()
14 SYSTEMPATH\Boot.php(67): CodeIgniter\Boot::runCodeIgniter(Object(CodeIgniter\CodeIgniter))
15 FCPATH\index.php(56): CodeIgniter\Boot::bootWeb(Object(Config\Paths))
16 SYSTEMPATH\rewrite.php(44): require_once('E:\\Project\\klinik-bersalin\\public\\index.php')
INFO - 2024-07-28 11:30:54 --> Session: Class initialized using 'CodeIgniter\Session\Handlers\FileHandler' driver.
INFO - 2024-07-28 11:31:24 --> Session: Class initialized using 'CodeIgniter\Session\Handlers\FileHandler' driver.
CRITICAL - 2024-07-28 11:31:24 --> ErrorException: Undefined array key "totalPembayaran"
[Method: GET, Route: pembayaran]
in APPPATH\Views\page\content\pembayaran.php on line 83.
 1 APPPATH\Views\page\content\pembayaran.php(83): CodeIgniter\Debug\Exceptions->errorHandler(2, 'Undefined array key "totalPembayaran"', 'E:\\Project\\klinik-bersalin\\app\\Views\\page\\content\\pembayaran.php', 83)
 2 SYSTEMPATH\View\View.php(234): include('E:\\Project\\klinik-bersalin\\app\\Views\\page\\content\\pembayaran.php')
 3 SYSTEMPATH\View\View.php(237): CodeIgniter\View\View->CodeIgniter\View\{closure}()
 4 SYSTEMPATH\Common.php(1171): CodeIgniter\View\View->render('page/content/pembayaran', [], true)
 5 APPPATH\Controllers\Menu.php(748): view('page/content/pembayaran', [...])
 6 SYSTEMPATH\CodeIgniter.php(933): App\Controllers\Menu->pembayaran()
 7 SYSTEMPATH\CodeIgniter.php(509): CodeIgniter\CodeIgniter->runController(Object(App\Controllers\Menu))
 8 SYSTEMPATH\CodeIgniter.php(355): CodeIgniter\CodeIgniter->handleRequest(null, Object(Config\Cache), false)
 9 SYSTEMPATH\Boot.php(325): CodeIgniter\CodeIgniter->run()
10 SYSTEMPATH\Boot.php(67): CodeIgniter\Boot::runCodeIgniter(Object(CodeIgniter\CodeIgniter))
11 FCPATH\index.php(56): CodeIgniter\Boot::bootWeb(Object(Config\Paths))
12 SYSTEMPATH\rewrite.php(44): require_once('E:\\Project\\klinik-bersalin\\public\\index.php')
INFO - 2024-07-28 11:31:30 --> Session: Class initialized using 'CodeIgniter\Session\Handlers\FileHandler' driver.
CRITICAL - 2024-07-28 11:31:30 --> ErrorException: Undefined array key "totalPembayaran"
[Method: GET, Route: pembayaran]
in APPPATH\Views\page\content\pembayaran.php on line 83.
 1 APPPATH\Views\page\content\pembayaran.php(83): CodeIgniter\Debug\Exceptions->errorHandler(2, 'Undefined array key "totalPembayaran"', 'E:\\Project\\klinik-bersalin\\app\\Views\\page\\content\\pembayaran.php', 83)
 2 SYSTEMPATH\View\View.php(234): include('E:\\Project\\klinik-bersalin\\app\\Views\\page\\content\\pembayaran.php')
 3 SYSTEMPATH\View\View.php(237): CodeIgniter\View\View->CodeIgniter\View\{closure}()
 4 SYSTEMPATH\Common.php(1171): CodeIgniter\View\View->render('page/content/pembayaran', [], true)
 5 APPPATH\Controllers\Menu.php(748): view('page/content/pembayaran', [...])
 6 SYSTEMPATH\CodeIgniter.php(933): App\Controllers\Menu->pembayaran()
 7 SYSTEMPATH\CodeIgniter.php(509): CodeIgniter\CodeIgniter->runController(Object(App\Controllers\Menu))
 8 SYSTEMPATH\CodeIgniter.php(355): CodeIgniter\CodeIgniter->handleRequest(null, Object(Config\Cache), false)
 9 SYSTEMPATH\Boot.php(325): CodeIgniter\CodeIgniter->run()
10 SYSTEMPATH\Boot.php(67): CodeIgniter\Boot::runCodeIgniter(Object(CodeIgniter\CodeIgniter))
11 FCPATH\index.php(56): CodeIgniter\Boot::bootWeb(Object(Config\Paths))
12 SYSTEMPATH\rewrite.php(44): require_once('E:\\Project\\klinik-bersalin\\public\\index.php')
INFO - 2024-07-28 11:32:49 --> Session: Class initialized using 'CodeIgniter\Session\Handlers\FileHandler' driver.
CRITICAL - 2024-07-28 11:32:49 --> ErrorException: Undefined array key "status"
[Method: GET, Route: pembayaran]
in APPPATH\Views\page\content\pembayaran.php on line 82.
 1 APPPATH\Views\page\content\pembayaran.php(82): CodeIgniter\Debug\Exceptions->errorHandler(2, 'Undefined array key "status"', 'E:\\Project\\klinik-bersalin\\app\\Views\\page\\content\\pembayaran.php', 82)
 2 SYSTEMPATH\View\View.php(234): include('E:\\Project\\klinik-bersalin\\app\\Views\\page\\content\\pembayaran.php')
 3 SYSTEMPATH\View\View.php(237): CodeIgniter\View\View->CodeIgniter\View\{closure}()
 4 SYSTEMPATH\Common.php(1171): CodeIgniter\View\View->render('page/content/pembayaran', [], true)
 5 APPPATH\Controllers\Menu.php(748): view('page/content/pembayaran', [...])
 6 SYSTEMPATH\CodeIgniter.php(933): App\Controllers\Menu->pembayaran()
 7 SYSTEMPATH\CodeIgniter.php(509): CodeIgniter\CodeIgniter->runController(Object(App\Controllers\Menu))
 8 SYSTEMPATH\CodeIgniter.php(355): CodeIgniter\CodeIgniter->handleRequest(null, Object(Config\Cache), false)
 9 SYSTEMPATH\Boot.php(325): CodeIgniter\CodeIgniter->run()
10 SYSTEMPATH\Boot.php(67): CodeIgniter\Boot::runCodeIgniter(Object(CodeIgniter\CodeIgniter))
11 FCPATH\index.php(56): CodeIgniter\Boot::bootWeb(Object(Config\Paths))
12 SYSTEMPATH\rewrite.php(44): require_once('E:\\Project\\klinik-bersalin\\public\\index.php')
INFO - 2024-07-28 11:32:56 --> Session: Class initialized using 'CodeIgniter\Session\Handlers\FileHandler' driver.
INFO - 2024-07-28 11:33:11 --> Session: Class initialized using 'CodeIgniter\Session\Handlers\FileHandler' driver.
INFO - 2024-07-28 11:33:37 --> Session: Class initialized using 'CodeIgniter\Session\Handlers\FileHandler' driver.
INFO - 2024-07-28 11:33:58 --> Session: Class initialized using 'CodeIgniter\Session\Handlers\FileHandler' driver.
INFO - 2024-07-28 11:34:38 --> Session: Class initialized using 'CodeIgniter\Session\Handlers\FileHandler' driver.
CRITICAL - 2024-07-28 11:34:38 --> ErrorException: Undefined array key "Keterangan"
[Method: GET, Route: pembayaran]
in APPPATH\Views\page\content\pembayaran.php on line 75.
 1 APPPATH\Views\page\content\pembayaran.php(75): CodeIgniter\Debug\Exceptions->errorHandler(2, 'Undefined array key "Keterangan"', 'E:\\Project\\klinik-bersalin\\app\\Views\\page\\content\\pembayaran.php', 75)
 2 SYSTEMPATH\View\View.php(234): include('E:\\Project\\klinik-bersalin\\app\\Views\\page\\content\\pembayaran.php')
 3 SYSTEMPATH\View\View.php(237): CodeIgniter\View\View->CodeIgniter\View\{closure}()
 4 SYSTEMPATH\Common.php(1171): CodeIgniter\View\View->render('page/content/pembayaran', [], true)
 5 APPPATH\Controllers\Menu.php(745): view('page/content/pembayaran', [...])
 6 SYSTEMPATH\CodeIgniter.php(933): App\Controllers\Menu->pembayaran()
 7 SYSTEMPATH\CodeIgniter.php(509): CodeIgniter\CodeIgniter->runController(Object(App\Controllers\Menu))
 8 SYSTEMPATH\CodeIgniter.php(355): CodeIgniter\CodeIgniter->handleRequest(null, Object(Config\Cache), false)
 9 SYSTEMPATH\Boot.php(325): CodeIgniter\CodeIgniter->run()
10 SYSTEMPATH\Boot.php(67): CodeIgniter\Boot::runCodeIgniter(Object(CodeIgniter\CodeIgniter))
11 FCPATH\index.php(56): CodeIgniter\Boot::bootWeb(Object(Config\Paths))
12 SYSTEMPATH\rewrite.php(44): require_once('E:\\Project\\klinik-bersalin\\public\\index.php')
INFO - 2024-07-28 11:34:45 --> Session: Class initialized using 'CodeIgniter\Session\Handlers\FileHandler' driver.
INFO - 2024-07-28 11:34:55 --> Session: Class initialized using 'CodeIgniter\Session\Handlers\FileHandler' driver.
INFO - 2024-07-28 11:38:44 --> Session: Class initialized using 'CodeIgniter\Session\Handlers\FileHandler' driver.
INFO - 2024-07-28 11:39:15 --> Session: Class initialized using 'CodeIgniter\Session\Handlers\FileHandler' driver.
INFO - 2024-07-28 11:40:10 --> Session: Class initialized using 'CodeIgniter\Session\Handlers\FileHandler' driver.
INFO - 2024-07-28 11:40:15 --> Session: Class initialized using 'CodeIgniter\Session\Handlers\FileHandler' driver.
INFO - 2024-07-28 11:40:36 --> Session: Class initialized using 'CodeIgniter\Session\Handlers\FileHandler' driver.
INFO - 2024-07-28 11:41:32 --> Session: Class initialized using 'CodeIgniter\Session\Handlers\FileHandler' driver.
INFO - 2024-07-28 11:41:51 --> Session: Class initialized using 'CodeIgniter\Session\Handlers\FileHandler' driver.
INFO - 2024-07-28 11:43:42 --> Session: Class initialized using 'CodeIgniter\Session\Handlers\FileHandler' driver.
INFO - 2024-07-28 11:43:55 --> Session: Class initialized using 'CodeIgniter\Session\Handlers\FileHandler' driver.
INFO - 2024-07-28 11:43:58 --> Session: Class initialized using 'CodeIgniter\Session\Handlers\FileHandler' driver.
INFO - 2024-07-28 11:43:58 --> Session: Class initialized using 'CodeIgniter\Session\Handlers\FileHandler' driver.
INFO - 2024-07-28 11:44:04 --> Session: Class initialized using 'CodeIgniter\Session\Handlers\FileHandler' driver.
INFO - 2024-07-28 11:44:06 --> Session: Class initialized using 'CodeIgniter\Session\Handlers\FileHandler' driver.
INFO - 2024-07-28 11:45:47 --> Session: Class initialized using 'CodeIgniter\Session\Handlers\FileHandler' driver.
INFO - 2024-07-28 11:46:15 --> Session: Class initialized using 'CodeIgniter\Session\Handlers\FileHandler' driver.
INFO - 2024-07-28 11:46:28 --> Session: Class initialized using 'CodeIgniter\Session\Handlers\FileHandler' driver.
INFO - 2024-07-28 11:46:28 --> Session: Class initialized using 'CodeIgniter\Session\Handlers\FileHandler' driver.
INFO - 2024-07-28 11:46:33 --> Session: Class initialized using 'CodeIgniter\Session\Handlers\FileHandler' driver.
INFO - 2024-07-28 11:46:33 --> Session: Class initialized using 'CodeIgniter\Session\Handlers\FileHandler' driver.
INFO - 2024-07-28 11:46:35 --> Session: Class initialized using 'CodeIgniter\Session\Handlers\FileHandler' driver.
INFO - 2024-07-28 11:59:06 --> Session: Class initialized using 'CodeIgniter\Session\Handlers\FileHandler' driver.
INFO - 2024-07-28 11:59:10 --> Session: Class initialized using 'CodeIgniter\Session\Handlers\FileHandler' driver.
CRITICAL - 2024-07-28 11:59:20 --> BadMethodCallException: Call to undefined method App\Models\PenggunaanKamarModel::getPenggunaanKamarByIbuID
[Method: GET, Route: fetch-penggunaan-kamar]
in SYSTEMPATH\Model.php on line 932.
 1 APPPATH\Controllers\Menu.php(784): CodeIgniter\Model->__call('getPenggunaanKamarByIbuID', [...])
 2 SYSTEMPATH\CodeIgniter.php(933): App\Controllers\Menu->fetchPenggunaanKamar()
 3 SYSTEMPATH\CodeIgniter.php(509): CodeIgniter\CodeIgniter->runController(Object(App\Controllers\Menu))
 4 SYSTEMPATH\CodeIgniter.php(355): CodeIgniter\CodeIgniter->handleRequest(null, Object(Config\Cache), false)
 5 SYSTEMPATH\Boot.php(325): CodeIgniter\CodeIgniter->run()
 6 SYSTEMPATH\Boot.php(67): CodeIgniter\Boot::runCodeIgniter(Object(CodeIgniter\CodeIgniter))
 7 FCPATH\index.php(56): CodeIgniter\Boot::bootWeb(Object(Config\Paths))
 8 SYSTEMPATH\rewrite.php(44): require_once('E:\\Project\\klinik-bersalin\\public\\index.php')
CRITICAL - 2024-07-28 11:59:20 --> BadMethodCallException: Call to undefined method App\Models\PenggunaanObatModel::getPenggunaanObatByIbuID
[Method: GET, Route: fetch-penggunaan-obat]
in SYSTEMPATH\Model.php on line 932.
 1 APPPATH\Controllers\Menu.php(793): CodeIgniter\Model->__call('getPenggunaanObatByIbuID', [...])
 2 SYSTEMPATH\CodeIgniter.php(933): App\Controllers\Menu->fetchPenggunaanObat()
 3 SYSTEMPATH\CodeIgniter.php(509): CodeIgniter\CodeIgniter->runController(Object(App\Controllers\Menu))
 4 SYSTEMPATH\CodeIgniter.php(355): CodeIgniter\CodeIgniter->handleRequest(null, Object(Config\Cache), false)
 5 SYSTEMPATH\Boot.php(325): CodeIgniter\CodeIgniter->run()
 6 SYSTEMPATH\Boot.php(67): CodeIgniter\Boot::runCodeIgniter(Object(CodeIgniter\CodeIgniter))
 7 FCPATH\index.php(56): CodeIgniter\Boot::bootWeb(Object(Config\Paths))
 8 SYSTEMPATH\rewrite.php(44): require_once('E:\\Project\\klinik-bersalin\\public\\index.php')
INFO - 2024-07-28 12:00:12 --> Session: Class initialized using 'CodeIgniter\Session\Handlers\FileHandler' driver.
INFO - 2024-07-28 12:02:47 --> Session: Class initialized using 'CodeIgniter\Session\Handlers\FileHandler' driver.
ERROR - 2024-07-28 12:02:52 --> mysqli_sql_exception: Unknown column 'penggunaanKamar.kamarID' in 'on clause' in E:\Project\klinik-bersalin\system\Database\MySQLi\Connection.php:312
Stack trace:
#0 E:\Project\klinik-bersalin\system\Database\MySQLi\Connection.php(312): mysqli->query('SELECT *\nFROM `...', 0)
#1 E:\Project\klinik-bersalin\system\Database\BaseConnection.php(734): CodeIgniter\Database\MySQLi\Connection->execute('SELECT *\nFROM `...')
#2 E:\Project\klinik-bersalin\system\Database\BaseConnection.php(648): CodeIgniter\Database\BaseConnection->simpleQuery('SELECT *\nFROM `...')
#3 E:\Project\klinik-bersalin\system\Database\BaseBuilder.php(1636): CodeIgniter\Database\BaseConnection->query('SELECT *\nFROM `...', Array, false)
#4 E:\Project\klinik-bersalin\system\Model.php(286): CodeIgniter\Database\BaseBuilder->get()
#5 E:\Project\klinik-bersalin\system\BaseModel.php(676): CodeIgniter\Model->doFindAll(0, 0)
#6 E:\Project\klinik-bersalin\app\Controllers\Menu.php(783): CodeIgniter\BaseModel->findAll()
#7 E:\Project\klinik-bersalin\system\CodeIgniter.php(933): App\Controllers\Menu->fetchPenggunaanKamar()
#8 E:\Project\klinik-bersalin\system\CodeIgniter.php(509): CodeIgniter\CodeIgniter->runController(Object(App\Controllers\Menu))
#9 E:\Project\klinik-bersalin\system\CodeIgniter.php(355): CodeIgniter\CodeIgniter->handleRequest(NULL, Object(Config\Cache), false)
#10 E:\Project\klinik-bersalin\system\Boot.php(325): CodeIgniter\CodeIgniter->run()
#11 E:\Project\klinik-bersalin\system\Boot.php(67): CodeIgniter\Boot::runCodeIgniter(Object(CodeIgniter\CodeIgniter))
#12 E:\Project\klinik-bersalin\public\index.php(56): CodeIgniter\Boot::bootWeb(Object(Config\Paths))
#13 E:\Project\klinik-bersalin\system\rewrite.php(44): require_once('E:\\Project\\klin...')
#14 {main}
CRITICAL - 2024-07-28 12:02:52 --> CodeIgniter\Database\Exceptions\DatabaseException: Unknown column 'penggunaanKamar.kamarID' in 'on clause'
[Method: GET, Route: fetch-penggunaan-kamar]
in SYSTEMPATH\Database\BaseConnection.php on line 688.
 1 SYSTEMPATH\Database\BaseBuilder.php(1636): CodeIgniter\Database\BaseConnection->query('SELECT *
FROM `penggunaan_kamar`
JOIN `kamar` ON `kamar`.`kamarID`=`penggunaanKamar`.`kamarID`
WHERE `ibuID` = :ibuID:', [...], false)
 2 SYSTEMPATH\Model.php(286): CodeIgniter\Database\BaseBuilder->get()
 3 SYSTEMPATH\BaseModel.php(676): CodeIgniter\Model->doFindAll(0, 0)
 4 APPPATH\Controllers\Menu.php(783): CodeIgniter\BaseModel->findAll()
 5 SYSTEMPATH\CodeIgniter.php(933): App\Controllers\Menu->fetchPenggunaanKamar()
 6 SYSTEMPATH\CodeIgniter.php(509): CodeIgniter\CodeIgniter->runController(Object(App\Controllers\Menu))
 7 SYSTEMPATH\CodeIgniter.php(355): CodeIgniter\CodeIgniter->handleRequest(null, Object(Config\Cache), false)
 8 SYSTEMPATH\Boot.php(325): CodeIgniter\CodeIgniter->run()
 9 SYSTEMPATH\Boot.php(67): CodeIgniter\Boot::runCodeIgniter(Object(CodeIgniter\CodeIgniter))
10 FCPATH\index.php(56): CodeIgniter\Boot::bootWeb(Object(Config\Paths))
11 SYSTEMPATH\rewrite.php(44): require_once('E:\\Project\\klinik-bersalin\\public\\index.php')
CRITICAL - 2024-07-28 12:02:52 --> [Caused by] CodeIgniter\Database\Exceptions\DatabaseException: Unknown column 'penggunaanKamar.kamarID' in 'on clause'
in SYSTEMPATH\Database\MySQLi\Connection.php on line 317.
 1 SYSTEMPATH\Database\BaseConnection.php(734): CodeIgniter\Database\MySQLi\Connection->execute('SELECT *
FROM `penggunaan_kamar`
JOIN `kamar` ON `kamar`.`kamarID`=`penggunaanKamar`.`kamarID`
WHERE `ibuID` = \'IBU001\'')
 2 SYSTEMPATH\Database\BaseConnection.php(648): CodeIgniter\Database\BaseConnection->simpleQuery('SELECT *
FROM `penggunaan_kamar`
JOIN `kamar` ON `kamar`.`kamarID`=`penggunaanKamar`.`kamarID`
WHERE `ibuID` = \'IBU001\'')
 3 SYSTEMPATH\Database\BaseBuilder.php(1636): CodeIgniter\Database\BaseConnection->query('SELECT *
FROM `penggunaan_kamar`
JOIN `kamar` ON `kamar`.`kamarID`=`penggunaanKamar`.`kamarID`
WHERE `ibuID` = :ibuID:', [...], false)
 4 SYSTEMPATH\Model.php(286): CodeIgniter\Database\BaseBuilder->get()
 5 SYSTEMPATH\BaseModel.php(676): CodeIgniter\Model->doFindAll(0, 0)
 6 APPPATH\Controllers\Menu.php(783): CodeIgniter\BaseModel->findAll()
 7 SYSTEMPATH\CodeIgniter.php(933): App\Controllers\Menu->fetchPenggunaanKamar()
 8 SYSTEMPATH\CodeIgniter.php(509): CodeIgniter\CodeIgniter->runController(Object(App\Controllers\Menu))
 9 SYSTEMPATH\CodeIgniter.php(355): CodeIgniter\CodeIgniter->handleRequest(null, Object(Config\Cache), false)
10 SYSTEMPATH\Boot.php(325): CodeIgniter\CodeIgniter->run()
11 SYSTEMPATH\Boot.php(67): CodeIgniter\Boot::runCodeIgniter(Object(CodeIgniter\CodeIgniter))
12 FCPATH\index.php(56): CodeIgniter\Boot::bootWeb(Object(Config\Paths))
13 SYSTEMPATH\rewrite.php(44): require_once('E:\\Project\\klinik-bersalin\\public\\index.php')
CRITICAL - 2024-07-28 12:02:52 --> [Caused by] mysqli_sql_exception: Unknown column 'penggunaanKamar.kamarID' in 'on clause'
in SYSTEMPATH\Database\MySQLi\Connection.php on line 312.
 1 SYSTEMPATH\Database\MySQLi\Connection.php(312): mysqli->query('SELECT *
FROM `penggunaan_kamar`
JOIN `kamar` ON `kamar`.`kamarID`=`penggunaanKamar`.`kamarID`
WHERE `ibuID` = \'IBU001\'', 0)
 2 SYSTEMPATH\Database\BaseConnection.php(734): CodeIgniter\Database\MySQLi\Connection->execute('SELECT *
FROM `penggunaan_kamar`
JOIN `kamar` ON `kamar`.`kamarID`=`penggunaanKamar`.`kamarID`
WHERE `ibuID` = \'IBU001\'')
 3 SYSTEMPATH\Database\BaseConnection.php(648): CodeIgniter\Database\BaseConnection->simpleQuery('SELECT *
FROM `penggunaan_kamar`
JOIN `kamar` ON `kamar`.`kamarID`=`penggunaanKamar`.`kamarID`
WHERE `ibuID` = \'IBU001\'')
 4 SYSTEMPATH\Database\BaseBuilder.php(1636): CodeIgniter\Database\BaseConnection->query('SELECT *
FROM `penggunaan_kamar`
JOIN `kamar` ON `kamar`.`kamarID`=`penggunaanKamar`.`kamarID`
WHERE `ibuID` = :ibuID:', [...], false)
 5 SYSTEMPATH\Model.php(286): CodeIgniter\Database\BaseBuilder->get()
 6 SYSTEMPATH\BaseModel.php(676): CodeIgniter\Model->doFindAll(0, 0)
 7 APPPATH\Controllers\Menu.php(783): CodeIgniter\BaseModel->findAll()
 8 SYSTEMPATH\CodeIgniter.php(933): App\Controllers\Menu->fetchPenggunaanKamar()
 9 SYSTEMPATH\CodeIgniter.php(509): CodeIgniter\CodeIgniter->runController(Object(App\Controllers\Menu))
10 SYSTEMPATH\CodeIgniter.php(355): CodeIgniter\CodeIgniter->handleRequest(null, Object(Config\Cache), false)
11 SYSTEMPATH\Boot.php(325): CodeIgniter\CodeIgniter->run()
12 SYSTEMPATH\Boot.php(67): CodeIgniter\Boot::runCodeIgniter(Object(CodeIgniter\CodeIgniter))
13 FCPATH\index.php(56): CodeIgniter\Boot::bootWeb(Object(Config\Paths))
14 SYSTEMPATH\rewrite.php(44): require_once('E:\\Project\\klinik-bersalin\\public\\index.php')
ERROR - 2024-07-28 12:02:52 --> mysqli_sql_exception: Column 'ibuID' in where clause is ambiguous in E:\Project\klinik-bersalin\system\Database\MySQLi\Connection.php:312
Stack trace:
#0 E:\Project\klinik-bersalin\system\Database\MySQLi\Connection.php(312): mysqli->query('SELECT *\nFROM `...', 0)
#1 E:\Project\klinik-bersalin\system\Database\BaseConnection.php(734): CodeIgniter\Database\MySQLi\Connection->execute('SELECT *\nFROM `...')
#2 E:\Project\klinik-bersalin\system\Database\BaseConnection.php(648): CodeIgniter\Database\BaseConnection->simpleQuery('SELECT *\nFROM `...')
#3 E:\Project\klinik-bersalin\system\Database\BaseBuilder.php(1636): CodeIgniter\Database\BaseConnection->query('SELECT *\nFROM `...', Array, false)
#4 E:\Project\klinik-bersalin\system\Model.php(286): CodeIgniter\Database\BaseBuilder->get()
#5 E:\Project\klinik-bersalin\system\BaseModel.php(676): CodeIgniter\Model->doFindAll(0, 0)
#6 E:\Project\klinik-bersalin\app\Controllers\Menu.php(791): CodeIgniter\BaseModel->findAll()
#7 E:\Project\klinik-bersalin\system\CodeIgniter.php(933): App\Controllers\Menu->fetchPenggunaanObat()
#8 E:\Project\klinik-bersalin\system\CodeIgniter.php(509): CodeIgniter\CodeIgniter->runController(Object(App\Controllers\Menu))
#9 E:\Project\klinik-bersalin\system\CodeIgniter.php(355): CodeIgniter\CodeIgniter->handleRequest(NULL, Object(Config\Cache), false)
#10 E:\Project\klinik-bersalin\system\Boot.php(325): CodeIgniter\CodeIgniter->run()
#11 E:\Project\klinik-bersalin\system\Boot.php(67): CodeIgniter\Boot::runCodeIgniter(Object(CodeIgniter\CodeIgniter))
#12 E:\Project\klinik-bersalin\public\index.php(56): CodeIgniter\Boot::bootWeb(Object(Config\Paths))
#13 E:\Project\klinik-bersalin\system\rewrite.php(44): require_once('E:\\Project\\klin...')
#14 {main}
CRITICAL - 2024-07-28 12:02:52 --> CodeIgniter\Database\Exceptions\DatabaseException: Column 'ibuID' in where clause is ambiguous
[Method: GET, Route: fetch-penggunaan-obat]
in SYSTEMPATH\Database\BaseConnection.php on line 688.
 1 SYSTEMPATH\Database\BaseBuilder.php(1636): CodeIgniter\Database\BaseConnection->query('SELECT *
FROM `penggunaan_obat`
JOIN `ibu` ON `ibu`.`ibuID` = `penggunaan_obat`.`ibuID`
WHERE `ibuID` = :ibuID:', [...], false)
 2 SYSTEMPATH\Model.php(286): CodeIgniter\Database\BaseBuilder->get()
 3 SYSTEMPATH\BaseModel.php(676): CodeIgniter\Model->doFindAll(0, 0)
 4 APPPATH\Controllers\Menu.php(791): CodeIgniter\BaseModel->findAll()
 5 SYSTEMPATH\CodeIgniter.php(933): App\Controllers\Menu->fetchPenggunaanObat()
 6 SYSTEMPATH\CodeIgniter.php(509): CodeIgniter\CodeIgniter->runController(Object(App\Controllers\Menu))
 7 SYSTEMPATH\CodeIgniter.php(355): CodeIgniter\CodeIgniter->handleRequest(null, Object(Config\Cache), false)
 8 SYSTEMPATH\Boot.php(325): CodeIgniter\CodeIgniter->run()
 9 SYSTEMPATH\Boot.php(67): CodeIgniter\Boot::runCodeIgniter(Object(CodeIgniter\CodeIgniter))
10 FCPATH\index.php(56): CodeIgniter\Boot::bootWeb(Object(Config\Paths))
11 SYSTEMPATH\rewrite.php(44): require_once('E:\\Project\\klinik-bersalin\\public\\index.php')
CRITICAL - 2024-07-28 12:02:52 --> [Caused by] CodeIgniter\Database\Exceptions\DatabaseException: Column 'ibuID' in where clause is ambiguous
in SYSTEMPATH\Database\MySQLi\Connection.php on line 317.
 1 SYSTEMPATH\Database\BaseConnection.php(734): CodeIgniter\Database\MySQLi\Connection->execute('SELECT *
FROM `penggunaan_obat`
JOIN `ibu` ON `ibu`.`ibuID` = `penggunaan_obat`.`ibuID`
WHERE `ibuID` = \'IBU001\'')
 2 SYSTEMPATH\Database\BaseConnection.php(648): CodeIgniter\Database\BaseConnection->simpleQuery('SELECT *
FROM `penggunaan_obat`
JOIN `ibu` ON `ibu`.`ibuID` = `penggunaan_obat`.`ibuID`
WHERE `ibuID` = \'IBU001\'')
 3 SYSTEMPATH\Database\BaseBuilder.php(1636): CodeIgniter\Database\BaseConnection->query('SELECT *
FROM `penggunaan_obat`
JOIN `ibu` ON `ibu`.`ibuID` = `penggunaan_obat`.`ibuID`
WHERE `ibuID` = :ibuID:', [...], false)
 4 SYSTEMPATH\Model.php(286): CodeIgniter\Database\BaseBuilder->get()
 5 SYSTEMPATH\BaseModel.php(676): CodeIgniter\Model->doFindAll(0, 0)
 6 APPPATH\Controllers\Menu.php(791): CodeIgniter\BaseModel->findAll()
 7 SYSTEMPATH\CodeIgniter.php(933): App\Controllers\Menu->fetchPenggunaanObat()
 8 SYSTEMPATH\CodeIgniter.php(509): CodeIgniter\CodeIgniter->runController(Object(App\Controllers\Menu))
 9 SYSTEMPATH\CodeIgniter.php(355): CodeIgniter\CodeIgniter->handleRequest(null, Object(Config\Cache), false)
10 SYSTEMPATH\Boot.php(325): CodeIgniter\CodeIgniter->run()
11 SYSTEMPATH\Boot.php(67): CodeIgniter\Boot::runCodeIgniter(Object(CodeIgniter\CodeIgniter))
12 FCPATH\index.php(56): CodeIgniter\Boot::bootWeb(Object(Config\Paths))
13 SYSTEMPATH\rewrite.php(44): require_once('E:\\Project\\klinik-bersalin\\public\\index.php')
CRITICAL - 2024-07-28 12:02:52 --> [Caused by] mysqli_sql_exception: Column 'ibuID' in where clause is ambiguous
in SYSTEMPATH\Database\MySQLi\Connection.php on line 312.
 1 SYSTEMPATH\Database\MySQLi\Connection.php(312): mysqli->query('SELECT *
FROM `penggunaan_obat`
JOIN `ibu` ON `ibu`.`ibuID` = `penggunaan_obat`.`ibuID`
WHERE `ibuID` = \'IBU001\'', 0)
 2 SYSTEMPATH\Database\BaseConnection.php(734): CodeIgniter\Database\MySQLi\Connection->execute('SELECT *
FROM `penggunaan_obat`
JOIN `ibu` ON `ibu`.`ibuID` = `penggunaan_obat`.`ibuID`
WHERE `ibuID` = \'IBU001\'')
 3 SYSTEMPATH\Database\BaseConnection.php(648): CodeIgniter\Database\BaseConnection->simpleQuery('SELECT *
FROM `penggunaan_obat`
JOIN `ibu` ON `ibu`.`ibuID` = `penggunaan_obat`.`ibuID`
WHERE `ibuID` = \'IBU001\'')
 4 SYSTEMPATH\Database\BaseBuilder.php(1636): CodeIgniter\Database\BaseConnection->query('SELECT *
FROM `penggunaan_obat`
JOIN `ibu` ON `ibu`.`ibuID` = `penggunaan_obat`.`ibuID`
WHERE `ibuID` = :ibuID:', [...], false)
 5 SYSTEMPATH\Model.php(286): CodeIgniter\Database\BaseBuilder->get()
 6 SYSTEMPATH\BaseModel.php(676): CodeIgniter\Model->doFindAll(0, 0)
 7 APPPATH\Controllers\Menu.php(791): CodeIgniter\BaseModel->findAll()
 8 SYSTEMPATH\CodeIgniter.php(933): App\Controllers\Menu->fetchPenggunaanObat()
 9 SYSTEMPATH\CodeIgniter.php(509): CodeIgniter\CodeIgniter->runController(Object(App\Controllers\Menu))
10 SYSTEMPATH\CodeIgniter.php(355): CodeIgniter\CodeIgniter->handleRequest(null, Object(Config\Cache), false)
11 SYSTEMPATH\Boot.php(325): CodeIgniter\CodeIgniter->run()
12 SYSTEMPATH\Boot.php(67): CodeIgniter\Boot::runCodeIgniter(Object(CodeIgniter\CodeIgniter))
13 FCPATH\index.php(56): CodeIgniter\Boot::bootWeb(Object(Config\Paths))
14 SYSTEMPATH\rewrite.php(44): require_once('E:\\Project\\klinik-bersalin\\public\\index.php')
ERROR - 2024-07-28 12:03:06 --> mysqli_sql_exception: Unknown column 'penggunaanKamar.kamarID' in 'on clause' in E:\Project\klinik-bersalin\system\Database\MySQLi\Connection.php:312
Stack trace:
#0 E:\Project\klinik-bersalin\system\Database\MySQLi\Connection.php(312): mysqli->query('SELECT *\nFROM `...', 0)
#1 E:\Project\klinik-bersalin\system\Database\BaseConnection.php(734): CodeIgniter\Database\MySQLi\Connection->execute('SELECT *\nFROM `...')
#2 E:\Project\klinik-bersalin\system\Database\BaseConnection.php(648): CodeIgniter\Database\BaseConnection->simpleQuery('SELECT *\nFROM `...')
#3 E:\Project\klinik-bersalin\system\Database\BaseBuilder.php(1636): CodeIgniter\Database\BaseConnection->query('SELECT *\nFROM `...', Array, false)
#4 E:\Project\klinik-bersalin\system\Model.php(286): CodeIgniter\Database\BaseBuilder->get()
#5 E:\Project\klinik-bersalin\system\BaseModel.php(676): CodeIgniter\Model->doFindAll(0, 0)
#6 E:\Project\klinik-bersalin\app\Controllers\Menu.php(783): CodeIgniter\BaseModel->findAll()
#7 E:\Project\klinik-bersalin\system\CodeIgniter.php(933): App\Controllers\Menu->fetchPenggunaanKamar()
#8 E:\Project\klinik-bersalin\system\CodeIgniter.php(509): CodeIgniter\CodeIgniter->runController(Object(App\Controllers\Menu))
#9 E:\Project\klinik-bersalin\system\CodeIgniter.php(355): CodeIgniter\CodeIgniter->handleRequest(NULL, Object(Config\Cache), false)
#10 E:\Project\klinik-bersalin\system\Boot.php(325): CodeIgniter\CodeIgniter->run()
#11 E:\Project\klinik-bersalin\system\Boot.php(67): CodeIgniter\Boot::runCodeIgniter(Object(CodeIgniter\CodeIgniter))
#12 E:\Project\klinik-bersalin\public\index.php(56): CodeIgniter\Boot::bootWeb(Object(Config\Paths))
#13 E:\Project\klinik-bersalin\system\rewrite.php(44): require_once('E:\\Project\\klin...')
#14 {main}
CRITICAL - 2024-07-28 12:03:06 --> CodeIgniter\Database\Exceptions\DatabaseException: Unknown column 'penggunaanKamar.kamarID' in 'on clause'
[Method: GET, Route: fetch-penggunaan-kamar]
in SYSTEMPATH\Database\BaseConnection.php on line 688.
 1 SYSTEMPATH\Database\BaseBuilder.php(1636): CodeIgniter\Database\BaseConnection->query('SELECT *
FROM `penggunaan_kamar`
JOIN `kamar` ON `kamar`.`kamarID`=`penggunaanKamar`.`kamarID`
WHERE `ibuID` = :ibuID:', [...], false)
 2 SYSTEMPATH\Model.php(286): CodeIgniter\Database\BaseBuilder->get()
 3 SYSTEMPATH\BaseModel.php(676): CodeIgniter\Model->doFindAll(0, 0)
 4 APPPATH\Controllers\Menu.php(783): CodeIgniter\BaseModel->findAll()
 5 SYSTEMPATH\CodeIgniter.php(933): App\Controllers\Menu->fetchPenggunaanKamar()
 6 SYSTEMPATH\CodeIgniter.php(509): CodeIgniter\CodeIgniter->runController(Object(App\Controllers\Menu))
 7 SYSTEMPATH\CodeIgniter.php(355): CodeIgniter\CodeIgniter->handleRequest(null, Object(Config\Cache), false)
 8 SYSTEMPATH\Boot.php(325): CodeIgniter\CodeIgniter->run()
 9 SYSTEMPATH\Boot.php(67): CodeIgniter\Boot::runCodeIgniter(Object(CodeIgniter\CodeIgniter))
10 FCPATH\index.php(56): CodeIgniter\Boot::bootWeb(Object(Config\Paths))
11 SYSTEMPATH\rewrite.php(44): require_once('E:\\Project\\klinik-bersalin\\public\\index.php')
CRITICAL - 2024-07-28 12:03:06 --> [Caused by] CodeIgniter\Database\Exceptions\DatabaseException: Unknown column 'penggunaanKamar.kamarID' in 'on clause'
in SYSTEMPATH\Database\MySQLi\Connection.php on line 317.
 1 SYSTEMPATH\Database\BaseConnection.php(734): CodeIgniter\Database\MySQLi\Connection->execute('SELECT *
FROM `penggunaan_kamar`
JOIN `kamar` ON `kamar`.`kamarID`=`penggunaanKamar`.`kamarID`
WHERE `ibuID` = \'IBU001\'')
 2 SYSTEMPATH\Database\BaseConnection.php(648): CodeIgniter\Database\BaseConnection->simpleQuery('SELECT *
FROM `penggunaan_kamar`
JOIN `kamar` ON `kamar`.`kamarID`=`penggunaanKamar`.`kamarID`
WHERE `ibuID` = \'IBU001\'')
 3 SYSTEMPATH\Database\BaseBuilder.php(1636): CodeIgniter\Database\BaseConnection->query('SELECT *
FROM `penggunaan_kamar`
JOIN `kamar` ON `kamar`.`kamarID`=`penggunaanKamar`.`kamarID`
WHERE `ibuID` = :ibuID:', [...], false)
 4 SYSTEMPATH\Model.php(286): CodeIgniter\Database\BaseBuilder->get()
 5 SYSTEMPATH\BaseModel.php(676): CodeIgniter\Model->doFindAll(0, 0)
 6 APPPATH\Controllers\Menu.php(783): CodeIgniter\BaseModel->findAll()
 7 SYSTEMPATH\CodeIgniter.php(933): App\Controllers\Menu->fetchPenggunaanKamar()
 8 SYSTEMPATH\CodeIgniter.php(509): CodeIgniter\CodeIgniter->runController(Object(App\Controllers\Menu))
 9 SYSTEMPATH\CodeIgniter.php(355): CodeIgniter\CodeIgniter->handleRequest(null, Object(Config\Cache), false)
10 SYSTEMPATH\Boot.php(325): CodeIgniter\CodeIgniter->run()
11 SYSTEMPATH\Boot.php(67): CodeIgniter\Boot::runCodeIgniter(Object(CodeIgniter\CodeIgniter))
12 FCPATH\index.php(56): CodeIgniter\Boot::bootWeb(Object(Config\Paths))
13 SYSTEMPATH\rewrite.php(44): require_once('E:\\Project\\klinik-bersalin\\public\\index.php')
CRITICAL - 2024-07-28 12:03:06 --> [Caused by] mysqli_sql_exception: Unknown column 'penggunaanKamar.kamarID' in 'on clause'
in SYSTEMPATH\Database\MySQLi\Connection.php on line 312.
 1 SYSTEMPATH\Database\MySQLi\Connection.php(312): mysqli->query('SELECT *
FROM `penggunaan_kamar`
JOIN `kamar` ON `kamar`.`kamarID`=`penggunaanKamar`.`kamarID`
WHERE `ibuID` = \'IBU001\'', 0)
 2 SYSTEMPATH\Database\BaseConnection.php(734): CodeIgniter\Database\MySQLi\Connection->execute('SELECT *
FROM `penggunaan_kamar`
JOIN `kamar` ON `kamar`.`kamarID`=`penggunaanKamar`.`kamarID`
WHERE `ibuID` = \'IBU001\'')
 3 SYSTEMPATH\Database\BaseConnection.php(648): CodeIgniter\Database\BaseConnection->simpleQuery('SELECT *
FROM `penggunaan_kamar`
JOIN `kamar` ON `kamar`.`kamarID`=`penggunaanKamar`.`kamarID`
WHERE `ibuID` = \'IBU001\'')
 4 SYSTEMPATH\Database\BaseBuilder.php(1636): CodeIgniter\Database\BaseConnection->query('SELECT *
FROM `penggunaan_kamar`
JOIN `kamar` ON `kamar`.`kamarID`=`penggunaanKamar`.`kamarID`
WHERE `ibuID` = :ibuID:', [...], false)
 5 SYSTEMPATH\Model.php(286): CodeIgniter\Database\BaseBuilder->get()
 6 SYSTEMPATH\BaseModel.php(676): CodeIgniter\Model->doFindAll(0, 0)
 7 APPPATH\Controllers\Menu.php(783): CodeIgniter\BaseModel->findAll()
 8 SYSTEMPATH\CodeIgniter.php(933): App\Controllers\Menu->fetchPenggunaanKamar()
 9 SYSTEMPATH\CodeIgniter.php(509): CodeIgniter\CodeIgniter->runController(Object(App\Controllers\Menu))
10 SYSTEMPATH\CodeIgniter.php(355): CodeIgniter\CodeIgniter->handleRequest(null, Object(Config\Cache), false)
11 SYSTEMPATH\Boot.php(325): CodeIgniter\CodeIgniter->run()
12 SYSTEMPATH\Boot.php(67): CodeIgniter\Boot::runCodeIgniter(Object(CodeIgniter\CodeIgniter))
13 FCPATH\index.php(56): CodeIgniter\Boot::bootWeb(Object(Config\Paths))
14 SYSTEMPATH\rewrite.php(44): require_once('E:\\Project\\klinik-bersalin\\public\\index.php')
ERROR - 2024-07-28 12:03:21 --> mysqli_sql_exception: Column 'ibuID' in where clause is ambiguous in E:\Project\klinik-bersalin\system\Database\MySQLi\Connection.php:312
Stack trace:
#0 E:\Project\klinik-bersalin\system\Database\MySQLi\Connection.php(312): mysqli->query('SELECT *\nFROM `...', 0)
#1 E:\Project\klinik-bersalin\system\Database\BaseConnection.php(734): CodeIgniter\Database\MySQLi\Connection->execute('SELECT *\nFROM `...')
#2 E:\Project\klinik-bersalin\system\Database\BaseConnection.php(648): CodeIgniter\Database\BaseConnection->simpleQuery('SELECT *\nFROM `...')
#3 E:\Project\klinik-bersalin\system\Database\BaseBuilder.php(1636): CodeIgniter\Database\BaseConnection->query('SELECT *\nFROM `...', Array, false)
#4 E:\Project\klinik-bersalin\system\Model.php(286): CodeIgniter\Database\BaseBuilder->get()
#5 E:\Project\klinik-bersalin\system\BaseModel.php(676): CodeIgniter\Model->doFindAll(0, 0)
#6 E:\Project\klinik-bersalin\app\Controllers\Menu.php(791): CodeIgniter\BaseModel->findAll()
#7 E:\Project\klinik-bersalin\system\CodeIgniter.php(933): App\Controllers\Menu->fetchPenggunaanObat()
#8 E:\Project\klinik-bersalin\system\CodeIgniter.php(509): CodeIgniter\CodeIgniter->runController(Object(App\Controllers\Menu))
#9 E:\Project\klinik-bersalin\system\CodeIgniter.php(355): CodeIgniter\CodeIgniter->handleRequest(NULL, Object(Config\Cache), false)
#10 E:\Project\klinik-bersalin\system\Boot.php(325): CodeIgniter\CodeIgniter->run()
#11 E:\Project\klinik-bersalin\system\Boot.php(67): CodeIgniter\Boot::runCodeIgniter(Object(CodeIgniter\CodeIgniter))
#12 E:\Project\klinik-bersalin\public\index.php(56): CodeIgniter\Boot::bootWeb(Object(Config\Paths))
#13 E:\Project\klinik-bersalin\system\rewrite.php(44): require_once('E:\\Project\\klin...')
#14 {main}
CRITICAL - 2024-07-28 12:03:21 --> CodeIgniter\Database\Exceptions\DatabaseException: Column 'ibuID' in where clause is ambiguous
[Method: GET, Route: fetch-penggunaan-obat]
in SYSTEMPATH\Database\BaseConnection.php on line 688.
 1 SYSTEMPATH\Database\BaseBuilder.php(1636): CodeIgniter\Database\BaseConnection->query('SELECT *
FROM `penggunaan_obat`
JOIN `ibu` ON `ibu`.`ibuID` = `penggunaan_obat`.`ibuID`
WHERE `ibuID` = :ibuID:', [...], false)
 2 SYSTEMPATH\Model.php(286): CodeIgniter\Database\BaseBuilder->get()
 3 SYSTEMPATH\BaseModel.php(676): CodeIgniter\Model->doFindAll(0, 0)
 4 APPPATH\Controllers\Menu.php(791): CodeIgniter\BaseModel->findAll()
 5 SYSTEMPATH\CodeIgniter.php(933): App\Controllers\Menu->fetchPenggunaanObat()
 6 SYSTEMPATH\CodeIgniter.php(509): CodeIgniter\CodeIgniter->runController(Object(App\Controllers\Menu))
 7 SYSTEMPATH\CodeIgniter.php(355): CodeIgniter\CodeIgniter->handleRequest(null, Object(Config\Cache), false)
 8 SYSTEMPATH\Boot.php(325): CodeIgniter\CodeIgniter->run()
 9 SYSTEMPATH\Boot.php(67): CodeIgniter\Boot::runCodeIgniter(Object(CodeIgniter\CodeIgniter))
10 FCPATH\index.php(56): CodeIgniter\Boot::bootWeb(Object(Config\Paths))
11 SYSTEMPATH\rewrite.php(44): require_once('E:\\Project\\klinik-bersalin\\public\\index.php')
CRITICAL - 2024-07-28 12:03:21 --> [Caused by] CodeIgniter\Database\Exceptions\DatabaseException: Column 'ibuID' in where clause is ambiguous
in SYSTEMPATH\Database\MySQLi\Connection.php on line 317.
 1 SYSTEMPATH\Database\BaseConnection.php(734): CodeIgniter\Database\MySQLi\Connection->execute('SELECT *
FROM `penggunaan_obat`
JOIN `ibu` ON `ibu`.`ibuID` = `penggunaan_obat`.`ibuID`
WHERE `ibuID` = \'IBU001\'')
 2 SYSTEMPATH\Database\BaseConnection.php(648): CodeIgniter\Database\BaseConnection->simpleQuery('SELECT *
FROM `penggunaan_obat`
JOIN `ibu` ON `ibu`.`ibuID` = `penggunaan_obat`.`ibuID`
WHERE `ibuID` = \'IBU001\'')
 3 SYSTEMPATH\Database\BaseBuilder.php(1636): CodeIgniter\Database\BaseConnection->query('SELECT *
FROM `penggunaan_obat`
JOIN `ibu` ON `ibu`.`ibuID` = `penggunaan_obat`.`ibuID`
WHERE `ibuID` = :ibuID:', [...], false)
 4 SYSTEMPATH\Model.php(286): CodeIgniter\Database\BaseBuilder->get()
 5 SYSTEMPATH\BaseModel.php(676): CodeIgniter\Model->doFindAll(0, 0)
 6 APPPATH\Controllers\Menu.php(791): CodeIgniter\BaseModel->findAll()
 7 SYSTEMPATH\CodeIgniter.php(933): App\Controllers\Menu->fetchPenggunaanObat()
 8 SYSTEMPATH\CodeIgniter.php(509): CodeIgniter\CodeIgniter->runController(Object(App\Controllers\Menu))
 9 SYSTEMPATH\CodeIgniter.php(355): CodeIgniter\CodeIgniter->handleRequest(null, Object(Config\Cache), false)
10 SYSTEMPATH\Boot.php(325): CodeIgniter\CodeIgniter->run()
11 SYSTEMPATH\Boot.php(67): CodeIgniter\Boot::runCodeIgniter(Object(CodeIgniter\CodeIgniter))
12 FCPATH\index.php(56): CodeIgniter\Boot::bootWeb(Object(Config\Paths))
13 SYSTEMPATH\rewrite.php(44): require_once('E:\\Project\\klinik-bersalin\\public\\index.php')
CRITICAL - 2024-07-28 12:03:21 --> [Caused by] mysqli_sql_exception: Column 'ibuID' in where clause is ambiguous
in SYSTEMPATH\Database\MySQLi\Connection.php on line 312.
 1 SYSTEMPATH\Database\MySQLi\Connection.php(312): mysqli->query('SELECT *
FROM `penggunaan_obat`
JOIN `ibu` ON `ibu`.`ibuID` = `penggunaan_obat`.`ibuID`
WHERE `ibuID` = \'IBU001\'', 0)
 2 SYSTEMPATH\Database\BaseConnection.php(734): CodeIgniter\Database\MySQLi\Connection->execute('SELECT *
FROM `penggunaan_obat`
JOIN `ibu` ON `ibu`.`ibuID` = `penggunaan_obat`.`ibuID`
WHERE `ibuID` = \'IBU001\'')
 3 SYSTEMPATH\Database\BaseConnection.php(648): CodeIgniter\Database\BaseConnection->simpleQuery('SELECT *
FROM `penggunaan_obat`
JOIN `ibu` ON `ibu`.`ibuID` = `penggunaan_obat`.`ibuID`
WHERE `ibuID` = \'IBU001\'')
 4 SYSTEMPATH\Database\BaseBuilder.php(1636): CodeIgniter\Database\BaseConnection->query('SELECT *
FROM `penggunaan_obat`
JOIN `ibu` ON `ibu`.`ibuID` = `penggunaan_obat`.`ibuID`
WHERE `ibuID` = :ibuID:', [...], false)
 5 SYSTEMPATH\Model.php(286): CodeIgniter\Database\BaseBuilder->get()
 6 SYSTEMPATH\BaseModel.php(676): CodeIgniter\Model->doFindAll(0, 0)
 7 APPPATH\Controllers\Menu.php(791): CodeIgniter\BaseModel->findAll()
 8 SYSTEMPATH\CodeIgniter.php(933): App\Controllers\Menu->fetchPenggunaanObat()
 9 SYSTEMPATH\CodeIgniter.php(509): CodeIgniter\CodeIgniter->runController(Object(App\Controllers\Menu))
10 SYSTEMPATH\CodeIgniter.php(355): CodeIgniter\CodeIgniter->handleRequest(null, Object(Config\Cache), false)
11 SYSTEMPATH\Boot.php(325): CodeIgniter\CodeIgniter->run()
12 SYSTEMPATH\Boot.php(67): CodeIgniter\Boot::runCodeIgniter(Object(CodeIgniter\CodeIgniter))
13 FCPATH\index.php(56): CodeIgniter\Boot::bootWeb(Object(Config\Paths))
14 SYSTEMPATH\rewrite.php(44): require_once('E:\\Project\\klinik-bersalin\\public\\index.php')
INFO - 2024-07-28 12:03:43 --> Session: Class initialized using 'CodeIgniter\Session\Handlers\FileHandler' driver.
INFO - 2024-07-28 12:03:56 --> Session: Class initialized using 'CodeIgniter\Session\Handlers\FileHandler' driver.
INFO - 2024-07-28 12:04:21 --> Session: Class initialized using 'CodeIgniter\Session\Handlers\FileHandler' driver.
INFO - 2024-07-28 12:05:00 --> Session: Class initialized using 'CodeIgniter\Session\Handlers\FileHandler' driver.
INFO - 2024-07-28 12:05:13 --> Session: Class initialized using 'CodeIgniter\Session\Handlers\FileHandler' driver.
INFO - 2024-07-28 12:05:16 --> Session: Class initialized using 'CodeIgniter\Session\Handlers\FileHandler' driver.
INFO - 2024-07-28 12:05:54 --> Session: Class initialized using 'CodeIgniter\Session\Handlers\FileHandler' driver.
ERROR - 2024-07-28 12:05:59 --> mysqli_sql_exception: Unknown column 'penggunaan_obat.ibuID' in 'on clause' in E:\Project\klinik-bersalin\system\Database\MySQLi\Connection.php:312
Stack trace:
#0 E:\Project\klinik-bersalin\system\Database\MySQLi\Connection.php(312): mysqli->query('SELECT *\nFROM `...', 0)
#1 E:\Project\klinik-bersalin\system\Database\BaseConnection.php(734): CodeIgniter\Database\MySQLi\Connection->execute('SELECT *\nFROM `...')
#2 E:\Project\klinik-bersalin\system\Database\BaseConnection.php(648): CodeIgniter\Database\BaseConnection->simpleQuery('SELECT *\nFROM `...')
#3 E:\Project\klinik-bersalin\system\Database\BaseBuilder.php(1636): CodeIgniter\Database\BaseConnection->query('SELECT *\nFROM `...', Array, false)
#4 E:\Project\klinik-bersalin\system\Model.php(286): CodeIgniter\Database\BaseBuilder->get()
#5 E:\Project\klinik-bersalin\system\BaseModel.php(676): CodeIgniter\Model->doFindAll(0, 0)
#6 E:\Project\klinik-bersalin\app\Controllers\Menu.php(783): CodeIgniter\BaseModel->findAll()
#7 E:\Project\klinik-bersalin\system\CodeIgniter.php(933): App\Controllers\Menu->fetchPenggunaanKamar()
#8 E:\Project\klinik-bersalin\system\CodeIgniter.php(509): CodeIgniter\CodeIgniter->runController(Object(App\Controllers\Menu))
#9 E:\Project\klinik-bersalin\system\CodeIgniter.php(355): CodeIgniter\CodeIgniter->handleRequest(NULL, Object(Config\Cache), false)
#10 E:\Project\klinik-bersalin\system\Boot.php(325): CodeIgniter\CodeIgniter->run()
#11 E:\Project\klinik-bersalin\system\Boot.php(67): CodeIgniter\Boot::runCodeIgniter(Object(CodeIgniter\CodeIgniter))
#12 E:\Project\klinik-bersalin\public\index.php(56): CodeIgniter\Boot::bootWeb(Object(Config\Paths))
#13 E:\Project\klinik-bersalin\system\rewrite.php(44): require_once('E:\\Project\\klin...')
#14 {main}
CRITICAL - 2024-07-28 12:05:59 --> CodeIgniter\Database\Exceptions\DatabaseException: Unknown column 'penggunaan_obat.ibuID' in 'on clause'
[Method: GET, Route: fetch-penggunaan-kamar]
in SYSTEMPATH\Database\BaseConnection.php on line 688.
 1 SYSTEMPATH\Database\BaseBuilder.php(1636): CodeIgniter\Database\BaseConnection->query('SELECT *
FROM `penggunaan_kamar`
JOIN `kamar` ON `kamar`.`kamarID`=`penggunaan_kamar`.`kamarID`
JOIN `ibu` ON `ibu`.`ibuID` = `penggunaan_obat`.`ibuID`
WHERE `penggunaan_kamar`.`ibuID` = :penggunaan_kamar.ibuID:', [...], false)
 2 SYSTEMPATH\Model.php(286): CodeIgniter\Database\BaseBuilder->get()
 3 SYSTEMPATH\BaseModel.php(676): CodeIgniter\Model->doFindAll(0, 0)
 4 APPPATH\Controllers\Menu.php(783): CodeIgniter\BaseModel->findAll()
 5 SYSTEMPATH\CodeIgniter.php(933): App\Controllers\Menu->fetchPenggunaanKamar()
 6 SYSTEMPATH\CodeIgniter.php(509): CodeIgniter\CodeIgniter->runController(Object(App\Controllers\Menu))
 7 SYSTEMPATH\CodeIgniter.php(355): CodeIgniter\CodeIgniter->handleRequest(null, Object(Config\Cache), false)
 8 SYSTEMPATH\Boot.php(325): CodeIgniter\CodeIgniter->run()
 9 SYSTEMPATH\Boot.php(67): CodeIgniter\Boot::runCodeIgniter(Object(CodeIgniter\CodeIgniter))
10 FCPATH\index.php(56): CodeIgniter\Boot::bootWeb(Object(Config\Paths))
11 SYSTEMPATH\rewrite.php(44): require_once('E:\\Project\\klinik-bersalin\\public\\index.php')
CRITICAL - 2024-07-28 12:05:59 --> [Caused by] CodeIgniter\Database\Exceptions\DatabaseException: Unknown column 'penggunaan_obat.ibuID' in 'on clause'
in SYSTEMPATH\Database\MySQLi\Connection.php on line 317.
 1 SYSTEMPATH\Database\BaseConnection.php(734): CodeIgniter\Database\MySQLi\Connection->execute('SELECT *
FROM `penggunaan_kamar`
JOIN `kamar` ON `kamar`.`kamarID`=`penggunaan_kamar`.`kamarID`
JOIN `ibu` ON `ibu`.`ibuID` = `penggunaan_obat`.`ibuID`
WHERE `penggunaan_kamar`.`ibuID` = \'IBU001\'')
 2 SYSTEMPATH\Database\BaseConnection.php(648): CodeIgniter\Database\BaseConnection->simpleQuery('SELECT *
FROM `penggunaan_kamar`
JOIN `kamar` ON `kamar`.`kamarID`=`penggunaan_kamar`.`kamarID`
JOIN `ibu` ON `ibu`.`ibuID` = `penggunaan_obat`.`ibuID`
WHERE `penggunaan_kamar`.`ibuID` = \'IBU001\'')
 3 SYSTEMPATH\Database\BaseBuilder.php(1636): CodeIgniter\Database\BaseConnection->query('SELECT *
FROM `penggunaan_kamar`
JOIN `kamar` ON `kamar`.`kamarID`=`penggunaan_kamar`.`kamarID`
JOIN `ibu` ON `ibu`.`ibuID` = `penggunaan_obat`.`ibuID`
WHERE `penggunaan_kamar`.`ibuID` = :penggunaan_kamar.ibuID:', [...], false)
 4 SYSTEMPATH\Model.php(286): CodeIgniter\Database\BaseBuilder->get()
 5 SYSTEMPATH\BaseModel.php(676): CodeIgniter\Model->doFindAll(0, 0)
 6 APPPATH\Controllers\Menu.php(783): CodeIgniter\BaseModel->findAll()
 7 SYSTEMPATH\CodeIgniter.php(933): App\Controllers\Menu->fetchPenggunaanKamar()
 8 SYSTEMPATH\CodeIgniter.php(509): CodeIgniter\CodeIgniter->runController(Object(App\Controllers\Menu))
 9 SYSTEMPATH\CodeIgniter.php(355): CodeIgniter\CodeIgniter->handleRequest(null, Object(Config\Cache), false)
10 SYSTEMPATH\Boot.php(325): CodeIgniter\CodeIgniter->run()
11 SYSTEMPATH\Boot.php(67): CodeIgniter\Boot::runCodeIgniter(Object(CodeIgniter\CodeIgniter))
12 FCPATH\index.php(56): CodeIgniter\Boot::bootWeb(Object(Config\Paths))
13 SYSTEMPATH\rewrite.php(44): require_once('E:\\Project\\klinik-bersalin\\public\\index.php')
CRITICAL - 2024-07-28 12:05:59 --> [Caused by] mysqli_sql_exception: Unknown column 'penggunaan_obat.ibuID' in 'on clause'
in SYSTEMPATH\Database\MySQLi\Connection.php on line 312.
 1 SYSTEMPATH\Database\MySQLi\Connection.php(312): mysqli->query('SELECT *
FROM `penggunaan_kamar`
JOIN `kamar` ON `kamar`.`kamarID`=`penggunaan_kamar`.`kamarID`
JOIN `ibu` ON `ibu`.`ibuID` = `penggunaan_obat`.`ibuID`
WHERE `penggunaan_kamar`.`ibuID` = \'IBU001\'', 0)
 2 SYSTEMPATH\Database\BaseConnection.php(734): CodeIgniter\Database\MySQLi\Connection->execute('SELECT *
FROM `penggunaan_kamar`
JOIN `kamar` ON `kamar`.`kamarID`=`penggunaan_kamar`.`kamarID`
JOIN `ibu` ON `ibu`.`ibuID` = `penggunaan_obat`.`ibuID`
WHERE `penggunaan_kamar`.`ibuID` = \'IBU001\'')
 3 SYSTEMPATH\Database\BaseConnection.php(648): CodeIgniter\Database\BaseConnection->simpleQuery('SELECT *
FROM `penggunaan_kamar`
JOIN `kamar` ON `kamar`.`kamarID`=`penggunaan_kamar`.`kamarID`
JOIN `ibu` ON `ibu`.`ibuID` = `penggunaan_obat`.`ibuID`
WHERE `penggunaan_kamar`.`ibuID` = \'IBU001\'')
 4 SYSTEMPATH\Database\BaseBuilder.php(1636): CodeIgniter\Database\BaseConnection->query('SELECT *
FROM `penggunaan_kamar`
JOIN `kamar` ON `kamar`.`kamarID`=`penggunaan_kamar`.`kamarID`
JOIN `ibu` ON `ibu`.`ibuID` = `penggunaan_obat`.`ibuID`
WHERE `penggunaan_kamar`.`ibuID` = :penggunaan_kamar.ibuID:', [...], false)
 5 SYSTEMPATH\Model.php(286): CodeIgniter\Database\BaseBuilder->get()
 6 SYSTEMPATH\BaseModel.php(676): CodeIgniter\Model->doFindAll(0, 0)
 7 APPPATH\Controllers\Menu.php(783): CodeIgniter\BaseModel->findAll()
 8 SYSTEMPATH\CodeIgniter.php(933): App\Controllers\Menu->fetchPenggunaanKamar()
 9 SYSTEMPATH\CodeIgniter.php(509): CodeIgniter\CodeIgniter->runController(Object(App\Controllers\Menu))
10 SYSTEMPATH\CodeIgniter.php(355): CodeIgniter\CodeIgniter->handleRequest(null, Object(Config\Cache), false)
11 SYSTEMPATH\Boot.php(325): CodeIgniter\CodeIgniter->run()
12 SYSTEMPATH\Boot.php(67): CodeIgniter\Boot::runCodeIgniter(Object(CodeIgniter\CodeIgniter))
13 FCPATH\index.php(56): CodeIgniter\Boot::bootWeb(Object(Config\Paths))
14 SYSTEMPATH\rewrite.php(44): require_once('E:\\Project\\klinik-bersalin\\public\\index.php')
INFO - 2024-07-28 12:06:06 --> Session: Class initialized using 'CodeIgniter\Session\Handlers\FileHandler' driver.
ERROR - 2024-07-28 12:06:10 --> mysqli_sql_exception: Unknown column 'penggunaan_obat.ibuID' in 'on clause' in E:\Project\klinik-bersalin\system\Database\MySQLi\Connection.php:312
Stack trace:
#0 E:\Project\klinik-bersalin\system\Database\MySQLi\Connection.php(312): mysqli->query('SELECT *\nFROM `...', 0)
#1 E:\Project\klinik-bersalin\system\Database\BaseConnection.php(734): CodeIgniter\Database\MySQLi\Connection->execute('SELECT *\nFROM `...')
#2 E:\Project\klinik-bersalin\system\Database\BaseConnection.php(648): CodeIgniter\Database\BaseConnection->simpleQuery('SELECT *\nFROM `...')
#3 E:\Project\klinik-bersalin\system\Database\BaseBuilder.php(1636): CodeIgniter\Database\BaseConnection->query('SELECT *\nFROM `...', Array, false)
#4 E:\Project\klinik-bersalin\system\Model.php(286): CodeIgniter\Database\BaseBuilder->get()
#5 E:\Project\klinik-bersalin\system\BaseModel.php(676): CodeIgniter\Model->doFindAll(0, 0)
#6 E:\Project\klinik-bersalin\app\Controllers\Menu.php(783): CodeIgniter\BaseModel->findAll()
#7 E:\Project\klinik-bersalin\system\CodeIgniter.php(933): App\Controllers\Menu->fetchPenggunaanKamar()
#8 E:\Project\klinik-bersalin\system\CodeIgniter.php(509): CodeIgniter\CodeIgniter->runController(Object(App\Controllers\Menu))
#9 E:\Project\klinik-bersalin\system\CodeIgniter.php(355): CodeIgniter\CodeIgniter->handleRequest(NULL, Object(Config\Cache), false)
#10 E:\Project\klinik-bersalin\system\Boot.php(325): CodeIgniter\CodeIgniter->run()
#11 E:\Project\klinik-bersalin\system\Boot.php(67): CodeIgniter\Boot::runCodeIgniter(Object(CodeIgniter\CodeIgniter))
#12 E:\Project\klinik-bersalin\public\index.php(56): CodeIgniter\Boot::bootWeb(Object(Config\Paths))
#13 E:\Project\klinik-bersalin\system\rewrite.php(44): require_once('E:\\Project\\klin...')
#14 {main}
CRITICAL - 2024-07-28 12:06:10 --> CodeIgniter\Database\Exceptions\DatabaseException: Unknown column 'penggunaan_obat.ibuID' in 'on clause'
[Method: GET, Route: fetch-penggunaan-kamar]
in SYSTEMPATH\Database\BaseConnection.php on line 688.
 1 SYSTEMPATH\Database\BaseBuilder.php(1636): CodeIgniter\Database\BaseConnection->query('SELECT *
FROM `penggunaan_kamar`
JOIN `kamar` ON `kamar`.`kamarID`=`penggunaan_kamar`.`kamarID`
JOIN `ibu` ON `ibu`.`ibuID` = `penggunaan_obat`.`ibuID`
WHERE `penggunaan_kamar`.`ibuID` = :penggunaan_kamar.ibuID:', [...], false)
 2 SYSTEMPATH\Model.php(286): CodeIgniter\Database\BaseBuilder->get()
 3 SYSTEMPATH\BaseModel.php(676): CodeIgniter\Model->doFindAll(0, 0)
 4 APPPATH\Controllers\Menu.php(783): CodeIgniter\BaseModel->findAll()
 5 SYSTEMPATH\CodeIgniter.php(933): App\Controllers\Menu->fetchPenggunaanKamar()
 6 SYSTEMPATH\CodeIgniter.php(509): CodeIgniter\CodeIgniter->runController(Object(App\Controllers\Menu))
 7 SYSTEMPATH\CodeIgniter.php(355): CodeIgniter\CodeIgniter->handleRequest(null, Object(Config\Cache), false)
 8 SYSTEMPATH\Boot.php(325): CodeIgniter\CodeIgniter->run()
 9 SYSTEMPATH\Boot.php(67): CodeIgniter\Boot::runCodeIgniter(Object(CodeIgniter\CodeIgniter))
10 FCPATH\index.php(56): CodeIgniter\Boot::bootWeb(Object(Config\Paths))
11 SYSTEMPATH\rewrite.php(44): require_once('E:\\Project\\klinik-bersalin\\public\\index.php')
CRITICAL - 2024-07-28 12:06:10 --> [Caused by] CodeIgniter\Database\Exceptions\DatabaseException: Unknown column 'penggunaan_obat.ibuID' in 'on clause'
in SYSTEMPATH\Database\MySQLi\Connection.php on line 317.
 1 SYSTEMPATH\Database\BaseConnection.php(734): CodeIgniter\Database\MySQLi\Connection->execute('SELECT *
FROM `penggunaan_kamar`
JOIN `kamar` ON `kamar`.`kamarID`=`penggunaan_kamar`.`kamarID`
JOIN `ibu` ON `ibu`.`ibuID` = `penggunaan_obat`.`ibuID`
WHERE `penggunaan_kamar`.`ibuID` = \'IBU001\'')
 2 SYSTEMPATH\Database\BaseConnection.php(648): CodeIgniter\Database\BaseConnection->simpleQuery('SELECT *
FROM `penggunaan_kamar`
JOIN `kamar` ON `kamar`.`kamarID`=`penggunaan_kamar`.`kamarID`
JOIN `ibu` ON `ibu`.`ibuID` = `penggunaan_obat`.`ibuID`
WHERE `penggunaan_kamar`.`ibuID` = \'IBU001\'')
 3 SYSTEMPATH\Database\BaseBuilder.php(1636): CodeIgniter\Database\BaseConnection->query('SELECT *
FROM `penggunaan_kamar`
JOIN `kamar` ON `kamar`.`kamarID`=`penggunaan_kamar`.`kamarID`
JOIN `ibu` ON `ibu`.`ibuID` = `penggunaan_obat`.`ibuID`
WHERE `penggunaan_kamar`.`ibuID` = :penggunaan_kamar.ibuID:', [...], false)
 4 SYSTEMPATH\Model.php(286): CodeIgniter\Database\BaseBuilder->get()
 5 SYSTEMPATH\BaseModel.php(676): CodeIgniter\Model->doFindAll(0, 0)
 6 APPPATH\Controllers\Menu.php(783): CodeIgniter\BaseModel->findAll()
 7 SYSTEMPATH\CodeIgniter.php(933): App\Controllers\Menu->fetchPenggunaanKamar()
 8 SYSTEMPATH\CodeIgniter.php(509): CodeIgniter\CodeIgniter->runController(Object(App\Controllers\Menu))
 9 SYSTEMPATH\CodeIgniter.php(355): CodeIgniter\CodeIgniter->handleRequest(null, Object(Config\Cache), false)
10 SYSTEMPATH\Boot.php(325): CodeIgniter\CodeIgniter->run()
11 SYSTEMPATH\Boot.php(67): CodeIgniter\Boot::runCodeIgniter(Object(CodeIgniter\CodeIgniter))
12 FCPATH\index.php(56): CodeIgniter\Boot::bootWeb(Object(Config\Paths))
13 SYSTEMPATH\rewrite.php(44): require_once('E:\\Project\\klinik-bersalin\\public\\index.php')
CRITICAL - 2024-07-28 12:06:10 --> [Caused by] mysqli_sql_exception: Unknown column 'penggunaan_obat.ibuID' in 'on clause'
in SYSTEMPATH\Database\MySQLi\Connection.php on line 312.
 1 SYSTEMPATH\Database\MySQLi\Connection.php(312): mysqli->query('SELECT *
FROM `penggunaan_kamar`
JOIN `kamar` ON `kamar`.`kamarID`=`penggunaan_kamar`.`kamarID`
JOIN `ibu` ON `ibu`.`ibuID` = `penggunaan_obat`.`ibuID`
WHERE `penggunaan_kamar`.`ibuID` = \'IBU001\'', 0)
 2 SYSTEMPATH\Database\BaseConnection.php(734): CodeIgniter\Database\MySQLi\Connection->execute('SELECT *
FROM `penggunaan_kamar`
JOIN `kamar` ON `kamar`.`kamarID`=`penggunaan_kamar`.`kamarID`
JOIN `ibu` ON `ibu`.`ibuID` = `penggunaan_obat`.`ibuID`
WHERE `penggunaan_kamar`.`ibuID` = \'IBU001\'')
 3 SYSTEMPATH\Database\BaseConnection.php(648): CodeIgniter\Database\BaseConnection->simpleQuery('SELECT *
FROM `penggunaan_kamar`
JOIN `kamar` ON `kamar`.`kamarID`=`penggunaan_kamar`.`kamarID`
JOIN `ibu` ON `ibu`.`ibuID` = `penggunaan_obat`.`ibuID`
WHERE `penggunaan_kamar`.`ibuID` = \'IBU001\'')
 4 SYSTEMPATH\Database\BaseBuilder.php(1636): CodeIgniter\Database\BaseConnection->query('SELECT *
FROM `penggunaan_kamar`
JOIN `kamar` ON `kamar`.`kamarID`=`penggunaan_kamar`.`kamarID`
JOIN `ibu` ON `ibu`.`ibuID` = `penggunaan_obat`.`ibuID`
WHERE `penggunaan_kamar`.`ibuID` = :penggunaan_kamar.ibuID:', [...], false)
 5 SYSTEMPATH\Model.php(286): CodeIgniter\Database\BaseBuilder->get()
 6 SYSTEMPATH\BaseModel.php(676): CodeIgniter\Model->doFindAll(0, 0)
 7 APPPATH\Controllers\Menu.php(783): CodeIgniter\BaseModel->findAll()
 8 SYSTEMPATH\CodeIgniter.php(933): App\Controllers\Menu->fetchPenggunaanKamar()
 9 SYSTEMPATH\CodeIgniter.php(509): CodeIgniter\CodeIgniter->runController(Object(App\Controllers\Menu))
10 SYSTEMPATH\CodeIgniter.php(355): CodeIgniter\CodeIgniter->handleRequest(null, Object(Config\Cache), false)
11 SYSTEMPATH\Boot.php(325): CodeIgniter\CodeIgniter->run()
12 SYSTEMPATH\Boot.php(67): CodeIgniter\Boot::runCodeIgniter(Object(CodeIgniter\CodeIgniter))
13 FCPATH\index.php(56): CodeIgniter\Boot::bootWeb(Object(Config\Paths))
14 SYSTEMPATH\rewrite.php(44): require_once('E:\\Project\\klinik-bersalin\\public\\index.php')
INFO - 2024-07-28 12:06:26 --> Session: Class initialized using 'CodeIgniter\Session\Handlers\FileHandler' driver.
INFO - 2024-07-28 12:06:55 --> Session: Class initialized using 'CodeIgniter\Session\Handlers\FileHandler' driver.
INFO - 2024-07-28 12:07:58 --> Session: Class initialized using 'CodeIgniter\Session\Handlers\FileHandler' driver.
INFO - 2024-07-28 12:09:03 --> Session: Class initialized using 'CodeIgniter\Session\Handlers\FileHandler' driver.
INFO - 2024-07-28 12:09:16 --> Session: Class initialized using 'CodeIgniter\Session\Handlers\FileHandler' driver.
INFO - 2024-07-28 12:09:20 --> Session: Class initialized using 'CodeIgniter\Session\Handlers\FileHandler' driver.
INFO - 2024-07-28 12:09:35 --> Session: Class initialized using 'CodeIgniter\Session\Handlers\FileHandler' driver.
INFO - 2024-07-28 12:10:06 --> Session: Class initialized using 'CodeIgniter\Session\Handlers\FileHandler' driver.
INFO - 2024-07-28 12:10:33 --> Session: Class initialized using 'CodeIgniter\Session\Handlers\FileHandler' driver.
INFO - 2024-07-28 12:11:20 --> Session: Class initialized using 'CodeIgniter\Session\Handlers\FileHandler' driver.
INFO - 2024-07-28 12:11:36 --> Session: Class initialized using 'CodeIgniter\Session\Handlers\FileHandler' driver.
INFO - 2024-07-28 12:12:22 --> Session: Class initialized using 'CodeIgniter\Session\Handlers\FileHandler' driver.
INFO - 2024-07-28 12:12:55 --> Session: Class initialized using 'CodeIgniter\Session\Handlers\FileHandler' driver.
INFO - 2024-07-28 12:13:10 --> Session: Class initialized using 'CodeIgniter\Session\Handlers\FileHandler' driver.
INFO - 2024-07-28 12:13:49 --> Session: Class initialized using 'CodeIgniter\Session\Handlers\FileHandler' driver.
INFO - 2024-07-28 12:13:50 --> Session: Class initialized using 'CodeIgniter\Session\Handlers\FileHandler' driver.
INFO - 2024-07-28 12:14:36 --> Session: Class initialized using 'CodeIgniter\Session\Handlers\FileHandler' driver.
INFO - 2024-07-28 12:14:52 --> Session: Class initialized using 'CodeIgniter\Session\Handlers\FileHandler' driver.
INFO - 2024-07-28 12:14:58 --> Session: Class initialized using 'CodeIgniter\Session\Handlers\FileHandler' driver.
INFO - 2024-07-28 12:15:02 --> Session: Class initialized using 'CodeIgniter\Session\Handlers\FileHandler' driver.
INFO - 2024-07-28 12:15:08 --> Session: Class initialized using 'CodeIgniter\Session\Handlers\FileHandler' driver.
INFO - 2024-07-28 12:15:20 --> Session: Class initialized using 'CodeIgniter\Session\Handlers\FileHandler' driver.
INFO - 2024-07-28 12:15:24 --> Session: Class initialized using 'CodeIgniter\Session\Handlers\FileHandler' driver.
INFO - 2024-07-28 12:15:27 --> Session: Class initialized using 'CodeIgniter\Session\Handlers\FileHandler' driver.
INFO - 2024-07-28 12:15:33 --> Session: Class initialized using 'CodeIgniter\Session\Handlers\FileHandler' driver.
INFO - 2024-07-28 12:16:38 --> Session: Class initialized using 'CodeIgniter\Session\Handlers\FileHandler' driver.
INFO - 2024-07-28 12:16:42 --> Session: Class initialized using 'CodeIgniter\Session\Handlers\FileHandler' driver.
CRITICAL - 2024-07-28 12:16:42 --> CodeIgniter\View\Exceptions\ViewException: Invalid file: "page/print/card_bayi.php"
[Method: GET, Route: print-card-bayi/BYI001]
in SYSTEMPATH\Exceptions\FrameworkException.php on line 41.
 1 SYSTEMPATH\View\View.php(222): CodeIgniter\Exceptions\FrameworkException::forInvalidFile('page/print/card_bayi.php')
 2 SYSTEMPATH\Common.php(1171): CodeIgniter\View\View->render('page/print/card_bayi', [], true)
 3 APPPATH\Controllers\Menu.php(232): view('page/print/card_bayi', [...])
 4 SYSTEMPATH\CodeIgniter.php(933): App\Controllers\Menu->print_card_bayi('BYI001')
 5 SYSTEMPATH\CodeIgniter.php(509): CodeIgniter\CodeIgniter->runController(Object(App\Controllers\Menu))
 6 SYSTEMPATH\CodeIgniter.php(355): CodeIgniter\CodeIgniter->handleRequest(null, Object(Config\Cache), false)
 7 SYSTEMPATH\Boot.php(325): CodeIgniter\CodeIgniter->run()
 8 SYSTEMPATH\Boot.php(67): CodeIgniter\Boot::runCodeIgniter(Object(CodeIgniter\CodeIgniter))
 9 FCPATH\index.php(56): CodeIgniter\Boot::bootWeb(Object(Config\Paths))
10 SYSTEMPATH\rewrite.php(44): require_once('E:\\Project\\klinik-bersalin\\public\\index.php')
INFO - 2024-07-28 12:17:12 --> Session: Class initialized using 'CodeIgniter\Session\Handlers\FileHandler' driver.
CRITICAL - 2024-07-28 12:17:12 --> ErrorException: Undefined variable $ibu
[Method: GET, Route: print-card-bayi/BYI001]
in APPPATH\Views\page\print\card_bayi.php on line 17.
 1 APPPATH\Views\page\print\card_bayi.php(17): CodeIgniter\Debug\Exceptions->errorHandler(2, 'Undefined variable $ibu', 'E:\\Project\\klinik-bersalin\\app\\Views\\page\\print\\card_bayi.php', 17)
 2 SYSTEMPATH\View\View.php(234): include('E:\\Project\\klinik-bersalin\\app\\Views\\page\\print\\card_bayi.php')
 3 SYSTEMPATH\View\View.php(237): CodeIgniter\View\View->CodeIgniter\View\{closure}()
 4 SYSTEMPATH\Common.php(1171): CodeIgniter\View\View->render('page/print/card_bayi', [], true)
 5 APPPATH\Controllers\Menu.php(232): view('page/print/card_bayi', [...])
 6 SYSTEMPATH\CodeIgniter.php(933): App\Controllers\Menu->print_card_bayi('BYI001')
 7 SYSTEMPATH\CodeIgniter.php(509): CodeIgniter\CodeIgniter->runController(Object(App\Controllers\Menu))
 8 SYSTEMPATH\CodeIgniter.php(355): CodeIgniter\CodeIgniter->handleRequest(null, Object(Config\Cache), false)
 9 SYSTEMPATH\Boot.php(325): CodeIgniter\CodeIgniter->run()
10 SYSTEMPATH\Boot.php(67): CodeIgniter\Boot::runCodeIgniter(Object(CodeIgniter\CodeIgniter))
11 FCPATH\index.php(56): CodeIgniter\Boot::bootWeb(Object(Config\Paths))
12 SYSTEMPATH\rewrite.php(44): require_once('E:\\Project\\klinik-bersalin\\public\\index.php')
INFO - 2024-07-28 12:17:22 --> Session: Class initialized using 'CodeIgniter\Session\Handlers\FileHandler' driver.
CRITICAL - 2024-07-28 12:17:22 --> ErrorException: Undefined array key "bayiRM"
[Method: GET, Route: print-card-bayi/BYI001]
in APPPATH\Views\page\print\card_bayi.php on line 17.
 1 APPPATH\Views\page\print\card_bayi.php(17): CodeIgniter\Debug\Exceptions->errorHandler(2, 'Undefined array key "bayiRM"', 'E:\\Project\\klinik-bersalin\\app\\Views\\page\\print\\card_bayi.php', 17)
 2 SYSTEMPATH\View\View.php(234): include('E:\\Project\\klinik-bersalin\\app\\Views\\page\\print\\card_bayi.php')
 3 SYSTEMPATH\View\View.php(237): CodeIgniter\View\View->CodeIgniter\View\{closure}()
 4 SYSTEMPATH\Common.php(1171): CodeIgniter\View\View->render('page/print/card_bayi', [], true)
 5 APPPATH\Controllers\Menu.php(232): view('page/print/card_bayi', [...])
 6 SYSTEMPATH\CodeIgniter.php(933): App\Controllers\Menu->print_card_bayi('BYI001')
 7 SYSTEMPATH\CodeIgniter.php(509): CodeIgniter\CodeIgniter->runController(Object(App\Controllers\Menu))
 8 SYSTEMPATH\CodeIgniter.php(355): CodeIgniter\CodeIgniter->handleRequest(null, Object(Config\Cache), false)
 9 SYSTEMPATH\Boot.php(325): CodeIgniter\CodeIgniter->run()
10 SYSTEMPATH\Boot.php(67): CodeIgniter\Boot::runCodeIgniter(Object(CodeIgniter\CodeIgniter))
11 FCPATH\index.php(56): CodeIgniter\Boot::bootWeb(Object(Config\Paths))
12 SYSTEMPATH\rewrite.php(44): require_once('E:\\Project\\klinik-bersalin\\public\\index.php')
INFO - 2024-07-28 12:17:35 --> Session: Class initialized using 'CodeIgniter\Session\Handlers\FileHandler' driver.
INFO - 2024-07-28 12:20:22 --> Session: Class initialized using 'CodeIgniter\Session\Handlers\FileHandler' driver.
INFO - 2024-07-28 12:20:40 --> Session: Class initialized using 'CodeIgniter\Session\Handlers\FileHandler' driver.
INFO - 2024-07-28 12:20:43 --> Session: Class initialized using 'CodeIgniter\Session\Handlers\FileHandler' driver.
INFO - 2024-07-28 12:23:55 --> Session: Class initialized using 'CodeIgniter\Session\Handlers\FileHandler' driver.
INFO - 2024-07-28 12:24:07 --> Session: Class initialized using 'CodeIgniter\Session\Handlers\FileHandler' driver.
INFO - 2024-07-28 12:24:41 --> Session: Class initialized using 'CodeIgniter\Session\Handlers\FileHandler' driver.
INFO - 2024-07-28 12:24:56 --> Session: Class initialized using 'CodeIgniter\Session\Handlers\FileHandler' driver.
INFO - 2024-07-28 12:25:15 --> Session: Class initialized using 'CodeIgniter\Session\Handlers\FileHandler' driver.
INFO - 2024-07-28 12:25:19 --> Session: Class initialized using 'CodeIgniter\Session\Handlers\FileHandler' driver.
INFO - 2024-07-28 12:26:16 --> Session: Class initialized using 'CodeIgniter\Session\Handlers\FileHandler' driver.
INFO - 2024-07-28 12:26:27 --> Session: Class initialized using 'CodeIgniter\Session\Handlers\FileHandler' driver.
INFO - 2024-07-28 12:26:35 --> Session: Class initialized using 'CodeIgniter\Session\Handlers\FileHandler' driver.
INFO - 2024-07-28 12:26:41 --> Session: Class initialized using 'CodeIgniter\Session\Handlers\FileHandler' driver.
INFO - 2024-07-28 12:26:53 --> Session: Class initialized using 'CodeIgniter\Session\Handlers\FileHandler' driver.
INFO - 2024-07-28 12:26:59 --> Session: Class initialized using 'CodeIgniter\Session\Handlers\FileHandler' driver.
INFO - 2024-07-28 12:27:31 --> Session: Class initialized using 'CodeIgniter\Session\Handlers\FileHandler' driver.
INFO - 2024-07-28 12:27:41 --> Session: Class initialized using 'CodeIgniter\Session\Handlers\FileHandler' driver.
INFO - 2024-07-28 12:27:43 --> Session: Class initialized using 'CodeIgniter\Session\Handlers\FileHandler' driver.
INFO - 2024-07-28 12:27:46 --> Session: Class initialized using 'CodeIgniter\Session\Handlers\FileHandler' driver.
INFO - 2024-07-28 12:28:01 --> Session: Class initialized using 'CodeIgniter\Session\Handlers\FileHandler' driver.
INFO - 2024-07-28 12:28:02 --> Session: Class initialized using 'CodeIgniter\Session\Handlers\FileHandler' driver.
INFO - 2024-07-28 12:28:04 --> Session: Class initialized using 'CodeIgniter\Session\Handlers\FileHandler' driver.
INFO - 2024-07-28 12:28:11 --> Session: Class initialized using 'CodeIgniter\Session\Handlers\FileHandler' driver.
INFO - 2024-07-28 12:28:14 --> Session: Class initialized using 'CodeIgniter\Session\Handlers\FileHandler' driver.
INFO - 2024-07-28 12:28:15 --> Session: Class initialized using 'CodeIgniter\Session\Handlers\FileHandler' driver.
INFO - 2024-07-28 12:28:17 --> Session: Class initialized using 'CodeIgniter\Session\Handlers\FileHandler' driver.
INFO - 2024-07-28 12:28:31 --> Session: Class initialized using 'CodeIgniter\Session\Handlers\FileHandler' driver.
INFO - 2024-07-28 12:28:33 --> Session: Class initialized using 'CodeIgniter\Session\Handlers\FileHandler' driver.
INFO - 2024-07-28 12:28:37 --> Session: Class initialized using 'CodeIgniter\Session\Handlers\FileHandler' driver.
INFO - 2024-07-28 12:28:41 --> Session: Class initialized using 'CodeIgniter\Session\Handlers\FileHandler' driver.
INFO - 2024-07-28 12:28:45 --> Session: Class initialized using 'CodeIgniter\Session\Handlers\FileHandler' driver.
INFO - 2024-07-28 12:28:47 --> Session: Class initialized using 'CodeIgniter\Session\Handlers\FileHandler' driver.
INFO - 2024-07-28 12:28:51 --> Session: Class initialized using 'CodeIgniter\Session\Handlers\FileHandler' driver.
INFO - 2024-07-28 12:29:02 --> Session: Class initialized using 'CodeIgniter\Session\Handlers\FileHandler' driver.
INFO - 2024-07-28 12:29:02 --> Session: Class initialized using 'CodeIgniter\Session\Handlers\FileHandler' driver.
INFO - 2024-07-28 12:29:05 --> Session: Class initialized using 'CodeIgniter\Session\Handlers\FileHandler' driver.
INFO - 2024-07-28 12:29:22 --> Session: Class initialized using 'CodeIgniter\Session\Handlers\FileHandler' driver.
INFO - 2024-07-28 12:29:24 --> Session: Class initialized using 'CodeIgniter\Session\Handlers\FileHandler' driver.
INFO - 2024-07-28 12:29:26 --> Session: Class initialized using 'CodeIgniter\Session\Handlers\FileHandler' driver.
INFO - 2024-07-28 12:29:31 --> Session: Class initialized using 'CodeIgniter\Session\Handlers\FileHandler' driver.
INFO - 2024-07-28 12:29:34 --> Session: Class initialized using 'CodeIgniter\Session\Handlers\FileHandler' driver.
INFO - 2024-07-28 12:29:36 --> Session: Class initialized using 'CodeIgniter\Session\Handlers\FileHandler' driver.
INFO - 2024-07-28 12:29:43 --> Session: Class initialized using 'CodeIgniter\Session\Handlers\FileHandler' driver.
INFO - 2024-07-28 12:29:57 --> Session: Class initialized using 'CodeIgniter\Session\Handlers\FileHandler' driver.
INFO - 2024-07-28 12:29:58 --> Session: Class initialized using 'CodeIgniter\Session\Handlers\FileHandler' driver.
INFO - 2024-07-28 12:30:01 --> Session: Class initialized using 'CodeIgniter\Session\Handlers\FileHandler' driver.
INFO - 2024-07-28 12:30:11 --> Session: Class initialized using 'CodeIgniter\Session\Handlers\FileHandler' driver.
INFO - 2024-07-28 12:30:13 --> Session: Class initialized using 'CodeIgniter\Session\Handlers\FileHandler' driver.
INFO - 2024-07-28 12:30:20 --> Session: Class initialized using 'CodeIgniter\Session\Handlers\FileHandler' driver.
INFO - 2024-07-28 12:30:25 --> Session: Class initialized using 'CodeIgniter\Session\Handlers\FileHandler' driver.
INFO - 2024-07-28 12:30:28 --> Session: Class initialized using 'CodeIgniter\Session\Handlers\FileHandler' driver.
INFO - 2024-07-28 12:30:32 --> Session: Class initialized using 'CodeIgniter\Session\Handlers\FileHandler' driver.
INFO - 2024-07-28 12:30:35 --> Session: Class initialized using 'CodeIgniter\Session\Handlers\FileHandler' driver.
INFO - 2024-07-28 12:30:51 --> Session: Class initialized using 'CodeIgniter\Session\Handlers\FileHandler' driver.
INFO - 2024-07-28 12:30:54 --> Session: Class initialized using 'CodeIgniter\Session\Handlers\FileHandler' driver.
INFO - 2024-07-28 12:30:57 --> Session: Class initialized using 'CodeIgniter\Session\Handlers\FileHandler' driver.
INFO - 2024-07-28 12:31:10 --> Session: Class initialized using 'CodeIgniter\Session\Handlers\FileHandler' driver.
INFO - 2024-07-28 12:31:37 --> Session: Class initialized using 'CodeIgniter\Session\Handlers\FileHandler' driver.
INFO - 2024-07-28 12:31:40 --> Session: Class initialized using 'CodeIgniter\Session\Handlers\FileHandler' driver.
INFO - 2024-07-28 12:31:46 --> Session: Class initialized using 'CodeIgniter\Session\Handlers\FileHandler' driver.
INFO - 2024-07-28 12:31:53 --> Session: Class initialized using 'CodeIgniter\Session\Handlers\FileHandler' driver.
INFO - 2024-07-28 12:32:13 --> Session: Class initialized using 'CodeIgniter\Session\Handlers\FileHandler' driver.
INFO - 2024-07-28 12:32:17 --> Session: Class initialized using 'CodeIgniter\Session\Handlers\FileHandler' driver.
INFO - 2024-07-28 12:32:20 --> Session: Class initialized using 'CodeIgniter\Session\Handlers\FileHandler' driver.
INFO - 2024-07-28 12:32:22 --> Session: Class initialized using 'CodeIgniter\Session\Handlers\FileHandler' driver.
INFO - 2024-07-28 12:33:00 --> Session: Class initialized using 'CodeIgniter\Session\Handlers\FileHandler' driver.
INFO - 2024-07-28 12:33:03 --> Session: Class initialized using 'CodeIgniter\Session\Handlers\FileHandler' driver.
INFO - 2024-07-28 12:33:13 --> Session: Class initialized using 'CodeIgniter\Session\Handlers\FileHandler' driver.
INFO - 2024-07-28 12:33:15 --> Session: Class initialized using 'CodeIgniter\Session\Handlers\FileHandler' driver.
INFO - 2024-07-28 12:33:18 --> Session: Class initialized using 'CodeIgniter\Session\Handlers\FileHandler' driver.
INFO - 2024-07-28 12:33:21 --> Session: Class initialized using 'CodeIgniter\Session\Handlers\FileHandler' driver.
INFO - 2024-07-28 12:33:24 --> Session: Class initialized using 'CodeIgniter\Session\Handlers\FileHandler' driver.
INFO - 2024-07-28 12:33:46 --> Session: Class initialized using 'CodeIgniter\Session\Handlers\FileHandler' driver.
INFO - 2024-07-28 12:33:50 --> Session: Class initialized using 'CodeIgniter\Session\Handlers\FileHandler' driver.
INFO - 2024-07-28 12:33:52 --> Session: Class initialized using 'CodeIgniter\Session\Handlers\FileHandler' driver.
INFO - 2024-07-28 12:33:54 --> Session: Class initialized using 'CodeIgniter\Session\Handlers\FileHandler' driver.
INFO - 2024-07-28 12:33:58 --> Session: Class initialized using 'CodeIgniter\Session\Handlers\FileHandler' driver.
INFO - 2024-07-28 12:34:00 --> Session: Class initialized using 'CodeIgniter\Session\Handlers\FileHandler' driver.
INFO - 2024-07-28 12:34:05 --> Session: Class initialized using 'CodeIgniter\Session\Handlers\FileHandler' driver.
INFO - 2024-07-28 12:34:20 --> Session: Class initialized using 'CodeIgniter\Session\Handlers\FileHandler' driver.
INFO - 2024-07-28 12:34:26 --> Session: Class initialized using 'CodeIgniter\Session\Handlers\FileHandler' driver.
INFO - 2024-07-28 12:34:28 --> Session: Class initialized using 'CodeIgniter\Session\Handlers\FileHandler' driver.
INFO - 2024-07-28 12:34:42 --> Session: Class initialized using 'CodeIgniter\Session\Handlers\FileHandler' driver.
INFO - 2024-07-28 12:34:44 --> Session: Class initialized using 'CodeIgniter\Session\Handlers\FileHandler' driver.
INFO - 2024-07-28 12:34:47 --> Session: Class initialized using 'CodeIgniter\Session\Handlers\FileHandler' driver.
INFO - 2024-07-28 12:34:49 --> Session: Class initialized using 'CodeIgniter\Session\Handlers\FileHandler' driver.
INFO - 2024-07-28 12:34:53 --> Session: Class initialized using 'CodeIgniter\Session\Handlers\FileHandler' driver.
INFO - 2024-07-28 12:34:56 --> Session: Class initialized using 'CodeIgniter\Session\Handlers\FileHandler' driver.
INFO - 2024-07-28 12:34:58 --> Session: Class initialized using 'CodeIgniter\Session\Handlers\FileHandler' driver.
INFO - 2024-07-28 12:35:27 --> Session: Class initialized using 'CodeIgniter\Session\Handlers\FileHandler' driver.
INFO - 2024-07-28 12:35:39 --> Session: Class initialized using 'CodeIgniter\Session\Handlers\FileHandler' driver.
INFO - 2024-07-28 12:35:41 --> Session: Class initialized using 'CodeIgniter\Session\Handlers\FileHandler' driver.
INFO - 2024-07-28 12:35:43 --> Session: Class initialized using 'CodeIgniter\Session\Handlers\FileHandler' driver.
INFO - 2024-07-28 12:35:47 --> Session: Class initialized using 'CodeIgniter\Session\Handlers\FileHandler' driver.
INFO - 2024-07-28 12:35:49 --> Session: Class initialized using 'CodeIgniter\Session\Handlers\FileHandler' driver.
INFO - 2024-07-28 12:35:53 --> Session: Class initialized using 'CodeIgniter\Session\Handlers\FileHandler' driver.
INFO - 2024-07-28 12:35:57 --> Session: Class initialized using 'CodeIgniter\Session\Handlers\FileHandler' driver.
INFO - 2024-07-28 12:35:58 --> Session: Class initialized using 'CodeIgniter\Session\Handlers\FileHandler' driver.
INFO - 2024-07-28 12:36:28 --> Session: Class initialized using 'CodeIgniter\Session\Handlers\FileHandler' driver.
CRITICAL - 2024-07-28 12:36:28 --> ErrorException: Undefined variable $ibu
[Method: GET, Route: pemeriksaan-bayis/BYI001]
in APPPATH\Views\page\content\pemeriksaan_bayi.php on line 44.
 1 APPPATH\Views\page\content\pemeriksaan_bayi.php(44): CodeIgniter\Debug\Exceptions->errorHandler(2, 'Undefined variable $ibu', 'E:\\Project\\klinik-bersalin\\app\\Views\\page\\content\\pemeriksaan_bayi.php', 44)
 2 SYSTEMPATH\View\View.php(234): include('E:\\Project\\klinik-bersalin\\app\\Views\\page\\content\\pemeriksaan_bayi.php')
 3 SYSTEMPATH\View\View.php(237): CodeIgniter\View\View->CodeIgniter\View\{closure}()
 4 SYSTEMPATH\Common.php(1171): CodeIgniter\View\View->render('page/content/pemeriksaan_bayi', [], true)
 5 APPPATH\Controllers\Menu.php(514): view('page/content/pemeriksaan_bayi', [...])
 6 SYSTEMPATH\CodeIgniter.php(933): App\Controllers\Menu->pemeriksaan_bayis('BYI001')
 7 SYSTEMPATH\CodeIgniter.php(509): CodeIgniter\CodeIgniter->runController(Object(App\Controllers\Menu))
 8 SYSTEMPATH\CodeIgniter.php(355): CodeIgniter\CodeIgniter->handleRequest(null, Object(Config\Cache), false)
 9 SYSTEMPATH\Boot.php(325): CodeIgniter\CodeIgniter->run()
10 SYSTEMPATH\Boot.php(67): CodeIgniter\Boot::runCodeIgniter(Object(CodeIgniter\CodeIgniter))
11 FCPATH\index.php(56): CodeIgniter\Boot::bootWeb(Object(Config\Paths))
12 SYSTEMPATH\rewrite.php(44): require_once('E:\\Project\\klinik-bersalin\\public\\index.php')
INFO - 2024-07-28 12:36:36 --> Session: Class initialized using 'CodeIgniter\Session\Handlers\FileHandler' driver.
INFO - 2024-07-28 12:36:38 --> Session: Class initialized using 'CodeIgniter\Session\Handlers\FileHandler' driver.
CRITICAL - 2024-07-28 12:36:38 --> ErrorException: Trying to access array offset on value of type null
[Method: GET, Route: view-ibus/BYI001]
in APPPATH\Views\page\content\form\view_ibus.php on line 22.
 1 APPPATH\Views\page\content\form\view_ibus.php(22): CodeIgniter\Debug\Exceptions->errorHandler(2, 'Trying to access array offset on value of type null', 'E:\\Project\\klinik-bersalin\\app\\Views\\page\\content\\form\\view_ibus.php', 22)
 2 SYSTEMPATH\View\View.php(234): include('E:\\Project\\klinik-bersalin\\app\\Views\\page\\content\\form\\view_ibus.php')
 3 SYSTEMPATH\View\View.php(237): CodeIgniter\View\View->CodeIgniter\View\{closure}()
 4 SYSTEMPATH\Common.php(1171): CodeIgniter\View\View->render('page/content/form/view_ibus', [], true)
 5 APPPATH\Controllers\Menu.php(212): view('page/content/form/view_ibus', [...])
 6 SYSTEMPATH\CodeIgniter.php(933): App\Controllers\Menu->view_ibus('BYI001')
 7 SYSTEMPATH\CodeIgniter.php(509): CodeIgniter\CodeIgniter->runController(Object(App\Controllers\Menu))
 8 SYSTEMPATH\CodeIgniter.php(355): CodeIgniter\CodeIgniter->handleRequest(null, Object(Config\Cache), false)
 9 SYSTEMPATH\Boot.php(325): CodeIgniter\CodeIgniter->run()
10 SYSTEMPATH\Boot.php(67): CodeIgniter\Boot::runCodeIgniter(Object(CodeIgniter\CodeIgniter))
11 FCPATH\index.php(56): CodeIgniter\Boot::bootWeb(Object(Config\Paths))
12 SYSTEMPATH\rewrite.php(44): require_once('E:\\Project\\klinik-bersalin\\public\\index.php')
INFO - 2024-07-28 12:36:44 --> Session: Class initialized using 'CodeIgniter\Session\Handlers\FileHandler' driver.
INFO - 2024-07-28 12:36:46 --> Session: Class initialized using 'CodeIgniter\Session\Handlers\FileHandler' driver.
INFO - 2024-07-28 12:36:55 --> Session: Class initialized using 'CodeIgniter\Session\Handlers\FileHandler' driver.
INFO - 2024-07-28 12:36:59 --> Session: Class initialized using 'CodeIgniter\Session\Handlers\FileHandler' driver.
INFO - 2024-07-28 12:37:02 --> Session: Class initialized using 'CodeIgniter\Session\Handlers\FileHandler' driver.
INFO - 2024-07-28 12:37:07 --> Session: Class initialized using 'CodeIgniter\Session\Handlers\FileHandler' driver.
INFO - 2024-07-28 12:37:12 --> Session: Class initialized using 'CodeIgniter\Session\Handlers\FileHandler' driver.
INFO - 2024-07-28 12:37:20 --> Session: Class initialized using 'CodeIgniter\Session\Handlers\FileHandler' driver.
INFO - 2024-07-28 12:37:23 --> Session: Class initialized using 'CodeIgniter\Session\Handlers\FileHandler' driver.
INFO - 2024-07-28 12:37:34 --> Session: Class initialized using 'CodeIgniter\Session\Handlers\FileHandler' driver.
INFO - 2024-07-28 12:37:39 --> Session: Class initialized using 'CodeIgniter\Session\Handlers\FileHandler' driver.
INFO - 2024-07-28 12:38:03 --> Session: Class initialized using 'CodeIgniter\Session\Handlers\FileHandler' driver.
INFO - 2024-07-28 12:38:24 --> Session: Class initialized using 'CodeIgniter\Session\Handlers\FileHandler' driver.
INFO - 2024-07-28 12:39:08 --> Session: Class initialized using 'CodeIgniter\Session\Handlers\FileHandler' driver.
INFO - 2024-07-28 12:40:18 --> Session: Class initialized using 'CodeIgniter\Session\Handlers\FileHandler' driver.
INFO - 2024-07-28 12:41:39 --> Session: Class initialized using 'CodeIgniter\Session\Handlers\FileHandler' driver.
INFO - 2024-07-28 12:41:42 --> Session: Class initialized using 'CodeIgniter\Session\Handlers\FileHandler' driver.
INFO - 2024-07-28 12:41:46 --> Session: Class initialized using 'CodeIgniter\Session\Handlers\FileHandler' driver.
INFO - 2024-07-28 12:41:49 --> Session: Class initialized using 'CodeIgniter\Session\Handlers\FileHandler' driver.
INFO - 2024-07-28 12:43:35 --> Session: Class initialized using 'CodeIgniter\Session\Handlers\FileHandler' driver.
INFO - 2024-07-28 12:43:38 --> Session: Class initialized using 'CodeIgniter\Session\Handlers\FileHandler' driver.
INFO - 2024-07-28 12:43:38 --> Session: Class initialized using 'CodeIgniter\Session\Handlers\FileHandler' driver.
INFO - 2024-07-28 12:43:49 --> Session: Class initialized using 'CodeIgniter\Session\Handlers\FileHandler' driver.
INFO - 2024-07-28 12:43:53 --> Session: Class initialized using 'CodeIgniter\Session\Handlers\FileHandler' driver.
INFO - 2024-07-28 12:43:57 --> Session: Class initialized using 'CodeIgniter\Session\Handlers\FileHandler' driver.
INFO - 2024-07-28 12:44:04 --> Session: Class initialized using 'CodeIgniter\Session\Handlers\FileHandler' driver.
INFO - 2024-07-28 12:44:10 --> Session: Class initialized using 'CodeIgniter\Session\Handlers\FileHandler' driver.
INFO - 2024-07-28 12:44:12 --> Session: Class initialized using 'CodeIgniter\Session\Handlers\FileHandler' driver.
CRITICAL - 2024-07-28 12:44:12 --> ArgumentCountError: Too few arguments to function App\Controllers\Laporan::data_ibu(), 0 passed in E:\Project\klinik-bersalin\system\CodeIgniter.php on line 933 and exactly 1 expected
[Method: GET, Route: print-data-ibu/IBU001]
in APPPATH\Controllers\Laporan.php on line 70.
 1 SYSTEMPATH\CodeIgniter.php(933): App\Controllers\Laporan->data_ibu()
 2 SYSTEMPATH\CodeIgniter.php(509): CodeIgniter\CodeIgniter->runController(Object(App\Controllers\Laporan))
 3 SYSTEMPATH\CodeIgniter.php(355): CodeIgniter\CodeIgniter->handleRequest(null, Object(Config\Cache), false)
 4 SYSTEMPATH\Boot.php(325): CodeIgniter\CodeIgniter->run()
 5 SYSTEMPATH\Boot.php(67): CodeIgniter\Boot::runCodeIgniter(Object(CodeIgniter\CodeIgniter))
 6 FCPATH\index.php(56): CodeIgniter\Boot::bootWeb(Object(Config\Paths))
 7 SYSTEMPATH\rewrite.php(44): require_once('E:\\Project\\klinik-bersalin\\public\\index.php')
INFO - 2024-07-28 12:45:40 --> Session: Class initialized using 'CodeIgniter\Session\Handlers\FileHandler' driver.
CRITICAL - 2024-07-28 12:45:40 --> ArgumentCountError: Too few arguments to function App\Controllers\Laporan::data_ibu(), 0 passed in E:\Project\klinik-bersalin\system\CodeIgniter.php on line 933 and exactly 1 expected
[Method: GET, Route: print-data-ibu/IBU001]
in APPPATH\Controllers\Laporan.php on line 70.
 1 SYSTEMPATH\CodeIgniter.php(933): App\Controllers\Laporan->data_ibu()
 2 SYSTEMPATH\CodeIgniter.php(509): CodeIgniter\CodeIgniter->runController(Object(App\Controllers\Laporan))
 3 SYSTEMPATH\CodeIgniter.php(355): CodeIgniter\CodeIgniter->handleRequest(null, Object(Config\Cache), false)
 4 SYSTEMPATH\Boot.php(325): CodeIgniter\CodeIgniter->run()
 5 SYSTEMPATH\Boot.php(67): CodeIgniter\Boot::runCodeIgniter(Object(CodeIgniter\CodeIgniter))
 6 FCPATH\index.php(56): CodeIgniter\Boot::bootWeb(Object(Config\Paths))
 7 SYSTEMPATH\rewrite.php(44): require_once('E:\\Project\\klinik-bersalin\\public\\index.php')
INFO - 2024-07-28 12:46:05 --> Session: Class initialized using 'CodeIgniter\Session\Handlers\FileHandler' driver.
CRITICAL - 2024-07-28 12:46:05 --> CodeIgniter\View\Exceptions\ViewException: Invalid file: "page/report/data_ibu.php"
[Method: GET, Route: print-data-ibu/IBU001]
in SYSTEMPATH\Exceptions\FrameworkException.php on line 41.
 1 SYSTEMPATH\View\View.php(222): CodeIgniter\Exceptions\FrameworkException::forInvalidFile('page/report/data_ibu.php')
 2 SYSTEMPATH\Common.php(1171): CodeIgniter\View\View->render('page/report/data_ibu', [], true)
 3 APPPATH\Controllers\Laporan.php(72): view('page/report/data_ibu')
 4 SYSTEMPATH\CodeIgniter.php(933): App\Controllers\Laporan->data_ibu('IBU001')
 5 SYSTEMPATH\CodeIgniter.php(509): CodeIgniter\CodeIgniter->runController(Object(App\Controllers\Laporan))
 6 SYSTEMPATH\CodeIgniter.php(355): CodeIgniter\CodeIgniter->handleRequest(null, Object(Config\Cache), false)
 7 SYSTEMPATH\Boot.php(325): CodeIgniter\CodeIgniter->run()
 8 SYSTEMPATH\Boot.php(67): CodeIgniter\Boot::runCodeIgniter(Object(CodeIgniter\CodeIgniter))
 9 FCPATH\index.php(56): CodeIgniter\Boot::bootWeb(Object(Config\Paths))
10 SYSTEMPATH\rewrite.php(44): require_once('E:\\Project\\klinik-bersalin\\public\\index.php')
INFO - 2024-07-28 12:46:28 --> Session: Class initialized using 'CodeIgniter\Session\Handlers\FileHandler' driver.
INFO - 2024-07-28 12:47:00 --> Session: Class initialized using 'CodeIgniter\Session\Handlers\FileHandler' driver.
INFO - 2024-07-28 12:47:53 --> Session: Class initialized using 'CodeIgniter\Session\Handlers\FileHandler' driver.
INFO - 2024-07-28 12:48:54 --> Session: Class initialized using 'CodeIgniter\Session\Handlers\FileHandler' driver.
INFO - 2024-07-28 12:49:14 --> Session: Class initialized using 'CodeIgniter\Session\Handlers\FileHandler' driver.
INFO - 2024-07-28 12:49:28 --> Session: Class initialized using 'CodeIgniter\Session\Handlers\FileHandler' driver.
INFO - 2024-07-28 12:50:03 --> Session: Class initialized using 'CodeIgniter\Session\Handlers\FileHandler' driver.
INFO - 2024-07-28 12:50:25 --> Session: Class initialized using 'CodeIgniter\Session\Handlers\FileHandler' driver.
INFO - 2024-07-28 12:50:35 --> Session: Class initialized using 'CodeIgniter\Session\Handlers\FileHandler' driver.
INFO - 2024-07-28 12:50:51 --> Session: Class initialized using 'CodeIgniter\Session\Handlers\FileHandler' driver.
INFO - 2024-07-28 12:51:04 --> Session: Class initialized using 'CodeIgniter\Session\Handlers\FileHandler' driver.
INFO - 2024-07-28 12:51:40 --> Session: Class initialized using 'CodeIgniter\Session\Handlers\FileHandler' driver.
INFO - 2024-07-28 12:51:52 --> Session: Class initialized using 'CodeIgniter\Session\Handlers\FileHandler' driver.
INFO - 2024-07-28 12:52:31 --> Session: Class initialized using 'CodeIgniter\Session\Handlers\FileHandler' driver.
INFO - 2024-07-28 12:53:08 --> Session: Class initialized using 'CodeIgniter\Session\Handlers\FileHandler' driver.
CRITICAL - 2024-07-28 12:53:08 --> ErrorException: Array to string conversion
[Method: GET, Route: print-data-ibu/IBU001]
in APPPATH\Views\page\report\data_ibu.php on line 55.
 1 APPPATH\Views\page\report\data_ibu.php(55): CodeIgniter\Debug\Exceptions->errorHandler(2, 'Array to string conversion', 'E:\\Project\\klinik-bersalin\\app\\Views\\page\\report\\data_ibu.php', 55)
 2 SYSTEMPATH\View\View.php(234): include('E:\\Project\\klinik-bersalin\\app\\Views\\page\\report\\data_ibu.php')
 3 SYSTEMPATH\View\View.php(237): CodeIgniter\View\View->CodeIgniter\View\{closure}()
 4 SYSTEMPATH\Common.php(1171): CodeIgniter\View\View->render('page/report/data_ibu', [], true)
 5 APPPATH\Controllers\Laporan.php(73): view('page/report/data_ibu', [...])
 6 SYSTEMPATH\CodeIgniter.php(933): App\Controllers\Laporan->data_ibu('IBU001')
 7 SYSTEMPATH\CodeIgniter.php(509): CodeIgniter\CodeIgniter->runController(Object(App\Controllers\Laporan))
 8 SYSTEMPATH\CodeIgniter.php(355): CodeIgniter\CodeIgniter->handleRequest(null, Object(Config\Cache), false)
 9 SYSTEMPATH\Boot.php(325): CodeIgniter\CodeIgniter->run()
10 SYSTEMPATH\Boot.php(67): CodeIgniter\Boot::runCodeIgniter(Object(CodeIgniter\CodeIgniter))
11 FCPATH\index.php(56): CodeIgniter\Boot::bootWeb(Object(Config\Paths))
12 SYSTEMPATH\rewrite.php(44): require_once('E:\\Project\\klinik-bersalin\\public\\index.php')
INFO - 2024-07-28 12:53:15 --> Session: Class initialized using 'CodeIgniter\Session\Handlers\FileHandler' driver.
INFO - 2024-07-28 12:54:59 --> Session: Class initialized using 'CodeIgniter\Session\Handlers\FileHandler' driver.
INFO - 2024-07-28 12:55:33 --> Session: Class initialized using 'CodeIgniter\Session\Handlers\FileHandler' driver.
INFO - 2024-07-28 12:56:40 --> Session: Class initialized using 'CodeIgniter\Session\Handlers\FileHandler' driver.
INFO - 2024-07-28 12:57:19 --> Session: Class initialized using 'CodeIgniter\Session\Handlers\FileHandler' driver.
INFO - 2024-07-28 12:57:42 --> Session: Class initialized using 'CodeIgniter\Session\Handlers\FileHandler' driver.
INFO - 2024-07-28 13:58:39 --> Session: Class initialized using 'CodeIgniter\Session\Handlers\FileHandler' driver.
INFO - 2024-07-28 13:59:00 --> Session: Class initialized using 'CodeIgniter\Session\Handlers\FileHandler' driver.
INFO - 2024-07-28 13:59:08 --> Session: Class initialized using 'CodeIgniter\Session\Handlers\FileHandler' driver.
INFO - 2024-07-28 13:59:29 --> Session: Class initialized using 'CodeIgniter\Session\Handlers\FileHandler' driver.
INFO - 2024-07-28 13:59:41 --> Session: Class initialized using 'CodeIgniter\Session\Handlers\FileHandler' driver.
INFO - 2024-07-28 14:02:28 --> Session: Class initialized using 'CodeIgniter\Session\Handlers\FileHandler' driver.
INFO - 2024-07-28 14:03:01 --> Session: Class initialized using 'CodeIgniter\Session\Handlers\FileHandler' driver.
INFO - 2024-07-28 14:03:20 --> Session: Class initialized using 'CodeIgniter\Session\Handlers\FileHandler' driver.
INFO - 2024-07-28 14:03:36 --> Session: Class initialized using 'CodeIgniter\Session\Handlers\FileHandler' driver.
INFO - 2024-07-28 14:03:54 --> Session: Class initialized using 'CodeIgniter\Session\Handlers\FileHandler' driver.
INFO - 2024-07-28 14:04:04 --> Session: Class initialized using 'CodeIgniter\Session\Handlers\FileHandler' driver.
INFO - 2024-07-28 14:04:11 --> Session: Class initialized using 'CodeIgniter\Session\Handlers\FileHandler' driver.
INFO - 2024-07-28 14:04:32 --> Session: Class initialized using 'CodeIgniter\Session\Handlers\FileHandler' driver.
INFO - 2024-07-28 14:04:59 --> Session: Class initialized using 'CodeIgniter\Session\Handlers\FileHandler' driver.
INFO - 2024-07-28 14:05:22 --> Session: Class initialized using 'CodeIgniter\Session\Handlers\FileHandler' driver.
INFO - 2024-07-28 14:05:35 --> Session: Class initialized using 'CodeIgniter\Session\Handlers\FileHandler' driver.
INFO - 2024-07-28 14:05:54 --> Session: Class initialized using 'CodeIgniter\Session\Handlers\FileHandler' driver.
INFO - 2024-07-28 14:05:58 --> Session: Class initialized using 'CodeIgniter\Session\Handlers\FileHandler' driver.
INFO - 2024-07-28 14:06:27 --> Session: Class initialized using 'CodeIgniter\Session\Handlers\FileHandler' driver.
INFO - 2024-07-28 14:06:32 --> Session: Class initialized using 'CodeIgniter\Session\Handlers\FileHandler' driver.
INFO - 2024-07-28 14:06:41 --> Session: Class initialized using 'CodeIgniter\Session\Handlers\FileHandler' driver.
INFO - 2024-07-28 14:06:44 --> Session: Class initialized using 'CodeIgniter\Session\Handlers\FileHandler' driver.
INFO - 2024-07-28 14:06:53 --> Session: Class initialized using 'CodeIgniter\Session\Handlers\FileHandler' driver.
INFO - 2024-07-28 14:06:58 --> Session: Class initialized using 'CodeIgniter\Session\Handlers\FileHandler' driver.
INFO - 2024-07-28 14:07:45 --> Session: Class initialized using 'CodeIgniter\Session\Handlers\FileHandler' driver.
INFO - 2024-07-28 14:07:48 --> Session: Class initialized using 'CodeIgniter\Session\Handlers\FileHandler' driver.
CRITICAL - 2024-07-28 14:07:48 --> ErrorException: Undefined variable $ibu
[Method: GET, Route: view-bayis/BYI001]
in APPPATH\Views\page\content\form\view_bayis.php on line 165.
 1 APPPATH\Views\page\content\form\view_bayis.php(165): CodeIgniter\Debug\Exceptions->errorHandler(2, 'Undefined variable $ibu', 'E:\\Project\\klinik-bersalin\\app\\Views\\page\\content\\form\\view_bayis.php', 165)
 2 SYSTEMPATH\View\View.php(234): include('E:\\Project\\klinik-bersalin\\app\\Views\\page\\content\\form\\view_bayis.php')
 3 SYSTEMPATH\View\View.php(237): CodeIgniter\View\View->CodeIgniter\View\{closure}()
 4 SYSTEMPATH\Common.php(1171): CodeIgniter\View\View->render('page/content/form/view_bayis', [], true)
 5 APPPATH\Controllers\Menu.php(590): view('page/content/form/view_bayis', [...])
 6 SYSTEMPATH\CodeIgniter.php(933): App\Controllers\Menu->view_bayis('BYI001')
 7 SYSTEMPATH\CodeIgniter.php(509): CodeIgniter\CodeIgniter->runController(Object(App\Controllers\Menu))
 8 SYSTEMPATH\CodeIgniter.php(355): CodeIgniter\CodeIgniter->handleRequest(null, Object(Config\Cache), false)
 9 SYSTEMPATH\Boot.php(325): CodeIgniter\CodeIgniter->run()
10 SYSTEMPATH\Boot.php(67): CodeIgniter\Boot::runCodeIgniter(Object(CodeIgniter\CodeIgniter))
11 FCPATH\index.php(56): CodeIgniter\Boot::bootWeb(Object(Config\Paths))
12 SYSTEMPATH\rewrite.php(44): require_once('E:\\Project\\klinik-bersalin\\public\\index.php')
INFO - 2024-07-28 14:08:01 --> Session: Class initialized using 'CodeIgniter\Session\Handlers\FileHandler' driver.
INFO - 2024-07-28 14:08:25 --> Session: Class initialized using 'CodeIgniter\Session\Handlers\FileHandler' driver.
INFO - 2024-07-28 14:08:32 --> Session: Class initialized using 'CodeIgniter\Session\Handlers\FileHandler' driver.
INFO - 2024-07-28 14:08:50 --> Session: Class initialized using 'CodeIgniter\Session\Handlers\FileHandler' driver.
INFO - 2024-07-28 14:08:57 --> Session: Class initialized using 'CodeIgniter\Session\Handlers\FileHandler' driver.
INFO - 2024-07-28 14:10:23 --> Session: Class initialized using 'CodeIgniter\Session\Handlers\FileHandler' driver.
CRITICAL - 2024-07-28 14:10:23 --> ErrorException: Undefined array key "bayiNIK"
[Method: GET, Route: print-data-bayi/BYI001]
in APPPATH\Views\page\report\data_bayi.php on line 18.
 1 APPPATH\Views\page\report\data_bayi.php(18): CodeIgniter\Debug\Exceptions->errorHandler(2, 'Undefined array key "bayiNIK"', 'E:\\Project\\klinik-bersalin\\app\\Views\\page\\report\\data_bayi.php', 18)
 2 SYSTEMPATH\View\View.php(234): include('E:\\Project\\klinik-bersalin\\app\\Views\\page\\report\\data_bayi.php')
 3 SYSTEMPATH\View\View.php(237): CodeIgniter\View\View->CodeIgniter\View\{closure}()
 4 SYSTEMPATH\Common.php(1171): CodeIgniter\View\View->render('page/report/data_bayi', [], true)
 5 APPPATH\Controllers\Laporan.php(79): view('page/report/data_bayi', [...])
 6 SYSTEMPATH\CodeIgniter.php(933): App\Controllers\Laporan->data_bayi('BYI001')
 7 SYSTEMPATH\CodeIgniter.php(509): CodeIgniter\CodeIgniter->runController(Object(App\Controllers\Laporan))
 8 SYSTEMPATH\CodeIgniter.php(355): CodeIgniter\CodeIgniter->handleRequest(null, Object(Config\Cache), false)
 9 SYSTEMPATH\Boot.php(325): CodeIgniter\CodeIgniter->run()
10 SYSTEMPATH\Boot.php(67): CodeIgniter\Boot::runCodeIgniter(Object(CodeIgniter\CodeIgniter))
11 FCPATH\index.php(56): CodeIgniter\Boot::bootWeb(Object(Config\Paths))
12 SYSTEMPATH\rewrite.php(44): require_once('E:\\Project\\klinik-bersalin\\public\\index.php')
INFO - 2024-07-28 14:10:37 --> Session: Class initialized using 'CodeIgniter\Session\Handlers\FileHandler' driver.
CRITICAL - 2024-07-28 14:10:37 --> ErrorException: Undefined array key "bayiTanggalLahir"
[Method: GET, Route: print-data-bayi/BYI001]
in APPPATH\Views\page\report\data_bayi.php on line 18.
 1 APPPATH\Views\page\report\data_bayi.php(18): CodeIgniter\Debug\Exceptions->errorHandler(2, 'Undefined array key "bayiTanggalLahir"', 'E:\\Project\\klinik-bersalin\\app\\Views\\page\\report\\data_bayi.php', 18)
 2 SYSTEMPATH\View\View.php(234): include('E:\\Project\\klinik-bersalin\\app\\Views\\page\\report\\data_bayi.php')
 3 SYSTEMPATH\View\View.php(237): CodeIgniter\View\View->CodeIgniter\View\{closure}()
 4 SYSTEMPATH\Common.php(1171): CodeIgniter\View\View->render('page/report/data_bayi', [], true)
 5 APPPATH\Controllers\Laporan.php(79): view('page/report/data_bayi', [...])
 6 SYSTEMPATH\CodeIgniter.php(933): App\Controllers\Laporan->data_bayi('BYI001')
 7 SYSTEMPATH\CodeIgniter.php(509): CodeIgniter\CodeIgniter->runController(Object(App\Controllers\Laporan))
 8 SYSTEMPATH\CodeIgniter.php(355): CodeIgniter\CodeIgniter->handleRequest(null, Object(Config\Cache), false)
 9 SYSTEMPATH\Boot.php(325): CodeIgniter\CodeIgniter->run()
10 SYSTEMPATH\Boot.php(67): CodeIgniter\Boot::runCodeIgniter(Object(CodeIgniter\CodeIgniter))
11 FCPATH\index.php(56): CodeIgniter\Boot::bootWeb(Object(Config\Paths))
12 SYSTEMPATH\rewrite.php(44): require_once('E:\\Project\\klinik-bersalin\\public\\index.php')
INFO - 2024-07-28 14:10:51 --> Session: Class initialized using 'CodeIgniter\Session\Handlers\FileHandler' driver.
CRITICAL - 2024-07-28 14:10:51 --> ErrorException: Undefined variable $ibu
[Method: GET, Route: print-data-bayi/BYI001]
in APPPATH\Views\page\report\data_bayi.php on line 51.
 1 APPPATH\Views\page\report\data_bayi.php(51): CodeIgniter\Debug\Exceptions->errorHandler(2, 'Undefined variable $ibu', 'E:\\Project\\klinik-bersalin\\app\\Views\\page\\report\\data_bayi.php', 51)
 2 SYSTEMPATH\View\View.php(234): include('E:\\Project\\klinik-bersalin\\app\\Views\\page\\report\\data_bayi.php')
 3 SYSTEMPATH\View\View.php(237): CodeIgniter\View\View->CodeIgniter\View\{closure}()
 4 SYSTEMPATH\Common.php(1171): CodeIgniter\View\View->render('page/report/data_bayi', [], true)
 5 APPPATH\Controllers\Laporan.php(79): view('page/report/data_bayi', [...])
 6 SYSTEMPATH\CodeIgniter.php(933): App\Controllers\Laporan->data_bayi('BYI001')
 7 SYSTEMPATH\CodeIgniter.php(509): CodeIgniter\CodeIgniter->runController(Object(App\Controllers\Laporan))
 8 SYSTEMPATH\CodeIgniter.php(355): CodeIgniter\CodeIgniter->handleRequest(null, Object(Config\Cache), false)
 9 SYSTEMPATH\Boot.php(325): CodeIgniter\CodeIgniter->run()
10 SYSTEMPATH\Boot.php(67): CodeIgniter\Boot::runCodeIgniter(Object(CodeIgniter\CodeIgniter))
11 FCPATH\index.php(56): CodeIgniter\Boot::bootWeb(Object(Config\Paths))
12 SYSTEMPATH\rewrite.php(44): require_once('E:\\Project\\klinik-bersalin\\public\\index.php')
INFO - 2024-07-28 14:11:28 --> Session: Class initialized using 'CodeIgniter\Session\Handlers\FileHandler' driver.
CRITICAL - 2024-07-28 14:11:28 --> ErrorException: Undefined variable $ibu
[Method: GET, Route: print-data-bayi/BYI001]
in APPPATH\Views\page\report\data_bayi.php on line 51.
 1 APPPATH\Views\page\report\data_bayi.php(51): CodeIgniter\Debug\Exceptions->errorHandler(2, 'Undefined variable $ibu', 'E:\\Project\\klinik-bersalin\\app\\Views\\page\\report\\data_bayi.php', 51)
 2 SYSTEMPATH\View\View.php(234): include('E:\\Project\\klinik-bersalin\\app\\Views\\page\\report\\data_bayi.php')
 3 SYSTEMPATH\View\View.php(237): CodeIgniter\View\View->CodeIgniter\View\{closure}()
 4 SYSTEMPATH\Common.php(1171): CodeIgniter\View\View->render('page/report/data_bayi', [], true)
 5 APPPATH\Controllers\Laporan.php(79): view('page/report/data_bayi', [...])
 6 SYSTEMPATH\CodeIgniter.php(933): App\Controllers\Laporan->data_bayi('BYI001')
 7 SYSTEMPATH\CodeIgniter.php(509): CodeIgniter\CodeIgniter->runController(Object(App\Controllers\Laporan))
 8 SYSTEMPATH\CodeIgniter.php(355): CodeIgniter\CodeIgniter->handleRequest(null, Object(Config\Cache), false)
 9 SYSTEMPATH\Boot.php(325): CodeIgniter\CodeIgniter->run()
10 SYSTEMPATH\Boot.php(67): CodeIgniter\Boot::runCodeIgniter(Object(CodeIgniter\CodeIgniter))
11 FCPATH\index.php(56): CodeIgniter\Boot::bootWeb(Object(Config\Paths))
12 SYSTEMPATH\rewrite.php(44): require_once('E:\\Project\\klinik-bersalin\\public\\index.php')
INFO - 2024-07-28 14:11:30 --> Session: Class initialized using 'CodeIgniter\Session\Handlers\FileHandler' driver.
INFO - 2024-07-28 14:11:35 --> Session: Class initialized using 'CodeIgniter\Session\Handlers\FileHandler' driver.
INFO - 2024-07-28 14:11:38 --> Session: Class initialized using 'CodeIgniter\Session\Handlers\FileHandler' driver.
INFO - 2024-07-28 14:11:44 --> Session: Class initialized using 'CodeIgniter\Session\Handlers\FileHandler' driver.
INFO - 2024-07-28 14:11:45 --> Session: Class initialized using 'CodeIgniter\Session\Handlers\FileHandler' driver.
INFO - 2024-07-28 14:11:47 --> Session: Class initialized using 'CodeIgniter\Session\Handlers\FileHandler' driver.
INFO - 2024-07-28 14:12:06 --> Session: Class initialized using 'CodeIgniter\Session\Handlers\FileHandler' driver.
INFO - 2024-07-28 14:12:10 --> Session: Class initialized using 'CodeIgniter\Session\Handlers\FileHandler' driver.
INFO - 2024-07-28 14:12:13 --> Session: Class initialized using 'CodeIgniter\Session\Handlers\FileHandler' driver.
INFO - 2024-07-28 14:12:19 --> Session: Class initialized using 'CodeIgniter\Session\Handlers\FileHandler' driver.
CRITICAL - 2024-07-28 14:12:19 --> ErrorException: Undefined variable $ibu
[Method: GET, Route: print-data-bayi/BYI001]
in APPPATH\Views\page\report\data_bayi.php on line 51.
 1 APPPATH\Views\page\report\data_bayi.php(51): CodeIgniter\Debug\Exceptions->errorHandler(2, 'Undefined variable $ibu', 'E:\\Project\\klinik-bersalin\\app\\Views\\page\\report\\data_bayi.php', 51)
 2 SYSTEMPATH\View\View.php(234): include('E:\\Project\\klinik-bersalin\\app\\Views\\page\\report\\data_bayi.php')
 3 SYSTEMPATH\View\View.php(237): CodeIgniter\View\View->CodeIgniter\View\{closure}()
 4 SYSTEMPATH\Common.php(1171): CodeIgniter\View\View->render('page/report/data_bayi', [], true)
 5 APPPATH\Controllers\Laporan.php(79): view('page/report/data_bayi', [...])
 6 SYSTEMPATH\CodeIgniter.php(933): App\Controllers\Laporan->data_bayi('BYI001')
 7 SYSTEMPATH\CodeIgniter.php(509): CodeIgniter\CodeIgniter->runController(Object(App\Controllers\Laporan))
 8 SYSTEMPATH\CodeIgniter.php(355): CodeIgniter\CodeIgniter->handleRequest(null, Object(Config\Cache), false)
 9 SYSTEMPATH\Boot.php(325): CodeIgniter\CodeIgniter->run()
10 SYSTEMPATH\Boot.php(67): CodeIgniter\Boot::runCodeIgniter(Object(CodeIgniter\CodeIgniter))
11 FCPATH\index.php(56): CodeIgniter\Boot::bootWeb(Object(Config\Paths))
12 SYSTEMPATH\rewrite.php(44): require_once('E:\\Project\\klinik-bersalin\\public\\index.php')
INFO - 2024-07-28 14:13:38 --> Session: Class initialized using 'CodeIgniter\Session\Handlers\FileHandler' driver.
CRITICAL - 2024-07-28 14:13:38 --> ErrorException: Undefined variable $ibu
[Method: GET, Route: print-data-bayi/BYI001]
in APPPATH\Views\page\report\data_bayi.php on line 51.
 1 APPPATH\Views\page\report\data_bayi.php(51): CodeIgniter\Debug\Exceptions->errorHandler(2, 'Undefined variable $ibu', 'E:\\Project\\klinik-bersalin\\app\\Views\\page\\report\\data_bayi.php', 51)
 2 SYSTEMPATH\View\View.php(234): include('E:\\Project\\klinik-bersalin\\app\\Views\\page\\report\\data_bayi.php')
 3 SYSTEMPATH\View\View.php(237): CodeIgniter\View\View->CodeIgniter\View\{closure}()
 4 SYSTEMPATH\Common.php(1171): CodeIgniter\View\View->render('page/report/data_bayi', [], true)
 5 APPPATH\Controllers\Laporan.php(79): view('page/report/data_bayi', [...])
 6 SYSTEMPATH\CodeIgniter.php(933): App\Controllers\Laporan->data_bayi('BYI001')
 7 SYSTEMPATH\CodeIgniter.php(509): CodeIgniter\CodeIgniter->runController(Object(App\Controllers\Laporan))
 8 SYSTEMPATH\CodeIgniter.php(355): CodeIgniter\CodeIgniter->handleRequest(null, Object(Config\Cache), false)
 9 SYSTEMPATH\Boot.php(325): CodeIgniter\CodeIgniter->run()
10 SYSTEMPATH\Boot.php(67): CodeIgniter\Boot::runCodeIgniter(Object(CodeIgniter\CodeIgniter))
11 FCPATH\index.php(56): CodeIgniter\Boot::bootWeb(Object(Config\Paths))
12 SYSTEMPATH\rewrite.php(44): require_once('E:\\Project\\klinik-bersalin\\public\\index.php')
INFO - 2024-07-28 14:13:55 --> Session: Class initialized using 'CodeIgniter\Session\Handlers\FileHandler' driver.
CRITICAL - 2024-07-28 14:13:55 --> ErrorException: Undefined variable $ibu
[Method: GET, Route: print-data-bayi/BYI001]
in APPPATH\Views\page\report\data_bayi.php on line 51.
 1 APPPATH\Views\page\report\data_bayi.php(51): CodeIgniter\Debug\Exceptions->errorHandler(2, 'Undefined variable $ibu', 'E:\\Project\\klinik-bersalin\\app\\Views\\page\\report\\data_bayi.php', 51)
 2 SYSTEMPATH\View\View.php(234): include('E:\\Project\\klinik-bersalin\\app\\Views\\page\\report\\data_bayi.php')
 3 SYSTEMPATH\View\View.php(237): CodeIgniter\View\View->CodeIgniter\View\{closure}()
 4 SYSTEMPATH\Common.php(1171): CodeIgniter\View\View->render('page/report/data_bayi', [], true)
 5 APPPATH\Controllers\Laporan.php(79): view('page/report/data_bayi', [...])
 6 SYSTEMPATH\CodeIgniter.php(933): App\Controllers\Laporan->data_bayi('BYI001')
 7 SYSTEMPATH\CodeIgniter.php(509): CodeIgniter\CodeIgniter->runController(Object(App\Controllers\Laporan))
 8 SYSTEMPATH\CodeIgniter.php(355): CodeIgniter\CodeIgniter->handleRequest(null, Object(Config\Cache), false)
 9 SYSTEMPATH\Boot.php(325): CodeIgniter\CodeIgniter->run()
10 SYSTEMPATH\Boot.php(67): CodeIgniter\Boot::runCodeIgniter(Object(CodeIgniter\CodeIgniter))
11 FCPATH\index.php(56): CodeIgniter\Boot::bootWeb(Object(Config\Paths))
12 SYSTEMPATH\rewrite.php(44): require_once('E:\\Project\\klinik-bersalin\\public\\index.php')
INFO - 2024-07-28 14:14:25 --> Session: Class initialized using 'CodeIgniter\Session\Handlers\FileHandler' driver.
CRITICAL - 2024-07-28 14:14:25 --> ErrorException: Undefined variable $ibu
[Method: GET, Route: print-data-bayi/BYI001]
in APPPATH\Views\page\report\data_bayi.php on line 51.
 1 APPPATH\Views\page\report\data_bayi.php(51): CodeIgniter\Debug\Exceptions->errorHandler(2, 'Undefined variable $ibu', 'E:\\Project\\klinik-bersalin\\app\\Views\\page\\report\\data_bayi.php', 51)
 2 SYSTEMPATH\View\View.php(234): include('E:\\Project\\klinik-bersalin\\app\\Views\\page\\report\\data_bayi.php')
 3 SYSTEMPATH\View\View.php(237): CodeIgniter\View\View->CodeIgniter\View\{closure}()
 4 SYSTEMPATH\Common.php(1171): CodeIgniter\View\View->render('page/report/data_bayi', [], true)
 5 APPPATH\Controllers\Laporan.php(79): view('page/report/data_bayi', [...])
 6 SYSTEMPATH\CodeIgniter.php(933): App\Controllers\Laporan->data_bayi('BYI001')
 7 SYSTEMPATH\CodeIgniter.php(509): CodeIgniter\CodeIgniter->runController(Object(App\Controllers\Laporan))
 8 SYSTEMPATH\CodeIgniter.php(355): CodeIgniter\CodeIgniter->handleRequest(null, Object(Config\Cache), false)
 9 SYSTEMPATH\Boot.php(325): CodeIgniter\CodeIgniter->run()
10 SYSTEMPATH\Boot.php(67): CodeIgniter\Boot::runCodeIgniter(Object(CodeIgniter\CodeIgniter))
11 FCPATH\index.php(56): CodeIgniter\Boot::bootWeb(Object(Config\Paths))
12 SYSTEMPATH\rewrite.php(44): require_once('E:\\Project\\klinik-bersalin\\public\\index.php')
INFO - 2024-07-28 14:14:33 --> Session: Class initialized using 'CodeIgniter\Session\Handlers\FileHandler' driver.
CRITICAL - 2024-07-28 14:14:33 --> ErrorException: Undefined variable $ibu
[Method: GET, Route: print-data-bayi/BYI001]
in APPPATH\Views\page\report\data_bayi.php on line 51.
 1 APPPATH\Views\page\report\data_bayi.php(51): CodeIgniter\Debug\Exceptions->errorHandler(2, 'Undefined variable $ibu', 'E:\\Project\\klinik-bersalin\\app\\Views\\page\\report\\data_bayi.php', 51)
 2 SYSTEMPATH\View\View.php(234): include('E:\\Project\\klinik-bersalin\\app\\Views\\page\\report\\data_bayi.php')
 3 SYSTEMPATH\View\View.php(237): CodeIgniter\View\View->CodeIgniter\View\{closure}()
 4 SYSTEMPATH\Common.php(1171): CodeIgniter\View\View->render('page/report/data_bayi', [], true)
 5 APPPATH\Controllers\Laporan.php(79): view('page/report/data_bayi', [...])
 6 SYSTEMPATH\CodeIgniter.php(933): App\Controllers\Laporan->data_bayi('BYI001')
 7 SYSTEMPATH\CodeIgniter.php(509): CodeIgniter\CodeIgniter->runController(Object(App\Controllers\Laporan))
 8 SYSTEMPATH\CodeIgniter.php(355): CodeIgniter\CodeIgniter->handleRequest(null, Object(Config\Cache), false)
 9 SYSTEMPATH\Boot.php(325): CodeIgniter\CodeIgniter->run()
10 SYSTEMPATH\Boot.php(67): CodeIgniter\Boot::runCodeIgniter(Object(CodeIgniter\CodeIgniter))
11 FCPATH\index.php(56): CodeIgniter\Boot::bootWeb(Object(Config\Paths))
12 SYSTEMPATH\rewrite.php(44): require_once('E:\\Project\\klinik-bersalin\\public\\index.php')
INFO - 2024-07-28 14:14:44 --> Session: Class initialized using 'CodeIgniter\Session\Handlers\FileHandler' driver.
CRITICAL - 2024-07-28 14:14:44 --> ErrorException: Undefined variable $ibu
[Method: GET, Route: print-data-bayi/BYI001]
in APPPATH\Views\page\report\data_bayi.php on line 79.
 1 APPPATH\Views\page\report\data_bayi.php(79): CodeIgniter\Debug\Exceptions->errorHandler(2, 'Undefined variable $ibu', 'E:\\Project\\klinik-bersalin\\app\\Views\\page\\report\\data_bayi.php', 79)
 2 SYSTEMPATH\View\View.php(234): include('E:\\Project\\klinik-bersalin\\app\\Views\\page\\report\\data_bayi.php')
 3 SYSTEMPATH\View\View.php(237): CodeIgniter\View\View->CodeIgniter\View\{closure}()
 4 SYSTEMPATH\Common.php(1171): CodeIgniter\View\View->render('page/report/data_bayi', [], true)
 5 APPPATH\Controllers\Laporan.php(79): view('page/report/data_bayi', [...])
 6 SYSTEMPATH\CodeIgniter.php(933): App\Controllers\Laporan->data_bayi('BYI001')
 7 SYSTEMPATH\CodeIgniter.php(509): CodeIgniter\CodeIgniter->runController(Object(App\Controllers\Laporan))
 8 SYSTEMPATH\CodeIgniter.php(355): CodeIgniter\CodeIgniter->handleRequest(null, Object(Config\Cache), false)
 9 SYSTEMPATH\Boot.php(325): CodeIgniter\CodeIgniter->run()
10 SYSTEMPATH\Boot.php(67): CodeIgniter\Boot::runCodeIgniter(Object(CodeIgniter\CodeIgniter))
11 FCPATH\index.php(56): CodeIgniter\Boot::bootWeb(Object(Config\Paths))
12 SYSTEMPATH\rewrite.php(44): require_once('E:\\Project\\klinik-bersalin\\public\\index.php')
INFO - 2024-07-28 14:16:30 --> Session: Class initialized using 'CodeIgniter\Session\Handlers\FileHandler' driver.
INFO - 2024-07-28 14:16:46 --> Session: Class initialized using 'CodeIgniter\Session\Handlers\FileHandler' driver.
INFO - 2024-07-28 14:16:57 --> Session: Class initialized using 'CodeIgniter\Session\Handlers\FileHandler' driver.
INFO - 2024-07-28 14:17:00 --> Session: Class initialized using 'CodeIgniter\Session\Handlers\FileHandler' driver.
INFO - 2024-07-28 14:17:04 --> Session: Class initialized using 'CodeIgniter\Session\Handlers\FileHandler' driver.
INFO - 2024-07-28 14:17:07 --> Session: Class initialized using 'CodeIgniter\Session\Handlers\FileHandler' driver.
INFO - 2024-07-28 14:18:21 --> Session: Class initialized using 'CodeIgniter\Session\Handlers\FileHandler' driver.
INFO - 2024-07-28 14:18:59 --> Session: Class initialized using 'CodeIgniter\Session\Handlers\FileHandler' driver.
INFO - 2024-07-28 14:19:08 --> Session: Class initialized using 'CodeIgniter\Session\Handlers\FileHandler' driver.
INFO - 2024-07-28 14:19:27 --> Session: Class initialized using 'CodeIgniter\Session\Handlers\FileHandler' driver.
INFO - 2024-07-28 14:19:35 --> Session: Class initialized using 'CodeIgniter\Session\Handlers\FileHandler' driver.
INFO - 2024-07-28 14:20:01 --> Session: Class initialized using 'CodeIgniter\Session\Handlers\FileHandler' driver.
INFO - 2024-07-28 14:20:03 --> Session: Class initialized using 'CodeIgniter\Session\Handlers\FileHandler' driver.
INFO - 2024-07-28 14:20:37 --> Session: Class initialized using 'CodeIgniter\Session\Handlers\FileHandler' driver.
CRITICAL - 2024-07-28 14:20:38 --> ErrorException: Undefined variable $bayi
[Method: GET, Route: print-data-riwayat/RWY001]
in APPPATH\Views\page\report\data_bayi.php on line 16.
 1 APPPATH\Views\page\report\data_bayi.php(16): CodeIgniter\Debug\Exceptions->errorHandler(2, 'Undefined variable $bayi', 'E:\\Project\\klinik-bersalin\\app\\Views\\page\\report\\data_bayi.php', 16)
 2 SYSTEMPATH\View\View.php(234): include('E:\\Project\\klinik-bersalin\\app\\Views\\page\\report\\data_bayi.php')
 3 SYSTEMPATH\View\View.php(237): CodeIgniter\View\View->CodeIgniter\View\{closure}()
 4 SYSTEMPATH\Common.php(1171): CodeIgniter\View\View->render('page/report/data_bayi', [], true)
 5 APPPATH\Controllers\Laporan.php(85): view('page/report/data_bayi', [...])
 6 SYSTEMPATH\CodeIgniter.php(933): App\Controllers\Laporan->data_riwayat('RWY001')
 7 SYSTEMPATH\CodeIgniter.php(509): CodeIgniter\CodeIgniter->runController(Object(App\Controllers\Laporan))
 8 SYSTEMPATH\CodeIgniter.php(355): CodeIgniter\CodeIgniter->handleRequest(null, Object(Config\Cache), false)
 9 SYSTEMPATH\Boot.php(325): CodeIgniter\CodeIgniter->run()
10 SYSTEMPATH\Boot.php(67): CodeIgniter\Boot::runCodeIgniter(Object(CodeIgniter\CodeIgniter))
11 FCPATH\index.php(56): CodeIgniter\Boot::bootWeb(Object(Config\Paths))
12 SYSTEMPATH\rewrite.php(44): require_once('E:\\Project\\klinik-bersalin\\public\\index.php')
INFO - 2024-07-28 14:21:20 --> Session: Class initialized using 'CodeIgniter\Session\Handlers\FileHandler' driver.
CRITICAL - 2024-07-28 14:21:20 --> ErrorException: Undefined variable $ibu
[Method: GET, Route: print-data-riwayat/RWY001]
in APPPATH\Views\page\report\data_riwayat.php on line 51.
 1 APPPATH\Views\page\report\data_riwayat.php(51): CodeIgniter\Debug\Exceptions->errorHandler(2, 'Undefined variable $ibu', 'E:\\Project\\klinik-bersalin\\app\\Views\\page\\report\\data_riwayat.php', 51)
 2 SYSTEMPATH\View\View.php(234): include('E:\\Project\\klinik-bersalin\\app\\Views\\page\\report\\data_riwayat.php')
 3 SYSTEMPATH\View\View.php(237): CodeIgniter\View\View->CodeIgniter\View\{closure}()
 4 SYSTEMPATH\Common.php(1171): CodeIgniter\View\View->render('page/report/data_riwayat', [], true)
 5 APPPATH\Controllers\Laporan.php(85): view('page/report/data_riwayat', [...])
 6 SYSTEMPATH\CodeIgniter.php(933): App\Controllers\Laporan->data_riwayat('RWY001')
 7 SYSTEMPATH\CodeIgniter.php(509): CodeIgniter\CodeIgniter->runController(Object(App\Controllers\Laporan))
 8 SYSTEMPATH\CodeIgniter.php(355): CodeIgniter\CodeIgniter->handleRequest(null, Object(Config\Cache), false)
 9 SYSTEMPATH\Boot.php(325): CodeIgniter\CodeIgniter->run()
10 SYSTEMPATH\Boot.php(67): CodeIgniter\Boot::runCodeIgniter(Object(CodeIgniter\CodeIgniter))
11 FCPATH\index.php(56): CodeIgniter\Boot::bootWeb(Object(Config\Paths))
12 SYSTEMPATH\rewrite.php(44): require_once('E:\\Project\\klinik-bersalin\\public\\index.php')
INFO - 2024-07-28 14:24:30 --> Session: Class initialized using 'CodeIgniter\Session\Handlers\FileHandler' driver.
INFO - 2024-07-28 14:24:48 --> Session: Class initialized using 'CodeIgniter\Session\Handlers\FileHandler' driver.
INFO - 2024-07-28 14:25:32 --> Session: Class initialized using 'CodeIgniter\Session\Handlers\FileHandler' driver.
INFO - 2024-07-28 14:26:11 --> Session: Class initialized using 'CodeIgniter\Session\Handlers\FileHandler' driver.
INFO - 2024-07-28 14:26:41 --> Session: Class initialized using 'CodeIgniter\Session\Handlers\FileHandler' driver.
INFO - 2024-07-28 14:26:55 --> Session: Class initialized using 'CodeIgniter\Session\Handlers\FileHandler' driver.
INFO - 2024-07-28 14:27:34 --> Session: Class initialized using 'CodeIgniter\Session\Handlers\FileHandler' driver.
INFO - 2024-07-28 14:27:52 --> Session: Class initialized using 'CodeIgniter\Session\Handlers\FileHandler' driver.
INFO - 2024-07-28 14:28:06 --> Session: Class initialized using 'CodeIgniter\Session\Handlers\FileHandler' driver.
INFO - 2024-07-28 14:28:16 --> Session: Class initialized using 'CodeIgniter\Session\Handlers\FileHandler' driver.
INFO - 2024-07-28 14:28:35 --> Session: Class initialized using 'CodeIgniter\Session\Handlers\FileHandler' driver.
INFO - 2024-07-28 14:28:38 --> Session: Class initialized using 'CodeIgniter\Session\Handlers\FileHandler' driver.
INFO - 2024-07-28 14:28:40 --> Session: Class initialized using 'CodeIgniter\Session\Handlers\FileHandler' driver.
INFO - 2024-07-28 14:28:43 --> Session: Class initialized using 'CodeIgniter\Session\Handlers\FileHandler' driver.
INFO - 2024-07-28 14:29:02 --> Session: Class initialized using 'CodeIgniter\Session\Handlers\FileHandler' driver.
INFO - 2024-07-28 14:29:45 --> Session: Class initialized using 'CodeIgniter\Session\Handlers\FileHandler' driver.
INFO - 2024-07-28 14:29:54 --> Session: Class initialized using 'CodeIgniter\Session\Handlers\FileHandler' driver.
INFO - 2024-07-28 14:30:03 --> Session: Class initialized using 'CodeIgniter\Session\Handlers\FileHandler' driver.
INFO - 2024-07-28 14:30:05 --> Session: Class initialized using 'CodeIgniter\Session\Handlers\FileHandler' driver.
INFO - 2024-07-28 14:31:03 --> Session: Class initialized using 'CodeIgniter\Session\Handlers\FileHandler' driver.
CRITICAL - 2024-07-28 14:31:03 --> CodeIgniter\View\Exceptions\ViewException: Invalid file: "page/report/data_antenatal.php"
[Method: GET, Route: print-data-antenatal/ANT001]
in SYSTEMPATH\Exceptions\FrameworkException.php on line 41.
 1 SYSTEMPATH\View\View.php(222): CodeIgniter\Exceptions\FrameworkException::forInvalidFile('page/report/data_antenatal.php')
 2 SYSTEMPATH\Common.php(1171): CodeIgniter\View\View->render('page/report/data_antenatal', [], true)
 3 APPPATH\Controllers\Laporan.php(91): view('page/report/data_antenatal', [...])
 4 SYSTEMPATH\CodeIgniter.php(933): App\Controllers\Laporan->data_antenatal('ANT001')
 5 SYSTEMPATH\CodeIgniter.php(509): CodeIgniter\CodeIgniter->runController(Object(App\Controllers\Laporan))
 6 SYSTEMPATH\CodeIgniter.php(355): CodeIgniter\CodeIgniter->handleRequest(null, Object(Config\Cache), false)
 7 SYSTEMPATH\Boot.php(325): CodeIgniter\CodeIgniter->run()
 8 SYSTEMPATH\Boot.php(67): CodeIgniter\Boot::runCodeIgniter(Object(CodeIgniter\CodeIgniter))
 9 FCPATH\index.php(56): CodeIgniter\Boot::bootWeb(Object(Config\Paths))
10 SYSTEMPATH\rewrite.php(44): require_once('E:\\Project\\klinik-bersalin\\public\\index.php')
INFO - 2024-07-28 14:34:23 --> Session: Class initialized using 'CodeIgniter\Session\Handlers\FileHandler' driver.
INFO - 2024-07-28 14:34:37 --> Session: Class initialized using 'CodeIgniter\Session\Handlers\FileHandler' driver.
INFO - 2024-07-28 14:34:41 --> Session: Class initialized using 'CodeIgniter\Session\Handlers\FileHandler' driver.
INFO - 2024-07-28 14:34:42 --> Session: Class initialized using 'CodeIgniter\Session\Handlers\FileHandler' driver.
INFO - 2024-07-28 14:34:45 --> Session: Class initialized using 'CodeIgniter\Session\Handlers\FileHandler' driver.
INFO - 2024-07-28 14:35:21 --> Session: Class initialized using 'CodeIgniter\Session\Handlers\FileHandler' driver.
INFO - 2024-07-28 14:35:24 --> Session: Class initialized using 'CodeIgniter\Session\Handlers\FileHandler' driver.
INFO - 2024-07-28 14:35:41 --> Session: Class initialized using 'CodeIgniter\Session\Handlers\FileHandler' driver.
INFO - 2024-07-28 14:36:39 --> Session: Class initialized using 'CodeIgniter\Session\Handlers\FileHandler' driver.
INFO - 2024-07-28 14:37:16 --> Session: Class initialized using 'CodeIgniter\Session\Handlers\FileHandler' driver.
CRITICAL - 2024-07-28 14:37:16 --> ErrorException: Undefined variable $riwayat
[Method: GET, Route: print-data-persalinan/PRS002]
in APPPATH\Views\page\report\data_persalinan.php on line 16.
 1 APPPATH\Views\page\report\data_persalinan.php(16): CodeIgniter\Debug\Exceptions->errorHandler(2, 'Undefined variable $riwayat', 'E:\\Project\\klinik-bersalin\\app\\Views\\page\\report\\data_persalinan.php', 16)
 2 SYSTEMPATH\View\View.php(234): include('E:\\Project\\klinik-bersalin\\app\\Views\\page\\report\\data_persalinan.php')
 3 SYSTEMPATH\View\View.php(237): CodeIgniter\View\View->CodeIgniter\View\{closure}()
 4 SYSTEMPATH\Common.php(1171): CodeIgniter\View\View->render('page/report/data_persalinan', [], true)
 5 APPPATH\Controllers\Laporan.php(97): view('page/report/data_persalinan', [...])
 6 SYSTEMPATH\CodeIgniter.php(933): App\Controllers\Laporan->data_persalinan('PRS002')
 7 SYSTEMPATH\CodeIgniter.php(509): CodeIgniter\CodeIgniter->runController(Object(App\Controllers\Laporan))
 8 SYSTEMPATH\CodeIgniter.php(355): CodeIgniter\CodeIgniter->handleRequest(null, Object(Config\Cache), false)
 9 SYSTEMPATH\Boot.php(325): CodeIgniter\CodeIgniter->run()
10 SYSTEMPATH\Boot.php(67): CodeIgniter\Boot::runCodeIgniter(Object(CodeIgniter\CodeIgniter))
11 FCPATH\index.php(56): CodeIgniter\Boot::bootWeb(Object(Config\Paths))
12 SYSTEMPATH\rewrite.php(44): require_once('E:\\Project\\klinik-bersalin\\public\\index.php')
INFO - 2024-07-28 14:41:48 --> Session: Class initialized using 'CodeIgniter\Session\Handlers\FileHandler' driver.
INFO - 2024-07-28 14:42:03 --> Session: Class initialized using 'CodeIgniter\Session\Handlers\FileHandler' driver.
INFO - 2024-07-28 14:42:09 --> Session: Class initialized using 'CodeIgniter\Session\Handlers\FileHandler' driver.
INFO - 2024-07-28 14:42:12 --> Session: Class initialized using 'CodeIgniter\Session\Handlers\FileHandler' driver.
INFO - 2024-07-28 14:42:17 --> Session: Class initialized using 'CodeIgniter\Session\Handlers\FileHandler' driver.
INFO - 2024-07-28 14:42:19 --> Session: Class initialized using 'CodeIgniter\Session\Handlers\FileHandler' driver.
INFO - 2024-07-28 14:42:22 --> Session: Class initialized using 'CodeIgniter\Session\Handlers\FileHandler' driver.
INFO - 2024-07-28 14:42:24 --> Session: Class initialized using 'CodeIgniter\Session\Handlers\FileHandler' driver.
INFO - 2024-07-28 14:42:26 --> Session: Class initialized using 'CodeIgniter\Session\Handlers\FileHandler' driver.
INFO - 2024-07-28 14:42:29 --> Session: Class initialized using 'CodeIgniter\Session\Handlers\FileHandler' driver.
INFO - 2024-07-28 14:42:41 --> Session: Class initialized using 'CodeIgniter\Session\Handlers\FileHandler' driver.
INFO - 2024-07-28 14:42:43 --> Session: Class initialized using 'CodeIgniter\Session\Handlers\FileHandler' driver.
INFO - 2024-07-28 14:42:44 --> Session: Class initialized using 'CodeIgniter\Session\Handlers\FileHandler' driver.
INFO - 2024-07-28 14:42:48 --> Session: Class initialized using 'CodeIgniter\Session\Handlers\FileHandler' driver.
INFO - 2024-07-28 14:42:50 --> Session: Class initialized using 'CodeIgniter\Session\Handlers\FileHandler' driver.
INFO - 2024-07-28 14:42:59 --> Session: Class initialized using 'CodeIgniter\Session\Handlers\FileHandler' driver.
INFO - 2024-07-28 14:43:02 --> Session: Class initialized using 'CodeIgniter\Session\Handlers\FileHandler' driver.
INFO - 2024-07-28 14:43:05 --> Session: Class initialized using 'CodeIgniter\Session\Handlers\FileHandler' driver.
INFO - 2024-07-28 14:43:07 --> Session: Class initialized using 'CodeIgniter\Session\Handlers\FileHandler' driver.
INFO - 2024-07-28 14:43:13 --> Session: Class initialized using 'CodeIgniter\Session\Handlers\FileHandler' driver.
INFO - 2024-07-28 14:43:37 --> Session: Class initialized using 'CodeIgniter\Session\Handlers\FileHandler' driver.
INFO - 2024-07-28 14:43:38 --> Session: Class initialized using 'CodeIgniter\Session\Handlers\FileHandler' driver.
INFO - 2024-07-28 14:43:47 --> Session: Class initialized using 'CodeIgniter\Session\Handlers\FileHandler' driver.
INFO - 2024-07-28 14:45:34 --> Session: Class initialized using 'CodeIgniter\Session\Handlers\FileHandler' driver.
INFO - 2024-07-28 14:54:07 --> Session: Class initialized using 'CodeIgniter\Session\Handlers\FileHandler' driver.
INFO - 2024-07-28 14:54:20 --> Session: Class initialized using 'CodeIgniter\Session\Handlers\FileHandler' driver.
INFO - 2024-07-28 14:54:28 --> Session: Class initialized using 'CodeIgniter\Session\Handlers\FileHandler' driver.
INFO - 2024-07-28 14:54:33 --> Session: Class initialized using 'CodeIgniter\Session\Handlers\FileHandler' driver.
INFO - 2024-07-28 14:54:36 --> Session: Class initialized using 'CodeIgniter\Session\Handlers\FileHandler' driver.
INFO - 2024-07-28 14:54:41 --> Session: Class initialized using 'CodeIgniter\Session\Handlers\FileHandler' driver.
INFO - 2024-07-28 14:56:17 --> Session: Class initialized using 'CodeIgniter\Session\Handlers\FileHandler' driver.
INFO - 2024-07-28 14:56:32 --> Session: Class initialized using 'CodeIgniter\Session\Handlers\FileHandler' driver.
INFO - 2024-07-28 14:57:11 --> Session: Class initialized using 'CodeIgniter\Session\Handlers\FileHandler' driver.
INFO - 2024-07-28 14:57:25 --> Session: Class initialized using 'CodeIgniter\Session\Handlers\FileHandler' driver.
INFO - 2024-07-28 14:59:30 --> Session: Class initialized using 'CodeIgniter\Session\Handlers\FileHandler' driver.
INFO - 2024-07-28 14:59:35 --> Session: Class initialized using 'CodeIgniter\Session\Handlers\FileHandler' driver.
INFO - 2024-07-28 14:59:39 --> Session: Class initialized using 'CodeIgniter\Session\Handlers\FileHandler' driver.
INFO - 2024-07-28 15:03:58 --> Session: Class initialized using 'CodeIgniter\Session\Handlers\FileHandler' driver.
CRITICAL - 2024-07-28 15:03:58 --> ErrorException: Undefined variable $pasca_persalinan
[Method: GET, Route: print-data-riwayat-bayi/RWY001]
in APPPATH\Views\page\report\data_riwayat_bayi.php on line 16.
 1 APPPATH\Views\page\report\data_riwayat_bayi.php(16): CodeIgniter\Debug\Exceptions->errorHandler(2, 'Undefined variable $pasca_persalinan', 'E:\\Project\\klinik-bersalin\\app\\Views\\page\\report\\data_riwayat_bayi.php', 16)
 2 SYSTEMPATH\View\View.php(234): include('E:\\Project\\klinik-bersalin\\app\\Views\\page\\report\\data_riwayat_bayi.php')
 3 SYSTEMPATH\View\View.php(237): CodeIgniter\View\View->CodeIgniter\View\{closure}()
 4 SYSTEMPATH\Common.php(1171): CodeIgniter\View\View->render('page/report/data_riwayat_bayi', [], true)
 5 APPPATH\Controllers\Laporan.php(109): view('page/report/data_riwayat_bayi', [...])
 6 SYSTEMPATH\CodeIgniter.php(933): App\Controllers\Laporan->data_riwayat_bayi('RWY001')
 7 SYSTEMPATH\CodeIgniter.php(509): CodeIgniter\CodeIgniter->runController(Object(App\Controllers\Laporan))
 8 SYSTEMPATH\CodeIgniter.php(355): CodeIgniter\CodeIgniter->handleRequest(null, Object(Config\Cache), false)
 9 SYSTEMPATH\Boot.php(325): CodeIgniter\CodeIgniter->run()
10 SYSTEMPATH\Boot.php(67): CodeIgniter\Boot::runCodeIgniter(Object(CodeIgniter\CodeIgniter))
11 FCPATH\index.php(56): CodeIgniter\Boot::bootWeb(Object(Config\Paths))
12 SYSTEMPATH\rewrite.php(44): require_once('E:\\Project\\klinik-bersalin\\public\\index.php')
INFO - 2024-07-28 15:04:12 --> Session: Class initialized using 'CodeIgniter\Session\Handlers\FileHandler' driver.
INFO - 2024-07-28 15:04:23 --> Session: Class initialized using 'CodeIgniter\Session\Handlers\FileHandler' driver.
INFO - 2024-07-28 15:04:26 --> Session: Class initialized using 'CodeIgniter\Session\Handlers\FileHandler' driver.
INFO - 2024-07-28 15:04:30 --> Session: Class initialized using 'CodeIgniter\Session\Handlers\FileHandler' driver.
INFO - 2024-07-28 15:04:33 --> Session: Class initialized using 'CodeIgniter\Session\Handlers\FileHandler' driver.
INFO - 2024-07-28 15:04:36 --> Session: Class initialized using 'CodeIgniter\Session\Handlers\FileHandler' driver.
INFO - 2024-07-28 15:04:38 --> Session: Class initialized using 'CodeIgniter\Session\Handlers\FileHandler' driver.
INFO - 2024-07-28 15:04:52 --> Session: Class initialized using 'CodeIgniter\Session\Handlers\FileHandler' driver.
INFO - 2024-07-28 15:04:53 --> Session: Class initialized using 'CodeIgniter\Session\Handlers\FileHandler' driver.
INFO - 2024-07-28 15:04:55 --> Session: Class initialized using 'CodeIgniter\Session\Handlers\FileHandler' driver.
INFO - 2024-07-28 15:04:57 --> Session: Class initialized using 'CodeIgniter\Session\Handlers\FileHandler' driver.
INFO - 2024-07-28 15:05:00 --> Session: Class initialized using 'CodeIgniter\Session\Handlers\FileHandler' driver.
INFO - 2024-07-28 15:05:03 --> Session: Class initialized using 'CodeIgniter\Session\Handlers\FileHandler' driver.
INFO - 2024-07-28 15:05:07 --> Session: Class initialized using 'CodeIgniter\Session\Handlers\FileHandler' driver.
INFO - 2024-07-28 15:05:10 --> Session: Class initialized using 'CodeIgniter\Session\Handlers\FileHandler' driver.
INFO - 2024-07-28 15:05:12 --> Session: Class initialized using 'CodeIgniter\Session\Handlers\FileHandler' driver.
INFO - 2024-07-28 15:05:14 --> Session: Class initialized using 'CodeIgniter\Session\Handlers\FileHandler' driver.
INFO - 2024-07-28 15:05:18 --> Session: Class initialized using 'CodeIgniter\Session\Handlers\FileHandler' driver.
INFO - 2024-07-28 15:05:21 --> Session: Class initialized using 'CodeIgniter\Session\Handlers\FileHandler' driver.
INFO - 2024-07-28 15:05:46 --> Session: Class initialized using 'CodeIgniter\Session\Handlers\FileHandler' driver.
INFO - 2024-07-28 15:05:50 --> Session: Class initialized using 'CodeIgniter\Session\Handlers\FileHandler' driver.
INFO - 2024-07-28 15:05:51 --> Session: Class initialized using 'CodeIgniter\Session\Handlers\FileHandler' driver.
INFO - 2024-07-28 15:05:52 --> Session: Class initialized using 'CodeIgniter\Session\Handlers\FileHandler' driver.
INFO - 2024-07-28 15:05:55 --> Session: Class initialized using 'CodeIgniter\Session\Handlers\FileHandler' driver.
INFO - 2024-07-28 15:05:58 --> Session: Class initialized using 'CodeIgniter\Session\Handlers\FileHandler' driver.
INFO - 2024-07-28 15:06:00 --> Session: Class initialized using 'CodeIgniter\Session\Handlers\FileHandler' driver.
INFO - 2024-07-28 15:06:20 --> Session: Class initialized using 'CodeIgniter\Session\Handlers\FileHandler' driver.
INFO - 2024-07-28 15:06:28 --> Session: Class initialized using 'CodeIgniter\Session\Handlers\FileHandler' driver.
INFO - 2024-07-28 15:06:31 --> Session: Class initialized using 'CodeIgniter\Session\Handlers\FileHandler' driver.
INFO - 2024-07-28 15:06:33 --> Session: Class initialized using 'CodeIgniter\Session\Handlers\FileHandler' driver.
INFO - 2024-07-28 15:06:36 --> Session: Class initialized using 'CodeIgniter\Session\Handlers\FileHandler' driver.
INFO - 2024-07-28 15:06:38 --> Session: Class initialized using 'CodeIgniter\Session\Handlers\FileHandler' driver.
INFO - 2024-07-28 15:06:41 --> Session: Class initialized using 'CodeIgniter\Session\Handlers\FileHandler' driver.
INFO - 2024-07-28 15:07:15 --> Session: Class initialized using 'CodeIgniter\Session\Handlers\FileHandler' driver.
INFO - 2024-07-28 15:07:20 --> Session: Class initialized using 'CodeIgniter\Session\Handlers\FileHandler' driver.
INFO - 2024-07-28 15:07:23 --> Session: Class initialized using 'CodeIgniter\Session\Handlers\FileHandler' driver.
INFO - 2024-07-28 15:07:25 --> Session: Class initialized using 'CodeIgniter\Session\Handlers\FileHandler' driver.
INFO - 2024-07-28 15:07:28 --> Session: Class initialized using 'CodeIgniter\Session\Handlers\FileHandler' driver.
INFO - 2024-07-28 15:07:32 --> Session: Class initialized using 'CodeIgniter\Session\Handlers\FileHandler' driver.
INFO - 2024-07-28 15:07:35 --> Session: Class initialized using 'CodeIgniter\Session\Handlers\FileHandler' driver.
INFO - 2024-07-28 15:07:37 --> Session: Class initialized using 'CodeIgniter\Session\Handlers\FileHandler' driver.
INFO - 2024-07-28 15:07:41 --> Session: Class initialized using 'CodeIgniter\Session\Handlers\FileHandler' driver.
INFO - 2024-07-28 15:08:05 --> Session: Class initialized using 'CodeIgniter\Session\Handlers\FileHandler' driver.
INFO - 2024-07-28 15:08:15 --> Session: Class initialized using 'CodeIgniter\Session\Handlers\FileHandler' driver.
INFO - 2024-07-28 15:08:19 --> Session: Class initialized using 'CodeIgniter\Session\Handlers\FileHandler' driver.
INFO - 2024-07-28 15:08:22 --> Session: Class initialized using 'CodeIgniter\Session\Handlers\FileHandler' driver.
INFO - 2024-07-28 15:08:25 --> Session: Class initialized using 'CodeIgniter\Session\Handlers\FileHandler' driver.
INFO - 2024-07-28 15:08:28 --> Session: Class initialized using 'CodeIgniter\Session\Handlers\FileHandler' driver.
INFO - 2024-07-28 15:10:07 --> Session: Class initialized using 'CodeIgniter\Session\Handlers\FileHandler' driver.
INFO - 2024-07-28 15:10:18 --> Session: Class initialized using 'CodeIgniter\Session\Handlers\FileHandler' driver.
INFO - 2024-07-28 15:10:37 --> Session: Class initialized using 'CodeIgniter\Session\Handlers\FileHandler' driver.
INFO - 2024-07-28 15:10:56 --> Session: Class initialized using 'CodeIgniter\Session\Handlers\FileHandler' driver.
CRITICAL - 2024-07-28 15:10:56 --> CodeIgniter\View\Exceptions\ViewException: Invalid file: "page/report/data_pemeriksaan_bayi.php"
[Method: GET, Route: print-data-pemeriksaan-bayi/PMR001]
in SYSTEMPATH\Exceptions\FrameworkException.php on line 41.
 1 SYSTEMPATH\View\View.php(222): CodeIgniter\Exceptions\FrameworkException::forInvalidFile('page/report/data_pemeriksaan_bayi.php')
 2 SYSTEMPATH\Common.php(1171): CodeIgniter\View\View->render('page/report/data_pemeriksaan_bayi', [], true)
 3 APPPATH\Controllers\Laporan.php(115): view('page/report/data_pemeriksaan_bayi', [...])
 4 SYSTEMPATH\CodeIgniter.php(933): App\Controllers\Laporan->data_pemeriksaan_bayi('PMR001')
 5 SYSTEMPATH\CodeIgniter.php(509): CodeIgniter\CodeIgniter->runController(Object(App\Controllers\Laporan))
 6 SYSTEMPATH\CodeIgniter.php(355): CodeIgniter\CodeIgniter->handleRequest(null, Object(Config\Cache), false)
 7 SYSTEMPATH\Boot.php(325): CodeIgniter\CodeIgniter->run()
 8 SYSTEMPATH\Boot.php(67): CodeIgniter\Boot::runCodeIgniter(Object(CodeIgniter\CodeIgniter))
 9 FCPATH\index.php(56): CodeIgniter\Boot::bootWeb(Object(Config\Paths))
10 SYSTEMPATH\rewrite.php(44): require_once('E:\\Project\\klinik-bersalin\\public\\index.php')
INFO - 2024-07-28 15:14:46 --> Session: Class initialized using 'CodeIgniter\Session\Handlers\FileHandler' driver.
CRITICAL - 2024-07-28 15:14:46 --> ErrorException: Undefined array key "petugasPemeriksaanBayi"
[Method: GET, Route: print-data-pemeriksaan-bayi/PMR001]
in APPPATH\Views\page\report\data_pemeriksaan_bayi.php on line 90.
 1 APPPATH\Views\page\report\data_pemeriksaan_bayi.php(90): CodeIgniter\Debug\Exceptions->errorHandler(2, 'Undefined array key "petugasPemeriksaanBayi"', 'E:\\Project\\klinik-bersalin\\app\\Views\\page\\report\\data_pemeriksaan_bayi.php', 90)
 2 SYSTEMPATH\View\View.php(234): include('E:\\Project\\klinik-bersalin\\app\\Views\\page\\report\\data_pemeriksaan_bayi.php')
 3 SYSTEMPATH\View\View.php(237): CodeIgniter\View\View->CodeIgniter\View\{closure}()
 4 SYSTEMPATH\Common.php(1171): CodeIgniter\View\View->render('page/report/data_pemeriksaan_bayi', [], true)
 5 APPPATH\Controllers\Laporan.php(115): view('page/report/data_pemeriksaan_bayi', [...])
 6 SYSTEMPATH\CodeIgniter.php(933): App\Controllers\Laporan->data_pemeriksaan_bayi('PMR001')
 7 SYSTEMPATH\CodeIgniter.php(509): CodeIgniter\CodeIgniter->runController(Object(App\Controllers\Laporan))
 8 SYSTEMPATH\CodeIgniter.php(355): CodeIgniter\CodeIgniter->handleRequest(null, Object(Config\Cache), false)
 9 SYSTEMPATH\Boot.php(325): CodeIgniter\CodeIgniter->run()
10 SYSTEMPATH\Boot.php(67): CodeIgniter\Boot::runCodeIgniter(Object(CodeIgniter\CodeIgniter))
11 FCPATH\index.php(56): CodeIgniter\Boot::bootWeb(Object(Config\Paths))
12 SYSTEMPATH\rewrite.php(44): require_once('E:\\Project\\klinik-bersalin\\public\\index.php')
INFO - 2024-07-28 15:15:12 --> Session: Class initialized using 'CodeIgniter\Session\Handlers\FileHandler' driver.
INFO - 2024-07-28 15:15:33 --> Session: Class initialized using 'CodeIgniter\Session\Handlers\FileHandler' driver.
INFO - 2024-07-28 15:15:36 --> Session: Class initialized using 'CodeIgniter\Session\Handlers\FileHandler' driver.
INFO - 2024-07-28 15:15:40 --> Session: Class initialized using 'CodeIgniter\Session\Handlers\FileHandler' driver.
INFO - 2024-07-28 15:17:01 --> Session: Class initialized using 'CodeIgniter\Session\Handlers\FileHandler' driver.
INFO - 2024-07-28 15:17:19 --> Session: Class initialized using 'CodeIgniter\Session\Handlers\FileHandler' driver.
INFO - 2024-07-28 15:17:26 --> Session: Class initialized using 'CodeIgniter\Session\Handlers\FileHandler' driver.
INFO - 2024-07-28 15:17:29 --> Session: Class initialized using 'CodeIgniter\Session\Handlers\FileHandler' driver.
INFO - 2024-07-28 15:20:26 --> Session: Class initialized using 'CodeIgniter\Session\Handlers\FileHandler' driver.
INFO - 2024-07-28 15:24:25 --> Session: Class initialized using 'CodeIgniter\Session\Handlers\FileHandler' driver.
INFO - 2024-07-28 15:24:27 --> Session: Class initialized using 'CodeIgniter\Session\Handlers\FileHandler' driver.
ERROR - 2024-07-28 15:24:27 --> mysqli_sql_exception: Unknown column 'pemeriksaan_ibu.ibuID' in 'on clause' in E:\Project\klinik-bersalin\system\Database\MySQLi\Connection.php:312
Stack trace:
#0 E:\Project\klinik-bersalin\system\Database\MySQLi\Connection.php(312): mysqli->query('SELECT *\nFROM `...', 0)
#1 E:\Project\klinik-bersalin\system\Database\BaseConnection.php(734): CodeIgniter\Database\MySQLi\Connection->execute('SELECT *\nFROM `...')
#2 E:\Project\klinik-bersalin\system\Database\BaseConnection.php(648): CodeIgniter\Database\BaseConnection->simpleQuery('SELECT *\nFROM `...')
#3 E:\Project\klinik-bersalin\system\Database\BaseBuilder.php(1636): CodeIgniter\Database\BaseConnection->query('SELECT *\nFROM `...', Array, false)
#4 E:\Project\klinik-bersalin\system\Model.php(210): CodeIgniter\Database\BaseBuilder->get()
#5 E:\Project\klinik-bersalin\system\BaseModel.php(610): CodeIgniter\Model->doFind(true, 'POI001')
#6 E:\Project\klinik-bersalin\app\Controllers\Laporan.php(120): CodeIgniter\BaseModel->find('POI001')
#7 E:\Project\klinik-bersalin\system\CodeIgniter.php(933): App\Controllers\Laporan->data_penggunaan_obat('POI001')
#8 E:\Project\klinik-bersalin\system\CodeIgniter.php(509): CodeIgniter\CodeIgniter->runController(Object(App\Controllers\Laporan))
#9 E:\Project\klinik-bersalin\system\CodeIgniter.php(355): CodeIgniter\CodeIgniter->handleRequest(NULL, Object(Config\Cache), false)
#10 E:\Project\klinik-bersalin\system\Boot.php(325): CodeIgniter\CodeIgniter->run()
#11 E:\Project\klinik-bersalin\system\Boot.php(67): CodeIgniter\Boot::runCodeIgniter(Object(CodeIgniter\CodeIgniter))
#12 E:\Project\klinik-bersalin\public\index.php(56): CodeIgniter\Boot::bootWeb(Object(Config\Paths))
#13 E:\Project\klinik-bersalin\system\rewrite.php(44): require_once('E:\\Project\\klin...')
#14 {main}
CRITICAL - 2024-07-28 15:24:27 --> CodeIgniter\Database\Exceptions\DatabaseException: Unknown column 'pemeriksaan_ibu.ibuID' in 'on clause'
[Method: GET, Route: print-data-penggunaan-obat/POI001]
in SYSTEMPATH\Database\BaseConnection.php on line 688.
 1 SYSTEMPATH\Database\BaseBuilder.php(1636): CodeIgniter\Database\BaseConnection->query('SELECT *
FROM `pemeriksaan_bayi`
JOIN `ibu` ON `ibu`.`ibuID`=`pemeriksaan_ibu`.`ibuID`
WHERE `pemeriksaan_bayi`.`pemeriksaanBayiID` = :pemeriksaan_bayi.pemeriksaanBayiID:', [...], false)
 2 SYSTEMPATH\Model.php(210): CodeIgniter\Database\BaseBuilder->get()
 3 SYSTEMPATH\BaseModel.php(610): CodeIgniter\Model->doFind(true, 'POI001')
 4 APPPATH\Controllers\Laporan.php(120): CodeIgniter\BaseModel->find('POI001')
 5 SYSTEMPATH\CodeIgniter.php(933): App\Controllers\Laporan->data_penggunaan_obat('POI001')
 6 SYSTEMPATH\CodeIgniter.php(509): CodeIgniter\CodeIgniter->runController(Object(App\Controllers\Laporan))
 7 SYSTEMPATH\CodeIgniter.php(355): CodeIgniter\CodeIgniter->handleRequest(null, Object(Config\Cache), false)
 8 SYSTEMPATH\Boot.php(325): CodeIgniter\CodeIgniter->run()
 9 SYSTEMPATH\Boot.php(67): CodeIgniter\Boot::runCodeIgniter(Object(CodeIgniter\CodeIgniter))
10 FCPATH\index.php(56): CodeIgniter\Boot::bootWeb(Object(Config\Paths))
11 SYSTEMPATH\rewrite.php(44): require_once('E:\\Project\\klinik-bersalin\\public\\index.php')
CRITICAL - 2024-07-28 15:24:27 --> [Caused by] CodeIgniter\Database\Exceptions\DatabaseException: Unknown column 'pemeriksaan_ibu.ibuID' in 'on clause'
in SYSTEMPATH\Database\MySQLi\Connection.php on line 317.
 1 SYSTEMPATH\Database\BaseConnection.php(734): CodeIgniter\Database\MySQLi\Connection->execute('SELECT *
FROM `pemeriksaan_bayi`
JOIN `ibu` ON `ibu`.`ibuID`=`pemeriksaan_ibu`.`ibuID`
WHERE `pemeriksaan_bayi`.`pemeriksaanBayiID` = \'POI001\'')
 2 SYSTEMPATH\Database\BaseConnection.php(648): CodeIgniter\Database\BaseConnection->simpleQuery('SELECT *
FROM `pemeriksaan_bayi`
JOIN `ibu` ON `ibu`.`ibuID`=`pemeriksaan_ibu`.`ibuID`
WHERE `pemeriksaan_bayi`.`pemeriksaanBayiID` = \'POI001\'')
 3 SYSTEMPATH\Database\BaseBuilder.php(1636): CodeIgniter\Database\BaseConnection->query('SELECT *
FROM `pemeriksaan_bayi`
JOIN `ibu` ON `ibu`.`ibuID`=`pemeriksaan_ibu`.`ibuID`
WHERE `pemeriksaan_bayi`.`pemeriksaanBayiID` = :pemeriksaan_bayi.pemeriksaanBayiID:', [...], false)
 4 SYSTEMPATH\Model.php(210): CodeIgniter\Database\BaseBuilder->get()
 5 SYSTEMPATH\BaseModel.php(610): CodeIgniter\Model->doFind(true, 'POI001')
 6 APPPATH\Controllers\Laporan.php(120): CodeIgniter\BaseModel->find('POI001')
 7 SYSTEMPATH\CodeIgniter.php(933): App\Controllers\Laporan->data_penggunaan_obat('POI001')
 8 SYSTEMPATH\CodeIgniter.php(509): CodeIgniter\CodeIgniter->runController(Object(App\Controllers\Laporan))
 9 SYSTEMPATH\CodeIgniter.php(355): CodeIgniter\CodeIgniter->handleRequest(null, Object(Config\Cache), false)
10 SYSTEMPATH\Boot.php(325): CodeIgniter\CodeIgniter->run()
11 SYSTEMPATH\Boot.php(67): CodeIgniter\Boot::runCodeIgniter(Object(CodeIgniter\CodeIgniter))
12 FCPATH\index.php(56): CodeIgniter\Boot::bootWeb(Object(Config\Paths))
13 SYSTEMPATH\rewrite.php(44): require_once('E:\\Project\\klinik-bersalin\\public\\index.php')
CRITICAL - 2024-07-28 15:24:27 --> [Caused by] mysqli_sql_exception: Unknown column 'pemeriksaan_ibu.ibuID' in 'on clause'
in SYSTEMPATH\Database\MySQLi\Connection.php on line 312.
 1 SYSTEMPATH\Database\MySQLi\Connection.php(312): mysqli->query('SELECT *
FROM `pemeriksaan_bayi`
JOIN `ibu` ON `ibu`.`ibuID`=`pemeriksaan_ibu`.`ibuID`
WHERE `pemeriksaan_bayi`.`pemeriksaanBayiID` = \'POI001\'', 0)
 2 SYSTEMPATH\Database\BaseConnection.php(734): CodeIgniter\Database\MySQLi\Connection->execute('SELECT *
FROM `pemeriksaan_bayi`
JOIN `ibu` ON `ibu`.`ibuID`=`pemeriksaan_ibu`.`ibuID`
WHERE `pemeriksaan_bayi`.`pemeriksaanBayiID` = \'POI001\'')
 3 SYSTEMPATH\Database\BaseConnection.php(648): CodeIgniter\Database\BaseConnection->simpleQuery('SELECT *
FROM `pemeriksaan_bayi`
JOIN `ibu` ON `ibu`.`ibuID`=`pemeriksaan_ibu`.`ibuID`
WHERE `pemeriksaan_bayi`.`pemeriksaanBayiID` = \'POI001\'')
 4 SYSTEMPATH\Database\BaseBuilder.php(1636): CodeIgniter\Database\BaseConnection->query('SELECT *
FROM `pemeriksaan_bayi`
JOIN `ibu` ON `ibu`.`ibuID`=`pemeriksaan_ibu`.`ibuID`
WHERE `pemeriksaan_bayi`.`pemeriksaanBayiID` = :pemeriksaan_bayi.pemeriksaanBayiID:', [...], false)
 5 SYSTEMPATH\Model.php(210): CodeIgniter\Database\BaseBuilder->get()
 6 SYSTEMPATH\BaseModel.php(610): CodeIgniter\Model->doFind(true, 'POI001')
 7 APPPATH\Controllers\Laporan.php(120): CodeIgniter\BaseModel->find('POI001')
 8 SYSTEMPATH\CodeIgniter.php(933): App\Controllers\Laporan->data_penggunaan_obat('POI001')
 9 SYSTEMPATH\CodeIgniter.php(509): CodeIgniter\CodeIgniter->runController(Object(App\Controllers\Laporan))
10 SYSTEMPATH\CodeIgniter.php(355): CodeIgniter\CodeIgniter->handleRequest(null, Object(Config\Cache), false)
11 SYSTEMPATH\Boot.php(325): CodeIgniter\CodeIgniter->run()
12 SYSTEMPATH\Boot.php(67): CodeIgniter\Boot::runCodeIgniter(Object(CodeIgniter\CodeIgniter))
13 FCPATH\index.php(56): CodeIgniter\Boot::bootWeb(Object(Config\Paths))
14 SYSTEMPATH\rewrite.php(44): require_once('E:\\Project\\klinik-bersalin\\public\\index.php')
INFO - 2024-07-28 15:26:47 --> Session: Class initialized using 'CodeIgniter\Session\Handlers\FileHandler' driver.
ERROR - 2024-07-28 15:26:47 --> mysqli_sql_exception: Unknown column 'pemeriksaan_ibu.ibuID' in 'on clause' in E:\Project\klinik-bersalin\system\Database\MySQLi\Connection.php:312
Stack trace:
#0 E:\Project\klinik-bersalin\system\Database\MySQLi\Connection.php(312): mysqli->query('SELECT *\nFROM `...', 0)
#1 E:\Project\klinik-bersalin\system\Database\BaseConnection.php(734): CodeIgniter\Database\MySQLi\Connection->execute('SELECT *\nFROM `...')
#2 E:\Project\klinik-bersalin\system\Database\BaseConnection.php(648): CodeIgniter\Database\BaseConnection->simpleQuery('SELECT *\nFROM `...')
#3 E:\Project\klinik-bersalin\system\Database\BaseBuilder.php(1636): CodeIgniter\Database\BaseConnection->query('SELECT *\nFROM `...', Array, false)
#4 E:\Project\klinik-bersalin\system\Model.php(210): CodeIgniter\Database\BaseBuilder->get()
#5 E:\Project\klinik-bersalin\system\BaseModel.php(610): CodeIgniter\Model->doFind(true, 'POI001')
#6 E:\Project\klinik-bersalin\app\Controllers\Laporan.php(120): CodeIgniter\BaseModel->find('POI001')
#7 E:\Project\klinik-bersalin\system\CodeIgniter.php(933): App\Controllers\Laporan->data_penggunaan_obat('POI001')
#8 E:\Project\klinik-bersalin\system\CodeIgniter.php(509): CodeIgniter\CodeIgniter->runController(Object(App\Controllers\Laporan))
#9 E:\Project\klinik-bersalin\system\CodeIgniter.php(355): CodeIgniter\CodeIgniter->handleRequest(NULL, Object(Config\Cache), false)
#10 E:\Project\klinik-bersalin\system\Boot.php(325): CodeIgniter\CodeIgniter->run()
#11 E:\Project\klinik-bersalin\system\Boot.php(67): CodeIgniter\Boot::runCodeIgniter(Object(CodeIgniter\CodeIgniter))
#12 E:\Project\klinik-bersalin\public\index.php(56): CodeIgniter\Boot::bootWeb(Object(Config\Paths))
#13 E:\Project\klinik-bersalin\system\rewrite.php(44): require_once('E:\\Project\\klin...')
#14 {main}
CRITICAL - 2024-07-28 15:26:47 --> CodeIgniter\Database\Exceptions\DatabaseException: Unknown column 'pemeriksaan_ibu.ibuID' in 'on clause'
[Method: GET, Route: print-data-penggunaan-obat/POI001]
in SYSTEMPATH\Database\BaseConnection.php on line 688.
 1 SYSTEMPATH\Database\BaseBuilder.php(1636): CodeIgniter\Database\BaseConnection->query('SELECT *
FROM `pemeriksaan_bayi`
JOIN `ibu` ON `ibu`.`ibuID`=`pemeriksaan_ibu`.`ibuID`
WHERE `pemeriksaan_bayi`.`pemeriksaanBayiID` = :pemeriksaan_bayi.pemeriksaanBayiID:', [...], false)
 2 SYSTEMPATH\Model.php(210): CodeIgniter\Database\BaseBuilder->get()
 3 SYSTEMPATH\BaseModel.php(610): CodeIgniter\Model->doFind(true, 'POI001')
 4 APPPATH\Controllers\Laporan.php(120): CodeIgniter\BaseModel->find('POI001')
 5 SYSTEMPATH\CodeIgniter.php(933): App\Controllers\Laporan->data_penggunaan_obat('POI001')
 6 SYSTEMPATH\CodeIgniter.php(509): CodeIgniter\CodeIgniter->runController(Object(App\Controllers\Laporan))
 7 SYSTEMPATH\CodeIgniter.php(355): CodeIgniter\CodeIgniter->handleRequest(null, Object(Config\Cache), false)
 8 SYSTEMPATH\Boot.php(325): CodeIgniter\CodeIgniter->run()
 9 SYSTEMPATH\Boot.php(67): CodeIgniter\Boot::runCodeIgniter(Object(CodeIgniter\CodeIgniter))
10 FCPATH\index.php(56): CodeIgniter\Boot::bootWeb(Object(Config\Paths))
11 SYSTEMPATH\rewrite.php(44): require_once('E:\\Project\\klinik-bersalin\\public\\index.php')
CRITICAL - 2024-07-28 15:26:47 --> [Caused by] CodeIgniter\Database\Exceptions\DatabaseException: Unknown column 'pemeriksaan_ibu.ibuID' in 'on clause'
in SYSTEMPATH\Database\MySQLi\Connection.php on line 317.
 1 SYSTEMPATH\Database\BaseConnection.php(734): CodeIgniter\Database\MySQLi\Connection->execute('SELECT *
FROM `pemeriksaan_bayi`
JOIN `ibu` ON `ibu`.`ibuID`=`pemeriksaan_ibu`.`ibuID`
WHERE `pemeriksaan_bayi`.`pemeriksaanBayiID` = \'POI001\'')
 2 SYSTEMPATH\Database\BaseConnection.php(648): CodeIgniter\Database\BaseConnection->simpleQuery('SELECT *
FROM `pemeriksaan_bayi`
JOIN `ibu` ON `ibu`.`ibuID`=`pemeriksaan_ibu`.`ibuID`
WHERE `pemeriksaan_bayi`.`pemeriksaanBayiID` = \'POI001\'')
 3 SYSTEMPATH\Database\BaseBuilder.php(1636): CodeIgniter\Database\BaseConnection->query('SELECT *
FROM `pemeriksaan_bayi`
JOIN `ibu` ON `ibu`.`ibuID`=`pemeriksaan_ibu`.`ibuID`
WHERE `pemeriksaan_bayi`.`pemeriksaanBayiID` = :pemeriksaan_bayi.pemeriksaanBayiID:', [...], false)
 4 SYSTEMPATH\Model.php(210): CodeIgniter\Database\BaseBuilder->get()
 5 SYSTEMPATH\BaseModel.php(610): CodeIgniter\Model->doFind(true, 'POI001')
 6 APPPATH\Controllers\Laporan.php(120): CodeIgniter\BaseModel->find('POI001')
 7 SYSTEMPATH\CodeIgniter.php(933): App\Controllers\Laporan->data_penggunaan_obat('POI001')
 8 SYSTEMPATH\CodeIgniter.php(509): CodeIgniter\CodeIgniter->runController(Object(App\Controllers\Laporan))
 9 SYSTEMPATH\CodeIgniter.php(355): CodeIgniter\CodeIgniter->handleRequest(null, Object(Config\Cache), false)
10 SYSTEMPATH\Boot.php(325): CodeIgniter\CodeIgniter->run()
11 SYSTEMPATH\Boot.php(67): CodeIgniter\Boot::runCodeIgniter(Object(CodeIgniter\CodeIgniter))
12 FCPATH\index.php(56): CodeIgniter\Boot::bootWeb(Object(Config\Paths))
13 SYSTEMPATH\rewrite.php(44): require_once('E:\\Project\\klinik-bersalin\\public\\index.php')
CRITICAL - 2024-07-28 15:26:47 --> [Caused by] mysqli_sql_exception: Unknown column 'pemeriksaan_ibu.ibuID' in 'on clause'
in SYSTEMPATH\Database\MySQLi\Connection.php on line 312.
 1 SYSTEMPATH\Database\MySQLi\Connection.php(312): mysqli->query('SELECT *
FROM `pemeriksaan_bayi`
JOIN `ibu` ON `ibu`.`ibuID`=`pemeriksaan_ibu`.`ibuID`
WHERE `pemeriksaan_bayi`.`pemeriksaanBayiID` = \'POI001\'', 0)
 2 SYSTEMPATH\Database\BaseConnection.php(734): CodeIgniter\Database\MySQLi\Connection->execute('SELECT *
FROM `pemeriksaan_bayi`
JOIN `ibu` ON `ibu`.`ibuID`=`pemeriksaan_ibu`.`ibuID`
WHERE `pemeriksaan_bayi`.`pemeriksaanBayiID` = \'POI001\'')
 3 SYSTEMPATH\Database\BaseConnection.php(648): CodeIgniter\Database\BaseConnection->simpleQuery('SELECT *
FROM `pemeriksaan_bayi`
JOIN `ibu` ON `ibu`.`ibuID`=`pemeriksaan_ibu`.`ibuID`
WHERE `pemeriksaan_bayi`.`pemeriksaanBayiID` = \'POI001\'')
 4 SYSTEMPATH\Database\BaseBuilder.php(1636): CodeIgniter\Database\BaseConnection->query('SELECT *
FROM `pemeriksaan_bayi`
JOIN `ibu` ON `ibu`.`ibuID`=`pemeriksaan_ibu`.`ibuID`
WHERE `pemeriksaan_bayi`.`pemeriksaanBayiID` = :pemeriksaan_bayi.pemeriksaanBayiID:', [...], false)
 5 SYSTEMPATH\Model.php(210): CodeIgniter\Database\BaseBuilder->get()
 6 SYSTEMPATH\BaseModel.php(610): CodeIgniter\Model->doFind(true, 'POI001')
 7 APPPATH\Controllers\Laporan.php(120): CodeIgniter\BaseModel->find('POI001')
 8 SYSTEMPATH\CodeIgniter.php(933): App\Controllers\Laporan->data_penggunaan_obat('POI001')
 9 SYSTEMPATH\CodeIgniter.php(509): CodeIgniter\CodeIgniter->runController(Object(App\Controllers\Laporan))
10 SYSTEMPATH\CodeIgniter.php(355): CodeIgniter\CodeIgniter->handleRequest(null, Object(Config\Cache), false)
11 SYSTEMPATH\Boot.php(325): CodeIgniter\CodeIgniter->run()
12 SYSTEMPATH\Boot.php(67): CodeIgniter\Boot::runCodeIgniter(Object(CodeIgniter\CodeIgniter))
13 FCPATH\index.php(56): CodeIgniter\Boot::bootWeb(Object(Config\Paths))
14 SYSTEMPATH\rewrite.php(44): require_once('E:\\Project\\klinik-bersalin\\public\\index.php')
INFO - 2024-07-28 15:27:04 --> Session: Class initialized using 'CodeIgniter\Session\Handlers\FileHandler' driver.
ERROR - 2024-07-28 15:27:04 --> mysqli_sql_exception: Unknown column 'pemeriksaan_ibu.ibuID' in 'on clause' in E:\Project\klinik-bersalin\system\Database\MySQLi\Connection.php:312
Stack trace:
#0 E:\Project\klinik-bersalin\system\Database\MySQLi\Connection.php(312): mysqli->query('SELECT *\nFROM `...', 0)
#1 E:\Project\klinik-bersalin\system\Database\BaseConnection.php(734): CodeIgniter\Database\MySQLi\Connection->execute('SELECT *\nFROM `...')
#2 E:\Project\klinik-bersalin\system\Database\BaseConnection.php(648): CodeIgniter\Database\BaseConnection->simpleQuery('SELECT *\nFROM `...')
#3 E:\Project\klinik-bersalin\system\Database\BaseBuilder.php(1636): CodeIgniter\Database\BaseConnection->query('SELECT *\nFROM `...', Array, false)
#4 E:\Project\klinik-bersalin\system\Model.php(210): CodeIgniter\Database\BaseBuilder->get()
#5 E:\Project\klinik-bersalin\system\BaseModel.php(610): CodeIgniter\Model->doFind(true, 'POI001')
#6 E:\Project\klinik-bersalin\app\Controllers\Laporan.php(120): CodeIgniter\BaseModel->find('POI001')
#7 E:\Project\klinik-bersalin\system\CodeIgniter.php(933): App\Controllers\Laporan->data_penggunaan_obat('POI001')
#8 E:\Project\klinik-bersalin\system\CodeIgniter.php(509): CodeIgniter\CodeIgniter->runController(Object(App\Controllers\Laporan))
#9 E:\Project\klinik-bersalin\system\CodeIgniter.php(355): CodeIgniter\CodeIgniter->handleRequest(NULL, Object(Config\Cache), false)
#10 E:\Project\klinik-bersalin\system\Boot.php(325): CodeIgniter\CodeIgniter->run()
#11 E:\Project\klinik-bersalin\system\Boot.php(67): CodeIgniter\Boot::runCodeIgniter(Object(CodeIgniter\CodeIgniter))
#12 E:\Project\klinik-bersalin\public\index.php(56): CodeIgniter\Boot::bootWeb(Object(Config\Paths))
#13 E:\Project\klinik-bersalin\system\rewrite.php(44): require_once('E:\\Project\\klin...')
#14 {main}
CRITICAL - 2024-07-28 15:27:04 --> CodeIgniter\Database\Exceptions\DatabaseException: Unknown column 'pemeriksaan_ibu.ibuID' in 'on clause'
[Method: GET, Route: print-data-penggunaan-obat/POI001]
in SYSTEMPATH\Database\BaseConnection.php on line 688.
 1 SYSTEMPATH\Database\BaseBuilder.php(1636): CodeIgniter\Database\BaseConnection->query('SELECT *
FROM `pemeriksaan_bayi`
JOIN `ibu` ON `ibu`.`ibuID`=`pemeriksaan_ibu`.`ibuID`
WHERE `pemeriksaan_bayi`.`pemeriksaanBayiID` = :pemeriksaan_bayi.pemeriksaanBayiID:', [...], false)
 2 SYSTEMPATH\Model.php(210): CodeIgniter\Database\BaseBuilder->get()
 3 SYSTEMPATH\BaseModel.php(610): CodeIgniter\Model->doFind(true, 'POI001')
 4 APPPATH\Controllers\Laporan.php(120): CodeIgniter\BaseModel->find('POI001')
 5 SYSTEMPATH\CodeIgniter.php(933): App\Controllers\Laporan->data_penggunaan_obat('POI001')
 6 SYSTEMPATH\CodeIgniter.php(509): CodeIgniter\CodeIgniter->runController(Object(App\Controllers\Laporan))
 7 SYSTEMPATH\CodeIgniter.php(355): CodeIgniter\CodeIgniter->handleRequest(null, Object(Config\Cache), false)
 8 SYSTEMPATH\Boot.php(325): CodeIgniter\CodeIgniter->run()
 9 SYSTEMPATH\Boot.php(67): CodeIgniter\Boot::runCodeIgniter(Object(CodeIgniter\CodeIgniter))
10 FCPATH\index.php(56): CodeIgniter\Boot::bootWeb(Object(Config\Paths))
11 SYSTEMPATH\rewrite.php(44): require_once('E:\\Project\\klinik-bersalin\\public\\index.php')
CRITICAL - 2024-07-28 15:27:04 --> [Caused by] CodeIgniter\Database\Exceptions\DatabaseException: Unknown column 'pemeriksaan_ibu.ibuID' in 'on clause'
in SYSTEMPATH\Database\MySQLi\Connection.php on line 317.
 1 SYSTEMPATH\Database\BaseConnection.php(734): CodeIgniter\Database\MySQLi\Connection->execute('SELECT *
FROM `pemeriksaan_bayi`
JOIN `ibu` ON `ibu`.`ibuID`=`pemeriksaan_ibu`.`ibuID`
WHERE `pemeriksaan_bayi`.`pemeriksaanBayiID` = \'POI001\'')
 2 SYSTEMPATH\Database\BaseConnection.php(648): CodeIgniter\Database\BaseConnection->simpleQuery('SELECT *
FROM `pemeriksaan_bayi`
JOIN `ibu` ON `ibu`.`ibuID`=`pemeriksaan_ibu`.`ibuID`
WHERE `pemeriksaan_bayi`.`pemeriksaanBayiID` = \'POI001\'')
 3 SYSTEMPATH\Database\BaseBuilder.php(1636): CodeIgniter\Database\BaseConnection->query('SELECT *
FROM `pemeriksaan_bayi`
JOIN `ibu` ON `ibu`.`ibuID`=`pemeriksaan_ibu`.`ibuID`
WHERE `pemeriksaan_bayi`.`pemeriksaanBayiID` = :pemeriksaan_bayi.pemeriksaanBayiID:', [...], false)
 4 SYSTEMPATH\Model.php(210): CodeIgniter\Database\BaseBuilder->get()
 5 SYSTEMPATH\BaseModel.php(610): CodeIgniter\Model->doFind(true, 'POI001')
 6 APPPATH\Controllers\Laporan.php(120): CodeIgniter\BaseModel->find('POI001')
 7 SYSTEMPATH\CodeIgniter.php(933): App\Controllers\Laporan->data_penggunaan_obat('POI001')
 8 SYSTEMPATH\CodeIgniter.php(509): CodeIgniter\CodeIgniter->runController(Object(App\Controllers\Laporan))
 9 SYSTEMPATH\CodeIgniter.php(355): CodeIgniter\CodeIgniter->handleRequest(null, Object(Config\Cache), false)
10 SYSTEMPATH\Boot.php(325): CodeIgniter\CodeIgniter->run()
11 SYSTEMPATH\Boot.php(67): CodeIgniter\Boot::runCodeIgniter(Object(CodeIgniter\CodeIgniter))
12 FCPATH\index.php(56): CodeIgniter\Boot::bootWeb(Object(Config\Paths))
13 SYSTEMPATH\rewrite.php(44): require_once('E:\\Project\\klinik-bersalin\\public\\index.php')
CRITICAL - 2024-07-28 15:27:04 --> [Caused by] mysqli_sql_exception: Unknown column 'pemeriksaan_ibu.ibuID' in 'on clause'
in SYSTEMPATH\Database\MySQLi\Connection.php on line 312.
 1 SYSTEMPATH\Database\MySQLi\Connection.php(312): mysqli->query('SELECT *
FROM `pemeriksaan_bayi`
JOIN `ibu` ON `ibu`.`ibuID`=`pemeriksaan_ibu`.`ibuID`
WHERE `pemeriksaan_bayi`.`pemeriksaanBayiID` = \'POI001\'', 0)
 2 SYSTEMPATH\Database\BaseConnection.php(734): CodeIgniter\Database\MySQLi\Connection->execute('SELECT *
FROM `pemeriksaan_bayi`
JOIN `ibu` ON `ibu`.`ibuID`=`pemeriksaan_ibu`.`ibuID`
WHERE `pemeriksaan_bayi`.`pemeriksaanBayiID` = \'POI001\'')
 3 SYSTEMPATH\Database\BaseConnection.php(648): CodeIgniter\Database\BaseConnection->simpleQuery('SELECT *
FROM `pemeriksaan_bayi`
JOIN `ibu` ON `ibu`.`ibuID`=`pemeriksaan_ibu`.`ibuID`
WHERE `pemeriksaan_bayi`.`pemeriksaanBayiID` = \'POI001\'')
 4 SYSTEMPATH\Database\BaseBuilder.php(1636): CodeIgniter\Database\BaseConnection->query('SELECT *
FROM `pemeriksaan_bayi`
JOIN `ibu` ON `ibu`.`ibuID`=`pemeriksaan_ibu`.`ibuID`
WHERE `pemeriksaan_bayi`.`pemeriksaanBayiID` = :pemeriksaan_bayi.pemeriksaanBayiID:', [...], false)
 5 SYSTEMPATH\Model.php(210): CodeIgniter\Database\BaseBuilder->get()
 6 SYSTEMPATH\BaseModel.php(610): CodeIgniter\Model->doFind(true, 'POI001')
 7 APPPATH\Controllers\Laporan.php(120): CodeIgniter\BaseModel->find('POI001')
 8 SYSTEMPATH\CodeIgniter.php(933): App\Controllers\Laporan->data_penggunaan_obat('POI001')
 9 SYSTEMPATH\CodeIgniter.php(509): CodeIgniter\CodeIgniter->runController(Object(App\Controllers\Laporan))
10 SYSTEMPATH\CodeIgniter.php(355): CodeIgniter\CodeIgniter->handleRequest(null, Object(Config\Cache), false)
11 SYSTEMPATH\Boot.php(325): CodeIgniter\CodeIgniter->run()
12 SYSTEMPATH\Boot.php(67): CodeIgniter\Boot::runCodeIgniter(Object(CodeIgniter\CodeIgniter))
13 FCPATH\index.php(56): CodeIgniter\Boot::bootWeb(Object(Config\Paths))
14 SYSTEMPATH\rewrite.php(44): require_once('E:\\Project\\klinik-bersalin\\public\\index.php')
INFO - 2024-07-28 15:30:19 --> Session: Class initialized using 'CodeIgniter\Session\Handlers\FileHandler' driver.
ERROR - 2024-07-28 15:30:20 --> mysqli_sql_exception: Unknown column 'penggunaan_obat.ibuID' in 'on clause' in E:\Project\klinik-bersalin\system\Database\MySQLi\Connection.php:312
Stack trace:
#0 E:\Project\klinik-bersalin\system\Database\MySQLi\Connection.php(312): mysqli->query('SELECT *\nFROM `...', 0)
#1 E:\Project\klinik-bersalin\system\Database\BaseConnection.php(734): CodeIgniter\Database\MySQLi\Connection->execute('SELECT *\nFROM `...')
#2 E:\Project\klinik-bersalin\system\Database\BaseConnection.php(648): CodeIgniter\Database\BaseConnection->simpleQuery('SELECT *\nFROM `...')
#3 E:\Project\klinik-bersalin\system\Database\BaseBuilder.php(1636): CodeIgniter\Database\BaseConnection->query('SELECT *\nFROM `...', Array, false)
#4 E:\Project\klinik-bersalin\system\Model.php(210): CodeIgniter\Database\BaseBuilder->get()
#5 E:\Project\klinik-bersalin\system\BaseModel.php(610): CodeIgniter\Model->doFind(true, 'POI001')
#6 E:\Project\klinik-bersalin\app\Controllers\Laporan.php(120): CodeIgniter\BaseModel->find('POI001')
#7 E:\Project\klinik-bersalin\system\CodeIgniter.php(933): App\Controllers\Laporan->data_penggunaan_obat('POI001')
#8 E:\Project\klinik-bersalin\system\CodeIgniter.php(509): CodeIgniter\CodeIgniter->runController(Object(App\Controllers\Laporan))
#9 E:\Project\klinik-bersalin\system\CodeIgniter.php(355): CodeIgniter\CodeIgniter->handleRequest(NULL, Object(Config\Cache), false)
#10 E:\Project\klinik-bersalin\system\Boot.php(325): CodeIgniter\CodeIgniter->run()
#11 E:\Project\klinik-bersalin\system\Boot.php(67): CodeIgniter\Boot::runCodeIgniter(Object(CodeIgniter\CodeIgniter))
#12 E:\Project\klinik-bersalin\public\index.php(56): CodeIgniter\Boot::bootWeb(Object(Config\Paths))
#13 E:\Project\klinik-bersalin\system\rewrite.php(44): require_once('E:\\Project\\klin...')
#14 {main}
CRITICAL - 2024-07-28 15:30:20 --> CodeIgniter\Database\Exceptions\DatabaseException: Unknown column 'penggunaan_obat.ibuID' in 'on clause'
[Method: GET, Route: print-data-penggunaan-obat/POI001]
in SYSTEMPATH\Database\BaseConnection.php on line 688.
 1 SYSTEMPATH\Database\BaseBuilder.php(1636): CodeIgniter\Database\BaseConnection->query('SELECT *
FROM `pemeriksaan_bayi`
JOIN `ibu` ON `ibu`.`ibuID`=`penggunaan_obat`.`ibuID`
WHERE `pemeriksaan_bayi`.`pemeriksaanBayiID` = :pemeriksaan_bayi.pemeriksaanBayiID:', [...], false)
 2 SYSTEMPATH\Model.php(210): CodeIgniter\Database\BaseBuilder->get()
 3 SYSTEMPATH\BaseModel.php(610): CodeIgniter\Model->doFind(true, 'POI001')
 4 APPPATH\Controllers\Laporan.php(120): CodeIgniter\BaseModel->find('POI001')
 5 SYSTEMPATH\CodeIgniter.php(933): App\Controllers\Laporan->data_penggunaan_obat('POI001')
 6 SYSTEMPATH\CodeIgniter.php(509): CodeIgniter\CodeIgniter->runController(Object(App\Controllers\Laporan))
 7 SYSTEMPATH\CodeIgniter.php(355): CodeIgniter\CodeIgniter->handleRequest(null, Object(Config\Cache), false)
 8 SYSTEMPATH\Boot.php(325): CodeIgniter\CodeIgniter->run()
 9 SYSTEMPATH\Boot.php(67): CodeIgniter\Boot::runCodeIgniter(Object(CodeIgniter\CodeIgniter))
10 FCPATH\index.php(56): CodeIgniter\Boot::bootWeb(Object(Config\Paths))
11 SYSTEMPATH\rewrite.php(44): require_once('E:\\Project\\klinik-bersalin\\public\\index.php')
CRITICAL - 2024-07-28 15:30:20 --> [Caused by] CodeIgniter\Database\Exceptions\DatabaseException: Unknown column 'penggunaan_obat.ibuID' in 'on clause'
in SYSTEMPATH\Database\MySQLi\Connection.php on line 317.
 1 SYSTEMPATH\Database\BaseConnection.php(734): CodeIgniter\Database\MySQLi\Connection->execute('SELECT *
FROM `pemeriksaan_bayi`
JOIN `ibu` ON `ibu`.`ibuID`=`penggunaan_obat`.`ibuID`
WHERE `pemeriksaan_bayi`.`pemeriksaanBayiID` = \'POI001\'')
 2 SYSTEMPATH\Database\BaseConnection.php(648): CodeIgniter\Database\BaseConnection->simpleQuery('SELECT *
FROM `pemeriksaan_bayi`
JOIN `ibu` ON `ibu`.`ibuID`=`penggunaan_obat`.`ibuID`
WHERE `pemeriksaan_bayi`.`pemeriksaanBayiID` = \'POI001\'')
 3 SYSTEMPATH\Database\BaseBuilder.php(1636): CodeIgniter\Database\BaseConnection->query('SELECT *
FROM `pemeriksaan_bayi`
JOIN `ibu` ON `ibu`.`ibuID`=`penggunaan_obat`.`ibuID`
WHERE `pemeriksaan_bayi`.`pemeriksaanBayiID` = :pemeriksaan_bayi.pemeriksaanBayiID:', [...], false)
 4 SYSTEMPATH\Model.php(210): CodeIgniter\Database\BaseBuilder->get()
 5 SYSTEMPATH\BaseModel.php(610): CodeIgniter\Model->doFind(true, 'POI001')
 6 APPPATH\Controllers\Laporan.php(120): CodeIgniter\BaseModel->find('POI001')
 7 SYSTEMPATH\CodeIgniter.php(933): App\Controllers\Laporan->data_penggunaan_obat('POI001')
 8 SYSTEMPATH\CodeIgniter.php(509): CodeIgniter\CodeIgniter->runController(Object(App\Controllers\Laporan))
 9 SYSTEMPATH\CodeIgniter.php(355): CodeIgniter\CodeIgniter->handleRequest(null, Object(Config\Cache), false)
10 SYSTEMPATH\Boot.php(325): CodeIgniter\CodeIgniter->run()
11 SYSTEMPATH\Boot.php(67): CodeIgniter\Boot::runCodeIgniter(Object(CodeIgniter\CodeIgniter))
12 FCPATH\index.php(56): CodeIgniter\Boot::bootWeb(Object(Config\Paths))
13 SYSTEMPATH\rewrite.php(44): require_once('E:\\Project\\klinik-bersalin\\public\\index.php')
CRITICAL - 2024-07-28 15:30:20 --> [Caused by] mysqli_sql_exception: Unknown column 'penggunaan_obat.ibuID' in 'on clause'
in SYSTEMPATH\Database\MySQLi\Connection.php on line 312.
 1 SYSTEMPATH\Database\MySQLi\Connection.php(312): mysqli->query('SELECT *
FROM `pemeriksaan_bayi`
JOIN `ibu` ON `ibu`.`ibuID`=`penggunaan_obat`.`ibuID`
WHERE `pemeriksaan_bayi`.`pemeriksaanBayiID` = \'POI001\'', 0)
 2 SYSTEMPATH\Database\BaseConnection.php(734): CodeIgniter\Database\MySQLi\Connection->execute('SELECT *
FROM `pemeriksaan_bayi`
JOIN `ibu` ON `ibu`.`ibuID`=`penggunaan_obat`.`ibuID`
WHERE `pemeriksaan_bayi`.`pemeriksaanBayiID` = \'POI001\'')
 3 SYSTEMPATH\Database\BaseConnection.php(648): CodeIgniter\Database\BaseConnection->simpleQuery('SELECT *
FROM `pemeriksaan_bayi`
JOIN `ibu` ON `ibu`.`ibuID`=`penggunaan_obat`.`ibuID`
WHERE `pemeriksaan_bayi`.`pemeriksaanBayiID` = \'POI001\'')
 4 SYSTEMPATH\Database\BaseBuilder.php(1636): CodeIgniter\Database\BaseConnection->query('SELECT *
FROM `pemeriksaan_bayi`
JOIN `ibu` ON `ibu`.`ibuID`=`penggunaan_obat`.`ibuID`
WHERE `pemeriksaan_bayi`.`pemeriksaanBayiID` = :pemeriksaan_bayi.pemeriksaanBayiID:', [...], false)
 5 SYSTEMPATH\Model.php(210): CodeIgniter\Database\BaseBuilder->get()
 6 SYSTEMPATH\BaseModel.php(610): CodeIgniter\Model->doFind(true, 'POI001')
 7 APPPATH\Controllers\Laporan.php(120): CodeIgniter\BaseModel->find('POI001')
 8 SYSTEMPATH\CodeIgniter.php(933): App\Controllers\Laporan->data_penggunaan_obat('POI001')
 9 SYSTEMPATH\CodeIgniter.php(509): CodeIgniter\CodeIgniter->runController(Object(App\Controllers\Laporan))
10 SYSTEMPATH\CodeIgniter.php(355): CodeIgniter\CodeIgniter->handleRequest(null, Object(Config\Cache), false)
11 SYSTEMPATH\Boot.php(325): CodeIgniter\CodeIgniter->run()
12 SYSTEMPATH\Boot.php(67): CodeIgniter\Boot::runCodeIgniter(Object(CodeIgniter\CodeIgniter))
13 FCPATH\index.php(56): CodeIgniter\Boot::bootWeb(Object(Config\Paths))
14 SYSTEMPATH\rewrite.php(44): require_once('E:\\Project\\klinik-bersalin\\public\\index.php')
INFO - 2024-07-28 15:30:43 --> Session: Class initialized using 'CodeIgniter\Session\Handlers\FileHandler' driver.
ERROR - 2024-07-28 15:30:43 --> mysqli_sql_exception: Column 'penggunaanObatID' in where clause is ambiguous in E:\Project\klinik-bersalin\system\Database\MySQLi\Connection.php:312
Stack trace:
#0 E:\Project\klinik-bersalin\system\Database\MySQLi\Connection.php(312): mysqli->query('SELECT *\nFROM `...', 0)
#1 E:\Project\klinik-bersalin\system\Database\BaseConnection.php(734): CodeIgniter\Database\MySQLi\Connection->execute('SELECT *\nFROM `...')
#2 E:\Project\klinik-bersalin\system\Database\BaseConnection.php(648): CodeIgniter\Database\BaseConnection->simpleQuery('SELECT *\nFROM `...')
#3 E:\Project\klinik-bersalin\system\Database\BaseBuilder.php(1636): CodeIgniter\Database\BaseConnection->query('SELECT *\nFROM `...', Array, false)
#4 E:\Project\klinik-bersalin\system\Model.php(286): CodeIgniter\Database\BaseBuilder->get()
#5 E:\Project\klinik-bersalin\system\BaseModel.php(676): CodeIgniter\Model->doFindAll(0, 0)
#6 E:\Project\klinik-bersalin\app\Controllers\Laporan.php(122): CodeIgniter\BaseModel->findAll()
#7 E:\Project\klinik-bersalin\system\CodeIgniter.php(933): App\Controllers\Laporan->data_penggunaan_obat('POI001')
#8 E:\Project\klinik-bersalin\system\CodeIgniter.php(509): CodeIgniter\CodeIgniter->runController(Object(App\Controllers\Laporan))
#9 E:\Project\klinik-bersalin\system\CodeIgniter.php(355): CodeIgniter\CodeIgniter->handleRequest(NULL, Object(Config\Cache), false)
#10 E:\Project\klinik-bersalin\system\Boot.php(325): CodeIgniter\CodeIgniter->run()
#11 E:\Project\klinik-bersalin\system\Boot.php(67): CodeIgniter\Boot::runCodeIgniter(Object(CodeIgniter\CodeIgniter))
#12 E:\Project\klinik-bersalin\public\index.php(56): CodeIgniter\Boot::bootWeb(Object(Config\Paths))
#13 E:\Project\klinik-bersalin\system\rewrite.php(44): require_once('E:\\Project\\klin...')
#14 {main}
CRITICAL - 2024-07-28 15:30:43 --> CodeIgniter\Database\Exceptions\DatabaseException: Column 'penggunaanObatID' in where clause is ambiguous
[Method: GET, Route: print-data-penggunaan-obat/POI001]
in SYSTEMPATH\Database\BaseConnection.php on line 688.
 1 SYSTEMPATH\Database\BaseBuilder.php(1636): CodeIgniter\Database\BaseConnection->query('SELECT *
FROM `detail_penggunaan_obat`
JOIN `penggunaan_obat` ON `penggunaan_obat`.`penggunaanObatID`=`detail_penggunaan_obat`.`penggunaanObatID`
JOIN `obat` ON `detail_penggunaan_obat`.`obatID`=`obat`.`obatID`
WHERE `penggunaanObatID` = :penggunaanObatID:', [...], false)
 2 SYSTEMPATH\Model.php(286): CodeIgniter\Database\BaseBuilder->get()
 3 SYSTEMPATH\BaseModel.php(676): CodeIgniter\Model->doFindAll(0, 0)
 4 APPPATH\Controllers\Laporan.php(122): CodeIgniter\BaseModel->findAll()
 5 SYSTEMPATH\CodeIgniter.php(933): App\Controllers\Laporan->data_penggunaan_obat('POI001')
 6 SYSTEMPATH\CodeIgniter.php(509): CodeIgniter\CodeIgniter->runController(Object(App\Controllers\Laporan))
 7 SYSTEMPATH\CodeIgniter.php(355): CodeIgniter\CodeIgniter->handleRequest(null, Object(Config\Cache), false)
 8 SYSTEMPATH\Boot.php(325): CodeIgniter\CodeIgniter->run()
 9 SYSTEMPATH\Boot.php(67): CodeIgniter\Boot::runCodeIgniter(Object(CodeIgniter\CodeIgniter))
10 FCPATH\index.php(56): CodeIgniter\Boot::bootWeb(Object(Config\Paths))
11 SYSTEMPATH\rewrite.php(44): require_once('E:\\Project\\klinik-bersalin\\public\\index.php')
CRITICAL - 2024-07-28 15:30:43 --> [Caused by] CodeIgniter\Database\Exceptions\DatabaseException: Column 'penggunaanObatID' in where clause is ambiguous
in SYSTEMPATH\Database\MySQLi\Connection.php on line 317.
 1 SYSTEMPATH\Database\BaseConnection.php(734): CodeIgniter\Database\MySQLi\Connection->execute('SELECT *
FROM `detail_penggunaan_obat`
JOIN `penggunaan_obat` ON `penggunaan_obat`.`penggunaanObatID`=`detail_penggunaan_obat`.`penggunaanObatID`
JOIN `obat` ON `detail_penggunaan_obat`.`obatID`=`obat`.`obatID`
WHERE `penggunaanObatID` = \'POI001\'')
 2 SYSTEMPATH\Database\BaseConnection.php(648): CodeIgniter\Database\BaseConnection->simpleQuery('SELECT *
FROM `detail_penggunaan_obat`
JOIN `penggunaan_obat` ON `penggunaan_obat`.`penggunaanObatID`=`detail_penggunaan_obat`.`penggunaanObatID`
JOIN `obat` ON `detail_penggunaan_obat`.`obatID`=`obat`.`obatID`
WHERE `penggunaanObatID` = \'POI001\'')
 3 SYSTEMPATH\Database\BaseBuilder.php(1636): CodeIgniter\Database\BaseConnection->query('SELECT *
FROM `detail_penggunaan_obat`
JOIN `penggunaan_obat` ON `penggunaan_obat`.`penggunaanObatID`=`detail_penggunaan_obat`.`penggunaanObatID`
JOIN `obat` ON `detail_penggunaan_obat`.`obatID`=`obat`.`obatID`
WHERE `penggunaanObatID` = :penggunaanObatID:', [...], false)
 4 SYSTEMPATH\Model.php(286): CodeIgniter\Database\BaseBuilder->get()
 5 SYSTEMPATH\BaseModel.php(676): CodeIgniter\Model->doFindAll(0, 0)
 6 APPPATH\Controllers\Laporan.php(122): CodeIgniter\BaseModel->findAll()
 7 SYSTEMPATH\CodeIgniter.php(933): App\Controllers\Laporan->data_penggunaan_obat('POI001')
 8 SYSTEMPATH\CodeIgniter.php(509): CodeIgniter\CodeIgniter->runController(Object(App\Controllers\Laporan))
 9 SYSTEMPATH\CodeIgniter.php(355): CodeIgniter\CodeIgniter->handleRequest(null, Object(Config\Cache), false)
10 SYSTEMPATH\Boot.php(325): CodeIgniter\CodeIgniter->run()
11 SYSTEMPATH\Boot.php(67): CodeIgniter\Boot::runCodeIgniter(Object(CodeIgniter\CodeIgniter))
12 FCPATH\index.php(56): CodeIgniter\Boot::bootWeb(Object(Config\Paths))
13 SYSTEMPATH\rewrite.php(44): require_once('E:\\Project\\klinik-bersalin\\public\\index.php')
CRITICAL - 2024-07-28 15:30:43 --> [Caused by] mysqli_sql_exception: Column 'penggunaanObatID' in where clause is ambiguous
in SYSTEMPATH\Database\MySQLi\Connection.php on line 312.
 1 SYSTEMPATH\Database\MySQLi\Connection.php(312): mysqli->query('SELECT *
FROM `detail_penggunaan_obat`
JOIN `penggunaan_obat` ON `penggunaan_obat`.`penggunaanObatID`=`detail_penggunaan_obat`.`penggunaanObatID`
JOIN `obat` ON `detail_penggunaan_obat`.`obatID`=`obat`.`obatID`
WHERE `penggunaanObatID` = \'POI001\'', 0)
 2 SYSTEMPATH\Database\BaseConnection.php(734): CodeIgniter\Database\MySQLi\Connection->execute('SELECT *
FROM `detail_penggunaan_obat`
JOIN `penggunaan_obat` ON `penggunaan_obat`.`penggunaanObatID`=`detail_penggunaan_obat`.`penggunaanObatID`
JOIN `obat` ON `detail_penggunaan_obat`.`obatID`=`obat`.`obatID`
WHERE `penggunaanObatID` = \'POI001\'')
 3 SYSTEMPATH\Database\BaseConnection.php(648): CodeIgniter\Database\BaseConnection->simpleQuery('SELECT *
FROM `detail_penggunaan_obat`
JOIN `penggunaan_obat` ON `penggunaan_obat`.`penggunaanObatID`=`detail_penggunaan_obat`.`penggunaanObatID`
JOIN `obat` ON `detail_penggunaan_obat`.`obatID`=`obat`.`obatID`
WHERE `penggunaanObatID` = \'POI001\'')
 4 SYSTEMPATH\Database\BaseBuilder.php(1636): CodeIgniter\Database\BaseConnection->query('SELECT *
FROM `detail_penggunaan_obat`
JOIN `penggunaan_obat` ON `penggunaan_obat`.`penggunaanObatID`=`detail_penggunaan_obat`.`penggunaanObatID`
JOIN `obat` ON `detail_penggunaan_obat`.`obatID`=`obat`.`obatID`
WHERE `penggunaanObatID` = :penggunaanObatID:', [...], false)
 5 SYSTEMPATH\Model.php(286): CodeIgniter\Database\BaseBuilder->get()
 6 SYSTEMPATH\BaseModel.php(676): CodeIgniter\Model->doFindAll(0, 0)
 7 APPPATH\Controllers\Laporan.php(122): CodeIgniter\BaseModel->findAll()
 8 SYSTEMPATH\CodeIgniter.php(933): App\Controllers\Laporan->data_penggunaan_obat('POI001')
 9 SYSTEMPATH\CodeIgniter.php(509): CodeIgniter\CodeIgniter->runController(Object(App\Controllers\Laporan))
10 SYSTEMPATH\CodeIgniter.php(355): CodeIgniter\CodeIgniter->handleRequest(null, Object(Config\Cache), false)
11 SYSTEMPATH\Boot.php(325): CodeIgniter\CodeIgniter->run()
12 SYSTEMPATH\Boot.php(67): CodeIgniter\Boot::runCodeIgniter(Object(CodeIgniter\CodeIgniter))
13 FCPATH\index.php(56): CodeIgniter\Boot::bootWeb(Object(Config\Paths))
14 SYSTEMPATH\rewrite.php(44): require_once('E:\\Project\\klinik-bersalin\\public\\index.php')
INFO - 2024-07-28 15:31:05 --> Session: Class initialized using 'CodeIgniter\Session\Handlers\FileHandler' driver.
CRITICAL - 2024-07-28 15:31:05 --> ErrorException: Undefined array key "bayiNama"
[Method: GET, Route: print-data-penggunaan-obat/POI001]
in APPPATH\Views\page\report\data_penggunaan_obat.php on line 50.
 1 APPPATH\Views\page\report\data_penggunaan_obat.php(50): CodeIgniter\Debug\Exceptions->errorHandler(2, 'Undefined array key "bayiNama"', 'E:\\Project\\klinik-bersalin\\app\\Views\\page\\report\\data_penggunaan_obat.php', 50)
 2 SYSTEMPATH\View\View.php(234): include('E:\\Project\\klinik-bersalin\\app\\Views\\page\\report\\data_penggunaan_obat.php')
 3 SYSTEMPATH\View\View.php(237): CodeIgniter\View\View->CodeIgniter\View\{closure}()
 4 SYSTEMPATH\Common.php(1171): CodeIgniter\View\View->render('page/report/data_penggunaan_obat', [], true)
 5 APPPATH\Controllers\Laporan.php(123): view('page/report/data_penggunaan_obat', [...])
 6 SYSTEMPATH\CodeIgniter.php(933): App\Controllers\Laporan->data_penggunaan_obat('POI001')
 7 SYSTEMPATH\CodeIgniter.php(509): CodeIgniter\CodeIgniter->runController(Object(App\Controllers\Laporan))
 8 SYSTEMPATH\CodeIgniter.php(355): CodeIgniter\CodeIgniter->handleRequest(null, Object(Config\Cache), false)
 9 SYSTEMPATH\Boot.php(325): CodeIgniter\CodeIgniter->run()
10 SYSTEMPATH\Boot.php(67): CodeIgniter\Boot::runCodeIgniter(Object(CodeIgniter\CodeIgniter))
11 FCPATH\index.php(56): CodeIgniter\Boot::bootWeb(Object(Config\Paths))
12 SYSTEMPATH\rewrite.php(44): require_once('E:\\Project\\klinik-bersalin\\public\\index.php')
INFO - 2024-07-28 15:31:32 --> Session: Class initialized using 'CodeIgniter\Session\Handlers\FileHandler' driver.
CRITICAL - 2024-07-28 15:31:32 --> ErrorException: Undefined array key "asi"
[Method: GET, Route: print-data-penggunaan-obat/POI001]
in APPPATH\Views\page\report\data_penggunaan_obat.php on line 54.
 1 APPPATH\Views\page\report\data_penggunaan_obat.php(54): CodeIgniter\Debug\Exceptions->errorHandler(2, 'Undefined array key "asi"', 'E:\\Project\\klinik-bersalin\\app\\Views\\page\\report\\data_penggunaan_obat.php', 54)
 2 SYSTEMPATH\View\View.php(234): include('E:\\Project\\klinik-bersalin\\app\\Views\\page\\report\\data_penggunaan_obat.php')
 3 SYSTEMPATH\View\View.php(237): CodeIgniter\View\View->CodeIgniter\View\{closure}()
 4 SYSTEMPATH\Common.php(1171): CodeIgniter\View\View->render('page/report/data_penggunaan_obat', [], true)
 5 APPPATH\Controllers\Laporan.php(123): view('page/report/data_penggunaan_obat', [...])
 6 SYSTEMPATH\CodeIgniter.php(933): App\Controllers\Laporan->data_penggunaan_obat('POI001')
 7 SYSTEMPATH\CodeIgniter.php(509): CodeIgniter\CodeIgniter->runController(Object(App\Controllers\Laporan))
 8 SYSTEMPATH\CodeIgniter.php(355): CodeIgniter\CodeIgniter->handleRequest(null, Object(Config\Cache), false)
 9 SYSTEMPATH\Boot.php(325): CodeIgniter\CodeIgniter->run()
10 SYSTEMPATH\Boot.php(67): CodeIgniter\Boot::runCodeIgniter(Object(CodeIgniter\CodeIgniter))
11 FCPATH\index.php(56): CodeIgniter\Boot::bootWeb(Object(Config\Paths))
12 SYSTEMPATH\rewrite.php(44): require_once('E:\\Project\\klinik-bersalin\\public\\index.php')
INFO - 2024-07-28 15:31:58 --> Session: Class initialized using 'CodeIgniter\Session\Handlers\FileHandler' driver.
INFO - 2024-07-28 15:32:24 --> Session: Class initialized using 'CodeIgniter\Session\Handlers\FileHandler' driver.
INFO - 2024-07-28 15:32:51 --> Session: Class initialized using 'CodeIgniter\Session\Handlers\FileHandler' driver.
INFO - 2024-07-28 15:33:00 --> Session: Class initialized using 'CodeIgniter\Session\Handlers\FileHandler' driver.
INFO - 2024-07-28 15:33:19 --> Session: Class initialized using 'CodeIgniter\Session\Handlers\FileHandler' driver.
INFO - 2024-07-28 15:33:44 --> Session: Class initialized using 'CodeIgniter\Session\Handlers\FileHandler' driver.
INFO - 2024-07-28 15:34:31 --> Session: Class initialized using 'CodeIgniter\Session\Handlers\FileHandler' driver.
INFO - 2024-07-28 15:36:20 --> Session: Class initialized using 'CodeIgniter\Session\Handlers\FileHandler' driver.
INFO - 2024-07-28 15:36:45 --> Session: Class initialized using 'CodeIgniter\Session\Handlers\FileHandler' driver.
INFO - 2024-07-28 15:36:51 --> Session: Class initialized using 'CodeIgniter\Session\Handlers\FileHandler' driver.
INFO - 2024-07-28 15:37:01 --> Session: Class initialized using 'CodeIgniter\Session\Handlers\FileHandler' driver.
INFO - 2024-07-28 15:37:20 --> Session: Class initialized using 'CodeIgniter\Session\Handlers\FileHandler' driver.
INFO - 2024-07-28 15:37:34 --> Session: Class initialized using 'CodeIgniter\Session\Handlers\FileHandler' driver.
INFO - 2024-07-28 15:37:43 --> Session: Class initialized using 'CodeIgniter\Session\Handlers\FileHandler' driver.
INFO - 2024-07-28 15:37:55 --> Session: Class initialized using 'CodeIgniter\Session\Handlers\FileHandler' driver.
INFO - 2024-07-28 15:38:18 --> Session: Class initialized using 'CodeIgniter\Session\Handlers\FileHandler' driver.
INFO - 2024-07-28 15:38:27 --> Session: Class initialized using 'CodeIgniter\Session\Handlers\FileHandler' driver.
INFO - 2024-07-28 15:38:38 --> Session: Class initialized using 'CodeIgniter\Session\Handlers\FileHandler' driver.
INFO - 2024-07-28 15:38:54 --> Session: Class initialized using 'CodeIgniter\Session\Handlers\FileHandler' driver.
INFO - 2024-07-28 15:38:59 --> Session: Class initialized using 'CodeIgniter\Session\Handlers\FileHandler' driver.
INFO - 2024-07-28 15:39:12 --> Session: Class initialized using 'CodeIgniter\Session\Handlers\FileHandler' driver.
INFO - 2024-07-28 15:39:24 --> Session: Class initialized using 'CodeIgniter\Session\Handlers\FileHandler' driver.
INFO - 2024-07-28 15:39:34 --> Session: Class initialized using 'CodeIgniter\Session\Handlers\FileHandler' driver.
INFO - 2024-07-28 15:39:50 --> Session: Class initialized using 'CodeIgniter\Session\Handlers\FileHandler' driver.
INFO - 2024-07-28 15:40:07 --> Session: Class initialized using 'CodeIgniter\Session\Handlers\FileHandler' driver.
INFO - 2024-07-28 15:40:21 --> Session: Class initialized using 'CodeIgniter\Session\Handlers\FileHandler' driver.
INFO - 2024-07-28 15:40:48 --> Session: Class initialized using 'CodeIgniter\Session\Handlers\FileHandler' driver.
INFO - 2024-07-28 15:41:38 --> Session: Class initialized using 'CodeIgniter\Session\Handlers\FileHandler' driver.
INFO - 2024-07-28 15:41:53 --> Session: Class initialized using 'CodeIgniter\Session\Handlers\FileHandler' driver.
INFO - 2024-07-28 15:42:14 --> Session: Class initialized using 'CodeIgniter\Session\Handlers\FileHandler' driver.
INFO - 2024-07-28 15:42:24 --> Session: Class initialized using 'CodeIgniter\Session\Handlers\FileHandler' driver.
INFO - 2024-07-28 15:42:44 --> Session: Class initialized using 'CodeIgniter\Session\Handlers\FileHandler' driver.
INFO - 2024-07-28 15:42:59 --> Session: Class initialized using 'CodeIgniter\Session\Handlers\FileHandler' driver.
INFO - 2024-07-28 15:43:49 --> Session: Class initialized using 'CodeIgniter\Session\Handlers\FileHandler' driver.
INFO - 2024-07-28 15:43:57 --> Session: Class initialized using 'CodeIgniter\Session\Handlers\FileHandler' driver.
INFO - 2024-07-28 15:44:17 --> Session: Class initialized using 'CodeIgniter\Session\Handlers\FileHandler' driver.
INFO - 2024-07-28 15:44:46 --> Session: Class initialized using 'CodeIgniter\Session\Handlers\FileHandler' driver.
INFO - 2024-07-28 15:45:18 --> Session: Class initialized using 'CodeIgniter\Session\Handlers\FileHandler' driver.
INFO - 2024-07-28 15:45:36 --> Session: Class initialized using 'CodeIgniter\Session\Handlers\FileHandler' driver.
INFO - 2024-07-28 15:46:21 --> Session: Class initialized using 'CodeIgniter\Session\Handlers\FileHandler' driver.
INFO - 2024-07-28 15:46:34 --> Session: Class initialized using 'CodeIgniter\Session\Handlers\FileHandler' driver.
INFO - 2024-07-28 15:47:23 --> Session: Class initialized using 'CodeIgniter\Session\Handlers\FileHandler' driver.
CRITICAL - 2024-07-28 15:47:23 --> ErrorException: Undefined variable $subtotal
[Method: GET, Route: print-data-penggunaan-obat/POI001]
in APPPATH\Views\page\report\data_penggunaan_obat.php on line 83.
 1 APPPATH\Views\page\report\data_penggunaan_obat.php(83): CodeIgniter\Debug\Exceptions->errorHandler(2, 'Undefined variable $subtotal', 'E:\\Project\\klinik-bersalin\\app\\Views\\page\\report\\data_penggunaan_obat.php', 83)
 2 SYSTEMPATH\View\View.php(234): include('E:\\Project\\klinik-bersalin\\app\\Views\\page\\report\\data_penggunaan_obat.php')
 3 SYSTEMPATH\View\View.php(237): CodeIgniter\View\View->CodeIgniter\View\{closure}()
 4 SYSTEMPATH\Common.php(1171): CodeIgniter\View\View->render('page/report/data_penggunaan_obat', [], true)
 5 APPPATH\Controllers\Laporan.php(123): view('page/report/data_penggunaan_obat', [...])
 6 SYSTEMPATH\CodeIgniter.php(933): App\Controllers\Laporan->data_penggunaan_obat('POI001')
 7 SYSTEMPATH\CodeIgniter.php(509): CodeIgniter\CodeIgniter->runController(Object(App\Controllers\Laporan))
 8 SYSTEMPATH\CodeIgniter.php(355): CodeIgniter\CodeIgniter->handleRequest(null, Object(Config\Cache), false)
 9 SYSTEMPATH\Boot.php(325): CodeIgniter\CodeIgniter->run()
10 SYSTEMPATH\Boot.php(67): CodeIgniter\Boot::runCodeIgniter(Object(CodeIgniter\CodeIgniter))
11 FCPATH\index.php(56): CodeIgniter\Boot::bootWeb(Object(Config\Paths))
12 SYSTEMPATH\rewrite.php(44): require_once('E:\\Project\\klinik-bersalin\\public\\index.php')
INFO - 2024-07-28 15:47:44 --> Session: Class initialized using 'CodeIgniter\Session\Handlers\FileHandler' driver.
INFO - 2024-07-28 15:47:54 --> Session: Class initialized using 'CodeIgniter\Session\Handlers\FileHandler' driver.
INFO - 2024-07-28 15:48:07 --> Session: Class initialized using 'CodeIgniter\Session\Handlers\FileHandler' driver.
INFO - 2024-07-28 15:48:17 --> Session: Class initialized using 'CodeIgniter\Session\Handlers\FileHandler' driver.
INFO - 2024-07-28 15:48:52 --> Session: Class initialized using 'CodeIgniter\Session\Handlers\FileHandler' driver.
INFO - 2024-07-28 15:48:59 --> Session: Class initialized using 'CodeIgniter\Session\Handlers\FileHandler' driver.
INFO - 2024-07-28 15:49:29 --> Session: Class initialized using 'CodeIgniter\Session\Handlers\FileHandler' driver.
INFO - 2024-07-28 15:49:40 --> Session: Class initialized using 'CodeIgniter\Session\Handlers\FileHandler' driver.
INFO - 2024-07-28 15:50:45 --> Session: Class initialized using 'CodeIgniter\Session\Handlers\FileHandler' driver.
INFO - 2024-07-28 15:51:02 --> Session: Class initialized using 'CodeIgniter\Session\Handlers\FileHandler' driver.
INFO - 2024-07-28 15:51:07 --> Session: Class initialized using 'CodeIgniter\Session\Handlers\FileHandler' driver.
INFO - 2024-07-28 15:51:12 --> Session: Class initialized using 'CodeIgniter\Session\Handlers\FileHandler' driver.
INFO - 2024-07-28 15:51:15 --> Session: Class initialized using 'CodeIgniter\Session\Handlers\FileHandler' driver.
INFO - 2024-07-28 15:51:48 --> Session: Class initialized using 'CodeIgniter\Session\Handlers\FileHandler' driver.
INFO - 2024-07-28 15:54:15 --> Session: Class initialized using 'CodeIgniter\Session\Handlers\FileHandler' driver.
CRITICAL - 2024-07-28 15:54:16 --> CodeIgniter\View\Exceptions\ViewException: Invalid file: "page/report/data_penggunaan_kamar.php"
[Method: GET, Route: print-data-penggunaan-kamar/PKI001]
in SYSTEMPATH\Exceptions\FrameworkException.php on line 41.
 1 SYSTEMPATH\View\View.php(222): CodeIgniter\Exceptions\FrameworkException::forInvalidFile('page/report/data_penggunaan_kamar.php')
 2 SYSTEMPATH\Common.php(1171): CodeIgniter\View\View->render('page/report/data_penggunaan_kamar', [], true)
 3 APPPATH\Controllers\Laporan.php(121): view('page/report/data_penggunaan_kamar', [...])
 4 SYSTEMPATH\CodeIgniter.php(933): App\Controllers\Laporan->data_penggunaan_kamar('PKI001')
 5 SYSTEMPATH\CodeIgniter.php(509): CodeIgniter\CodeIgniter->runController(Object(App\Controllers\Laporan))
 6 SYSTEMPATH\CodeIgniter.php(355): CodeIgniter\CodeIgniter->handleRequest(null, Object(Config\Cache), false)
 7 SYSTEMPATH\Boot.php(325): CodeIgniter\CodeIgniter->run()
 8 SYSTEMPATH\Boot.php(67): CodeIgniter\Boot::runCodeIgniter(Object(CodeIgniter\CodeIgniter))
 9 FCPATH\index.php(56): CodeIgniter\Boot::bootWeb(Object(Config\Paths))
10 SYSTEMPATH\rewrite.php(44): require_once('E:\\Project\\klinik-bersalin\\public\\index.php')
INFO - 2024-07-28 15:54:37 --> Session: Class initialized using 'CodeIgniter\Session\Handlers\FileHandler' driver.
INFO - 2024-07-28 15:55:03 --> Session: Class initialized using 'CodeIgniter\Session\Handlers\FileHandler' driver.
INFO - 2024-07-28 15:55:48 --> Session: Class initialized using 'CodeIgniter\Session\Handlers\FileHandler' driver.
INFO - 2024-07-28 15:56:11 --> Session: Class initialized using 'CodeIgniter\Session\Handlers\FileHandler' driver.
INFO - 2024-07-28 15:56:14 --> Session: Class initialized using 'CodeIgniter\Session\Handlers\FileHandler' driver.
INFO - 2024-07-28 15:56:53 --> Session: Class initialized using 'CodeIgniter\Session\Handlers\FileHandler' driver.
INFO - 2024-07-28 15:57:33 --> Session: Class initialized using 'CodeIgniter\Session\Handlers\FileHandler' driver.
INFO - 2024-07-28 16:05:12 --> Session: Class initialized using 'CodeIgniter\Session\Handlers\FileHandler' driver.
ERROR - 2024-07-28 16:05:12 --> mysqli_sql_exception: Unknown column 'penggunaan_obat.penggunaanObatID' in 'on clause' in E:\Project\klinik-bersalin\system\Database\MySQLi\Connection.php:312
Stack trace:
#0 E:\Project\klinik-bersalin\system\Database\MySQLi\Connection.php(312): mysqli->query('SELECT *\nFROM `...', 0)
#1 E:\Project\klinik-bersalin\system\Database\BaseConnection.php(734): CodeIgniter\Database\MySQLi\Connection->execute('SELECT *\nFROM `...')
#2 E:\Project\klinik-bersalin\system\Database\BaseConnection.php(648): CodeIgniter\Database\BaseConnection->simpleQuery('SELECT *\nFROM `...')
#3 E:\Project\klinik-bersalin\system\Database\BaseBuilder.php(1636): CodeIgniter\Database\BaseConnection->query('SELECT *\nFROM `...', Array, false)
#4 E:\Project\klinik-bersalin\system\Model.php(210): CodeIgniter\Database\BaseBuilder->get()
#5 E:\Project\klinik-bersalin\system\BaseModel.php(610): CodeIgniter\Model->doFind(true, 'PBY001')
#6 E:\Project\klinik-bersalin\app\Controllers\Laporan.php(146): CodeIgniter\BaseModel->find('PBY001')
#7 E:\Project\klinik-bersalin\system\CodeIgniter.php(933): App\Controllers\Laporan->data_pembayaran('PBY001')
#8 E:\Project\klinik-bersalin\system\CodeIgniter.php(509): CodeIgniter\CodeIgniter->runController(Object(App\Controllers\Laporan))
#9 E:\Project\klinik-bersalin\system\CodeIgniter.php(355): CodeIgniter\CodeIgniter->handleRequest(NULL, Object(Config\Cache), false)
#10 E:\Project\klinik-bersalin\system\Boot.php(325): CodeIgniter\CodeIgniter->run()
#11 E:\Project\klinik-bersalin\system\Boot.php(67): CodeIgniter\Boot::runCodeIgniter(Object(CodeIgniter\CodeIgniter))
#12 E:\Project\klinik-bersalin\public\index.php(56): CodeIgniter\Boot::bootWeb(Object(Config\Paths))
#13 E:\Project\klinik-bersalin\system\rewrite.php(44): require_once('E:\\Project\\klin...')
#14 {main}
CRITICAL - 2024-07-28 16:05:12 --> CodeIgniter\Database\Exceptions\DatabaseException: Unknown column 'penggunaan_obat.penggunaanObatID' in 'on clause'
[Method: GET, Route: print-pembayaran/PBY001]
in SYSTEMPATH\Database\BaseConnection.php on line 688.
 1 SYSTEMPATH\Database\BaseBuilder.php(1636): CodeIgniter\Database\BaseConnection->query('SELECT *
FROM `pembayaran`
JOIN `ibu` ON `ibu`.`ibuID`=`pembayaran`.`ibuID`
JOIN `detail_penggunaan_obat` ON `detail_penggunaan_obat`.`penggunaanObatID`=`penggunaan_obat`.`penggunaanObatID`
WHERE `pembayaran`.`pembayaranID` = :pembayaran.pembayaranID:', [...], false)
 2 SYSTEMPATH\Model.php(210): CodeIgniter\Database\BaseBuilder->get()
 3 SYSTEMPATH\BaseModel.php(610): CodeIgniter\Model->doFind(true, 'PBY001')
 4 APPPATH\Controllers\Laporan.php(146): CodeIgniter\BaseModel->find('PBY001')
 5 SYSTEMPATH\CodeIgniter.php(933): App\Controllers\Laporan->data_pembayaran('PBY001')
 6 SYSTEMPATH\CodeIgniter.php(509): CodeIgniter\CodeIgniter->runController(Object(App\Controllers\Laporan))
 7 SYSTEMPATH\CodeIgniter.php(355): CodeIgniter\CodeIgniter->handleRequest(null, Object(Config\Cache), false)
 8 SYSTEMPATH\Boot.php(325): CodeIgniter\CodeIgniter->run()
 9 SYSTEMPATH\Boot.php(67): CodeIgniter\Boot::runCodeIgniter(Object(CodeIgniter\CodeIgniter))
10 FCPATH\index.php(56): CodeIgniter\Boot::bootWeb(Object(Config\Paths))
11 SYSTEMPATH\rewrite.php(44): require_once('E:\\Project\\klinik-bersalin\\public\\index.php')
CRITICAL - 2024-07-28 16:05:12 --> [Caused by] CodeIgniter\Database\Exceptions\DatabaseException: Unknown column 'penggunaan_obat.penggunaanObatID' in 'on clause'
in SYSTEMPATH\Database\MySQLi\Connection.php on line 317.
 1 SYSTEMPATH\Database\BaseConnection.php(734): CodeIgniter\Database\MySQLi\Connection->execute('SELECT *
FROM `pembayaran`
JOIN `ibu` ON `ibu`.`ibuID`=`pembayaran`.`ibuID`
JOIN `detail_penggunaan_obat` ON `detail_penggunaan_obat`.`penggunaanObatID`=`penggunaan_obat`.`penggunaanObatID`
WHERE `pembayaran`.`pembayaranID` = \'PBY001\'')
 2 SYSTEMPATH\Database\BaseConnection.php(648): CodeIgniter\Database\BaseConnection->simpleQuery('SELECT *
FROM `pembayaran`
JOIN `ibu` ON `ibu`.`ibuID`=`pembayaran`.`ibuID`
JOIN `detail_penggunaan_obat` ON `detail_penggunaan_obat`.`penggunaanObatID`=`penggunaan_obat`.`penggunaanObatID`
WHERE `pembayaran`.`pembayaranID` = \'PBY001\'')
 3 SYSTEMPATH\Database\BaseBuilder.php(1636): CodeIgniter\Database\BaseConnection->query('SELECT *
FROM `pembayaran`
JOIN `ibu` ON `ibu`.`ibuID`=`pembayaran`.`ibuID`
JOIN `detail_penggunaan_obat` ON `detail_penggunaan_obat`.`penggunaanObatID`=`penggunaan_obat`.`penggunaanObatID`
WHERE `pembayaran`.`pembayaranID` = :pembayaran.pembayaranID:', [...], false)
 4 SYSTEMPATH\Model.php(210): CodeIgniter\Database\BaseBuilder->get()
 5 SYSTEMPATH\BaseModel.php(610): CodeIgniter\Model->doFind(true, 'PBY001')
 6 APPPATH\Controllers\Laporan.php(146): CodeIgniter\BaseModel->find('PBY001')
 7 SYSTEMPATH\CodeIgniter.php(933): App\Controllers\Laporan->data_pembayaran('PBY001')
 8 SYSTEMPATH\CodeIgniter.php(509): CodeIgniter\CodeIgniter->runController(Object(App\Controllers\Laporan))
 9 SYSTEMPATH\CodeIgniter.php(355): CodeIgniter\CodeIgniter->handleRequest(null, Object(Config\Cache), false)
10 SYSTEMPATH\Boot.php(325): CodeIgniter\CodeIgniter->run()
11 SYSTEMPATH\Boot.php(67): CodeIgniter\Boot::runCodeIgniter(Object(CodeIgniter\CodeIgniter))
12 FCPATH\index.php(56): CodeIgniter\Boot::bootWeb(Object(Config\Paths))
13 SYSTEMPATH\rewrite.php(44): require_once('E:\\Project\\klinik-bersalin\\public\\index.php')
CRITICAL - 2024-07-28 16:05:12 --> [Caused by] mysqli_sql_exception: Unknown column 'penggunaan_obat.penggunaanObatID' in 'on clause'
in SYSTEMPATH\Database\MySQLi\Connection.php on line 312.
 1 SYSTEMPATH\Database\MySQLi\Connection.php(312): mysqli->query('SELECT *
FROM `pembayaran`
JOIN `ibu` ON `ibu`.`ibuID`=`pembayaran`.`ibuID`
JOIN `detail_penggunaan_obat` ON `detail_penggunaan_obat`.`penggunaanObatID`=`penggunaan_obat`.`penggunaanObatID`
WHERE `pembayaran`.`pembayaranID` = \'PBY001\'', 0)
 2 SYSTEMPATH\Database\BaseConnection.php(734): CodeIgniter\Database\MySQLi\Connection->execute('SELECT *
FROM `pembayaran`
JOIN `ibu` ON `ibu`.`ibuID`=`pembayaran`.`ibuID`
JOIN `detail_penggunaan_obat` ON `detail_penggunaan_obat`.`penggunaanObatID`=`penggunaan_obat`.`penggunaanObatID`
WHERE `pembayaran`.`pembayaranID` = \'PBY001\'')
 3 SYSTEMPATH\Database\BaseConnection.php(648): CodeIgniter\Database\BaseConnection->simpleQuery('SELECT *
FROM `pembayaran`
JOIN `ibu` ON `ibu`.`ibuID`=`pembayaran`.`ibuID`
JOIN `detail_penggunaan_obat` ON `detail_penggunaan_obat`.`penggunaanObatID`=`penggunaan_obat`.`penggunaanObatID`
WHERE `pembayaran`.`pembayaranID` = \'PBY001\'')
 4 SYSTEMPATH\Database\BaseBuilder.php(1636): CodeIgniter\Database\BaseConnection->query('SELECT *
FROM `pembayaran`
JOIN `ibu` ON `ibu`.`ibuID`=`pembayaran`.`ibuID`
JOIN `detail_penggunaan_obat` ON `detail_penggunaan_obat`.`penggunaanObatID`=`penggunaan_obat`.`penggunaanObatID`
WHERE `pembayaran`.`pembayaranID` = :pembayaran.pembayaranID:', [...], false)
 5 SYSTEMPATH\Model.php(210): CodeIgniter\Database\BaseBuilder->get()
 6 SYSTEMPATH\BaseModel.php(610): CodeIgniter\Model->doFind(true, 'PBY001')
 7 APPPATH\Controllers\Laporan.php(146): CodeIgniter\BaseModel->find('PBY001')
 8 SYSTEMPATH\CodeIgniter.php(933): App\Controllers\Laporan->data_pembayaran('PBY001')
 9 SYSTEMPATH\CodeIgniter.php(509): CodeIgniter\CodeIgniter->runController(Object(App\Controllers\Laporan))
10 SYSTEMPATH\CodeIgniter.php(355): CodeIgniter\CodeIgniter->handleRequest(null, Object(Config\Cache), false)
11 SYSTEMPATH\Boot.php(325): CodeIgniter\CodeIgniter->run()
12 SYSTEMPATH\Boot.php(67): CodeIgniter\Boot::runCodeIgniter(Object(CodeIgniter\CodeIgniter))
13 FCPATH\index.php(56): CodeIgniter\Boot::bootWeb(Object(Config\Paths))
14 SYSTEMPATH\rewrite.php(44): require_once('E:\\Project\\klinik-bersalin\\public\\index.php')
INFO - 2024-07-28 16:05:59 --> Session: Class initialized using 'CodeIgniter\Session\Handlers\FileHandler' driver.
INFO - 2024-07-28 16:06:01 --> Session: Class initialized using 'CodeIgniter\Session\Handlers\FileHandler' driver.
INFO - 2024-07-28 16:06:31 --> Session: Class initialized using 'CodeIgniter\Session\Handlers\FileHandler' driver.
INFO - 2024-07-28 16:06:53 --> Session: Class initialized using 'CodeIgniter\Session\Handlers\FileHandler' driver.
ERROR - 2024-07-28 16:06:53 --> mysqli_sql_exception: Unknown column 'penggunaan_obat.penggunaanObatID' in 'on clause' in E:\Project\klinik-bersalin\system\Database\MySQLi\Connection.php:312
Stack trace:
#0 E:\Project\klinik-bersalin\system\Database\MySQLi\Connection.php(312): mysqli->query('SELECT *\nFROM `...', 0)
#1 E:\Project\klinik-bersalin\system\Database\BaseConnection.php(734): CodeIgniter\Database\MySQLi\Connection->execute('SELECT *\nFROM `...')
#2 E:\Project\klinik-bersalin\system\Database\BaseConnection.php(648): CodeIgniter\Database\BaseConnection->simpleQuery('SELECT *\nFROM `...')
#3 E:\Project\klinik-bersalin\system\Database\BaseBuilder.php(1636): CodeIgniter\Database\BaseConnection->query('SELECT *\nFROM `...', Array, false)
#4 E:\Project\klinik-bersalin\system\Model.php(210): CodeIgniter\Database\BaseBuilder->get()
#5 E:\Project\klinik-bersalin\system\BaseModel.php(610): CodeIgniter\Model->doFind(true, 'PBY001')
#6 E:\Project\klinik-bersalin\app\Controllers\Laporan.php(146): CodeIgniter\BaseModel->find('PBY001')
#7 E:\Project\klinik-bersalin\system\CodeIgniter.php(933): App\Controllers\Laporan->data_pembayaran('PBY001')
#8 E:\Project\klinik-bersalin\system\CodeIgniter.php(509): CodeIgniter\CodeIgniter->runController(Object(App\Controllers\Laporan))
#9 E:\Project\klinik-bersalin\system\CodeIgniter.php(355): CodeIgniter\CodeIgniter->handleRequest(NULL, Object(Config\Cache), false)
#10 E:\Project\klinik-bersalin\system\Boot.php(325): CodeIgniter\CodeIgniter->run()
#11 E:\Project\klinik-bersalin\system\Boot.php(67): CodeIgniter\Boot::runCodeIgniter(Object(CodeIgniter\CodeIgniter))
#12 E:\Project\klinik-bersalin\public\index.php(56): CodeIgniter\Boot::bootWeb(Object(Config\Paths))
#13 E:\Project\klinik-bersalin\system\rewrite.php(44): require_once('E:\\Project\\klin...')
#14 {main}
CRITICAL - 2024-07-28 16:06:53 --> CodeIgniter\Database\Exceptions\DatabaseException: Unknown column 'penggunaan_obat.penggunaanObatID' in 'on clause'
[Method: GET, Route: print-pembayaran/PBY001]
in SYSTEMPATH\Database\BaseConnection.php on line 688.
 1 SYSTEMPATH\Database\BaseBuilder.php(1636): CodeIgniter\Database\BaseConnection->query('SELECT *
FROM `pembayaran`
JOIN `ibu` ON `ibu`.`ibuID`=`pembayaran`.`ibuID`
JOIN `detail_penggunaan_obat` ON `detail_penggunaan_obat`.`penggunaanObatID`=`penggunaan_obat`.`penggunaanObatID`
WHERE `pembayaran`.`pembayaranID` = :pembayaran.pembayaranID:', [...], false)
 2 SYSTEMPATH\Model.php(210): CodeIgniter\Database\BaseBuilder->get()
 3 SYSTEMPATH\BaseModel.php(610): CodeIgniter\Model->doFind(true, 'PBY001')
 4 APPPATH\Controllers\Laporan.php(146): CodeIgniter\BaseModel->find('PBY001')
 5 SYSTEMPATH\CodeIgniter.php(933): App\Controllers\Laporan->data_pembayaran('PBY001')
 6 SYSTEMPATH\CodeIgniter.php(509): CodeIgniter\CodeIgniter->runController(Object(App\Controllers\Laporan))
 7 SYSTEMPATH\CodeIgniter.php(355): CodeIgniter\CodeIgniter->handleRequest(null, Object(Config\Cache), false)
 8 SYSTEMPATH\Boot.php(325): CodeIgniter\CodeIgniter->run()
 9 SYSTEMPATH\Boot.php(67): CodeIgniter\Boot::runCodeIgniter(Object(CodeIgniter\CodeIgniter))
10 FCPATH\index.php(56): CodeIgniter\Boot::bootWeb(Object(Config\Paths))
11 SYSTEMPATH\rewrite.php(44): require_once('E:\\Project\\klinik-bersalin\\public\\index.php')
CRITICAL - 2024-07-28 16:06:53 --> [Caused by] CodeIgniter\Database\Exceptions\DatabaseException: Unknown column 'penggunaan_obat.penggunaanObatID' in 'on clause'
in SYSTEMPATH\Database\MySQLi\Connection.php on line 317.
 1 SYSTEMPATH\Database\BaseConnection.php(734): CodeIgniter\Database\MySQLi\Connection->execute('SELECT *
FROM `pembayaran`
JOIN `ibu` ON `ibu`.`ibuID`=`pembayaran`.`ibuID`
JOIN `detail_penggunaan_obat` ON `detail_penggunaan_obat`.`penggunaanObatID`=`penggunaan_obat`.`penggunaanObatID`
WHERE `pembayaran`.`pembayaranID` = \'PBY001\'')
 2 SYSTEMPATH\Database\BaseConnection.php(648): CodeIgniter\Database\BaseConnection->simpleQuery('SELECT *
FROM `pembayaran`
JOIN `ibu` ON `ibu`.`ibuID`=`pembayaran`.`ibuID`
JOIN `detail_penggunaan_obat` ON `detail_penggunaan_obat`.`penggunaanObatID`=`penggunaan_obat`.`penggunaanObatID`
WHERE `pembayaran`.`pembayaranID` = \'PBY001\'')
 3 SYSTEMPATH\Database\BaseBuilder.php(1636): CodeIgniter\Database\BaseConnection->query('SELECT *
FROM `pembayaran`
JOIN `ibu` ON `ibu`.`ibuID`=`pembayaran`.`ibuID`
JOIN `detail_penggunaan_obat` ON `detail_penggunaan_obat`.`penggunaanObatID`=`penggunaan_obat`.`penggunaanObatID`
WHERE `pembayaran`.`pembayaranID` = :pembayaran.pembayaranID:', [...], false)
 4 SYSTEMPATH\Model.php(210): CodeIgniter\Database\BaseBuilder->get()
 5 SYSTEMPATH\BaseModel.php(610): CodeIgniter\Model->doFind(true, 'PBY001')
 6 APPPATH\Controllers\Laporan.php(146): CodeIgniter\BaseModel->find('PBY001')
 7 SYSTEMPATH\CodeIgniter.php(933): App\Controllers\Laporan->data_pembayaran('PBY001')
 8 SYSTEMPATH\CodeIgniter.php(509): CodeIgniter\CodeIgniter->runController(Object(App\Controllers\Laporan))
 9 SYSTEMPATH\CodeIgniter.php(355): CodeIgniter\CodeIgniter->handleRequest(null, Object(Config\Cache), false)
10 SYSTEMPATH\Boot.php(325): CodeIgniter\CodeIgniter->run()
11 SYSTEMPATH\Boot.php(67): CodeIgniter\Boot::runCodeIgniter(Object(CodeIgniter\CodeIgniter))
12 FCPATH\index.php(56): CodeIgniter\Boot::bootWeb(Object(Config\Paths))
13 SYSTEMPATH\rewrite.php(44): require_once('E:\\Project\\klinik-bersalin\\public\\index.php')
CRITICAL - 2024-07-28 16:06:53 --> [Caused by] mysqli_sql_exception: Unknown column 'penggunaan_obat.penggunaanObatID' in 'on clause'
in SYSTEMPATH\Database\MySQLi\Connection.php on line 312.
 1 SYSTEMPATH\Database\MySQLi\Connection.php(312): mysqli->query('SELECT *
FROM `pembayaran`
JOIN `ibu` ON `ibu`.`ibuID`=`pembayaran`.`ibuID`
JOIN `detail_penggunaan_obat` ON `detail_penggunaan_obat`.`penggunaanObatID`=`penggunaan_obat`.`penggunaanObatID`
WHERE `pembayaran`.`pembayaranID` = \'PBY001\'', 0)
 2 SYSTEMPATH\Database\BaseConnection.php(734): CodeIgniter\Database\MySQLi\Connection->execute('SELECT *
FROM `pembayaran`
JOIN `ibu` ON `ibu`.`ibuID`=`pembayaran`.`ibuID`
JOIN `detail_penggunaan_obat` ON `detail_penggunaan_obat`.`penggunaanObatID`=`penggunaan_obat`.`penggunaanObatID`
WHERE `pembayaran`.`pembayaranID` = \'PBY001\'')
 3 SYSTEMPATH\Database\BaseConnection.php(648): CodeIgniter\Database\BaseConnection->simpleQuery('SELECT *
FROM `pembayaran`
JOIN `ibu` ON `ibu`.`ibuID`=`pembayaran`.`ibuID`
JOIN `detail_penggunaan_obat` ON `detail_penggunaan_obat`.`penggunaanObatID`=`penggunaan_obat`.`penggunaanObatID`
WHERE `pembayaran`.`pembayaranID` = \'PBY001\'')
 4 SYSTEMPATH\Database\BaseBuilder.php(1636): CodeIgniter\Database\BaseConnection->query('SELECT *
FROM `pembayaran`
JOIN `ibu` ON `ibu`.`ibuID`=`pembayaran`.`ibuID`
JOIN `detail_penggunaan_obat` ON `detail_penggunaan_obat`.`penggunaanObatID`=`penggunaan_obat`.`penggunaanObatID`
WHERE `pembayaran`.`pembayaranID` = :pembayaran.pembayaranID:', [...], false)
 5 SYSTEMPATH\Model.php(210): CodeIgniter\Database\BaseBuilder->get()
 6 SYSTEMPATH\BaseModel.php(610): CodeIgniter\Model->doFind(true, 'PBY001')
 7 APPPATH\Controllers\Laporan.php(146): CodeIgniter\BaseModel->find('PBY001')
 8 SYSTEMPATH\CodeIgniter.php(933): App\Controllers\Laporan->data_pembayaran('PBY001')
 9 SYSTEMPATH\CodeIgniter.php(509): CodeIgniter\CodeIgniter->runController(Object(App\Controllers\Laporan))
10 SYSTEMPATH\CodeIgniter.php(355): CodeIgniter\CodeIgniter->handleRequest(null, Object(Config\Cache), false)
11 SYSTEMPATH\Boot.php(325): CodeIgniter\CodeIgniter->run()
12 SYSTEMPATH\Boot.php(67): CodeIgniter\Boot::runCodeIgniter(Object(CodeIgniter\CodeIgniter))
13 FCPATH\index.php(56): CodeIgniter\Boot::bootWeb(Object(Config\Paths))
14 SYSTEMPATH\rewrite.php(44): require_once('E:\\Project\\klinik-bersalin\\public\\index.php')
INFO - 2024-07-28 16:07:25 --> Session: Class initialized using 'CodeIgniter\Session\Handlers\FileHandler' driver.
CRITICAL - 2024-07-28 16:07:25 --> ErrorException: Undefined variable $ibu
[Method: GET, Route: print-pembayaran/PBY001]
in APPPATH\Views\page\report\data_ibu.php on line 16.
 1 APPPATH\Views\page\report\data_ibu.php(16): CodeIgniter\Debug\Exceptions->errorHandler(2, 'Undefined variable $ibu', 'E:\\Project\\klinik-bersalin\\app\\Views\\page\\report\\data_ibu.php', 16)
 2 SYSTEMPATH\View\View.php(234): include('E:\\Project\\klinik-bersalin\\app\\Views\\page\\report\\data_ibu.php')
 3 SYSTEMPATH\View\View.php(237): CodeIgniter\View\View->CodeIgniter\View\{closure}()
 4 SYSTEMPATH\Common.php(1171): CodeIgniter\View\View->render('page/report/data_ibu', [], true)
 5 APPPATH\Controllers\Laporan.php(149): view('page/report/data_ibu', [...])
 6 SYSTEMPATH\CodeIgniter.php(933): App\Controllers\Laporan->data_pembayaran('PBY001')
 7 SYSTEMPATH\CodeIgniter.php(509): CodeIgniter\CodeIgniter->runController(Object(App\Controllers\Laporan))
 8 SYSTEMPATH\CodeIgniter.php(355): CodeIgniter\CodeIgniter->handleRequest(null, Object(Config\Cache), false)
 9 SYSTEMPATH\Boot.php(325): CodeIgniter\CodeIgniter->run()
10 SYSTEMPATH\Boot.php(67): CodeIgniter\Boot::runCodeIgniter(Object(CodeIgniter\CodeIgniter))
11 FCPATH\index.php(56): CodeIgniter\Boot::bootWeb(Object(Config\Paths))
12 SYSTEMPATH\rewrite.php(44): require_once('E:\\Project\\klinik-bersalin\\public\\index.php')
INFO - 2024-07-28 16:08:48 --> Session: Class initialized using 'CodeIgniter\Session\Handlers\FileHandler' driver.
CRITICAL - 2024-07-28 16:08:48 --> ErrorException: Trying to access array offset on value of type null
[Method: GET, Route: print-pembayaran/PBY001]
in APPPATH\Views\page\report\data_pembayaran.php on line 16.
 1 APPPATH\Views\page\report\data_pembayaran.php(16): CodeIgniter\Debug\Exceptions->errorHandler(2, 'Trying to access array offset on value of type null', 'E:\\Project\\klinik-bersalin\\app\\Views\\page\\report\\data_pembayaran.php', 16)
 2 SYSTEMPATH\View\View.php(234): include('E:\\Project\\klinik-bersalin\\app\\Views\\page\\report\\data_pembayaran.php')
 3 SYSTEMPATH\View\View.php(237): CodeIgniter\View\View->CodeIgniter\View\{closure}()
 4 SYSTEMPATH\Common.php(1171): CodeIgniter\View\View->render('page/report/data_pembayaran', [], true)
 5 APPPATH\Controllers\Laporan.php(149): view('page/report/data_pembayaran', [...])
 6 SYSTEMPATH\CodeIgniter.php(933): App\Controllers\Laporan->data_pembayaran('PBY001')
 7 SYSTEMPATH\CodeIgniter.php(509): CodeIgniter\CodeIgniter->runController(Object(App\Controllers\Laporan))
 8 SYSTEMPATH\CodeIgniter.php(355): CodeIgniter\CodeIgniter->handleRequest(null, Object(Config\Cache), false)
 9 SYSTEMPATH\Boot.php(325): CodeIgniter\CodeIgniter->run()
10 SYSTEMPATH\Boot.php(67): CodeIgniter\Boot::runCodeIgniter(Object(CodeIgniter\CodeIgniter))
11 FCPATH\index.php(56): CodeIgniter\Boot::bootWeb(Object(Config\Paths))
12 SYSTEMPATH\rewrite.php(44): require_once('E:\\Project\\klinik-bersalin\\public\\index.php')
INFO - 2024-07-28 16:09:54 --> Session: Class initialized using 'CodeIgniter\Session\Handlers\FileHandler' driver.
CRITICAL - 2024-07-28 16:09:54 --> ErrorException: Trying to access array offset on value of type null
[Method: GET, Route: print-pembayaran/PBY001]
in APPPATH\Views\page\report\data_pembayaran.php on line 16.
 1 APPPATH\Views\page\report\data_pembayaran.php(16): CodeIgniter\Debug\Exceptions->errorHandler(2, 'Trying to access array offset on value of type null', 'E:\\Project\\klinik-bersalin\\app\\Views\\page\\report\\data_pembayaran.php', 16)
 2 SYSTEMPATH\View\View.php(234): include('E:\\Project\\klinik-bersalin\\app\\Views\\page\\report\\data_pembayaran.php')
 3 SYSTEMPATH\View\View.php(237): CodeIgniter\View\View->CodeIgniter\View\{closure}()
 4 SYSTEMPATH\Common.php(1171): CodeIgniter\View\View->render('page/report/data_pembayaran', [], true)
 5 APPPATH\Controllers\Laporan.php(149): view('page/report/data_pembayaran', [...])
 6 SYSTEMPATH\CodeIgniter.php(933): App\Controllers\Laporan->data_pembayaran('PBY001')
 7 SYSTEMPATH\CodeIgniter.php(509): CodeIgniter\CodeIgniter->runController(Object(App\Controllers\Laporan))
 8 SYSTEMPATH\CodeIgniter.php(355): CodeIgniter\CodeIgniter->handleRequest(null, Object(Config\Cache), false)
 9 SYSTEMPATH\Boot.php(325): CodeIgniter\CodeIgniter->run()
10 SYSTEMPATH\Boot.php(67): CodeIgniter\Boot::runCodeIgniter(Object(CodeIgniter\CodeIgniter))
11 FCPATH\index.php(56): CodeIgniter\Boot::bootWeb(Object(Config\Paths))
12 SYSTEMPATH\rewrite.php(44): require_once('E:\\Project\\klinik-bersalin\\public\\index.php')
INFO - 2024-07-28 16:10:05 --> Session: Class initialized using 'CodeIgniter\Session\Handlers\FileHandler' driver.
CRITICAL - 2024-07-28 16:10:05 --> ErrorException: Trying to access array offset on value of type null
[Method: GET, Route: print-pembayaran/PBY001]
in APPPATH\Views\page\report\data_pembayaran.php on line 16.
 1 APPPATH\Views\page\report\data_pembayaran.php(16): CodeIgniter\Debug\Exceptions->errorHandler(2, 'Trying to access array offset on value of type null', 'E:\\Project\\klinik-bersalin\\app\\Views\\page\\report\\data_pembayaran.php', 16)
 2 SYSTEMPATH\View\View.php(234): include('E:\\Project\\klinik-bersalin\\app\\Views\\page\\report\\data_pembayaran.php')
 3 SYSTEMPATH\View\View.php(237): CodeIgniter\View\View->CodeIgniter\View\{closure}()
 4 SYSTEMPATH\Common.php(1171): CodeIgniter\View\View->render('page/report/data_pembayaran', [], true)
 5 APPPATH\Controllers\Laporan.php(149): view('page/report/data_pembayaran', [...])
 6 SYSTEMPATH\CodeIgniter.php(933): App\Controllers\Laporan->data_pembayaran('PBY001')
 7 SYSTEMPATH\CodeIgniter.php(509): CodeIgniter\CodeIgniter->runController(Object(App\Controllers\Laporan))
 8 SYSTEMPATH\CodeIgniter.php(355): CodeIgniter\CodeIgniter->handleRequest(null, Object(Config\Cache), false)
 9 SYSTEMPATH\Boot.php(325): CodeIgniter\CodeIgniter->run()
10 SYSTEMPATH\Boot.php(67): CodeIgniter\Boot::runCodeIgniter(Object(CodeIgniter\CodeIgniter))
11 FCPATH\index.php(56): CodeIgniter\Boot::bootWeb(Object(Config\Paths))
12 SYSTEMPATH\rewrite.php(44): require_once('E:\\Project\\klinik-bersalin\\public\\index.php')
INFO - 2024-07-28 16:11:20 --> Session: Class initialized using 'CodeIgniter\Session\Handlers\FileHandler' driver.
INFO - 2024-07-28 16:11:24 --> Session: Class initialized using 'CodeIgniter\Session\Handlers\FileHandler' driver.
INFO - 2024-07-28 16:13:12 --> Session: Class initialized using 'CodeIgniter\Session\Handlers\FileHandler' driver.
INFO - 2024-07-28 16:13:14 --> Session: Class initialized using 'CodeIgniter\Session\Handlers\FileHandler' driver.
INFO - 2024-07-28 16:13:17 --> Session: Class initialized using 'CodeIgniter\Session\Handlers\FileHandler' driver.
INFO - 2024-07-28 16:13:24 --> Session: Class initialized using 'CodeIgniter\Session\Handlers\FileHandler' driver.
INFO - 2024-07-28 16:15:55 --> Session: Class initialized using 'CodeIgniter\Session\Handlers\FileHandler' driver.
INFO - 2024-07-28 16:16:39 --> Session: Class initialized using 'CodeIgniter\Session\Handlers\FileHandler' driver.
INFO - 2024-07-28 16:31:41 --> Session: Class initialized using 'CodeIgniter\Session\Handlers\FileHandler' driver.
CRITICAL - 2024-07-28 16:31:41 --> TypeError: Cannot access offset of type string on string
[Method: GET, Route: print-pembayaran/PBY002]
in APPPATH\Views\page\report\data_pembayaran.php on line 87.
 1 SYSTEMPATH\View\View.php(234): include()
 2 SYSTEMPATH\View\View.php(237): CodeIgniter\View\View->CodeIgniter\View\{closure}()
 3 SYSTEMPATH\Common.php(1171): CodeIgniter\View\View->render('page/report/data_pembayaran', [], true)
 4 APPPATH\Controllers\Laporan.php(149): view('page/report/data_pembayaran', [...])
 5 SYSTEMPATH\CodeIgniter.php(933): App\Controllers\Laporan->data_pembayaran('PBY002')
 6 SYSTEMPATH\CodeIgniter.php(509): CodeIgniter\CodeIgniter->runController(Object(App\Controllers\Laporan))
 7 SYSTEMPATH\CodeIgniter.php(355): CodeIgniter\CodeIgniter->handleRequest(null, Object(Config\Cache), false)
 8 SYSTEMPATH\Boot.php(325): CodeIgniter\CodeIgniter->run()
 9 SYSTEMPATH\Boot.php(67): CodeIgniter\Boot::runCodeIgniter(Object(CodeIgniter\CodeIgniter))
10 FCPATH\index.php(56): CodeIgniter\Boot::bootWeb(Object(Config\Paths))
11 SYSTEMPATH\rewrite.php(44): require_once('E:\\Project\\klinik-bersalin\\public\\index.php')
INFO - 2024-07-28 17:05:47 --> Session: Class initialized using 'CodeIgniter\Session\Handlers\FileHandler' driver.
CRITICAL - 2024-07-28 17:05:47 --> ErrorException: Undefined array key "kamarNama"
[Method: GET, Route: print-pembayaran/PBY002]
in APPPATH\Views\page\report\data_pembayaran.php on line 87.
 1 APPPATH\Views\page\report\data_pembayaran.php(87): CodeIgniter\Debug\Exceptions->errorHandler(2, 'Undefined array key "kamarNama"', 'E:\\Project\\klinik-bersalin\\app\\Views\\page\\report\\data_pembayaran.php', 87)
 2 SYSTEMPATH\View\View.php(234): include('E:\\Project\\klinik-bersalin\\app\\Views\\page\\report\\data_pembayaran.php')
 3 SYSTEMPATH\View\View.php(237): CodeIgniter\View\View->CodeIgniter\View\{closure}()
 4 SYSTEMPATH\Common.php(1171): CodeIgniter\View\View->render('page/report/data_pembayaran', [], true)
 5 APPPATH\Controllers\Laporan.php(149): view('page/report/data_pembayaran', [...])
 6 SYSTEMPATH\CodeIgniter.php(933): App\Controllers\Laporan->data_pembayaran('PBY002')
 7 SYSTEMPATH\CodeIgniter.php(509): CodeIgniter\CodeIgniter->runController(Object(App\Controllers\Laporan))
 8 SYSTEMPATH\CodeIgniter.php(355): CodeIgniter\CodeIgniter->handleRequest(null, Object(Config\Cache), false)
 9 SYSTEMPATH\Boot.php(325): CodeIgniter\CodeIgniter->run()
10 SYSTEMPATH\Boot.php(67): CodeIgniter\Boot::runCodeIgniter(Object(CodeIgniter\CodeIgniter))
11 FCPATH\index.php(56): CodeIgniter\Boot::bootWeb(Object(Config\Paths))
12 SYSTEMPATH\rewrite.php(44): require_once('E:\\Project\\klinik-bersalin\\public\\index.php')
